﻿original,result
收藏的契机把它带回家。这本书它里面有设计上很多品质的地方，它就是专门为这个收藏而生的。我们给大家翻一翻，它后面前面、后面都会有陀翁的那个速写图案。我们给大家看看它的封皮是图翁的速写图案，它里边还会有这是托翁的签图翁的签名。然后这个是这是保护这个画的，它有了这个纸张隔着，它不容易被磨损了，这是托翁的一个正面的一个形象。其实我们今天要说大家会发现他文字真的太强了。因为利夫托尔斯泰他本身就是贵族出身，所以他把这个上流社会的那种人物的心理活动和大小的事项的捕捉，可以说是写的非常细腻，尤其是全片开篇的那场晚宴，多少人的那个人物路线。它精彩描绘的就是直接会把你震住的这种。如果大家喜欢的话，这种版本就是书房中的天花板。单套我们现在是262百369，369包邮，还有运费险。这套书就在六号链接，这是世界文学，当然是小说了。朋友们，349是有优惠券吗？这套书在六号链接，大家可以去看看。我们再给大家看一下它这个刷边。它的C位就是金边，但是因为有了这个刷边，它的纸张它才不容易泛黄发脆，不容易被氧化，多年之后还是这样的状态。然后它左边左边是左边是这个圣瓦西里大教堂，然后右边幡它就是少年打卡，是经典的浪漫表白场景。其实大家会发现读书的时候，他的这个树叶就是慢慢的散落在这一边，两边图案不一样，然后再加上他那种金线，每一页都是侧面有那种金线点缀，所以这样说它真的很高级。大豆油墨印刷，大家想要的话就是六号链接去看看在六号链接，大家自己去把握。然后全彩色插图的读起来超级有代入感和画面感。这样说收藏也好，送礼也好，都是天花板了。朋友们，就在六号链接。有优惠券是不是？大家帮我看看这六号链接是多少钱？是349吗？还是369？我这边显示的是369，我看不到优惠券。然后这个发货它是大全套发货，349。我靠爆粗口了，这等什么呢？朋友们，349这个价格主播真的闻所未闻，千万不要错过。从来没有过双十一当天我们都是399卖的。上海译文一般一直都是四百多，就是抖音他们直播间也在卖。然后今天要书，我们领完券只要349，其实这个价格确实香。六号链接拍回去看看你会你会非常满意。这是要书大全套发货，它的边边角角会保护的很好，所以你会发现八角尖尖，肯定八角尖尖这套书，它的有将1.5厘米的珠棉做镶嵌，所以这个大家可以放心,《列夫·托尔斯泰小说集》
吱吱怎么样？你是不是刚进直播间？还是怎么是刚进直播间吗？三百多的书，你觉得芝芝怎么样？你往好里想，朋友们来给大家看看这纸张。买的曹操还没看。之前那个微瑕术感觉怎么样？朋友们，主播今天怎么收到四个差评？是英文版的吗？不是英文版的，我们是中文版的，我们是上海译文的。已拍，感谢coco同学的支持，买好了再来。然后这个纸张是100克以上的雅致纸，所以它的纸张不容易泛黄、发脆，不容易被氧化。它多年之后还是这样的状态，这个纸张品质很高，大家可以感受纸张我们镜头不知道能不能拍的出来，收到手真的很品质。收到手大家知道了，大家想要的话拍回去读一读。典藏纪念版的战争与和平，整纵观整个世界文学拿的凤毛麟角的存在。六号链接，这个伟大的鸿篇之巨制，这个鸿篇巨制liver托斯，他的高分的战争与和平，这套书不要错过哟，典藏纪念版的。所以买完这套书也就到顶了，不用惦记着其他版本了。一句连麦句在这个链接，朋友一句顶万句是在85号链接，我们最后四套是亲笔签名的。昆虫记真的有趣，确实不错，而且昆虫记还便宜，但现在都没货了，喜欢就行了。它是不是不算特别瑕疵？朋友们之前的那个，然后你发货的时候就是这个样子的，保护的很好。异变之东一千零一夜刷边中国通史，然后依据顶万句给他排一下，感谢baLance before来给大家看看我们一店之冬。宇飞同学还在吗？我看看还在不知道他睡着了没有？做的很精致。喜欢就好，你喜欢主播就特开心。一天之中最近很火的，其实基本上每天都是在找吧。但是很多朋友都看了这个书，好厚，被劝退了啊不要有压力。这个书读起来是很丝滑的。朋友们诏书大家会发现好厚，将近1100页。但其实它的纸张很好，而且它每一页文字真的不多。我刚收到的时候，我就是分分钟读了20页，他真的一气呵成。而且这套书他是王一帆老师的翻译版本。这套书是2024年，我收到的是6月100 11印的2024年的新书，就是它的新的翻译版本，然后市场价148。今天在晚晚的直播间，这个这么厚的精装版的一点之冬，我们单套是66。但到66今天会给大家包邮，还有运费险，这要是我喜欢的朋友们，七号链接，大家可以去看看，在七号链接。然后我们今天要说，其实它的作者是诺贝尔文学奖的获奖作者，叫做约翰斯坦贝克。其实他也坦言了，他说我之前的作品都是在为这本书做练习，这是作者非常满意的一部作品,《战争与和平》
而且就是各种什么亚马逊，然后包括郭睿斯好书榜，然后还有什么同名奥斯卡同名电影，获得了奥斯卡金像奖，就是他的成绩斐然。而且我们今天要说它主要讲的就是这个小说，它是以加利福尼亚州萨利纳斯河谷为背景，然后从而讲的两个家族从南北战争一直到一战，长达半个多世纪的一些人和事儿。最令人着迷的就是这里面可能都是作者的真情实感，有很多小的时候的一些真实的记忆。所以大家读的过程中，你每读一段，脑海里会自动脑补出很多很多画面。每个人的爱情婚姻生活选择，包括他的选择决定他的命运等等等等。前面为人生埋下一些伏笔，所以他设计的也是非常巧妙的。比较关键的一点就是王一帆老师的翻译。朋友们，愤怒的葡萄就是王一帆老师翻译的。我们今天要说他翻译的很丝滑，所以你会发现虽然是外国文学，它不会有那种晦涩的感觉，读起来就是很好读，朗朗上口，清新脱俗。我们单本的话是66块钱，然后纸张还是很好。大家想要的话就七号链接自己去把握，然后七号链接大家去看看。1001的同学还在直播间吗？1001的同学还在吗？在的话扣一。朋友们作者父辈的故事，还有他们家族的一些个事儿。然后我们给大家看一千零一夜，买甲骨文丛书你想要哪本？但是书太多了，然后我们直播间是没有讲的。你想要的话我可以给你上链接。然后再给大家看看我们千零一夜。一千林业它是成年人版的，不是童书。朋友们，我有一本超级喜欢的是九号链接，今天晚上一次还没有讲过，九号链接叫存在主义咖啡馆。那是本哲学书，豆瓣评分9点5分是吗？感谢你的补充，来给大家看看我们今天这套书。这套书过了之后，我们就给大家看那个八号链接的中国通史，刷编的那套书，看飞鸟集差点走火入魔，展开讲讲为啥你也开始了创作吗？其实这套1001，它是并不是童书，就是我们小的时候看的一千零一夜是冰山一角。其实真实的一千零一夜，他从来不是儿童读物，它是关于性、母爱、暴力、宗教、阴谋、欺诈、杀戮、美学、人性等等等概念，它是阿拉伯文明近千年来的文化瑰宝。虽然这套书它是无删减版的一个成年人版的一千零一夜，但是它的文学价值也是极高的。如果没有1001，怎么会有10日谈神曲，怎么会有歌德的浮士德呢？我们先要说，它是一套完整无删减版的一千零一夜，它引进的是布拉克版。埃及官方在1835年修订正过的布拉克版为底本，并且由我们国内的阿拉伯语资深翻译大家李维忠先生的名家名译,《愤怒的葡萄》
然后今天这本书其实李维忠老师他花了三十多年翻译的版本，非常字斟句酌，其实是很难得的。哪怕书中的一千多首诗词，一千多首诗歌都是翻译的非常的整齐，我也翻译的也是具有匠心的。有人说如果你想看世间的人情冷暖，想要品味人间的人性善恶真谛，一定要来读读无事案件版的1001。其实从这样说，有人读到的是暴力和血腥，有人读懂的是文采和思想，有人看到的是人性的光辉与幽暗。我们今天要说它全套整整十本，现在能买到无删减版的东西是啊是很幸福的。我们现在很多东西都要删减了才出，其实是真正的一套无删减的版本，市场价十本是777。今天在婉婉的直播间是不是很多地方都是299，很多地方都是2 99。然后今天我们给大家加了30块钱的优惠券，我们今天单套它只要269，这里面是十本，十本的话大概十多斤，我们单套269，我会给大家包邮，还有运费险。这样说，就在51号链接，大家可以去看看51号链接有细大多吗？有的，就在小黄车里，是9.9块的福利书。大家可以去找一找小黄车，小黄车上面有个放大镜，搜索一下就可以了。然后我们今天要说它一共是十本，其实它每本书的封皮都都不一样，挺好看的。我们给大家看这细节，刚才提到了它不是童书啊不要给孩子买了。这书是成年人版的，非常的现实。我们以前看的真的只是冰山一角。然后这个是成年人版的，就是刚开始这个国王他觉得自己可惨了，因为他的王后给他戴了一顶绿色的帽子，后面的话他就遇到了一个不断给妖怪戴绿帽子的女子，后面国王就发现哪怕是法术再高强的妖怪，也管不住自己身边的女子。于是这个国王就坚信女人没一个好东西，就是他他被情所伤了，所以他就对爱情很失望，对女人也失去了信心。所以他每一天就取一个迎娶一个新娘，就每一天换一个不同的女子，第二天醒来就把这个女子给残忍的杀掉。但是当时有一个非常宰相的女儿，她为了挽救全国的女性，所以她自告奋勇的去嫁给国王。通过每晚就给国王讲一个扑朔迷离的故事，并且不告诉国王这个结尾，让国王舍不得杀掉他。所以大家会发现，我们中东地区的人出门都是，尤其是女生都是要遮面的。阿拉伯人在骨子里就特别担心女性的忠贞，然后同时他们也非常钦佩女人的智慧。所以这套书就是阿拉伯人经历了几百年，然后是吸取了像波斯、印度，像伊拉克等等等地方的民间故事，然后几百年奠基成的这么一套非常伟大的文学作品,《一千零一夜》
然后我们今天要说它不光是彩色插图，它还会有一些裸色插这个插图它挺多的，我们给大家随便翻翻插图很多，读起来还会挺有代入感和画面感的。然后这张书它是不是童书？成年人版的1001，如果你有特别玩的特别好的兄弟，你甚至可以送给他。然后今天要说他下单他是典藏版的，会给大家送十张藏书票，送十张藏书票。然后今天下单还会给大家送一个，这个是塔罗牌，我不太会玩塔罗牌，所以我也没拆。这送了一套，一共是三个，它是1001主题的塔罗牌，都在箱子里面，会给大家送到。领完券是269，在51号链接，大家可以去看看51号链接。然后今天下单就是为了方便大家送礼，我们会给大家准备纸箱发货。不光是有这十本书，然后它这个壳子外面还有一个纸箱做包装。所以大家收到手你会发现这个箱子它会八角尖尖，八角尖尖会被保护的很好。大家想要的话就是51号链接去看看，在51号链接福袋杯子福袋。行，再给大家来一个没开吗？开了又再给大家来一个杯子。天韵同学中中四个了没有？一般不送兄弟会吗？你要笑坏我1001。有人读到的是什么性母爱，什么成年人的那点事。但其实有人读到的是人性的光辉幽暗，有人读到的是文采和思想，有人读到的是暴力和杀戮。然后大家想要的话就拍回去读一读。这种的话其实我觉得书架上可以有一套，就了解不同文明的这么一些个故事。51号链接，国之脊梁它是限价的，你无论到哪个直播间都是39，必须得卖这个价格。你喜欢的话，14号链接自己去拍，14号链接。我们刷遍中国通史一局里面去，感谢塞恩斯堡。我刚想往前翻中国通史。中国同时我的样书还没到，我只能拿老版本给大家讲了。但是大家现在收到的是刷边的，是刷边的。想买中国通史的同学还在吗？在的话给主播扣个一。一号链接福袋给大家送的是羊脂玉瓷的功夫茶杯，上面雕刻的是立体的龙和凤，非常漂亮。它是主人杯，是一个挺大的一个杯子。一号链接市场价99的杯子，我们直播间是送给大家的，大家可以积极去参一下福袋，中奖几率真的很高。然后我们来给大家看看我们今天这本书，叫做中国通史，吕思勉先生的作品。如果书架上有再多的书，如果没有一套中国通史，那可能总是缺了点啥。我们先给大家上价格，然后今天要它是两本上下册。这套书它畅销了八十多年，它的原名叫做白话本国实，因为它是用白话文写的，同时它的体系是和中学的历史课本体系是极为相似的，非常好读,《中国通史》
我们今天要说两本上下册，两本上下册有精装的，但是您今天收到的是刷边，我这个是白边的，您收到的是特装版的。市场价这是卖到了128，就是我不刷边的版本卖到了128。我们之前不刷边的这到时候都是59块钱，是不是？今天给大家做了福利，刷边特装的，今天买单套只要48，单到48我们会给大家包邮。还有运费险在八号链接，大家可以去看看八号链接。这套书在八号链接，然后您收到的是刷边版的。我不知道我这空讲大家能明白吗？不知道能说的清楚没有，您收到的是有这个图案的边，就比我手上拿的更漂亮。就收到的是带这种图案的刷边版，49 2本。然后再给大家讲介绍一下我们这个中国通史。刚才提到了，如果书架上没有一套中国通史，那一定是缺了点啥。尖叫书畅销了八十多年，而且它非常好读。它的作者是公认的史学四大家之一吕思勉先生。他也是阅读史书公认的就相当数量相当惊人的一位大佬。吕思勉先生完整读过二十四史，读过很多遍。大家都知道24史读一遍可能要几年。他读了很多遍，再加上他其他的那个史书，阅读量相当惊人。再加上吕思勉先生他写作手法非常精战，使得这套中国通史非常值得一看。它还是易中天老师强烈推荐的这么一套书，与此同时，这诏书也是了解中国历史不可逾越的经典之物。大家刚才有同学补充到了钱穆老师的导师，但对吕思勉先生这个作品他叫中国通史，其实他不光是讲历史，你会发现他是真的是言简意赅微言大意这个很好读，而且他很多故事选择的都非常具有代表性。你两三页翻阅就是一个朝代，讲的它不仅仅是历史，这样说它叫中国通史。通史他后面就给大家串讲了。比如说每个王朝历代王朝的像经济、婚姻家庭、兵器、什么医药、商业实体，包括什么衣食住行，包括历代王朝的什么法律，各种各样的一些变迁。所以它叫中国通史，它不是单纯的讲历史。这样说，我们今天下单是刷边的，没有样书太难讲了，朋友们不能再等了。其实我完全可以等到样书到了再讲，但是这个库存不太多了，他马上就要预售了。朋友们大家想要的我们是现货。然后今天下单是带刷的，版本比我这个好，肯定要好看。我们这个不带刷边的，以前都是59。今天带刷边的下单我们做活动，单套只要48。精装的两本上下册刷边版，单套48包邮，还有运费险。要是在八号链接，大家可以去看看八号链接，大家自己去把握。然后我们给大家看看这质感,《中国通史》
你说说近代史学四大家都有谁吗？近代史学四大家有吕思勉先生、钱穆先生、陈云、谢先生，还有一个是陈元先生，一共是四位。然后我们今天要说大家自己去把握在八号链接，然后我们还有哪本书没讲？下一本是什么？宝子们一句里面去存在主义咖啡馆。有同学想要存在主义咖啡馆吗？是，我想讲是不是？一直点下去，我们就剩四套了，要拼手速了，只有四套了。它是一个亲笔签名的版本。四大名著，是世人有真心。同学你是不是想要那个人民文学出版社的四大名著？是的话是不是人民文学的这个链接的70号链接，那个时候是限量6000套的，限量6000套的。然后我问问有同学在吗？不在的话，主播不讲了，我直接讲那个四大名著。他等了很长时间了，然后这个是亲笔签名的，亲笔签名的。但是它只有四套，只有四套了，它一组是三本。刘志云老师是我们是我们国内长篇小说奖茅盾文学奖的获奖作品。这样说是一句顶1万句，这是他的亲笔签名。新签的书你无论到哪个直播间都是49，一句顶一句，正常卖38是不是？但亲签的就是卖49，你到哪个直播间都是49。但今天给大家凑了三个套装，一地鸡毛是冯小刚先生翻拍的电影。然后一一日三秋这个主播近两年看过的小说中的我的最爱，真的很精彩。这个书真的有的时候会觉得被低估。如果大家想要的话，我们今天平时49一本的亲签，今天套装三本一起，三本一起。咱们是八十九，平均下来才二十多一本，但是三本八十九，我们今天还有一本是亲笔签名。然后今天下单还给大家送一个帆布包，但在85号链接，但它只有最后的四套了，喜欢的朋友大家可以去看看好不好？就剩最后的四套新鲜的蔬不是太多，他就是一点点库存约不到。刘震云老师在签名，就亲签刘震云老师的签书是很少的。最后的两套朋友们，然后还送个帆布袋儿，那就在85号链接，大家自己去把握。我们给大家看四大名著的朋友们。还有一套刘震云对曰不到刘震云老师签名的这是菲尼克斯他们的存货不并不多，就剩一套了。我不是故意说不卖给大家，真的只有这么多了。朋友们你怎么喊我加我都加不上来了，真的没有。不多说了，我先给大家看看那个袋子的。我们赶快给大家看四大名著。他送了一个帆布袋儿，帆布袋儿是一句顶万句的袋子，就和这个差不多。但是上面会写一句顶万句，就比这个还要好看一点。可能浮生梦是啥书？没有这书，小鱼儿同学。没有了，被大家抢光了。我们再给大家欣赏，我们拍照,《四大名著》
同样我们再给大家欣赏刘志云老师的亲戚，很洒脱的他签名，然后后面的话是他的印签，只不过不啰嗦了，我们价格确实香，很少有直播间在卖吧。这个时候咱就是纯奉献，好吧？给大家看看四大名著。其实大家如果想买四大名著，尤其是你不你暂且不考虑它的收藏价值，那人民文学出版社的四大名著一定是您非常适合的。人民文学出版社是古典文学的标杆，而且我们今天这套书，它是一个限量版的，限量6000套，每套书都有独一无二的编码和收藏证书，每一套书都有编码和收藏证书，所以这套书他还送听书卡，就是您你不用读，扫码能听书。这个送听书卡，我等会儿给大家看好不好？这是这套书能听，然后大家会发现它非常沉，其实它是个特装的。这八本大概有15斤，就是你都觉得沉到离谱了。朋友们一共是八本加这个礼盒我们先给大家上架，今天还会送一个毛毯，我等会儿给大家瞅瞅。这个市场价卖到了625，2024年的最新校对版本，人民文学出版社的四大名著，市场价625。今天在我们直播间一共是八本加礼盒，我们送听书卡能听单套他今天不卖399了，朋友们单套今天我们只要368。这个十多斤的书368包邮，还有运费险。70号链接大家可以去看看，在70号链接，我刚才提到了，它是限量6000套的。从现在开始我这边带编码的只有25套，只有这么多。这个书已经卖了有一个月了，马上就没库存了，我们给大家看是什么样。上个月看西游记，看出来神奇来了，我四大名著和电视剧真的差距挺大的，尤其是西游记是不是啊呀来给大家看看，我们今天有些话就不讲了。好的，发消息给我我要知道。来给大家看看。我们今天要说，今天叫四大名著其实绕不开的就是人民文学出版社了。四大名著的说法就源于人民出版社，我们古典文学的标杆。而且我们今天要说的红楼梦，它是古代社会的百科全书，对不对？他刷的是红楼梦，刷的是宝黛共读西厢记，双鱼石曲。其实就是然后呃这个是武松打虎。武松打虎其实它也挺品质的，三面连续刷边其实它是一个阴阳本。就是您刚光看老虎，光看武松合在一起，它又是一幅图。然后这是武松打虎，然后这个是关羽温酒斩华雄的名场面，三面连续刷边，这个书太沉了，我们等会儿给大家看看这个版本。我们我们先给大家看这编码，然后今天就要说它西游记，它是三打白骨精，孙悟空三打白骨精，三面连续刷边。然后这个书刚才提到了它是2024年的最新校对版本，所以它的底本和市面上大部分的四大名著都是不一样的。我们给大家看看,《四大名著》
三那个我我我或许知道他说的是哪一块。来，今天就要说他一共是6000套。朋友们，我的编码是5701，但是他现在编码是随机发的，也就是说从您现在买这套书，也有可能是我之前的编码随机发。我这边编码不太多了，就剩25套了。这个是全网的库存带编码的，就剩25套了。今天这本书每一套书都有独一无二的编码和收藏证书。我们今天每一套书都会有书签、人物关系图和海报，我们等会给大家看。我们先给大家介绍这个底本好不好？2024年人民文学出版社最新修订，足本无删减。第一套书红楼梦共计120回，而且它四十多幅绣像画，它一共是120回的红楼梦。其实他前80回是以早期的抄本叫做期续本为底本。后面的40回是以成家本为底本，并且参照了其他各抄本和成皋本的合订本。所以这个是最新的一个校对版本。并且这套书整书是有红血丝大家俞平伯老师的点教加上国学大师启功老师的注释，全书八本有四千多条注释，所以大家不用担心读不懂。这是第一套了，然后来给大家看看我们第二套武松打虎三水浒传。然后我们今天要说水浒传，他也是英雄传奇的代表作。这套书它一共底本是100 100回，2024年的最新校对版本。其实我们买的是他的底本，我们就把底给大家介绍清楚。这套西游记它是以明代荣誉堂刊刻的白灰本为底本，再加上李卓吾先生批评的水浒传为底本。这个底本的故事文字较为完整凝练，所以大家读起来你会觉得比别的底本还读起来还要精彩。这是第二套，然后每套书都有一些小礼物等会给大家看。然后这个朋友们三面封口刷边就是关羽温酒斩华雄，这个很重的朋友们，我们今天要说长篇历史演义代表作三国演义。一共120回，这个版本它2024年的最新校对版本是120回的。然后四十多幅绣像插图，并且它的底本是以毛宗岗父子批注的，叫做伤感润色绣像三国志演绎为底本，再加上第一才子书为底，本来凝练一个2024年的最新版本，这是一套。然后我们再给大家看第四套，这是西游记。大家可以感受表面都是烫金压花，这个地方都是立体的，非常的贵气，就像做艺术品一样。然后这是第四套神魔小说的西游记，共集一百回。并且它的底本是以明世德堂文本为底本，并且参考明崇祯本以及清代6种课本修正整理而成的。并且这套书西游记它是由古典文学大家黄素秋老师来给大家进行了注释，全部都是匠心，非常具有匠心。2024年的最新修订版本的四大名著，它的编码版马上就没有了,《四大名著》
我刚才提到了一共是6000套，现在只有25套编码，从现在开始只有25位朋友能够拥有它。这套裙子在70号链接，今天下单给大家送听书卡，送听书卡，扫码能听书，所以大家不用读。然后这套书每一套书都会送人物，会送海报，会送什么人物关系图，还有送书签。他的这些礼物都在书里夹住了，我没有拿出来给大家看一看就散架了。朋友们有书签，其实每套书都会送人物关系图，人物关系图很关键的对，四大名著比如说红楼梦这本书，他送的就是四大家族人物关系图，还有主仆关系图。把每一条线路给大家捋得清清楚楚、明明白白，这就是有观音图的。好啊，有这种观音图的这个妙，我们今天要说下单还给大家送这个。我今天都没怎么买，这都后半夜了。如果我刚上播的时候就讲25套早没了。朋友们，我明天上播，这个书肯定没有了。如果大家想要的话，千万不要错过。我们这是带编码的版本，我们现在有机会买带编码的，肯定不要买不带编码的，千万要不要错过。我们今天教书还给大家送的是毛坦，这毛毯很长很大，他画的也是混三个红楼梦的双玉石曲。宝带宝宝宝贾宝玉和林黛玉悄悄的在园子里看西厢记。而且现在天气越来越热了，是不是天气越来越热了，家里的空调开得越来越低了，越来越冷家里。然后今天就可以披上毛毯去一起去欣赏，一起欣赏四大名著，这多好。而且还送还送听书卡，我觉得这个书有听书卡就很好。现在书都做的太卷了，然后送听书卡你不用读，听听就可以了。我们单套应该是200 368，是不是360十八大家自己去把握，大家自己去看一看。林黛玉、贾宝玉，我刚才说错了吗？失眠了好多，拍了五本国学，明天不用给我上。没关系，行，你有什么需求你随时找我。我那那套单独的三国演义不在我样书不在我手边。你如果要看我们哪天都可以随时来，随时提前跟我说，我就把它拿过来。没有在我这里。然后您可以进粉丝群，平时想找书或者想看什么书，都可以在群里喊我，我随时都在群里等大家，好不好？然后在70号链接，就是群里的话，就是能随时找到我，大家自己去把握。但这个书它就是重太重了，每次拿它。人总是这样，得不到的永远是那么令人吸引。可以看看里边吗？什么是刷边书？可以看看里面，朋友们你是不是刚刚进来？你现在有机会能买三国演义，为什么要买别人的二手书呢？还要抢先，你是不是在抢劫？你现在能买到三国演义，三国演义不要错过，朋友们马上也没有了。三国演义是限量带邮票的版本,《四大名著》
然后我们尖叫书，它是人民文学出版社的四大名著2024年的最新校对版本，限量6000套。什么是刷边呢？其实这种图案就是刷边，这种叫做特装书。特装书一般成本都很高，大家去书店逛一逛，特装书都是要翻倍在卖的。因为特装书成本很高的原因就是因为他是这个边要刷好几遍，尤其是这种清楚边缘的这个刷边，其实他做的是非常具有匠心的。我刷了好几遍，每一次编刷错一遍这个数就废了，所以刷边数都是有损耗的。这个边它不光是好看，其实也是为了保护纸张。它有了这个刷边，它的纸张就不容易泛黄发脆了，不容易被氧化。它多年之后还是这样的状态。我们今天要说它是2024年的最新校对版本。人民文学出版社有全新的无删减的底本，每一套书都是多个底本凝炼而成的，而且全书有160多幅绣像插图，再加上四千多幅批注。其中囊括了比如说像古典文学大家黄素秋老师来给大家整理的批注，而且还囊括了比如说红学大师红学大师俞平伯老师的点教，还有启功老师的注释。所以这套书是2024年的最新校对版本。它所有的解读，包括它的底本，它的装帧方式都是与时俱进的，更加适合现代人去读。然后这个时候还送听书卡，市场价625。今天我们是带编码的版本，一共是6000套，我们编码现在直播间就剩23套了。我今天上播的时候没有讲，如果我刚一上播就讲了这个书，23套早就没有了。朋友们这套书我明天上播的时候肯定没有了，因为我们是晚上再播，这个库存是公共的，也就是说今天您有机会能最后一次见到他。带编码的版本再出售这个市场，这个市场定价确实比较高。625，今天我们直播间单套不要399、369带编码的四大名著，而且我的编码是5701，它的编码是随机发的，随机发的。您现在下单也有机会能够收到比我靠前的编码。大家想要的话，70号链接，我们今天下单送人人物关系图、送海报、送毛毯、送听书卡，礼物有点多。朋友们，大家想要的话，我们今天是包邮，还有运费险的。有运费险，所以大家不用太担心了。这个就是为每一份信任都保驾护航。然后这个是听书卡。朋友们，我知道有很多同学刚刚进直播间，如果大家还觉得我想听每个底本的介绍一下，那主播还可以再给大家讲，等一会儿还可以再给大家讲，我们先中间隔几本书行不行？我们给大家看刷边，这是双意识曲的刷边，就是它是阴本和阳本。您单独看，这不是林黛玉、贾宝玉，但合在一起，它是一个图案，这都是设计过的，三面连续刷边,《四大名著》
然后这个是武松打虎的形象，然后这个是三国演义，关于温酒斩华雄的名场面。然后这套书朋友们孙悟空三打白骨精，然后这套书每套书都有人物关系图。大家想要的话就是它确实有点沉，怎么会这么重？每次拿了之后我的肌肉都酸痛，十多斤不到15斤的样子。70号链接大家自己去吧，我在70号链接那套纯色四大名著这里可以看到吗？什么是纯色？什么是纯色？不知道，然后发什么快递，三通一达都发明天下午就发货，发货速度很快。这个快递我想想，三通一达。我就像白骨精。后半夜的同学，尤其是可爱的。我觉得早上播的同学会清醒一点，他们就哭哭的买书。后半夜的话就有一些同学喝多了，有些是睡醒了之后过来玩，所以有一些是梦话。是不是原谅大家了，这么晚了还直播，如你所见名人传记，您可以看中国的，可以去看看那个国之栋梁，国之脊梁在14号链接，哇塞我都没讲，今天卖了好几本了，14号链接。朋友们，早上还播，不要说实话。早对，今天早上播了，早上流量会比较好一点，所以我们最近早上也会播。太拼了，为了生活，为了五斗米折腰。大家喜欢的话有这个自己去把握。拍回去你就知道是有多重了，我真的不夸张。然后这毛毯送给大家，毛毯送给大家，毛毯比较大。然后夏天来了，家里比较冷，我们空调都开17度房间里然后就可以披着这个毛毯去欣赏四大名著，人生一大快事，大家自己去把握。这个就是毛毯送给大家的。我看还接下来还有什么书，朋友们。明天早上也播存在主义咖啡馆是吧？好的，蔬菜主义咖啡馆。其实我之前说过很很多次，2627蛮好的。明早还播吗？早上我掉了。是的，茉莉同学，这你都知道。对，茉莉同学没有在我们直播间买过书，一本都没买过吗？茉莉同学封神榜，我想了解一下，封神演义是吧？太拼了，为不够你折腰，我们给大家这本书讲完之后，就给大家看封神演义好不好？86号链接。这本存在主义咖啡馆，我上大学的时候存钱都要买。但是我没有想到我长大了之后，竟然在和魏都在合作。它是未读十周年的典藏纪念版，比我当初的那个买买的好多了。其实就是命运真的很神奇，我们这是未读，今年是未读的十周年。我们今天要说它是刷边特妆，它是一本哲学书，这个书真的很值得一看。我强烈建议每个人喜欢深层次思考的朋友，不要错过。然后它侧面刷边刷的是咖啡，所以你会觉得很奶香的。它的名字叫存在主义咖啡馆。市场价88，然后今天我们这是特装版的，单套是50 58块钱包邮，还有运费险。在九号链接，大家可以去看看，在九号链,《四大名著》
我们来给大家讲一讲，你养我小鱼儿同学，你买这本书支持主播，然后天天在别人直播间看到你舔各种各样的主播怎么回事？朋友们，一千零一夜有福利赠品吗？一千零一夜新疆的同学有运费。如果你想看样书，我可以给你瞅瞅。然后那个赠品的话有十张藏书票和一套塔罗牌，是这样的。然后我们今天要说来给大家看看我们今天这套安婴职教3到4个，和我差不多，我每天只睡6到7个小时大概来给大家看看我们今天这套书，存在主义咖啡馆，这套书其实它真的很值得一看。如果大家说想选一套枕边书的话，这说他探讨的就不是那些没有意义的宏大命题，而这样说他探讨的是个人的情感与体验。他让你把目光聚焦在自己身上，让你看到你的一切都是很有意义的。比如说拿主播来讲，这一刻我在直播间我在卖书，我觉得我很有意义。然后我这一刻在思考，一会儿下播了之后我再吃点啥呢？这一刻对于我来说它就很有意义，然后这一切就构成了我存在的意义，也让我人生的所有无意义的时刻都变成了宝贵时刻。然后他书里是这样讲的，他说我才是宇宙中心，我任何时刻都是宝贵时刻，这其中包括了我的那些焦虑、痛苦、绝望的时刻。其实要说它叫存在主义咖啡馆，它主要就精心设计七位哲学大家。包括萨特、加缪、波伏娃跟海德、海海德格尔等等等七位大佬，他们一起坐在这个咖啡馆一起喝下午茶的这个想象力，就是他们一起和下巴他一起探讨哲学的这些画面。他其实是专专兼具专业性和通俗性的这么一套哲学书，存在主义咖啡馆，他把存在主义的演变和思考融入到他们一遗落的这种对话之中。所以当大家看到这本书，你会发现一群智者在对你的感受是在感同身受，而且并且引导你进入人生更深处的思考的时候，你读起来真的很难不被鼓舞。而且萨特是这样讲的，萨特说你永远是自由的，因为在他看来自由是位于人类所有经验中心，所以这就是一点人类和与其他事物区分来的一个区别。就大多的时候很多动物它只是听从了塑造他们的物种本能和习性的这么一个形式。但是作为一个人来讲，书里是这样讲的，他说我根本没有预先被决定的本性，我的本性要通过我选择去去塑造一样。当然我可能也会被生物性所影响，所以这套书可能也提到了，可能会被文化所影响，被个人背景所影响，但这并不能合成一张来制造我完整的蓝图。我总是先我一步的。然后这套书它里面有很多哲思性的一些概念，其实你读完之后，每个人读起来意义完全是不同的。包括他这个书里最后一句话，我一定要给大家分享一句，这个时候都想拿起来读了,《存在主义咖啡馆》
然后最后一句话他这样写的，他说生命那些其余美轮美奂，如灵光一般闪耀的繁盛，只要我们能够有幸体验他他就会继续向人类展现它的自身。所以大家读的时候，或许你会觉得它就是你的灵魂栖息之处。你真正能感受到就是或许我会失败，我会迷失自己，或许我无法抵达，但是有一点是明确的，至少我还值得等待，就是有很多值得寻求的东西。其实这就是存在主义本身的一个意义所在。存在主义咖啡馆，你存在就是你的意义，每一刻都是你独一无二的意。喜欢的朋友们就要说自己去把握。然后它是一个刷边版的单套，咱们今天只要58块钱，58块钱就能带回家。这是一个未读十周年的哲学书，它特别适合独处的时候，向内寻的时候，去向进行深层次的思考的时候去看一看，读哲学，遇事不决读读哲学，读完哲学再也接受不了浅薄了。而且这要说豆瓣评分也很高，他也入选十大必读哲学榜top前十。我们单套的话是58，然后它就是很漂亮，三面风格沙边的有点像奶油咖啡。我觉得把这个封皮拿下来更漂亮。然后这个纸张真的很好，这个十周年的系列纸张很好，你每一页都会觉得有点想要小心翼翼翻阅的感觉。100克以上的纯质质不容易发黄发脆，所以这套书也不是那种莽出书的大开本。特别适合随手放到咖啡厅，放到枕头边，然后放在包包里，放在车上，随身携带都是没有问题。九号链接主播不啰嗦了，大家自己去把握。然后1000 0也已拍，感谢茉莉同学的支持，不会与人沟通怎么办？很简单，朋友。你说的是哪种沟通？是工作上面的还是日常生活方面的？沙特或错过的诺贝尔，很多大佬都没有获得。比如说黑那个那个毛，那我不也没获诺奖吗？但是也不影响他的伟大。封神演义是吧？感谢三的榜，你不说的话我都给忘了。有没有通俗一点的心理学？不会谈恋爱怎么办？你只要有权有钱有势，我相信你什么样的女人都可以找得到。所以不是谈恋爱不是情商的问题，而要提升自己本身。来给大家看看，我们今天要说，我给大家上一个福袋，好不好？福袋里面给大家送的是羊脂玉瓷的功夫茶杯，市场价是99块钱的杯子。我们直播间是送给大家的，大家可以自己去去看一下福袋，其实福袋中奖几率还是很高的。然后我的那个。我给大家看看，刚才想买那个封神演义的同学还在直播间吗？在的话给主播扣个一。封神演义的同学还在吗？想了解买不动了，了解我没有找到书，朋友们。我刚才不是还讲了的吗？我不知道被主播塞哪去了，怎么办？在这儿吓死，现在就给大家看,《存在主义咖啡馆》
荣格自传还没开封，你跟我一样，我没看之前别开开了就旧了。来给大家看看我们今天的书，就是我很多不看的我都不拆，所以我们有很多新书都没拆书房。来给大家看看，我们今天要说这套书，它是一套典藏版的封神演义。其实这个性价比真的很高，就是六十多块钱能买典藏书。然后我们给大家看看，它非常的大，而且它是全彩色插图。不要等到封神二在上上市的时候再买，这个书会很贵。趁着封神快上了，风神二快上了。趁着封神还没上之前，就是把它先囤回家。它是道完整无删减版的风神一，而且它是一个韩套版的。然后这个是烫黑金和烫金金的两本上下册16开全彩色插图。这个书我跟大家说比女主播头还要大一些，全彩色插图。朋友们，这套书今天它是一个典藏版，所以它会有很多小周边的，我们等会给大家看啊。这个市场价卖到了180，都是180，尤其是当时封神一刚上的时候，我一个月断货四次，这个书当时市场价180。今天在我们直播间单套它只要69，非常的沉。我们单套69给大家包邮，还有运费险。喜欢的朋友们，今天这条书您去86号链接，大家可以去看看86号链接。是因为电影吗？还是说封神榜的故事，我给大家介绍一下，大家就知道了。然后这套书它的作者是明代的著名文学大家，叫做许仲林先生。有人称这套书是我国神仙出没的设定集，姜子牙用一本封神榜封了365位神仙，其实小说里面就连商纣王都被封了神。如果你把小说看进去了，你会发现电视剧电影那只是冰山一角，小说会更加惊险刺激。其实电视剧电影那个东西删减的不行了。小说比如说商纣王不是把伯邑考的肉做成肉饼喂给姬昌吃了吗？在电影里面姬昌他只是把肉饼又吐了出来。其实在小说里面姬昌当场吐出的是300，姬昌当场吐出的是三只小兔子来，可见小说里边的这个想象力，这真的是可见一斑的，是不是？我们今天就要说，其实它的文学价值是很高的。陪伴一代又一代青少年成长。很多成语、俗语、典故都是出自于封神义的。比如说像什么哪吒闹海、酒池肉林、比干挖心、杨戬、四大天王、土行孙，这里面就全部都讲到了。而且我们今天要说它是一套完整无删减版的。朋友们许仲林写的什么样的一字未删，全套是两本上下册。这个书如果大家想看封神一，你一定要趁着电影二还没来之前买，要不听主播一句劝，到时候可就抢不到了。我们今天要说都是带插图的朋友们，我们全书插图它是一个铜版纸，所以它的品质还是很高的。完整无删减版全铜版纸的彩色插图，它的纸张是护眼纸张，给大家做了线装,《封神演义》
但这个书就是比较大，十六开的，你会发现好像比女主播头还要大。然后这样说它是典藏版的，所以它会有一些周边，随机发的这个周边，每个人受到的是不同的。我收到的是应该有四张，但是我弄丢了一张。对，姜太公钓鱼。这个是三只眼睛的，是谁？我之前问三只眼睛，有同学说是闻太师，没有那么可怕，这是杨戬，杨戬来这个是元始天尊。然后还有我们这边朋友有同学收到那个妲己的书签，真的很漂亮。我想要妲己的，但是我没有收到，我还挺喜欢妲己的。然后还有什么商纣王的伯邑考的书签，还有申公豹的书签，还有四大天王的书签。每个书签这个是不一样，朋友们不能选这个随机发的。然后今天下单还给大家送还给大家送人物关系图。这套书你人物关系图全部送给大家，人物关系线捋的清清楚楚，明明白白，这个图非常的关键，别搞丢了。辅助大家理解的朋友们，单套我们是69这套书就在86号链接，大家自己去把握86号链接。有保护书的好办法，我都想给大家出一期视频。我买的是那个那个叫做您去那个网站上一搜就行了。哪都有卖的，就是那个书的塑封，但是那个得拿吹风机一吹，它就给它塑封起来了。塑封完之后就像你买的一样，平时看的时候不太方便。这个塑封完之后就是这个样子的，就是这个样子，但是它不容易被氧化了。如果你买那个密封袋，它里面有氧气，它的纸张还是容易被氧化。所以我个人不看的书，尤其是这种比如说签名的这种典藏的，你就给他塑封一下。我就是有些书是我自己塑封的，塑封的不太完美，但是它比原来要好多了。重庆也是比较潮的，谢谢。去查一查，有很多方法，树也超了，那真是心疼了。朋友们放在通风干燥的地方。然后我们再给大家讲那个海明威的精，好不好？今天没有给大家讲过，讲完这本书主播就要下播了，大家想看什么书跟主播讲。今天有很多典藏版的书，大家可以去浏览一下，小黄车都可以去看一看。然后主播是从后往前倒着去讲的，一号链接福袋，我们给大家这个福袋开完主播就下播了，我们看福袋还有几分钟，看看最后一个福袋哪位同学有机会能得到。我们直播间一百多人，只有16位朋友参与福袋，怎么回事儿？大家太客气了，不要太客气，一号链接福袋积极去参与，还有八分钟开奖了，我们不用关注主播就能参与的福袋。瓦尔东湖我们是典藏版的，瓦尔东湖有点难看，我以为是不是买过了瓦尔东湖那套书值得一生去品鉴。每次每个人生阶段看的过程中，可能感受都是不同的，而且那种意识流的书不一定适合所有人,《封神演义》
其实来给大家看看，我们今天要是不是睡着了，嗨起来，朋友这才几点都睡着了。确实26位同学现在77分钟开奖了，这个福袋中奖几率真的高，33。资本论是不是来了？立刻给大家。不影响是不是？那就好，喜欢就好。然后刚才想买资本那么多同学来这套书，从现在开始只有一百多位朋友能够拥有它了。它是限量典藏纪念版的资本论，每一套书都有独一无二的编码和收藏证书，它是一个影印版本的，当年毛教员手上读过的版本，如今被收藏在了那个博物馆，所以他就是把博物馆的那个资本论拿出来影印。那当然了，每次影印都会有一些损耗，所以每一次都是需要批准，需要有编码的，所以哪怕是博物馆影印版本的都是限量的。他要在市场上是不让大面积的流通的，所以它都是有收藏价值的。我们今天要说它每一套书都有独一无二的编码和收藏证书，来给大家瞅瞅，极具阅读收藏和研究价值。我国第几部？首部中文全一本资本论英译版本限量发售。我的编码是653，它编码看后四位，前面1818是马克思诞辰纪念日，然后编码后四位。收藏非常适合收藏送礼的典藏评论。我们今天要说它是一个加厚的厚布料，给大家看这是什么样的战争与和平。直接拿下，三百多，机不可失，失不再来。那个战争与和平是典藏纪念版的，千万别错过。它的价格不是天天都有的。朋友们，然后来给大家看看我们今天要说你拿不下你直接第一眼就看看得上的女人，那你不能直接拿下你想要的书吗？来今天这套书大家可以感受，我国首部第几部首部中文全译本就这么一本，这么就这么一部。然后德语直译的郭达李老师、王亚楠老师呈现的译林出版社，是我们国内翻译界的天花板之一。然后我们今天要说，它是资本论影音版本，限量版本凤凰伊利，译林出版社都是凤凰伊利的小弟朋友们，我们今天要说限量资本论，这个价格很有优势的，市场价定价598，差两块钱就600了。我的编码这边也有，今天在晚晚的直播间，这套书一共是三本，而且打开的时候很有仪式感，像冰箱一样。一共是三本加礼盒，而且纸张是纯纸质的，市场定价598的书，我们今天直播间不卖299，他今天买只要269，包邮，还有运费险。这套书我喜欢的朋友们，您去这套书31号链接，大家可以去看看31号链接，意林出版社这书有啥用？你把主播给逗笑了。然后今天就要说无论是收藏阅读，它可以成为你一生去品读的一部作品。每个人的书架上都得有资本论，这都可以说是刚需了,《资本论》
其实资本论这套书它的收藏价值会更高一点，因为它毕竟是博物馆拿出来印印的版本。我们是译林出版社的，我们中国翻译的外国文学翻译的天花板。译林出版社的版本我们先要说，大家会发现出版社只能决定它的品质，这个内容是刚才提到的博物馆的版本，然后它也是毛教授当时手上读的。我们赶快给大家看看这个质感，这是十六开的大书。哪年的第一版？1938年的第一版。我们今天要的时候是十六开的我的奋斗，全网都没有。大家去了解了之后，在各个直播间再问好不好？我们今天要说它是一个长植绒的烫金压花，其实这个书大家会发现它设计的很巧妙，侧面给大家拼了一个红色一个绿色。而且它这样的一个高低，你会感觉很有细节，很有设计感。这个书拿在手上非常的重，为什么会这么重呢？就和纸张有关系，这个纸张叫做双胶纸，高端杂志画报才会用到的纸张。这个纸张密度大，克重大，所以它非常滑。全书都做的是一个大豆油墨印刷，所以它没有什么异味，给孩子看也是安全放心的。你可以看它底下是黄色的，是不是？赵老师他如果做白色的底本就没有那样的韵味了。如果大家想要的话，31号链接，单套某淘某宝三四百，这个书某京某东四五百。我们今天直播间单套只要269，只有最后的一百多位朋友能够拥有31号链接，大家可以去看看，在31号链接。然后这套书其实我们值得一夸的就是它是德语之一的。市面上只有两个版本的资本论，非常值得收藏。一个就是马克思，他是德国人，那德语的原版非常值得收藏。其次就是德语直译的中文版，对于中国人来说非常值得收藏。我们这是德语直译的中文版。我们今天这个书，其实市面上的版本很多，有的是英文翻译过来的，有一些语翻译过来的，还有日语翻译过来的。而我们这是最大程度的去还原马克思他本身想要表达的感觉，德语直译的资本论。然后今天老师为了方便大家送礼，我们会给大家准备袋子。这个袋子它是一个托特袋，托特袋然后藤编的，包括去送礼，送长辈、送领导，家里有某党某员的，或者说有学经济学、金融学的那第六折袋子其实送礼还是比较不错的。这个是在31号链接，31号链接大家可以去看看。太可怕了，真的把战争和平拍了不可怕。朋友战争与和平真的很值得入手。朋友你值得拥有。战争与和平你一定会爱的。那个书太品质了，就很少有人和他相媲美了。然后这资本论大家想要的话去看看。能看得懂吗？我不知道大家的阅读水平是怎么样的，每个人看起来感受是不同的,《资本论》
其实马克思他本身就是给大家探讨了剩余价值，通过剩余价值来给大家深刻的剖析了资本主义社会的发展底层逻辑，给大家来了一波预示。虽然这本书它是讲究经济学的作品，但其实它里面也是充满了哲思。所以斯伯根它肯定是每个书书架上必须得有的一套人生金书，然后这个版本它就是限量版。朋友们我们现在不探讨资本论它到底是这个内容怎么样？就是资本论这套书，如果大家想买天花板的那就是这个版本了。而且它这个已经到顶了，已经这套书已经到顶了。就是你买完这个版本不用惦记着其他版本了，而且我们家有很大的价格优势，每套书都是独一无二的编码和收藏证书，它是限量的，只有2000套。就是博物馆的那个书拿出来，让大家去去读，来给大家看看我们收藏证书，极具阅读收藏和研究价值。我国第几部首部中文一本，这么多演艺版本限量发售，我的编码是653 1每个人编码都是不一样的，大家想要的话去看一看，这个大写诗。这位同学你这个同学你到底是怎么回事？也不买书，也不关注，也不加灯牌，也不买书，就是个挖苦主播，就是个贬低主播。你是怎么你是狼人吗？你是不是同行？你跟我说不想跟你说了，这个人太坏了。然后我们尖教书一共是三本，大家自己去把握。这种高品质的书注定只适合金字塔尖尖的朋友。然后我们今天要说在31号链接，想要的话，这个31号链接大家自己去看。累了，我觉得比我做的账号做的好的人，应该没有时间过来，对吧？说那些阴阳怪气的话应该没有。我从来没有去别人直播间做过这种事情，我都觉得好搞笑。主播不说了，朋友们还有同学找书吗？找书的同学进粉丝群，找书的同学进粉丝群。然后平时想找书，想跟主播交朋友进粉丝群，我天天都在里头等等大家。平时如果大家说想要买书，我下播了之后点头像进橱窗也是可以继续买书的。我们橱窗里的价格和直播间的价格是一样的，破产了。买书真的不吃亏。你出去吃顿饭，饭吃完了也记不住了，但书你一辈子留下了这书。真的在中国买书真的太便宜了。朋友们大家去看国外书有多贵，中国的知识的载体真的很很廉价。然后我们就给大家讲到这里了，好不好？史铁生老师的书在这个链接在橱窗里，我们我们就给大家讲到这里了。然后下播之后，大家点头像进橱窗。史铁生老师的书进橱窗去看吧。明天晚上七点是吗？好的，拜拜，晚安，拜拜。,《资本论》
