﻿original,result
行程竟然有12万公里，给大家带来的全书系列的第四部，它也是中国国宝全书的姐妹篇。今天正好是济南书展，我们给大家新书手某发的来到了我们的直播间。而且咱们为什么中国人要看国宝？其实国宝是历史文化艺术技艺的一个整体的结晶。你透过国宝会直观的具象化的感受到中国文明的璀璨之处，原来一万年的文明都在这里面了。而且在大家如果说不看海外的国宝，你会不知道咱们中国的国宝竟然有这么多遗失，你知道吗？据关某方的不完全统计，有1600万件国宝遗失在海外，既有私人馆藏，还有重要的博物馆馆藏。而这套书里面原团队花费了五年又跑来跑去，才能给大家授权申请进来的。而且其实咱们中国舒展没有特别的优惠吗？当然有啊，直接给您开出来3.37折的折扣，而且今天您是有礼物的。来大仙，这个名字的ID您这样您想要想要我赶紧上单的，您扣个一。您让我稍微把书翻一翻，给直播间的朋友们看一看之后，马上给大家上单好不好？好，然后这套书跟大家说一下，国内的朋友们看中国的国报已经比较费劲儿了，你需要跑来跑去跨越不同的省份，你还得坐高铁，你要再看国外的国报，那就更费劲了。因为你首先要准备签证、机酒钱各方面的花费，而且你还很容易看不到。比如说女史箴图，英国大英博物馆一年就展出一次，而且在展出期间是限制游客的预约数次数的。所以说作为国人是很难看到这个国宝的。这套书这个团队就是让咱们的中国人弥补遗憾，把这个重要的700件海外的文物遗珍给大家收录进来。而且这套书有608页，有1800幅关于中国国宝的插图都收录进来，让大家突破时间和空间的限制，看到海外国宝的内容。而且来跟大家再说一下，就算你真的去海外的博物馆，那个文物前面你看可能从光源、人数越来越多人挤人的一个观看角度上来说，其实看得并不细致，看的并不好。因为国外并不懂得好好的展示咱们的国宝本身。有一些咱们中国的重要的一些瓷器花瓶，你看它就像是摆放这个超市物件一样，就放在这个柜子里了。对，是的，展示是毫无美感可言，可惜了咱们的文物了，对吧？这个和世界博物馆全书东西有没有重复？世界博物馆全书主要针对的是一些有小小的重复，就是因为有中国文物的重复，但是重复率也只有1%和二这样的一个情况。因为咱们这个是专门讲解海外的中国文物的，而且来这套书里面国外并不能很好的还原咱们的文物盛放摆放展示,《海外中国文物遗珍》
所以咱们这套书用的是一个视网膜级的实拍图，把国宝给大家从很好的光源，很好的角度拍摄完之后，再把它的一些细节给大家放大了。好的细节给大家放大之后，再用27轮校色的一个水准给大家还原出来了。所以说让大家看到的是有一种肉眼站在国宝面前的那种清晰程度，而且它也是碾压别人的一个情况。而且知道说咱们全书系列特别大的一个优势就在于它的这个讲解文字。它是针对国宝有23万字的一个讲解，是同类书的一个三倍。让大家了解国宝的前世今生、制作过程涉及的历史、文化、艺术的各方面知识。而且他连被抢走的一些历史都能给大家介绍进来。咱们的讲解文字都是博物馆馆藏的这个研究员，还有美术馆的馆长等等之类的人物，非常专业的学者给大家编撰授权进来的。所以来今天这样一个100 0 608页十几京城的国宝全书，咱们还是三面刷边的版本，刷的是广西山西广胜寺的一个元朝的壁画。所以来今天这套书马上给大家上单，条码价是998块钱。这套国宝系全书系列来我们直播间一直都是这个条码价，而且我们直播间从三月份卖到现在，也一直都是一个三七折的折扣。来没库存了，来一号链接，37折369，再带着咱们的礼物给大家先上五单。上好了，一号链接我们来一号链接跟大家说一下，这套书您在线下是找不到的，舒展线下是没有。而且它是新书首某发，所以只有我们直播间有，您去其他的店铺去搜也搜不到。所以咱们这个头一批限量一版一次印，带着刷边的版本。今天你想拍，你现在赶紧下单。因为等到这一批卖空之后，咱们再补上来的。首先刷边就没有了，就是白边了。然后一版一次印肯定也不是了，因为它加印过了。所以说咱们今天什么样的配置和这个福利都抢到手了。一号链接大家刷新一下就可以去拍了。而且来这套书您现在拍下来的，刚才wink不是问了吗？现在下单的能有什么福利？除了咱们价格低之外，咱们还有四份礼物给到大家。这四份礼物首先是这样的中文样的帆布包。这个帆布包首先它不光是寓意好啊，它贵也非常的贵气。而且你要自己在外面单独买的话，也是需要三四十的价格。咱们今天就免费给。而且咱们现在还有一个巴黎的这这个卢浮宫的珍品馆藏，这个馆藏里面有39个西方的艺术作品。咱们这样一个小别墅，条码价这个没有相应的条码价，卖品平时不卖的，咱们今天直接给您。是的，而且它到手的价格，其实你在外面想买一个这个水平的册子都得三十多，但咱们今天是直接给大家开好了。还有好，你先打字儿,《国宝全书》
好，咱们今天再给大家两份藏书票，以及咱们的三张拉页。所以说咱们今天的整个的这四大份礼物，只有这个只有咱们直播间的现在下单的朋友们能带到这么多礼物。所以再跟大家讲一下咱们的全书系列，很多老粉都知道越卖到后面礼物是逐步减少的，但可能新粉还不太相信，所以咱们今天一号链接，你现在下单，朋友们你要啥都能有，而且礼物都是足分足量的4份，再到后面就少了。现在的话我们给大家快速带过一下，然后就上班了。行来，咱们今天如果刚来直播间的朋友们想要直接我补单这套书的话，大家赶紧扣个一，跟大家讲一下，对，跟大家讲一下这套书首先是全书608页，这个团队筹备了整整四五年，从全球12家尖尖级别的博物馆里面摘取了咱们中国的重要的一些文物。而且这个文物是咱们中国人很难看到的，直接把700件文物汇集在了咱们这套书里面。而且咱们不光是给大家汇集的非常的全面，咱们18个类型按照它的青铜器、锡器、玉器、书法、绘画都分门别类的整理进来。并且全这个书为了给大家还原国宝的他的这个真迹的那种色彩纹理，都给大家做到是二十7轮校色，让大家就有一种视网膜级的还原程度，就像是站在这个国宝面前细细欣赏的一个度。而且这套书还有23万字的一个讲解，这也是它最大的优势，可以把国宝的前世今生规格收藏在哪个博物馆，经历了哪些故事，还有它制作的工艺，涉及到背后的一些审美历史，都能给大家讲解到。而且这套书是山东书展期间的一个这么首马首某发的一套书，条码价是998块钱，规格是608页，全彩印刷。再带着三面刷边来到咱们直播间的，现在还是新书首发，所以110亿限量的刷边，大家还想要的朋友们一定要扣起来。咱们今天给大家把全书系列整个系列的37折的折扣带到了直播间里，而且咱们1到4号链接都是这样的三七折扣。所以来今天到手价369给大家上单。上好的朋友们右下角直接去拍点开接。来右下角369的到手价，大家刷新一下，可以直接去拍了。跟大家讲一下这套书现在的整个的福利规格，还有它的情况，只有头一批货下单的朋友们才能享受到。您能拿到的是一个同样的价格，但是一版一次印同样的价格，但是有好看的刷边。如果您这一批抢不到的话，等下一批补上来的就刷边也没有了，限量110也没有了。是的，1个小时已经卖了38套了，还有对，450套刷边。是的，大家不要觉得我们这个刷边，这个库存非常之多。这套书如果卖的快，我们一天都能卖600套。所以在山东济南舒展期这三天一定是能卖完卖空的,《全书系列》
所以大家一定要趁着今天它刚上来，竞争压力不大，赶紧抢一套。除此之外，咱们现在拿到手上的不光是369、110亿限量刷边，还能拿到的是四大份礼物。这四份礼物只有首发阶段大家才能抢得到。首先给到大家的一个限量的一个帆布包，这个帆布包是故宫纹样的一个图案，叫做瑞鹤瑞鹤，松鹤延年，五六十块钱的。对，是的，而且然后再给到大两张珍贵的藏书票，根本看不到这么高印这个印刷品质。并且除了之外再给大家一个非常精美的硬壳精装的小别墅。这个小别墅是卢浮宫馆藏的小别册，里面关于艺术品直接是。39件艺术品给大家介绍进来了，80页的体量，后面没有调码价，外面单买二三十块钱的。是的，然后再给到大家三张拉页，一个是历代皇帝图，一个是九龙图，一个是咱们的岛链图，都在这里面。书能装进袋子吗？咱那个书可以放到这个袋子里，我有次试过。所以现在拍下来的朋友们，咱们都能拿到这4份礼物。如果您再隔个几周来，不光是咱们的这个首发的机制没有了，礼物肯定是相应变少的。而且来刚才下单的朋友们，赶紧你在公屏里跟主播说一声拍到了。咱们今天给所有的朋友们再安排一个这样的一个防磕碰的瓦楞纸的书盒。这个书盒咱们可以更好的保护这个书边角没有磕碰，而且你要是送人送礼物的话，也是极为合适的。没错，来跟大家讲一下这套书，您现在拍下来的，今天买了之后不会降价。跟大家讲一下这套书，我们是有资格保价的。因为全书系列大家看一下，前四个链接只要是在我们直播间买的，都是给大家开出来三七折的折扣。一号链接已经没有了，有刚来直播间的对这个书很感兴趣的，或者是看过我们这个短视频的，想让我赶紧上单的，大家可以公屏里扣个一，我们根据情况给大家赶紧上单。而且这套书跟大家讲一下，您现在拍下来的还是31号发货的一个速度。因为我们是头一批，对吧？所以说在在外面大面积的铺货之前，咱们可以给大家安排一个最早的发货时间。但是的有一位朋友扣一了，还有其他朋友扣一吗？这套书是一个正八开的大小，有605页，收藏了700件国宝，而且都是27轮校色的全彩印刷，再给到大家加一个三面刷边，限量100 14的版本。刷边的内容是水月观音像在美国博物馆的，它的一个壁画是咱们山西广胜寺的一个元代壁画。所以来今天所有刚才扣一的朋友们，咱们条码价是998块钱。全书系列的第四本全书系列所有来到我们直播间的，我们不光能保价，我们直接给大家开出一个市面的谷底价格三七折。来一号链接到手价369,《全书系列》
是的，我们给大家几个朋友来给大家上八单。来朋友们，一号链接上好了，来一号链接给大家直接上了八单，大家刷新一下，可以直接去拍了点开右下角，朋友们这批货首发的货准备的不多，朋友们谁先拍就能保证礼物拍完了，咱就只有我说了。是的，跟大家讲一下，这套书肯定是首发阶段礼物是贼多的，到后面礼物陆续减少，而且它的这个一版一次印和限量刷边的这个头一批货的属性就没有了。而且跟大家讲一下，您不用担心说以后这个书会不会更破价，更便宜。这套书一直来我们直播间都是三七折的折扣，所以大家想要把头一批货抢到手的话，三七折我们保价到好几个月。因为您看一下前四个链接都是全书系列，我们一直三个多月了都卖这个价格。而且来跟大家讲一下，大家现在拿到的朋友们，现在拍到手的朋友们，肯定要比下个月再拍这套书的朋友们，礼物拿的多，福利赚的多还有出版社品牌，我正好要介绍这个品牌这套书是华中科技大学出版社出的，它本身就是我们国内非常高级的一个出艺术画册的出版社。而这套书直接这个出版社筹备了五年，有700件的国宝收集收入再进来。而且这套书大家买回去给孩子看，就是一个提高审美、提高认知，进行历史启蒙的一套好书。看历史书有点枯燥，看它正合适。如果成年人自己看的话，不光是提高你的审美和认知，咱们以后日常谈吐沟通交流，表达一些您的看法的时候，也能提升你的一个表达能力。然后你在和别人沟通的时候，也有增加了很多谈资。所以来今天还有最后的两单，来最后两单。有刚来直播间的朋友们，不了解这本书的，想让我赶紧讲解的，大家把你想看的国宝，好奇的问题，都可以在公屏里扣出来，我们给大家翻一翻书看一看。这套书没有什么要跟你说话。行，这套书首先它是一个筹备了五年的一个海外国宝全书系列，而且它是中国国宝全书的姐妹篇。它的第四本，今天我们将书叫山东书展。为什么老说那个咱们的山东书展给大家首发带到直播间的。首先这套书收录了咱们中国海外的遗失海外的馆藏的重要国宝700件。因为说实话，咱们中国人看自己家的国宝就比较费劲儿。然后抢到国外的国宝，大家都要长途跋涉，起码机票、机酒钱以及签证钱都是要花费的。这套书就是给大家弥补遗憾，把当年被抢走的700件国宝给大家，按照类型都给大家整理进来了。而且跟大家讲一下，这套书不光是给大家整理的全面，还能让大家看到的是不输于您线下看到真迹的感觉，看到实物的感觉,《海外国宝全书》
因为咱们用非好非常好的光源，光照角度，给大家用实拍图的方式还原在了这套书里面，就相当于大家站在这个实物面前的感觉了。而且它是一种视网膜级的实拍图，把这个国宝的周身的细节，还有它的纹理、图案、花纹样，全部都给大家讲解进来了。而且它是有27轮校色的，27轮校色起码是比咱们中国的普通画册要多到2 2.5倍的一个校色数量，让大家看到古堡的色彩和细致化的纹理，仿佛这个国宝刚刚制做出来就被你看到了。而且它有23万字的一个讲解，让大家看到国宝的前世今生，还有它的规格，还有它的各方面的历史的内容。所以今天这样一版14印限量刷边新书首发的一个海外国宝书。海外国宝全书只有我们直播间有，您在外面或者是线下是找不到这套书的。所以咱们直播间很多老粉都知道这套书条码价都是998的1个价格，都是咱们前四个链接全书系列的统一价格。而且我们直播间你保价，给大家三七折的折扣。来一号链所有想要的朋友们，咱们今天礼物多价格低。369的到手价给大家先上六单，下好了吗？右下角直接点开弹窗去拍。是的，右下角给大家弹来了几单，大家刷新一下，可以直接去拍了。只有今天现在下单的朋友们，大家非常幸运，正好抢到的是头皮的一个发货的库存，而且它是一版一次印限量刷边的版本。如果您错过了这头一批，您过几天再来买咱的刷就要变成刷边不刷边的版本白边了，而且限量110次性就没有了。所以现在拍下来，咱们全部都能享受到。而且跟大家讲一下，咱们这次为了这个山东书展，我们就准备了500套库存。我刚刚短短几十分钟，46套书已经卖出去了。所以咱们很快就要卖吧。刷边的不是只有500套库存。是的，所以说咱们这个刷边的库存是非常少的，分分钟今天明天就能卖空。而且来您现在拍下来了，咱们不光是给大家安排31号尽快发货，比其他地方陆续铺货之后要整整早个两周。还能给大家安排的是四大份礼物。那四份礼物给大家看一下，首先能拿到的是一个故宫纹样的瑞鹤延年的这样一个元年。平时外面卖五六十块钱一个超大帆布包。是的，而且这个帆布包你要自己单独买，也得是五六十。咱们今天免费给，而且还会再给到大家两张藏书票，除此之外再给到一个非常精美的小别册，这个册子是卢浮宫馆藏珍品集萃，而且这里面有39件卢浮宫的一些艺术品，画作里面还有讲解这样一个小册子，单独买也得四十多。咱们今天又是免费给到大家的，而且还有三张海外的中国的名画的拉页,《海外国宝全书》
这里面还有咱们历代皇帝图，有九龙图，还有岛链图，三张拉页，全部给大家升级进来跟大家讲一下。咱们老粉都知道，这套书越卖到后面礼物会少。新粉还不相信要赠品跟书一起发的，大家打一个需要。是的，会给大家做一个登记。所以说大家如果觉得今天想要这个书和礼物，一起随着一个订单给大家发出来，在一个包裹里发出来，大家在公屏里要说一声需要，也跟我们说一声拍到了。这样我们才能把这个礼物整个都给大家备注好。而且跟大家再讲一下，这套书是31号发货，要早于外面其他铺这个书的一个发货时间的。所以说大家如果想更早的收到手，咱们就是现在下单，31号陆陆续续给大家安排上了。而且来咱一号链接还有最后三单，跟大家讲一下，这三单您拿到手上的是608页，限量110。你带着好看刷边的版本和国宝全书是这样的情况，国宝全书和这个也就有五个文物是重合的，剩下的咱们都不一样，因为这个是专门讲解。海外国宝的部分，而且这套书在二号链接，而且这套书是是我们的华中科技大学出版社，所以说它是国内专门出重要的高级的艺术画册的出版社。所以像这样一个艺术品级的奢侈品级的一个画册，咱们今天一个特价机票前直接让大家看到的是七百多件，100 1800个插图的海外遗珍的部分了。而且来跟大家再说一下，这套书它整个的纸张品质大小还有内容都是非常好的。它的是一内纹纸，是160克的特种艺术纸，而且专门用了一个很高级的涂布工艺，让大家可以说是有高级的哑光质感，不反光，而且不假滑，可以更好的欣赏咱们这个文物画面的纹样。而且这套书是一个双层的，双层的逻辑所限，所以说可以180度平摊开来。不论你怎么翻，它也不会轻易的散架，而且它非常的结实。所以说来今天还有最后一单。来有没有刚来直播间的朋友们还不了解这本书的，来想听我介绍的赶紧扣个2，咱们想要赶紧去拍的扣个一，跟我们说清楚一下。因为这套书首先我们刷边的版本，这次舒展我们就准备了500套，刚才已经卖了47套出去了，所以说拍一单就是拍拍一单少一单。而且如果这次500套卖空了，再补上来的就不是110次，也不是好看刷边的版本。所以大家一定要且拍且珍惜。来想让我翻一下书的没有问题。咱们这套书直接是原团队耗费了整整五年都跨越了直接是路程，跨越了12万公里左右的一个长度。让大家看到的是12家世界的博物馆里面收藏的700件中国的文物馆藏。而且你看到这个馆藏可以直观的感受到中国一万年的文明之璀璨,《海外国宝全书》
而且这套书里面它是按照这个博物馆文物的这个类型给大家总结进来的。比如说这个瓷器、青铜器、书法、绘画，还有发廊，这里面全部都有。而且咱们国人说实话想要看国外的馆藏是不是特别不容易？你起码要有个祭酒衔、签证，各方面的流程。而这套书就是给大部分的咱们普通的读者准备一个弥补遗憾的方式，让大家可以足不出户就能把这些珍贵的文物都能一次性看到了。因为我如果不是看这套书，我也没有想到女史箴图、岛链，还有那么多珍贵的国宝都是抢到国外的。而且您就算去国外看一些珍贵的一些文物、国宝，未必能看得这么细致，也没有办法在一个文物面前久久的细致的观赏。而咱们这套书从极美的光源，极好的角度，用视网膜级的实拍图给大家还原进来。大家拿着这个文物，所有的细节都能看到，你想看多久就看多久，而且你还能看到的是全书有23万字的一个重要专业的全某威的解。这套书的23万字讲解，其实是比同类书要多个好多倍的。而且咱们看这本书的朋友们，您可以感受到的是，咱们这套书整个有博物馆馆员的研究员的一个授权，还有美术馆馆长的授权，让大家领略整个文物的规格大小，还有它的前世今生和制作出来的背后的历史与工艺。所以让能让你看见国宝，看懂国宝，欣赏国宝，了解国宝。所以今天这样一套书，为了我们的山东书展，我们直接给大家带来的是同一批的一版一次印限量刷边的版本，对不对？所以今天咱们这个是有608页，608页，然后重达十几。京城的海外国宝全书和咱们的二号链接也就有五个文物有重合之外，咱们主要是讲海外的国宝的。今天条码价是998块钱，给大家开出来新书早鸟的37折的折扣。这套书我们保价，因为全书系列在我们直播间一直都是这个折扣，一直就是这个价格。来一号链接三七折给大家，再上五单一号链接给大家。上好了，右下角朋友们把握住机会，首发的这个机制都拉满的。是的，跟大家说一下，您现在拍下来真的是什么福利都能占上。因为这套书只有头一批货，前五百单还是限量100 14印的这五百单今天卖到一半，明天上午就能明天卖到一半就能卖空这样的一个水准，所以大家一定要趁现在赶快抢一套。而且如果这前500单限量110次性刷边的版本卖空了，再后来补上来的就是一个不刷边的白边的版本，而且这个110亿的收藏价值也就没有了。所以一号链接还有最后一单，并且大家现在拍到手上上是拍到手上的，大家还能享受到的是足够多的礼物和足够快的一个发货时间,《海外国宝全书》
咱们现在有四大份礼物，全部都给大家准备好了，有咱们的这个松鹤延年的故宫纹样，而且咱们这个纹样这个帆布包是限量的，只有前500套能够给到大家。如果前500套卖空了，这个礼物到后面的一个情况，他就给不上来了，而且是摆在这儿。好的，然后再给到大家的是三张绝美的拉页，这三个拉页都是咱们被抢走的三个绝美的画卷。一个是岛链图，一个是九龙图，还有的就是历代皇帝图，而且还有两张藏出票。并且再给大家把四大博物馆里面的这个卢浮宫博物馆的珍品馆藏给大家精华的部分收录进来了，三八十多页，39个艺术品都在这里面了。所以说不论是这个帆布包还是这个小册子，在外面单独买都得是三十多、四十多。咱们今天全部都免费给大家升级到了，没拍到，还有哪些朋友没拍到，还想要的，赶紧扣个一，跟大家讲一下。大家现在的礼物就会都是全部都是足分足量的。如果您再晚个一周，礼物肯定会陆续减少。所以今天来带着头一批货，限量一版，一次性刷边，再带着500，再带着四大份礼物的海外国宝全书，条码价是998块钱。今天这个全书系列前四个链接都是我们一直都会给大家保价开出来三七折的折扣。而这套书里面是全彩印刷，再带着印刷边再带着700个文物都在这里面了。我们今天三七折到手价369给大家上单。下午好了，朋友们，一号链接来一号链接369给大家上了六单。不论有些朋友没有扣一，还是有没有扣一，咱们给大家上的这个六单，大家赶紧去拍。因为咱们这套书能拥有的头皮获得110次性的份额就500套。今天已经短短的几十分钟已经是五十多套出去了。所以大家明天来可能就留余不下太多了。您现在拍下来，咱们要啥有啥，全部都要。对，一号链接您刷新一下，直接去拍就能拿到我手上的这套书了。而且来不论是潮湿还是汽车人，跟大家讲一下，您现在下单单还能拿到啥？咱们重要的四份礼物，这四份礼物只有头一批货下单的朋友们都能享受到。而且还有大家现在下单之后，咱们能拿到的是31号发货的一个权益。因为这套书我们抢来的是什么呢？三网的这个头一批货，他还在外面没有陆续铺货，只有咱们这儿可以说是给大家七月份能发货了。如果在其他地方，你得等到8月份就更晚了。所以说不如现在下单，咱礼物又多加价格也好，而且还可以更早的拿到手上。来，刚才下单拍到了的朋友们跟我说一声，拍到了好吗？咱们再给大家申请一个这样的一个瓦楞纸的包装。这个瓦楞纸是更耐磕碰的，所以保证大家这套书没有丝毫的磕碰送到你的手上,《海外国宝全书》
如果你要把这个书当成礼物送给家里的朋友亲戚，咱这个书盒也是很好看的，对不对？来跟大家再说一下这套书，不光是我说了它里面的国宝700件，然后有1800幅图，非常的绝美。咱们整个这套书的品质也是很高级的，一个奢侈品级的水准。因为它首先里面的纸张是160克的特种艺术纸，非常的厚实。这种艺术纸专门就是为了给大家还原这个国宝的色彩、纹理、图样的。而且它用到的是一个涂布的工艺。涂布的工艺就能让这个国宝它的这个不雅不反光的哑光的质感呈现进来，而且咱们的字号也变大了一些些，让大家真正感受到了什么呢？舒适阅读，舒适阅读，而且咱们是一个坊级的双重所限，直接让大家可以拿180度平摊开来阅读。而且因为是双重的所限，所以不论这个书您怎么翻阅，咱们都是更不会轻易的散架，非常的结。是的，来跟大家说一下来一号链接刚刚给大家上了几单之后，还有最后的两单。想要拿到我手上同款的国宝全书的朋友们赶紧刷新一下，可以直接去拍了。还没说完为什么我一定要跟大家强调现在拍，而且要在我们直播间拍？我要好好的跟大家解释一个理由，对不对？这套书首先我们直播间抢来的是三网头一批货的库存，您在山东书展线下看不到，您在其他店铺也看不到，只有我们这里有。而且我们因为是头一批货，我们发货的时间要比其他地方。早一周甚至两周，等他陆续铺货之后，那得八月份了。所以大家如果今天想要拿到头一批货，限量刷边一版一次印的国宝全书，而且拿到的还是有四大份礼物，一个都不少，是破价稻谷底价我有资格保价的一套书的话，咱们今天条码价998块钱，111限量刷边到手价三七折，带着礼物369，右下角给大家再补几单。大家好们，一号链接来一号链接大家刷新一下，我们直接把为了这个山东书展，我们直接真的是下血本了。非常用心的给大家把这样一套新书的一个首某发的新书带到直播间。要知道限量刷边110亿的书，基本是贴着条码价去卖的。就算您做书展做活动都是五折，但是咱们今天这套书刚刚新出，我们就不能给大家弹来一个三七折左右的折扣，让大家直接按着接近成本价的一个水准，把这套书拿到手上了。来，一号链接刚刚给大家上了四单，大家刷新一下，可以直接去拍了。而且跟大家再说一下，您现在下单拍到的是31号，尽快发货，早于其他地方两周的一个发货速度,《海外国宝全书》
而且您现在拍下来的，能拿到咱们两张藏书票，这样一个卢浮宫的馆藏精粹集，还有这样的一个咱们的一个松鹤延年的帆布包，还能给大家再安排一个瓦楞纸包装盒，保证这套书没有丝毫的磕碰送到您的手上。如果您带着家里，想给家里的朋友啊或者长辈送这套书的，咱们带着书盒也是非常精美，送人也是很有面子的。而且这套书来给大家看一下，这套书我们全书系列的第四本1到4号链接全部都是。他从三月份卖到现在，我们都是新书直接破到37折，一个369的价格，所以我们今天是有有资格给大家保价的，而且咱们今天不光是保价，我们一步到位让大家拿到首发阶段才能拥有的好看的刷边和4份礼物。如果您正好最近放暑假了，带着孩子想买一套不枯燥又有趣，而且能了解咱们中国文化历史以及各方面审美的一套书，您看到它就没有问题了。而且成年人看到它拓展你认知的边界和审美认知，然后以后和别人沟通交流也更有弹，也更有见地。所以这套书是海外国宝全书。如果有刚来直播间的朋友们不了解这本书的，主播再给大家翻一翻书好不好，然后跟大家讲一下，其实这本书是全书系列的第四本原团队直接筹备了4到5年，跑了12个国家，12个博物馆，才把这700件被抢走的海外遗珍给大家带来了。而且跟大家讲一下，这套书其实是太贵了，是吗？落月，您说的是哪本书？是我这本书吗？其实这本书条码价是998，咱们已经给大家开到，是我们能谈来的一个谷底价格了。来这套书，如果大家想看中国的国宝，想要了解国宝的类型，它的前世今生的话，其实你想看国外的国保是很不容易的。首先签证、机票，这个机酒钱都是要解决的。而咱们这套书直接让大家足不出户，省去这么多成本，这么多花费，把这样的700件重要的海外国宝都给大家收录进来了。而且按照18个主题类型，什么青铜器、漆器、玉器、珐琅、陶瓷、陶瓷、书法、绘画都在这里面，让大家在家里想怎么看就怎么看。而且跟大家说一下，这套书是直接是不输于您线下在博物馆看到实物的那种感觉得。因为就算您站在一个博物馆的文物面前，可能有的受到一些光源灯光的影响，或者是现场人太多了，你没办法细细欣赏。而这套书给大家从极好的光源角度，用视网膜级的实拍图给大家还原进来了。还原进来之后，你想看多久就看多久，而且它是经过了27轮校色的一个黑科技，直接是碾压了同类画册2到5倍的一个水准。让大家看到的是仿佛这个国宝刚刚制作出来的那种感觉，没有破损的那种感觉,《海外国宝全书》
而且咱们这套书里面不光是有国宝，不光是色彩还原好，它是有23万字的一个讲解的。这个讲解的字数是同类书的三倍左右的一个数量，真正让大家从视觉上360度赏国宝，从内容上360度解析感受了解国宝。因为这个国宝的规格、大小、前世今生，收藏在哪个博物馆，它的整个的经历史记忆都能给大家介绍进来。而且来今天这样一个限量110丝印，带着三面刷边的海外国宝全书，和二号链接中国国宝全书，也就只有五个国宝是重合的，它是专门讲海外的。而且这个三面刷边刷的是水月观音，像在美国博物馆的它背景的一个壁画。这个壁画来自于咱们中国山西的广胜寺，是元代的一个珍贵壁画。所以来今天咱们这套书是新书首发，来到我们直播间的条码价是998块钱。全书系列在我们直播间一直都是这个条码价，而且我们直播间也会保价，一直给大家开出来一个新书377折的折扣，并且再带着丰富的礼物，在首发阶段才能有这些礼物。来一号链接到手价369，给大家先上五单是好特卖。你来一号链接到手价369，你能拿到的是同一批发货的库存，你能拿到的是前五百单才能拥有的限量刷边的海外国宝全书。如果这500套咱们今天明天卖的非常快，卖空了的话，您再想买的话，就不是一个刷边的版本了，就是白边儿的版本了。所以所有想要感受到咱们中国文婺文化的精华精粹的朋友们，想要弥补遗憾，看到700件海外遗珍的部分，咱们今天一号链接右下角已经给您开好了。我手上这一套书就在一号链接里，而且您现在拍下来的。对，是的，有书之美又出新品了。咱们这套书如果您现在拍下来，咱们的四份礼物是在新书首发阶段是一样都不少的。越到后面礼物会陆续减少，这是真的。来给大家介绍一下咱们的礼物。好，首先您现在拍下来的，能拿到一个巴黎卢浮宫的一个珍品集萃，这个集粹是一个非卖品，你看后面都没有条码的。这个是我们直播间专门给大家带来的一份礼物，而且这里面有39份咱们中国的，咱们法国的海外法国的一些珍品，而且还有这些相关艺术品的介绍。如果你要单独买，都得是三十多的价格，咱们今天免费给，谢谢师傅的支持。来所有刚才下单的朋友们，赶紧拍到了，跟主播说一声，咱们才能给大家安排上备注上礼物，对不对？而且再给大家带来的是一个限量的，只有头一批货才能拥有的这个帆布包。这个帆布包是非常珍贵的故宫纹样。这个故宫纹样是叫做松鹤延年，非常的贵气，非常的精美,《海外国宝全书》
大家想要的话，头一批货现在下单，还有等到头一批货卖空了，后面首先消失的就是这个帆布包。再给到大家的是三张绝美的拉页。这三个拉页，三张拉页有九龙图，有这个岛链图，有历代皇帝图，竟然这么多绝美的画卷都是被抢到国外的。咱们是的，咱们三张拉页给到大家了。所以现在369您享受到的是带着刷边带着一版，一次性带着4份礼物的海外国宝全书。对，就像落叶说的，您就不用再去国外看了。因为你在国外看，就算有钱有闲，你也很难把这700个文物都看到，而且来今天跟大家再统一说一下。刚才拍到手的朋友们，你们的发货时间是300，发货时间是咱们这个月的31号，已经是三网头一批货的一个发货速度了。因为他在外面没有陆续铺货，等到真的铺货也得是两周后。所以咱们现在下单什么都能享受的，价格也优惠也都在，而且咱还可以更早的收到手上。来跟大家再说一下，您现在拍下来的朋友们还能享受的是我们再给大家升级一个瓦楞纸的包装。这个瓦楞纸专门防止暴力快递的，让大家以防止这套术语有丝毫的磕碰，就可以更好的送到你的手上。如果你要是把这套书送人收藏的话，咱这个瓦楞纸的飞机盒也是很精美很好看的。来一号链接，还有最后一单，最后一单了。这套书总共头一批带着刷边线，上一次一版一次性的版本就500套。我刚刚上播就播了1个小时就五十多套出去了，我们今天还要播7个小时，你感受一下是不是？是大概率今天下播或者明天再播，前2个小时就没有了。所以一号链接大家一定要可以趁着现在有货、有礼物、有价格赶紧去拍。谢谢一美时光的支持。所以现在一号链接还有最后一。来有刚来直播间的朋友们吗？如果刚来直播间不了解我讲的是啥书，不了解这本书具体的内容的，大家赶紧扣个2，我可以给大家好好翻一翻。而且这套书不光是价格好，不光是它内容贼好。它其实它的纸张、装针、设计、工艺都太棒了。因为它里面的纸张是160克的一种艺术的特种纸。这种纸张就是为了还原的咱们文物的颜色、纹理而生的。来这个臂力千刃，条码价是998。咱们刚才拍空了，我给大家介简单介绍完之后，再给大家马上补单，想要的赶紧扣个一，想要讲解的赶紧扣个2，我根据情况给大家人性化的安排一下，好吧？他们咱们有需求直接说，报号了。是的，咱们这个内纹纸160克，而且咱们用到的是一种涂布的工艺，保证这个纸张不假滑不反光。即使是我们直播间两个大照灯，你能感受到的是这种颜色极美的呈现在了这个纸张上,《海外国宝全书》
而且这个字号比国宝全书大了一丢丢，做到的是真正的大字书，是阅读了。而且它是一个方极所限，双重的方极所限。不论你怎么翻不容易散架更结实，而且可以180度平摊来。刚才想让我赶紧上单的朋友们注意了，这套书条码价998，而且咱们是头一批货，限量刷边一版一次印的库存，并且是608亿，有700件海外的国宝，这是你很难看到的，也很难看全的。咱们今天带着礼物新书37折，为了江苏书展放福利，咱们一号链接到手价369，给大家再上五单。上好一号链接，来一号链接给所有想要的朋友们，我们先上五单，然后大家不了解这本书的，跟随我的脚步，咱们再从头翻一翻好不好？来这套书的是这个全书系列的第四本，也是咱们二号链接国宝全书的一个姊妹篇。但是大家放心，国宝全书和这套书只有五个文物是重合的。一个是集中于国内，一个集中于国外，那还是不一样的买走。对，尤其是今天他们两本书都是三七折，都有礼物。您可以一二号链接一起。还没说完，这套书首先原团队要跨越12个国家，申请12个博物馆，整整耗费了四年。整个的路程加起来都是12万公里，连起来要绕地球6圈的。所以说咱们能看到这700件海外抢走的国宝，而且在1800幅高清的这样的还原的图，在这套书上真的是很不容易的。咱普通或者想要去人生地不熟的国外看个文物，看看国宝，你首先签证、机票、酒店，整个流程很麻烦，所以这套书就是为大家突破时间和空间的限制，足不出户在家里就能看全咱们的国宝内容了。而且就算您真的去线下博物馆看到实物了，有时候您的欣赏体验也不是很好，为什么呢？可能那个光源的原因，时间的原因，还现场人太多的各方面的因素，导致大家没有办法很好的欣赏那个国宝。国宝绝美的角度，你也没办法在这个国宝面前细细的观赏，对不对？而咱们这套书给大家用视网膜11的1个实拍照片，把国宝在极美的光线下，极好的角度下拍摄出来的图片还原在这个上面了。而且为了更好的还原咱们国宝的图案、颜色、纹理，做到的是七轮金校色的一个水准。27轮金校色是什么水平呢？就是碾压市面上99%的画册的平。因为市面上去年我讲解的画册还是十轮叫色，咱们今年27轮酵色是它的2.5倍2.7倍了。所以说这个直接让大家用肉眼看到的是国宝的震撼的那些纹样了，而且大家仿佛真的是站在国宝面前欣赏的。他为了让大家看到，还把国宝的放大的细节图都还原进来了,《海外国宝全书》
除此之外，来田书系列还有个特别大的优势，就在于他讲解的文字非常的多，非常的专业，也非常的丰富，市面上的一些讲解文字也就十几万字，咱们这个是23万字，可以说是又是它的好几倍。而且它能够把这个国宝的规的大小，现在收藏在哪个博物馆，它的这个前世今生，经历的这个波折的体这个过程，都能给大家讲解到。而且它的讲解文字，是咱们的这个美术馆馆长，中国博物馆的研究员，还有咱们重要的一些学者给大家授权撰写的，所以讲解的是又有趣又专业又全面的。来，一号链接，还有最后两单，刚刚来咱们直播间的朋友们，如果你想拿到我手上这本书的话，你现在赶到好时候了。因为这套书的条码价是998，而且是608页，呈现了700个海外的国宝一针，而且还是限量100 14印的三面刷边的版本。咱这个三面刷边，刷的是水月观音像，而且是水月观巷背景的一个壁画，是咱们山西广盛世的一个元代壁画。所以说这套书您现在拍下来，不光是三网头一批货，您还能更好的收到手上，更早的收到手上。来一号链接到手价三七折，369，给大家先上五单上好朋友们右下角首发的机制，这是早鸟来的早就是想好价，想好机制。是的，跟大家说就是早起的鸟儿有虫吃，早拍的朋友们福利多。因为这套书您现在拍下来的，咱们是有限量110印的刷边的。这个刷边为了我们的这个济南书展，我们就准备了500套。你看我现在已经卖了六十多套了，也就是说今天明天还有后天，整整三天我们就留下四百多套了。如果您不想拍到一个后面的白边的版本的话，你现在一定要要早于其他人抢先把这套书拿到手，对不对？而且再跟大家讲一下，您现在不光是369的到手价，你现在拍下来咱们四份礼物也是一份都不少的。来给大家看一下咱们现在的这四份礼物，首先有海外的珍贵的中国的国画，三张拉页分别是岛链图，咱们的九龙图，还有历代皇帝图，三张拉页给到大家，而且还会再给到大家一个头一期货才能享受到的我们的一个瑞，咱们叫做松鹤延年的一个限量帆布包。如果您再晚来几天，这个帆布包首先就会消失。但现在拍咱们这个帆布包全部都还是有的，它是一个很结实很好看，而且很贵气的一个帆布包。是的，甚至有人说这个包能不能装书？能装，我试过。而且这个包您要是在景点或者在外面单独拍，都得是三四十。咱们今天免费给大家升级到了，还有这个小别墅是卢浮宫馆藏精粹集。这个精粹集首先是八十多页，里面把卢浮宫的39个艺术品给大家介绍进来了，又有讲解，又有实拍图,《海外国宝全书》
所以说来这个小册子在外面又单独买，也得是三四十。咱们今天又给大家免费升级到这套书里面了。所以所有想要咱们现在四份礼物的，想要现在更早收到手的朋友们，一号链接您右下角刷新一下，可以直接去拍的。而且跟大家再说一下，这套书现在的发货时间是一月，咱们的7月31号，31号已经是三网头一批贼早的一个发货时间了。因为这套书还没有在外面陆续的铺货，如果铺货您等到他铺货也得再等到1周到2周的时间，你不如现在就赶紧下单，右下角刷新之就可以拍了拍完之后我们尽快给大家安排上发货，然后再带着礼物送到你的手上。你是要我就是按这个顺序吗？对，按他那个对，按他那个顺序。简洁好的，重点中间那些，但是全部都删掉。好的，来，今天咱们右下角咱们一号链接已经拍空了，是吗？咱们刚才所有下单的朋友们跟我们说一声，您说一声这个图片真的是现场拍的吗？真的是现场拍的，因为要获得12个重要博物馆的授权和拍摄是很不容易的，所以这套书整整的准备了4到5年的时间。而且这个团队光是光是长途跋涉辗转于不同的国家，就花费就起码花费了四年的时间之外，他还要有12万公里的一个里程，连起来可以说是绕地球6圈了。才能把这套书给大家还原进来。而且咱们是好，咱们七百多个文物都收录在这里了。是的，这么辛苦的去拍摄。没错，一号链接已经拍空了吗？是的，刚才拍空了，还想要的朋友们赶紧扣个一，我介绍，马上给大家上单。对，而且这套书了给大家输入了是七百多个文物，让大家可以足不出户欣赏到的是18个类型的海外遗珍。而且这套书它用的是一个视网膜级的实拍图。有人问真的是实拍图吗？必须得是实拍图，所以从这12个博物馆授权是很不容易的。而且它能够把这个文物的周身细节，还有它重要的一些放大图都在这里面了。直接给大家带来的是一种不输于您线下看到真迹实物的感觉，并且给大家做到是27轮金校色。每个27轮金校色都能把它的一些颜色、色彩、纹理极其真实的还原在这个画册里。而且这套书还有23万字的一个讲解，让大家看到国宝的前世今生、规格大小、收藏在哪个博物馆，还有他当时的工艺、历史、记忆都在这里面。所以来今天限量一版一次性刷边版本的海外国宝全书，咱们条码价是998块钱。新书首发在江苏这个济南舒展,《海外国宝全书》
为什么老说江苏的济南舒展呢？咱们三七折到手价369，给大家上单好货吗？而且咱们这个现在，谢谢小雨的支持，给您会备注好礼物，还有咱们的这个加固包装的，而且这套书您现在拿到手上的是限量一版一次印刷边的版本。咱们为了山东济南书展也就准备了这400套，这500套咱们现在已经卖到就留下四百多套了，所以大家一定要且拍且珍惜，而且要换是吧？行，咱们现在拍下来的还是礼物足分足量的多的。小朋友们，三通一达为您发货，包装到账，不用担心。来，而且咱们这。,《海外国宝全书》
