﻿original,result
誉为中华的画龙头艺人。同时今天给您看一下一般的复刻画，懂的朋友都知道他那个采用的材质一般都是宣纸或者卡纸，对不对？对，那么今天咱们的纸张采用的是寸纸寸金的超炫纸，这种纸第一个它不会发黄，不会褪色，而且它还不会褶皱。同时今天大家可以看一下下边超卷才有的这个金色的防伪线，全部都有。今天再给大家打开看一下，好不好？为什么当年成龙被誉为画龙头一人？因为他绘制的龙不用任何的解析以及讲解，就能够看到每一条龙的一个神态，包括能够看到他所思所想是什么，全都能够看得到。第一条龙趴伏于巨石之上翘首以待，他在看着他的右方，右方有什么给您看一下，右方有第二条龙，它们两条龙都在往同一个方向往那边飞。大家可以看一下第二条龙呈现出来的好像融融入云雾之间一样。为什么说画龙不点睛？大家可以看到点了睛那个龙就好像活过来一样。同时再给大家看一下第三条龙是什么样子，正好是一个正面的大特写，趴伏于巨石之上，爪抓巨石，但是目光还是看着他的右方，右方还有什么？再继续给大家往这边走，好不好？水源相融的地方，大家可以看到第四条龙爪爪抓夜明珠，而且龙都喜欢的龙珠抓在手里，而且用力好像要捏碎一样的一个感受。但是您看到他的目光还在往这边看，五龙、六龙因为在搏斗，然后七龙、八龙、九龙全部都在这个方向，您拍回去可以慢慢欣赏好吗？同时今天给大家看一下，刚刚说震撼到大家的变魔树的部分来了。朋友们听好，只有在影视剧包括小说之中才能够看得到的。一般那个叫什么无字天书，经过水浸润之后才能够看到另一番景象，对不对？那么今天咱们一轴两话给您呈现出来的，来默数三个数好不好？让您看到这幅画的真面目。大家可以看到整幅图，它叫做万福九龙图。整个的万福它是各个朝代的万福，全部给大家呈现出来。整个卷轴是10米的长卷，像这样的福字足足有上万个福字之多。而且是第一个，它是超卷纸特有的这种的一个防伪的技术。同时第二个万福加九龙，它的寓意也是非常好的。同时今天10米长卷全部给大家做到的这样一个万福九龙图的防伪技术。华龙眼上包括龙珠上，包括云雾间，全部都是福字。那么今天再给大家看一下咱们所有的授权好不好听。好，咱们这套画作所有的授权全部都是关某方的一个授权。给大家看一下，足够权威所有权某位。因为咱是中国国家博物馆的馆员研究管员齐吉祥先生给大家做的品鉴证书，外加万福九龙图的限量收藏证书，外加中国文物协会仿复制专业委员会的监制证书，全部都有,「废话」
而且超卷纸特有的就是这种纸，它不能乱发行，您知道吗？那市场乱套了，超卷纸特有的发行证书直接给到大家，而且听好，咱们这幅图是1244年甲辰龙年所绘制。那么今天这今年也是2024年甲辰龙年，相隔780年的历史。下次再见到这幅图是60年之后。那么今天听好咱们是龙年限量发行，全球3999套，发行价格2980块钱。但是今天的价格相当震撼了，都用震撼这个词儿了。给您看一下外边的价格是卖到1990的一个价格，然后还有2080的一个价格。但是今天咱们真是诚意拉满了，利润没有听好咱们的底价给到大家，把二跟一抹掉。980块钱的价格带礼盒，复古的仿复制皮面礼盒，带所有的收藏证书。而且今天所有拍下的朋友安排顺丰发货好不好？一号链接准备三单出来，一号链接三单加库存，一号链接，三单给大家加好了，一号链接给您加好了，可以直接去拍。同时咱们应该现场只剩下不到15套的一个库存了。对，这十五套一旦拍空之后，咱们直播间没有库存了。您放心，一两千的价格咱卖不了，因为没有库存。同时您如果再想拍的话，只能到外边其他地方花到1990那个价格，或者是2080的价格才能再拍到。但是今天咱给您安排顺丰发货，而且礼盒包括画，包括所有的证书全部都有的限量3999套的这样一个九龙图，直接980的价格就能够带走。但是咱们只剩下不到15套的一个库存了，喜欢的朋友一定现在先去占一单，同时再给大家看一下刚刚这个小夜光灯，咱不用朋友们买了好吧？今天刚我看到那个已重置，这个哥哥拍了左上角，您给咱点关注呗，感谢支持。方便的话加个粉丝团灯牌，感谢。今天咱这灯现在还有几个库存灯，应该是还有个。对，还有个三个三是吧？还有，行，现在拍都有。那先给已重置大哥安排一个，好吧，感谢支持，感谢支持。然后今天所有拍下的朋友卷轴，包括灯全给到大家。而且这个复古的皮盒，第一个您自己收藏有个收纳盒。第二个您送朋友的话相当有面子了，因为它上面印的纹样叫做三交六椀，内涵天地，寓意八方。这种纹样在古代只有皇家建筑尖尖建筑才能够使用。今天直接给您做到皮革上面的一个纹路的装帧，同时再打开看一下咱们这个腹部的皮革做到的是这个缎面的一个暗纹。对，暗纹的一个缎面的一个设计，同时再打开里边是绒面的一个包装的风格。对，同时今天给到大家的是所有的证书全部都有。第一个您自己收藏没问题，但是装裱实在是装裱不起来太长了,「废话」
10米长的长卷，将近三层楼的一个高度，除非您家有大耗子，像这41级的这个大哥，对不对？同时今天这幅画第二给您送朋友的话，比您去送烟酒的话要合适的多，对不对？一号链接还剩最后一单，右下角您送烟酒，他可能会抽完、会喝完，会消耗完。但是这幅九龙图摆在家里十年、20年、30年，再看还是那个样子，还是当年的样子，再想还是当年送礼物的那个人，对不对？全部都是能够感受到一份心意的。同时这幅图您可以送给龙年生人的朋友，包括龙年生肖的24年的一二年、00年、88年、76年、64年、52年，尤其这幅图是1244年的甲辰龙年所绘制。那么今天您买到也是跨越780年的一份礼物，去送送朋友、送领导或者是送家人的非常走心的一份礼物了。一号链接还剩最后一单库存，那问一下大家，如果大家没有疑问的话，我过了。因为下一次讲解估计是在1个小时之后了。没错，还有没有朋友关于九龙图有任何的疑问，现在可以打在评论区。然后如果没有疑问，咱可能就要过掉了。咱们给您做顺丰发货，而且咱们那个手提盒礼盒全部都是给到大家的，好吧。礼盒外边还有一个牛皮纸的手提盒，全部都是有的。一号链接我看大家没啥问题，就给大家先过了，好吧，感谢支持。对，然后再展示的话可能就是1个小时之后了。对，好的，来所有刚刚新进直播间的朋友，尤其是拍了万福小龙头的朋友，这故宫您一定得看看。您知道咱说是1244年甲辰龙年，距今是1 780年的历史。但是咱们这个故宫紫禁城100年距今也是从故宫博物院建成90周年纪念书十二开大开本，到今天为止也是将近十年的一个出版时间。但是再版印刷高达23次，而且大畅销了几十万册的一本书籍。十二开的纪念书，你要知道这本书真正你在哪里，厉害在哪里。咱给您做到的是您花60块钱去故宫买门票，进去了只能看70%的区域。另外30%的禁区是您花大几百块钱请导游根本看不到的。因为不管是外围还是内部全部看不到。因为这本书籍里边那个那个地方它的历史价值、文物价值太高了。但这本书全部给大家绘制出来，甚至是让您感受到好像是开启了上帝视角一样的一个感受。让您看到，因为它是俯瞰图，包括透视图，让您看到一般讲故宫的书籍，故宫历史的一百多年前、二百多年前都是图片加文字的形式给您呈现，没有直观的代入感,故宫博物院建成90周年纪念书
但是今天这本书让您直观的看到一百多年前在储秀宫，慈禧跟光绪他们在储秀宫的时候，当时的装修风格是什么样子的，包括溥仪和婉容所在储秀宫装修风格，钢琴、西餐桌全部都能看到，包括宫女、太监、侍卫在哪儿。咱们做到的是一比一的复刻还原。你要知道当年什么样子，这本书里绘制的就是什么样子，不会有任何的偏差。因为这本书籍的出版社叫做故宫出版社，其他的出版社所有人看不到的一手细节，它全部都能够看得到。而且再给大家看重点来了，像这样的大场面，这只是第一个，这边还有两个更大的场面。第一个就是当年光绪皇帝花了550万两白银举办了一个大事儿，当年就是光绪皇帝的大婚，在紫禁城整整花了一百多天的时间，花了550万两白银走了哪些流程？同时第三个场景来了，朋友们万国来朝大家都听说过没见过。但是今天当年在紫禁城是什么样的场面，直接给大家绘制出来。英国人、荷兰人，东欧的不是东亚的，南亚的、东南亚的，全部都是带着奇珍异兽来上供，是什么样子？让您看到包括那30%不对外开放的区域，叫做养心殿，也被誉为故宫之中真正的故宫。给您呈现出来二号链接讲解，刚刚讲解完，哈刚讲解完，您稍等给您讲好吧，感谢支持。同时给大家呈现出来的养心殿的内部构造俯瞰图，全部都有透视图，而且甚至大家可以看到当年慈禧太后垂帘听政不是在大殿，而是在养心殿的这个小隔间里面，同时雍正皇帝、光绪全部能看到，包括三西藤御膳房都是养心殿的一部分。而且全书所有的图不是电脑合成，不是手，不是AI合成，而是手绘图呈现的。同时还有明清时代所有帝王的帝王传记，包括传奇故事，全部拿漫画加文字形式呈现出来，而且还有所有的内容，318页的一个页码，十二开的一个大开本，包括雕历史艺术、历史建筑、文物的，全部都有给您呈现出来。而且今天咱们独家给到大家的机制，听好，就是您去其他地方全部拿不到，只有线下去到紫禁城买60块钱门，要进去才能拿到的就是55枚手工盖章的版本，不是印刷的。听好，手工盖章的版本就是您去线下御花园，您看一下这排队。排队这么长时间排队这么长时间，只能盖15枚章。今天咱们是55枚全章的版本，而且是官方授权章给大家呈现出来的。想要的朋友可以打一个小一好吗？一会儿给大家精准加单，想要的朋友把小一打出来给大家看一下,故宫博物院建成90周年纪念书
包括太和殿、中和殿、保和殿印章、角楼印章，包括故宫博物院印章，包括渐变色克斯章，包括再给大家看一下烫金辊囵张、银联张、大殿的银联张，包括再给大家看到的是铜鎏金狮子张5脊6兽章包我1933年头版故宫日历章，加起来一共五没头版故宫日历章，而且还有咱们因为跟故宫出版社合作也几年的时间了，今天特殊费很大劲给大家争取来的只有线下才有的烫金钢印龙纹章。刚刚多少位朋友打一？四位朋友，四位朋友打一把4枚钢印烫金龙纹章准备出来好不好？好听好，如果是今天其他朋友想要的话，一定是把小一打出来。因为咱们不知道这个烫金的文章还有多少，咱给你看一下能不能满足到您，好不好？给大家打开看一下，整个十2开的一个大开本，后边还有印章55枚，印章齐全的，而且还带烫金钢印龙纹章。就是只有到线下才能够买得到的一号链接，最后3秒钟的时间直接结单好吗？来321，好，六位朋友。七个朋友扒个朋友好吧，那直接是八单带烫金钢印的文章的九单。一号链接，九单直接给大家加库存出来，一号链接给大家加好了。对，跟大家强调一下，今天您拍下的，咱们还是7月28号之前给大家发货的。所有拍下的朋友回来跟咱们说一声，左上角点关注。但是希望大家不要介意，一会儿随时可能改成8月5号或者8月10号进行给大家发货。可能你后边拍要晚发货个四五天，五六天的时间比这一批发货。那希望大家理解，因为咱每一本书籍的盖章时间需要花个20分钟左右。咱现在已经售了9300多套了，对吧？您可以看一下咱们的好评率，今天咱们能够保证大家的还是七月份全部都能够给大家发出的那后边再来拍的，抱歉保证不了。感谢6525这位大哥，同时一键洗给大家给他安排一个塑料包装，再加纸盒包装，再加泡沫包装，好吧，全部给大家安排好。同时今天所有刚进直播间的朋友都建议您现在看到一号链接还在闪，先去占一单，因为他随时有可能改成8月5号或者是8月10号发货，但是咱早拍早给您安排发货，同时今天给大家看一下帮您省了多少钱，裸书不带盖章版本，去故宫买196单本同时在家门票钱需要花256同时如果您想盖章没问题，排队时间2个小时，到御花园门口排队2小时只能盖15枚章今天咱们55枚印章的版本不用您排队，196直接到手。而且今天给大家看一下这本书籍，光裸书不带盖章的版本在豆瓣某瓣评分高达多少分。朋友们满分十分，9点5分，高分八百多人打出，而且三千多人想读，内容质量完全过关,故宫博物院建成90周年纪念书
而且刚刚所有拍下的朋友左上角点关注好吧？今天咱们有任何问题，故宫的老师直接给您解决，因为咱是紫禁城，直接给您发货。而且每一本书咱们的印刷全部都过关，雅昌印厂印制，而且每一张不是印刷的章，全部都是手工盖的。10直接拍空了，有没有？没拍到的朋友可以跟咱们说一声，没拍到的朋友说一声，然后咱们看一下精准给您加单。如果大家都拍到了，咱可能就要跟大家再讲一轮咱们里边的内容，包括印章了。那一会儿可能要再给大家单。那所有刚有没拍到的朋友，一定是打出没拍到或者打小一都可以的。是的，您觉得没拍到不好打，您就扣个一对，您觉得没拍到不好打就扣个一，感谢支持。同时左上角点关注，有任何问题直接都能够找到咱们客服，好吧。一号链接刚刚多少位朋友只有3秒钟时间截单，再补一波库存好吧？来3321。好，那就是刚刚那四位朋友是吧？有有延迟是吧？对，抱歉，有延迟。我看到又有五位六位，你看对，六位是吧？咱今天是带那个烫金的龙纹章的钢印章的一个版本。但是今天章不多，紧着粉丝先来好吧。一号链接七位朋友直接准备7单带钢印龙纹章的，而写着55枚手工章的，一号链接加库存出来，一号链接加好了，现在拍咱们七月份发货。没错，都能发货。而且雅昌印厂印制咱们官旗给您做发货，七月份发货。但是下一批您再来拍的话，抱歉改到8月5号或者8月10号再给您安排发货了，后边会相差个5天到6天的一个时间，您耐心等待一下。咱是为了给您把每一个章盖好，然后手工盖章，需要一定的时间，希望您理解。但现在拍下的还是7月28号之前就能发货了，所以建议大家先去占一单库存。同时大家可以看到里面每一个章，但凡是您觉得盖的特别花，或者是特别不符合您心意，您随时联系咱们的客服老师好吧。因为咱故宫老师服务之间拉满的同时，今天给您所有拍下朋友回来说一声，给您做到是一个塑料膜包装，再加纸壳包装，再加泡沫袋包装，全部给大家防护好，再给大家发货，感谢大家支持。那么今天有没有刚进直播间的朋友，可以想听张的或者想听内容的，可以打一个小二，然后小佳可以给您讲一号链接，刚给大家只剩最后一单了，刚加了五单，喜欢的朋友可以先去拍。同时今天再给大家看一下里边，因为这本书张纸，咱们的一个小小的附加价值，真正牛的地方我看到了这个暗的这位朋友是不是直接给他讲一下，包括章的内容，包括里边的内容，一对一给您讲解。您好，咱一般去那个，老爱吃，我也看到你了,故宫博物院建成90周年纪念书
咱们这两位朋友直接给您讲一下，一般去故宫，咱现在去的话，进门买门票要花60块钱的一个价格。但今天咱们去到故宫里面只能看到70%的一个内容。我看有朋友问盖章不是歪的话，您放心好吧。咱五十5枚章，第一个手工盖章，那么手工盖章可能会极小的一个几率盖的特别特特别歪。一般故宫都是老师傅手相当稳了。您放心，即便盖的特别歪，您接受不了。左上角点关注，直接找咱们老师帮您联系，好吧，直接帮您安排。好，同时今天跟您讲一下书的内容。咱现在花60块钱去故宫，只能看70%的区域，有30%是禁区，不对外开放。为什么禁区？就是那个理由很简单，因为它历史价值、文物价值太高了，咱外围都看不到，更别说里边了。但这本书因为它是故宫博物院建成90周年纪念书，十二开的开本，所有的内容就好像开了上帝视角一样，让您俯瞰甚至透视，让您看到所有的区域，因此它叫做紫禁城。一百就是100个细节，它全部都能够看得到，而且重点是什么？听好，咱现在去故宫看不到慈禧跟光绪还在的时候的装修风格，对不对？但这本书就好像让你坐上时光装机一样，看到一百多年前、两百多年前内部的装修风格。一比一给您还原出来给大家看一下，就是一比一还原当年的装修是什么样子的这本书就是什么样子的。给大家看一下当年词坐在哪里，旭坐在哪里，宫女太监侍卫装修的画是什么样子的。包括溥仪、婉容侍卫，包括宫女太监、钢琴、西餐桌全部看到。为什么小贾敢说一比一还原？因为他是看这儿故宫出版社进行出版，所有的一手资料他全部能拿到。而且还有重点两个细节直接震撼您一下，好不好？给大家看一下，当年咱几百万两白银花出去550万两白银不是赔款，而是在故宫举办了一个非常盛大的仪式，上万人参加，举办一百多天，是光绪皇帝的大婚的名场面，直接让您看到所有的流程，包括还能看到万国来朝，现在根本看不到，当年英国人、法国人，像东亚、南亚、东南亚的都得带着礼物来来故宫上供，当年是什么样的场面，乾隆皇帝怎么招待他，他们的全部看到，包括还有那30%不对外开放的区域，给大家看一下，今天直接让您看到，它叫做养心殿，当年溥仪签退书，包括慈禧垂帘听政，不是在大殿，而是在养心殿，就是在这个位置，全部给大家图文结合的呈现出来。包括当年的，看到没有，就上帝视角直接开启，而且当年的光绪正中间坐的是雍正，全部让大家看到，而且当年三溪堂御膳房全部都是养心殿的一部分，因此它被誉为故宫之中真正的故宫，故宫之中的小皇宫,故宫博物院建成90周年纪念书
同时再让大家看到是所有的画作都是手绘图，包括明清时代所有帝王的帝王传记，传奇故事全部都有，而且全书加起来318页，包括雕塑的、建筑的、文物的、历史的、艺术的、宗教的、礼仪的，全部让大家看得到，而且今天咱们直播间特殊的独家的机制，叫做55枚手工盖章的版本。现在想要的朋友可以把小一飘在评论区，好不好？小贾给您讲解完印章，精准给大家加单看一下。一般您去线下御花园排队2小时只能盖15枚章，但今天咱们给您盖了官方授权的55枚章，全部盖在上面，包括哪些章？故宫博物院纪念建成99周年的纪念章，线上的独家的特公章，全部都是故宫官方授权。三大殿印章，太和殿、中和殿、保和殿，包括故宫博物院印章，包括渐变色的彩章，还有烫金滚轮章、银联章，大殿的银联给您做成章，同时还有五脊六兽章、铜鎏金狮子张。这个重要了，朋友们直接给您看一下。1933年的头版故宫日历印章不是给您一枚，而是直接五没给您呈现出来。而且刚刚多少位朋友打一统计一下，三位朋友打一是吧？那希望大家真的配合一下想要的朋友，因为咱们还会给到大家，这个只有线下才能够配给您的烫金钢印龙纹章。如果只有三位朋友打一，咱只能准备3枚章出来了。要知道这个章只有线下才有，是因为咱们跟故宫合作了很长时间了，中信才争取来的，费了很大力气才争取来这个烫金的钢印龙纹章。今天如果您想要这个章的话，想要这个手工盖章的版本的话，一定把小一飘起来，然后咱们精准给大家补单，好不好？那最后3秒钟时间，3秒钟一过，如果就三个，咱就准备三单带金色龙纹章的了，好不好用？来位三六位了，七位二位了。对，十二开的开本。咱是紫禁城给您发货的，您可以放心。同时所有的画全部都是手绘图，一直接到了，好吧？今天十单烫金龙纹章的一个版本，一号链接七月底之前发货的手工盖章版，直接给大家加固存出来。一号链接十单。对，同时今天跟大家强调一下，左上角一定点关注，然后回来跟咱们说一声好不好。今天咱们这个章全部都是能够给到大家的，而且是烫金的金色龙纹章。同时今天所有担心各方面的快递问题的，想早收到货的朋友们，一定现在去拍。你要知道如果是您一会儿再来拍的话，很有可能咱们随时改库存时间会改到8月5号，8月10号给您发货。希望大家理解，因为咱们每一个章都是手工盖章的一个版本，很有可能往后推，往后延迟。所以建议大家现在看到还是七月份发货的，一定现在先去占一单,故宫博物院建成90周年纪念书
同时今天您可以看一下，咱已售9000三四百套出去了，您可以看一下好评率96%点多还是97点多，非常多好评率。而有任何问题随时都会联系到咱们故宫老师，给您当客服。所有拍下的我看到了崔志东这位大哥拍了直接给他做一个塑料包装，再加纸壳板儿包装，再加泡沫袋儿包装，好吧，四层防护八角尖尖全部给您安排好。同时今天这套书籍是您去故宫帮您便宜多少钱，直接给您看一下。您去故宫的话，买这个书，裸书不带印章的版本，196的一个条码价，同时门票加起来要60，所以买不带盖章的版本就要花256了。那么您想盖章没问题，排队要2小时时间。哪个排队时间去御花园门口？但是只能盖15枚章，而且还要提前七天预约满票，怎么有72枚章呢？咱72枚章的两种情况，第一个是有老章，然后第二个它是有私人刻的一些章。他没有官方的故宫的授权的，咱们直播间发货是直接故宫出版社给您发货，您不用有任何的顾虑的，好吧？同时今天所有刚刚拍下的朋友，您放心，咱那个包装各方面都不用有顾虑。而且这套书籍您可以看一下，外边9点5分的一个高分，满分十分。而且大家可以看这里八百多人打出了9点5分，而且是三千多人想多。所以建议大家您无论是喜欢内容的，还是喜欢印章的，这个版本都能够满足到您。尤其是现在故宫人山人海，就是非常多的人在排队，而且这不是旺季的时候。同时您可以看看这打着大太阳伞，人挤人的，根本就是非常热，打太阳伞都不管用。所以今天您可以把这个排回去，就不用排队了。我看没有没拍到的朋友是吧？一直卷卷没拍到，这样还有没有没拍到的朋友？刚刚十单上了之后，确实拍的比较快。桃子也给您做那个包装，您放心。书里也没拍到，还有没有其他朋友没拍到？最后3秒钟时间再统计一下没拍到的朋友，然后直接给大家再加一波好吧。对，没拍到的一定打一个小一好吧？来32，对，咱这个书籍十二开的一个开本，而且印刷是雅昌印厂给您印制的。一，那直接是给大家准备三单出来好吧。刚刚是三五分没拍到，直接给您再补三是四位，我看又又有弹的是吧？四位直接给大家加四单出来，好吧，一号链接四单直接给您补出来。我是建议大家，您现在看到咱们还是七月份发货，真的是喜欢这本书的。当然是您先去占一单，但是之后咱们随时可能会改成8月5号或者是8月10号发货,故宫博物院建成90周年纪念书
您晚一晚两分钟或者是十分钟再去拍，可能晚发货就要四五天5六天，所以建议您想要早一点收到的，一定是现在去拍链接，还剩最后一单，喜欢的朋友一定要现在先去占一单，好不好？现在有没有刚进直播间的朋友，想听印章的，想听内容的，您打一个小二小贾从头再给大家讲一遍好不好？因为这个印章它只是咱们今天的一个小小的附加的这样一个小的福利，就是让大家不用来故宫也能够买到这个盖章的版本，手工盖章的版本。但其实真正厉害的地方是在这本书籍的内容。我看到了神秘纸蝴蝶，给它做一个四层的防护，好吧，直接给您安排发货，您放心。我说今天这本书籍内容到底厉害在哪里？咱平时买门票花60块钱，60块钱忘记排着大长队进去了。但其实您看到的只有故宫的70%的内容，因为有30%它真的是历史价值物价值太高了。您花大几百块钱请导游根本没办法带您看到。但是那部分区域也被誉为故宫之中真正的故宫。但今天这本书籍全部让您开启上帝视角的感觉，让您全部看到。直接让大家看一下好不好？让您看到的是不仅仅是现在的故宫，而是一百多年前，二百多年前慈禧跟光绪还在故宫时候的场景。而且听好，每一幅图都是一比一还原给您复刻出来的，就好像坐上时光机一样，穿越时空的感觉。看好仔细朋友们看一下，每一个细节都用笔给大家绘制出来，包括宫女的身上的衣服的纹路，包括正中间坐的是，然后旁边是光绪皇帝，包括花瓶上的纹路，包括当年溥仪和婉容搬进去之后，西餐桌、钢琴、侍卫、宫女在哪儿全部都能够看得到。而且还有就是为什么小贾有底气，它是一比一还原复刻的。因为它的出版社叫做故宫出版，说所有其他地方拿不到一手资料，他全部能拿到。而且还有重点，就是当年花了550万两白银办了一件大事儿。550万两白银不是赔款，而是在故宫里边，光绪皇帝花了三个月的时间举办他人生之中的大婚。上万人参加，什么样的场面，有哪些流程全部让您看到。而且还有5000人选秀，选出妃子，选出50个人都有哪些流程全部让大家看到。而且还有一个非常重要的场面，就是万国来朝，见证当年天朝上国的荣耀。大家可以看到当年英国人、荷兰人、法国人，包括东亚的、南亚的、东南亚的，全部都得带着奇珍异兽来到故宫，来到紫禁城来上供，全部让大家看到。而且还有那30%禁区不对外开放的区域，让您在现在就看到好吧。因为这个地方它历史价值、文物价值太重了，所以一直不对外开放,故宫博物院建成90周年纪念书
它叫做养心殿，当年专门收字画的三西堂跟御膳房都是她的一部分，包括当年溥仪签退位诏书是在这儿，慈禧垂帘听政也是在这儿。全部拿透视图，好像开启上帝视角一样，让大家全部看到。同时今天我看有朋友想要着急了，没库存了是吧？来听好，今天咱们还能够给到大家的一个机制，就是全书318页，所有图都是手绘图，包括清代的、明代的帝王传记、传奇故事、雕塑建筑、历史艺术全部都能看到。而且还有咱们独家的，咱们直播间才有的带手工印章的一个版本。大家可以看到这些印章是您到线下故宫博物院御花园排队2小时只能盖15枚的章。咱们今天直接给到大家55枚印章，而且全部不是印刷发的，都是手工盖章。那么现在喜欢他的朋友，想要的朋友，感兴趣的朋友，先把小一飘起来，好不好？给大家看一下咱们的印章都有哪些，给您看一下，有太和殿、中和殿、保和殿的印章，包括角楼的印章，包括大家可以看到故宫博物院的印章，包括渐变色的，这个刻四章非常漂亮。同时再给大家看一下烫金滚轮章，故宫大殿的银联章，全部都有。同时还有这个咱都不给您重点说的，给您看一下铜鎏金狮子章、五脊六兽章，这个是重点。朋友只有买故宫日历才可能给到您的。这个叫1933年头版故宫日历章，不是给您一枚，而是五枚，全部给到大家。全书收录的55枚印章有故宫博物院纪念建成99周年章、线上专供章，每一枚都是官方授权章。同时刚刚多少位朋友漂移啊，五位朋友飘一，直接准备五个，只有线下才能够给到大家的烫金钢印龙纹章准备五没出来好不好？还有没有其他朋友想要的，可以把小一飘起来，因为咱们这个章烫金龙纹只有线下才有。是因为咱们跟公共博物院合货合作很长时间了，这批货才给大家争取来的这个烫金的钢印龙纹章。那么一号链接最后3秒钟时间再统计一波，直接给大家加库存，结单加库存好吧。来一号链接，3221好八位朋友啊，八位朋友直接准备8单出来好吧，带钢印的一号链接，8单加出来一号链接给大家好了。对，七月份就能发货了，全部都是七月份就能发货。但是小贾要提前跟大家说一下，希望大家理解。后边再来拍的朋友，可能就是8月5号或者8月10号发货了。看到的建议大家还是七月份发货的，就先去占一单，别等之后随时改成8月5号或者8月10号的。咱直接晚发货个四五天的时间，不值当的，好不好？所以建议大家喜欢的朋友先去占先去拍一单，然后直接回来跟咱们说一声，打个已拍，或者点个关注，直接跟咱们告诉咱们一声好不好？感谢大家支持,故宫博物院建成90周年纪念书
今天咱们这个烫金的龙纹章，直接全部都是给大家安排好了，您可以放心。然后今天有任何问题，咱们售后故宫的老师直接给您安排。因为小小小要努力，直接给他做一个四层防护，好吧？带一个泡沫的，带一个叫什么防袋纸板，还有咱们故宫logo袋。对，塑料袋，然后纸板包括那个故宫的logo袋、防尘袋全部都有了。对，咱们那个塑料的裹了一层塑料对袋，防尘袋。对，直接给您做好的，好吧？感谢大家支持。同时今天所有拍下的朋友，您点个关注，有任何问题随时都能够联系咱们故宫老师客服给您解决，而且今天还帮您省钱。你要知道刚刚咱说完发货的问题，就是之前出现过一个情况，就是24号直接咱都没接到通知，直接改成28号预售。因为每一本盖章时间要20分钟的时间，往后推预售时间希望大家理解。所以您喜欢想要早一点收到的，一定现在先去拍，而且今天咱还帮您省钱。您去故宫的话，买裸书需要196，不带盖章的一个版本，门票60，而且不带盖章。你想盖章没问题，去御花园门口要排队2个小时。您看一下这个人，看一下这个太阳伞，排队2小时才能盖15枚印章。但今天咱们55枚印章的版本，直接196全部能够给到大家，而且就免去大家晒太阳的时间了。您可以带着这本书再去逛故宫，都是可以的。我说再看一下这本书籍的内容质量呗，给您看一下豆瓣大家都认满分十分。这个是多少分？9点5分的高分，而且是八百多人打出的，而且是三千多人想读。所以它的内容质量完全没有问题，包括印章全部都给大家准备好的，盖的也都是非大家不用顾虑的，都是人工盖章，不是印刷的章。而且今天如果有刚进直播间的朋友，可以打一个小二小贾给您讲一下内容。这本书籍里面真正牛的地方不是他的印章，而是他能让您看到故宫内30%的禁区，全部都能让您看到。因为故宫只展出只对外开放70%的区域。但是网上的朋友称那30%为故宫之中真正的故宫，因为它是原汁原味的，没有后人重建或者是修缮过后的。那么今天这本书全部都能够让您拿透视图，上帝视角让您能看到。咸小鱼也给他做一个包装好吧？好的，然后现在想看内容的朋友看好了，马上给大家看内容。对，有没有刚刚没拍到的朋友，您也可以跟咱们说一声。同时给大家看一下里边的内容，就是当年慈禧跟光绪还在故宫的时候，一比一给您还原当年的场景。您要知道一比一是一个什么样的含金量，大家可以看到钻石这位姐姐是不是没拍到，给您看一下。慈禧当年还坐在正中间，包括光绪还在,故宫博物院建成90周年纪念书
当年装修风格什么样子，包括溥仪和婉容西餐桌钢琴，包括侍卫宫女，全部都能够给您看得到的，对不对？一号链接上链接没货了，给这两个都加两单，给您先偷偷加两单好吧。因为咱给您一定要千万不要着急去拍，朋友们一定要听懂了内容就是听到真的喜欢这本书再去拍好吧，不要让它落灰，因为这本书籍里面内容太值得了，真的太值得了。一号链接这么快就没了吗？这样咱内容还没给您讲完，你要知道真正牛的地方在后边。这刚跟您说是一比一复刻的，当年一百多年前的场景，对不对？再看一下当年一比一复刻的光绪皇帝的大婚，花了550万两白银举办的大婚，全部给大家呈现出来，印章是全的，您放55枚章。这也是为什么咱们最高在线能达到七八百人在线，就是好多朋友是冲着咱们印章来的。但是他真正牛的在书籍里边，大家可以看到当年花了550万两白银举办了一百多天的婚礼是哪些流程？包括选妃，从5000人选到最后只剩50个人了，有哪些流程？包括还有当年年万国来朝来上贡来看天朝上国。您可以看一下当年英国人、荷兰人、法国人都得带着奇珍异兽，带着礼物来到紫禁城，当年是一个什么样的场面？当年乾隆招待他们是怎样去借贷的？同时再给大家看一下那30%不对外开放的区域，就好像让您开启上帝视角一样，让您透视，让您俯视，让您感受一下这种爽感，好不好？因为它叫养心殿，他是故宫之中真正的故宫，有这样的一个一称呼，叫做故宫之中的小皇宫。同时给您看到当年溥仪千退位诏书，包括慈禧垂帘听政，全部都是在养心殿，大家可以看到就在这个位置进行垂帘听政，包括雍正、光绪在哪里，全部都能够让您看得到，而且今天所有图全部都是手绘图，给大家呈现的非常多图，318页的一个页码，而且还有大家可以看看到的是明代、清代所有皇帝的帝王传记，传奇故事。而且所有关于故宫的雕塑艺术、历史建筑，318页的页码，十二开的大开本全部给大家呈现出来，就是这么的精彩。因此它叫做故宫出版社出版的紫禁城100。同时今天给大家看一下，这本书籍咱们直播间独家给大家准备的一个机制，就是您去到线下排2个小时队才能拿到的一个机制，叫做手工盖章那个版本。清风大哥太幽默了，给您看一下55枚章，即便您去线下排队只能盖15枚，但今天咱们线上让全国各地的朋友都能够不来故宫，就能拿到盖章的版本。有，咱们全部都印章都是手工盖的，而且有故宫官方授权章，而且还有故宫博物院建成99周年章、线上专供章，全部都是,故宫博物院建成90周年纪念书
现在想要朋友可以把小一飘起来，现在想要朋友把小一飘起来，一会儿精准加单好吧。同时今天给大家看一下印章都有哪些，然后就给大家库存给大家看一下，包括三大电都有的太和殿、中和殿、保和殿，包括小楼印章，包括故宫博物院的印章，还有渐变色的彩色印章，还有大家可以看到的是滚轮章，这个是烫金章，包括各大店的楹联章。咱们直接给您做成印章，而且还有这些，其实重点在后边，我给您看一下什么铜鎏金狮子，还有那个五脊六兽，咱们全部都有，这个是重中之重的。就是您买故宫日历可能才能给您get到的，叫做1933年头版故宫日历章，不是一枚直接给大家5枚，而且今天更重要一点是，至今还有一枚只有线下才能够买到的烫金钢印龙纹章。直接给大家安排好一号链接，刚多少位朋友想要？五位朋友想要，准备五个抗金龙纹章出来好不好？准备五单，来一号链接准备手速，直接给大家加五单出来好吧？一号链接，一号链接给大家好了。对，一号链接给您加了库存了，可以直接去拍。同时今天您现在拍到的一个版本，还是七月份就能够给您安排发货的。但是之后您可能一两分钟之后再来拍，很有可能直接就改成咱们的8月5号或者8月4号才能收到货了，希望大家理解，因为咱们每一个印章都需要二十多分钟时间，给您盖完一本都是手工盖章，往后推迟时间很正常，希望大家理解。但是现在您拍到的一个版本，还是一个七月份就能够给您安排发货的，所以建议大家您喜欢的可以先占一单库存下来看公里是啥样的，没问题，给您边翻边讲。这本书籍第一个咱给您保证您现在发货的话，您现在拍发货时间还是早的那第二个现在所有拍下的朋友，别忘了回来跟咱们说一声。咱们给大家做到的是一个塑料包装，再加纸壳包装，再加泡沫包装，全部给大家安排好的就是四层防护，不用担心磕坏的问题。同时这本书籍在咱们这儿拍还能帮您省钱。你要知道一般您去故宫买的话，我看到了8255用户，这位朋友给他安排一下包装，还有龙纹贴纸。别忘了左上角点关注，朋友们来给大家看一下。这本书籍您去线下买的话，需要花个196条码价，但是没有盖章。你要想要盖章的话，就是您想要跟拍好，需要跟客服再说一声吗？不用，小贾咱这边有录屏，然后咱们这边也有运营老师在记录。您放心，我帮您备注。对，咱帮您备注。同时您去故宫的话，不带盖章的版本是196，买门票60加起来不带盖章的要花256块钱的价格，大家可以看到,故宫博物院建成90周年纪念书
但是今天在咱们直播间给您盖好章的版本，直接就是196直接到手了，而且您想盖章没问题，去故宫的话也是免费的，盖章的话需要排队2个小时，人非常多，每盖一本书需要花20分钟时间，您可以想一下对不对？但今天不用您排队，直接55枚章全部给大准备好，您可以放心。同时大家可以看到现在的故宫人多，人山人海的，就是排队，尤其是夏天的时候，那是相当热了。同时给大家看一下，您打着太阳伞根本就是防不住的，因为人挤人，它这个空气之中都非常热。三号开价了吗？三号给您看一下开价了是吧，直接拍。开价了，可以直接去拍。对，这位朋友您需要讲解吗？对，您需要讲解吗？一号链接直接给大家，又拍空了。如果是有没拍到的朋友，跟小贾说一声，您说没拍到或者是省点事，您打个一也可以。咱们再精准给大家再看，能不能去准备一些出来给大家看一下。烫金龙纹章全部今天都是有的，这个是线下才能够买到的。同时给大家看一下内容是质量是怎么样的这本书不是小贾说好，而是非常多的书友朋友们都说它非常的好。给大家看一下紫禁城100 9点5分的一个高分，满分十分。八百多人打出的一个高分，包括三千多人想读，就是没读到的一个水平。所以建议大家，如果您第一个对书籍的质量要求非常高，第二个还希望有一个纪念意义的印章的话，一定是一号链接先去拍好不好？一号链接我看有一位朋友没拍到，是吧？还有没有朋友没拍到？如果还有的话，咱就精准给大家加单，就加一单。如果还有的话，咱看看能不能再给您加。如果是就一位的话，咱就给您准备一单出来了，好吧？问问有没有九龙图进来的朋友。对，来有没有冲着咱们九龙图进来的朋友，有的话打一个九字，咱们直接给您好好展示，震撼您一下。因为是到美国坐飞机，花9800块钱机票都不一定能看得到的。现在在美国的咱们直播间有1比1复刻的10米长卷，你要知道装裱都没办法装表，10.3米层楼的高度在咱们直播间有。我看大圆圆想看是不是单，然后行打卷卷。看来带金章的版本，手工印章的版本，给卷卷加上一单出来好吧。然后咱们就给大家先放在这儿，然后给咱们大圆圆和WUZF这两位大哥看一下咱们今天的硬货高货，尤其是前两天书画专场压轴的画作，好吧？对，给大家看一下。过来就是现在给大家展示的九龙图。咱们一般是1个小时或者一个四十来分钟才是。对，1个小时四十多分钟才能看一次的，挺好。这幅画真正懂的朋友都知道，它现在的估值估价是上百亿,故宫博物院建成90周年纪念书
同时现在您只有坐飞机去美国才能够看得到，而且还不一定展出。同时它是1244年甲辰龙年780年整，南宋陈荣绘制的九龙图。那么今天您来咱们直播间，其实买不买都没关系的对吧？咱们可以吃饱饭了，来咱直播间一起看看热闹，开开眼界都没有关系的。整个10米的长卷给大家好好展示一下，好不好？尤其今天咱们这幅九龙图跟市面上的九龙图还不一样。你要知道，因为这幅图它的全名叫做万福九龙图。一会儿让大家感受一下，只有在小说以及影视剧之中才见到过的一轴两画的非常奇妙、非常神奇的穆。一会儿让您小小震撼一下好不好？留一个小悬念，小彩蛋，一会儿让您看到，好吧？尤其是真正的。今天第一个就是好多朋友是随便刷到咱们直播间的那其实您其实。来，朋友刚才说到哪儿没声音了，我说大家咋都走了呢？开始，行来，从开卷开始。今天小贾主要就是想跟大家说，让您看到的是不仅仅是九龙图，而且还是只有在影视剧小说之中才出现过的那种非常神奇的一幕，叫做一轴两画。一般都是那种传世名画，都藏在一个不起眼的一个小画里边，对不对？都是那种感受。那么今天这幅画能够让您小小的震撼一下，一会儿不震撼您来找我，好不好？就这么说，跟您开个玩笑，今天听好啊，一般的名画都讲究三分画七分裱。今天给您看一下咱们估值上百亿的传世名画九龙图，它的钟表是一个什么样的风格。首先它不是一个塑料扣，不是象牙扣，而是玉石扣，给您做到了一个装针。同时在打开之后，不是一般的锦缎给您包手，而是选用的是锦冠之秀。送锦锦冠之手给您做了一个装裱，同时给大家秀芝对，锦绣之冠抱歉，给大家看一下这种光泽度全部都能够看得到的，对不对？知道咱们品质了。对，同时再往旁边看，咱们一般的这种名画的，它的一个装裱是不是都是采用的？一般的不是名画的印刷复刻，都是采用普通的宣纸或者卡纸，对吧？咱们今天给您选用的纸张是寸纸寸金的抄卷纸，给您做了一个呈现。大家可以看到下边这个眼熟，不就是咱们货币上才有的，这个叫防伪线。因为它整幅全部都是超卷纸。那么超卷纸第一个它不怕褶皱，第二个不会褪色，因为它是货币，对吧？第三个它的申请流程非常复杂，同时它是他给大家做到的就是寸纸寸金，成本相当高。今天整幅10米的长卷，10米长卷全部是寸纸寸金的超卷纸。同时给大家直接看10米长，十层楼高的一个，不是三层楼高的一个九龙图是一个什么样的呈现，好不好？直接让您看到南宋陈容有一个外号叫做中国画龙头一人,南宋陈容《九龙图》
为什么有这样的称号让您看到，因为他画的每一条龙不用任何的解析，不用任何的讲述，能够让您感受到每一条龙的性格，甚至他在想什么都能让您看得到。介绍，大家可以看到这是九龙图之中的第一条龙，让您看到的是能够看到的是就是第一条龙，它是抓抓巨石之上，而且是翘首以待，再往它的右前方右上方看，这边有什么让您看一下，这边有第二条龙在回眸跟他对视，而且这条是隐于云雾之间的这样一种感受，大家可以看到是不是非常的清晰，也包括每一个龙的眼睛都能够看得到。就是再往这边看，能够让您看到的是每一条龙，这条龙是第三条龙，整个是一个正面的特写，而且是双目炯炯有神，没对上焦。给您看一下，双目窘囧有神，而且斜视着右前方，因为这边有他喜欢的东西，给大家看一下。这边在云雾以及云水之间相交融的地方，有咱们第四条龙爪爪夜明珠甚这随时好像要把这个夜明珠捏碎一样的一个感受，非常的传神的一个神态，大家都能够看得到。因为他在怒目圆睁的在看着这边，因为这边有五龙、六龙在搏斗，同时七龙、八龙、九龙全部都在这个方向。而且刚刚小贾跟大家说的是，咱们今天是一轴两化的一个设计。就是您在影视剧之中，包括无字天书什么的，需要被火烧被水浸湿才能够呈现出他的真面目目，对不对？对，那么今天这幅画也是这样的一个设计，3秒钟时间让大家见证奇迹，好不好？3秒钟时间跟小贾一起默数三个数，来让您看到什么叫万福九龙图。来3221看一下，朋友们整个在龙的身上，包括云雾之间，还有夜明珠之上，全部都是一个不重样的福字。这些福字来自历朝历代的不同的画家的设计，同时这些福字遍布了整个九龙图的10米长卷，全部覆盖在上面，震不震撼？朋友们，刚刚跟大家说的是咱们的纸张是抄卷纸。这些福字给大家呈现出来的第一个是防伪钞卷纸独有的防伪，对不对？第二个万福家九龙寓意相当到位，今年正好是龙年，对不对？对，一号今天跟大家说一下，咱们真的除了福字外加10米长卷之外，哪位名家直接给您做到一个品鉴以及鉴赏，好不好？给大家看一下今天的画作，并不是小贾说好，他是好，给您看一下到底他到底好在哪里。直接请到了中国国家博物馆的研究馆员齐吉祥先生做的一个品鉴证书，而且还有万福九龙图的限量收藏证书。因为今年是甲辰龙年，九龙图也是1244年甲辰龙年所绘制，包括中国文物协会仿复制专业委员会的监制证书，全部都是有的，就在这个位置，而且还有抄卷纸，不能随便发行,南宋陈容《九龙图》
那随便发行不乱套了吗？朋友们对不对？给大家看一下专门出具申请过来的超卷公司出具的超卷纸证书全部都有。而且听好，咱们今天这个机制价格包您满意，给您看一下万福九龙图2024年甲辰龙年年初发行的，限量发行3999套，跟龙毛是同一时期。但龙毛什么样的价位？而且发行是几十万吨，对不对？但今天3999套整个发行量是3，那个发评价是2980块钱的价格。对，给您看一下外边是什么样的价格，今天的价格没见过，给您看一下外边现在的价格是卖到2000 1990块钱的价格，包括2080，对不对？但是今天咱们给到大家价格应该还剩最后的不到15套的一个库存了，对吧？对，直接把二把一抹掉，直接给大家改价。980块钱的一个价格，直接是三折的一个折扣。给大家带礼盒，带卷轴，带所有的收藏鉴赏证书，而且顺丰发货好吧。一号链接三单先给大家准备出来，上链接一号链接，980好了，一号链接980给您开好了，您可以看一下，比外边直接帮您省多少钱，一千多块钱的价格直接帮您省了。但是今天咱们的机制只是最后的这不到15单的一个库存能够给到大家。那么这十五单一旦卖空的话，抱歉咱们这儿也可能会改成直接改成1980的一个价格，包括外边只能到外边去买了，一外边要花2080那个价格，包括1990的价格才能够买得到。但今天咱直接帮你省了一千多，同时今天所有今天现在拍下的朋友啊，咱们都是给大家做的是顺丰的发货。给大家刚刚大家可以看到那个小紫光灯，给大家看到那个万福九龙图。那么今天给大家加的这三单库存，每一位拍下的朋友都在给他配一个小紫光灯，好不好？你买回去安上3节7号电池，直接就可以使用的，全部给到大家。而且今天咱还给您带礼盒的。第一个您自己收藏，可以把这个画作放到礼盒里边。第二个您送朋友，这礼盒相当排面了。我跟您说，第一个咱自己收藏的话，礼盒真挺漂亮的。第二个咱送朋友送烟酒的话，它是消耗品。但您送名画送复刻画的话，十年、20年、30年之后再看到他头一个想到的还是你，而且颜色直接不会变色，因为是超卷纸。给大家看一下礼盒，复古的皮面礼盒印的是三交六椀。这个纹样是在古代皇家尖尖的家族才能够使用，因为它是内涵天地寓意八方的这样一个纹样。同时给大家打开看一下，整个礼盒包的是整个好像锦缎面的这样一个设计。同时再打开看一下，整个是一个绒布面装帧的一个礼盒，非常漂亮,南宋陈容《九龙图》
同时今天除了咱们这个皮面的礼盒之外，还能够再给到大家一个小的牛皮纸的，带提手的一个礼盒，不会把咱们外边这个礼盒弄脏，全部都是给大家安排好。而且今天这幅图您也可以送给龙年过生日的朋友，或者是您龙年生人的朋友。您可以看一下24年、一二年、00年、88年、76年、64年、52年，其实都是龙年生人的朋友。您送给他这幅图的话，其实是非常走心的一份礼物了。所以建议大家喜欢它的话，一定趁现在您可以看一下，咱们把利润已经压到多低了。刚一号链接还有三单，现在只剩一单了，就是这么快。所以喜欢的朋友一定要现在先去占一单库存。咱拍空之后，不仅咱这个小的紫光灯没有了，价格会恢复1980的价格，那比外边还要便宜十块钱。所以建议您喜欢的话，一定现在先去拍。同时跟您说一下，您见到这幅图原图的话，10米长的一个长卷发，您只能去美国的波士顿才能够看得到。机票是9800块钱的价格，但今天一个机票零头的价格，你想想980直接到手的是一比一复刻的九龙图。您摆在家里面，随时想看，随时看都可以看。而且咱们还是万福九龙图给您呈现出来的就是拿紫光灯一打，整个1万个福字浮现在10米长卷之上。一号链接还剩最后一单，就给大家放在这儿了，好不好？好的，对，然后行，想拍的朋友一定要现在去占一单。咱随时这十五单拍完之后，价格是一定会改成1980的。所以喜欢的朋友一号链接一定要去拍。同时有任何问题的可以打在评论区。如果没有问题，关于九龙图的咱就给大家过掉了，好吧？好的，然后大家下次见到9龙图应该就是一个，就是下周了。对，再见到九龙图可能就是下周了。二号链接开了，您可以直接去拍，好吧？同时再给大家看一下，刚刚是九龙图。那么接下来给您看一下，它只是一幅传世名画，对不对？接下来让您看到6幅传世名画，而且每一幅都是十大传世名画之中的名画，给您看一下，稍等。好，大家也可以看看小黄车，今天咱们也上新了不少好书，都给大家开价了，可以别拍。没错，接下来让大家看到的就是在博物馆十几年可能才展出一次的，而且是古画之中的尖尖之作，今天通过惊蛰夜的方式给大家几乎一比一的全部呈现出来，就是中国绘画神品系列。但凡是您对于中传统文化或者对于艺术感兴趣的，一直想收一套既能收藏，还能够学到历史学到艺术，学到文化知识的，学到传统文化的这样一套艺术收藏品的话，那就是他了。今天给您看一下，有哪些一个一个给大家展示一下,南宋陈容《九龙图》
包括不辇图，大家都知道这个是见证了汉民族友好历史的十大传世名画之一。不辇图现在在故宫博物院，包括再看一下汉宫春晓图，现在在台北故宫，所收纳重现的是宫廷仕女的生活，被乾隆誉为神品的汉宫春晓图就是他。同时再给大家看一下韩熙载夜宴图，现在在故宫博物院，而且他给大家呈现的是借夜晏逃避南唐皇帝眼线的真实的南唐的景象。同时再看一下洛神赋图这幅大家都认识，他给您融合了的是曹植的洛神赋，外加顾恺之的洛神赋图，融为一体，直接就是这幅图。同时今天让您看到的每一幅幅图，包括清明上河图、五牛图，每一幅图短则三四年才展出一次，长达十几年才斩出一次，就是这些图。但是今天听好，咱们让您看到的可不简简单单的是一比的复刻画。你要知道市面上一般的不就是一张复刻画，对吧？给您呈现出来，今天咱们是长拉页形式的，给您呈现的完整无删减的这样的名画。而且重点来了一画两种观看的方式以及途径都有哪两种让您看到。第一个当然就是咱们的名画从头开始的这种的展现，妙入妙入毫颠。大家可以看到这是乾隆皇帝的题字，全部给大家收录其中。同时拉页整整拉开之后，是全图的洛神赋图全部给大家呈现出来。第一个您带着家里边家人看，带着孩子看，都完全没有问题。同时每一个细节全部都给大家印刷的非常的清晰。您在博物馆隔着玻璃窗完全看不到的这种质感，这是咱们的第一种呈现方式，就是全图直接给大家完整的呈现出来。第二种呈现方式给大家看一下，非常的简单。咱们我们把图稍微的翻个面，换个方向给大家看一下。刚刚是这样看的，对不对？稍微换一下，直接展示出来的就是每一幅图的一个细节，包括具体的鉴赏全部给大家呈现出来。甚至洛神赋图它是给大家匹配的曹植的诗句里面的洛神赋，每一个细节都让大家看到。包括大家根本不会注意到的里边的某一个人物，他的动作到底是什么样的寓意。包括大家可以看到这个飞在天上的这个仙女，其实他就是洛神。他到底在干什么？咱们不知道对不对，但是这幅图全部给您解析出来，它对应的是正好是洛神赋里边的一个句子，叫做采洁灵芝，直接给您呈现出来。他当年是在干什么，全部都给大家。对，包括婉若游龙，翩若惊鸿，全部都能让您看到。画作之中与之对应的部分，惊鸿在空中，婉若游龙游龙在空中，全部让大家看到。而且这些解析每一位都是央美毕业的高材生，而且现在都是在各大高校艺术高校担任教授，担任老师的这样级别人物给您做解析,中国绘画神品系列（其中包含《步辇图》《汉宫春晓图》《韩熙载夜宴图》《洛神赋图》《清明上河图》《五牛图》等）
尤其是咱们的清明上河图，直接是钻研了清明上河图长达二十多年的曹兴元老师带大家做的一个解析清明上河图。而且听好咱们今天的这一整幅画作的印刷质量，包括纸张呈现全部都不用顾虑。咱们给您做到的都是博物馆级别的一个原图的复刻。同时你如果是你想要全家人一起去欣赏一下古画名画的，或者是对于国画，对于艺术感兴趣的朋友，那这本书无论是价格还是机制还是质量全部都能够满足到您。那么给大家开个价格好不好？这幅图不仅是能够让您了解到各个名家画家的背后的故事，画作的历史意义，而且今天的价格挺好。单本咱们条款下是88、78、128不等的。但是咱们的六册今天加起来的话，条码价将近是五百多块钱的一个价格。那么今天七六测咱们是书画专场，都没来得及给大家放的一个福利。您现在去外边查，基本上5册66测的一个价格都是要卖到三四百块钱的一个价格，确实也比五百多便宜了，对不对？但今天咱们给到大家的价格听好，咱们库存不能少，不是库存非常少，不能补货，而且拍不到的话，就是拍不到了，好不好？一号链接给到大家是五六册，加起来一共235块钱的价格。一号链接先给大家准备三单出来，好不好？一号链接三单直接给大家加库存。一号链接三单加好了。对，给您加好了。同时今天咱们是现货给您发货，而且是保全新正版的。喜欢的朋友一定一号链接先去占一单。如果是今天拍不到的话，之后咱们这一幅画作整个的可能会往上价格全部往上调调到跟外边一样的一个价格。同时今天咱们单色的价格，您可以想235除以一个六，将近单测也就是三四十多块钱，二十多块钱的一个价格就能够到手了，真的是非常值得，非常适合。无论是您送给朋友，还是您送给自己，送给孩子，都是非常适合的一个名画。同时您如果是带孩子去看的话，第一个培养他的一个审美的感受，给他做这种美誉的教育，同时能够让他感受到中华的传统名画，中华民族的艺术到底是千千之作，都有哪些？这六幅图全部给大家收录其中，而且每一幅图您去博物馆排长队根本看不到，因为根本不对外展出这六幅图，每一幅都是不对外展出的，每展出一次至少要休眠3到4年，尤其是清明上河图，直接要休眠十几年展出一次。刚刚如果您对这套画感兴趣的朋友，您可以喜欢哪幅可以打在评论区，然后小贾一对一的给您展示一下，都没有问题好吧。如果是大家都是对他不太感兴趣的话，那咱可能就要给它过掉了好吧。因为这套画册咱们今天这个价格真的是之前没有开到过的，也是给大家争取来的一个价格,中国绘画神品系列（包含六幅名画的画册）
"咱是六十多万粉丝的官方账号，给您保证的是全新正品，给您做到发货好吧。一号链接就先给大家先放在喜欢的朋友。对，喜欢的朋友或者有任何问题的朋友都可以随时打在评论区。然后小贾给您再讲解一遍，都没有问题好吧。是要那个什么是吧吗？行，对我也可以接来让咱们的西宝老师给大家讲解一下。会讲段子，会讲相声的老师，您看一下您喜欢不好吧？喜欢的朋友点个关注好吧，我谢谢你，就搁桌上，搁桌上。好，thank you, thank you, 谢谢你，再见。下次好，下次不要介绍了，有点尴尬。来朋友们，欢迎来到咱们直播间。今天还是那句话，看到我上场您就知道咱们离这个回家不远了。谢谢你不容易。很好，给你比个心。来，朋友们，看到我上场的说明咱们离回家离下班不远了。马上咱们就是要结束这一周辛勤的工作了，要过一个美好好的周末了。这两天你看不见我们了，想要买书忍不住辗转反侧。你也找不着我们了，因为我们下播了，优惠价格结束了。所以如果您还想买书，刚才已经加购的书准备结算了，您就也别犹豫了，赶紧就下单。朋友们，要不然这两天咱们一下播价格就涨上去了，你到时候也找不着价格了，没办法，下班了价格就不供应了。下面给大家上这本书，朋友们，直播间人也不多，26个人，26个人。您听听，我给您讲一讲这什么地方，这故宫是什么地方？故宫是每年有1600万中外游客到访的地方，是中外闻名的会客厅。朋友们，然后正好到了周五的晚上，咱们来看一看，咱们在这个客厅里咱们party一下，happy一下。朋友们，这把紫禁城100到今天为止已经在咱们直播间热卖9300多单了。9300位朋友被这本书的美貌，被这本书的内容所折服。那今天给大家讲，在咱们这个马上就要收尾，就27个朋友咱们也是好好对待，27位朋友，咱们一起跟着我，跟着喜宝一起去看一看紫禁城的魅力，看看105万平方米上有紫微星，下有紫禁城，到底是一个什么样的地方，能引无数真的是无数文人竞折腰。朋友们，这一本紫禁城一百讲故宫的书，市面上有非常多，但这一本书它是不一样的。朋友们他讲了100个您不为人知不知道的细节，您不知道的奥妙。您去了现场，您请了导游，您也他导游都是套词儿，他不会给您讲这些故事，但是这本书给您讲到了，来我们一起来看一看。朋友们，还有就是您今天您到了这个现场，您到了这里，您现在去到故宫。朋友们，因为我今天听不出来，我就是北京人",《紫禁城一百》
咱们知道一点这个内部消息，什么内部消息？这故宫，那现在您进去，您这三大殿，您都看不着，抢光了。这个杨小杨小贤杨小斜还有没有跟杨小协一样的朋友？就说我都不用讲，因为我一看这书我就知道，我一听这书名我就动心，我就是想拍的。咱们这个一分钟的时间，咱们说跟我说一声，我统一给你加单了，反正就20个朋友。咱们主打一个free，主打一个trail，好不好？就是你要想拍，你就直接跟我说，处理好鞋，咱们这记着呢，您现在进故宫，啥也看不见了。三大殿咱们这太和殿、保和殿、中和殿，您一个都进不去，您知道为什么吗？现在他抢修了，以前您能在这桌上跳舞，您能在龙椅前面自拍，现在您都不行了。你也想要说，姐姐咱们都给您记着呢，现在两单了，两位朋友了，为什么您去不了？因为他这个三大殿现在全部都在集体整修，没问题。这个福多福多宝快，你们加。行了，那三位朋友了，感谢你们的，三人成虎，三人必有我师。来给我们老师加一下，一号链接，朋友们来，朋友们三单加好了，三单加好了，您边拍，您边听我给您唠，行不行？咱北京人给您讲讲故宫了，满意了。没了，我这非凡你肯定能拍着，因为你是个非凡的人。这个位这个位置给非凡的你加了一半了，直接去拍。来，朋友们跟你讲讲，为啥您进了大殿，您看不见中和殿、保和殿，还有太和殿的？为什么他就整修了一个听起来有些荒谬，但是有些搞笑的一个原因。因为地上的砖碎了，游客人太多，把地上的砖给踩碎了。踩碎的砖过去我们家二叔开一专场，我给公公整点专不就得了吗？这事不简单，不简单，为什么不简单？这一本书里告诉你了故宫用的什么砖，55章。对，非凡朋友55枚印章在里面。你先别着急，这章的事儿我就给你把专讲完了，我就给你讲章好吗？来给说一下，这个砖它不是一般的砖，它烧这个砖，这个记忆当时是已经失传了。朋友们，咱们紧急抢修。咱们好多院士，你看的是国家乐神，你进去看人家干嘛？人家古道怎么把故宫的专给我修复了？故宫的专来自于哪？来自于苏州太湖底下的泥。十多年的淤泥积在一起经过要用十多斤的稻草去给它反复的烧制三个月烧一块砖。这就是咱们这个书里给您讲的金砖，又叫金砖。因为它耗时之多，耗费之巨，所以一块砖就要当金砖。那这一块砖就做三年。所以这三年之内，砖没修好，您进不去太和殿，您看不见故宫，这不浪费吗？这个就是传统技艺了,《紫禁城一百》
为什么他要用耗费这样的东西讲这个专这本书里讲细节，但是咱们先不说，咱们先给大家做上单，咱们要讲一讲这个书有事儿了。今天您拍下这本书，除了像我这里面的小故事，那东西老多了。朋友们这样的小细节、小故事您去了现场找不到了。而今天朋友们我们给他准备的是一个什么版本？是一个99周年故宫博物院纪念版本，给您准备了55枚纪念的印章。朋友们全部都是真人活人，像我一样这种会有表情会说话的人，给您一个个手工加盖的。有宫殿的章，有清代缂丝的这种织造工艺章，有咱们那种故宫金色滚轮张、银联章，还有咱们的铜狮子张，咱们的这个五脊六兽章，甚至什么青铜章、门帘章、金葫芦章，全部都在里面。这章上面甚至连拼音都有55枚定制的章，您在别的地方看不见，见不着，这是官方定制的。那么今天朋友们，咱们这本书带定制张的，线下找不到的，今天也是给您，我烦了咋整，今天也是给您开到一个好价，朋友们，196。如果您要你们非凡朋友55张，您放心，我给您保证保的给您安排上。还除了刚才三份，还有没有朋友要？有朋友要，咱跟我说一声，看见我就是我要下班了，这个书后面供应不了了，9300，张老师盖盖章盖。你看见我的小臂臂，看见没有？都非常壮硕了，都盖的不行了，要抽筋了。所以这是最后的了，买了已经是吧？非凡还有没有像非凡一样朋友，你看现在还有一个一朋友要，还有没有其他朋友要？咱们要准备给大家上单了，最后一点点库存了。朋友们没有的话，一共是40位朋友，我就下上了，四十朋友朋友四单，四单的朋友们给他安排上。知道有些朋友内向来这个位置来321，朋友们搬家上了讲解紫禁城、讲解故宫，讲解中外文明会客厅的地方。给您加好库存了，这个位置现在点开直接下单，直接去拍。您收到手的跟我的一模一样，里面是55枚定制的章。您去现场好多地方张说白了，但是我这个就是说实话了，朋友们咱们内行人不骗外行人了。您拍到以后，很多您去现场，您说您去盖，您盖的首先它有可能是假的，好多私人自己攒点章。你说这个字是啊乾隆写的，这个字是这个词，喜甭听他们瞎说。咱们就是认准官方，咱们这个书，故宫出版社给您出了咱们这个店，您点开链接，故宫出版社给您发货。宫里出来的东西，朋友们这就是一个抗定。同时你要说我就不信这个邪，我就要自己去攀登高峰，我就要带这个书去现场去看。好喜欢你这种喜欢氛围的人，来给您看一下您的氛围，什么叫如火如荼，摩肩擦踵。去的时候穿一个好点鞋，别到时那个鞋被人给踩掉,《紫禁城一百》
朋友们打着伞，今天北京36度，后面今天你说反正去年那个时候40度左右，您在40度的高温里，您排队您排队您得排俩小时。您提前七天您得去预定预约咱这票。预约完了以后，您买本书，然后您再去买门票，然后您再去盖章。一天时间别一天时间，您一个月的时间也盖不完这么多章，因为咱这章是定制的。青绿，没错，这群价章大满不仅情绪拉满，咱还有车拉满。刚才拍的朋友们，我看默默已经下单，好多朋友我跟您说，您拍完了，您别走。咱还有个事儿没给您交代。朋友们咱但凡咱拍下的，你还是我粉丝的，看见没有？这个金色钢印龙纹金章，朋友们金章，今儿我给你了好不好？今天拍下朋友们，咱们这个金章，咱们一条小小金龙、小飞龙全部给您安排。赶紧跟我说一声，您不跟我说，我就看不见您是不是我的粉丝身份，您没粉丝，真的这个招我没法给你安排，因为咱已经卖出9300多单了。拍了朋友们咱们高低跟我说一声，拍了这个阿姨这位朋友啊，小金龙一份儿直接随书邮到您家，小金龙飞到您家了。朋友们，还有没有朋友想要咱们这个紫禁城的，你不要跟我废话，你就跟我说非凡非凡非凡，非凡是不是咱粉丝？非凡你这夸我是吧？刚我傻大姐好骗，是不是？非凡关注你给我点上，我这是给粉丝身份要下来的。我们这运营我跟你说可不容易了，因为我们周末休息，周末我们去故宫去了我们。老师今朝能不能给我的粉丝朋友们安排一下？这那那是求对象，你不点关注我就很难开口。可以，非凡你看这非凡很懂事儿。朋友们，杨小杨小杰是咱粉丝吗？不，杨小贤咋？说他没说你是不是朋友们都给我点好关注，都给我点好关注。点你不点关注，我怎么拿着你的身份，我说这都是我粉丝，你必须得给我，你不给我不行，我跟你说，我又不能轻易给你争取了点好关注。朋友们好，朋友们刚来直播间的还有吗？可以，还可以有的。刚才没拍着的，知道咱们现在就是28个人直播间没什么人，那你也内向，你，你要没拍着，你跟我说一声，我就准备给你加单了。这本书您点开链接看一看，一收已经9400单了，实物我带了，朋友们，而且我快要下班了，我要下播了。明天后天我不播，你根本拍不着我。朋友们我痛心疾首。如果想要你看这个静静思，我就不防御。你关注了有可能你就想要这个书，对不对？想要这个书的朋友们，咱们公屏上打一打一了,《紫禁城一百》
我们这统一准备给大家加单了，我的音乐没有了，赶紧动一动我的鼠标，动出来了吗？今天想，好的，111可以，青丝不错，这个小号很哇塞，想不想要咱这书？咱这是啥书？咱这是纪念故宫博物院成立90周年，你们给你讲了非常多关于故宫小秘密的书，想要两套，这位朋友给带上，这个台上了，记在我的小名单里了。两套给我们这个小号备注，现在一共四套了，四套四位朋友了。那咱先给大家加一波。好，来朋友们，四套碎朋友加好单，我给您很多新来朋友讲讲内容。来这个位置加好了，加好了一号链接，现在可以直接拍了。故宫将紫禁城的将100个您不知道不为人知的小细节，为啥咱要了解故宫？中国有文明会客厅，朋友们。古人说了，择国之中利埃则这个国土土之中立国，这是中国为什么叫中国的由来。其次则这个国之中去立功，立什么功？就是咱们上有紫微星，下有紫禁城的紫禁城。这本书给您讲了100个您真的不为人知完全不知道的这些细节，朋友们随便给您打开一下看一看这是什么。大家说这可不是农家乐审美的这个乾隆烧的一个大慈母。您别看他长得有点丑，但是人家是相当牛。朋友们，世界上的享誉盛名了，为啥？什么青瓷、白瓷、青花瓷、釉里红，它全部给您集万千宠爱于一身。这样的收入水平，这代表什么？这就是国之重将，朋友们，这就代表咱们当时的工业水平。咱们世界最早的工业城市是哪儿？不是什么什么马可波罗住那个地方是哪？是咱们的景德镇。朋友们，这本书不仅讲故宫，讲景城，讲的更是中国的历史。您不知道细节，慈禧住在哪儿？朋友们，慈禧跟他这个光绪，就是他这个姐姐的孩子到底光绪怎么样，关系好不好？光绪管他是真的是叫姨还是叫爸爸，这本书里全部给您讲清楚了。今天还给您准备的什么是我们的一个特供版本，线上特供99周年带了55枚纪念章的版本们有宫殿的印章，有咱们这种克斯的纪念章，甚至连线下都没有的金轮滚轮张、银联张，还有咱们的狮子张，咱们的五脊六兽张，今天全部给您安排了。但是一个悲伤的消息，咱这本书已经卖了，这多少？9300多单了，四百多套就差四百多套了，时不我待了。朋友们，我马上要下播了，咱们要回家了，要过周末了，这两天我不发货了，所以现在是您下单的，是最后辣死的时刻了。如果您喜欢这本书，喜欢带这种印章版本，喜欢有点纪念意义的，不想自己一个人跑到故宫去盖章的，现在您可以给我报单了，报单量了。您要是想要，您跟我吱一声，扣个一，扣个知，扣个要啥的都行。我这个就是领会能力特别强,《紫禁城一百》
你扣了，我准备要上单了。这不是加完单以后，咱们也准备回家了，您知道吧？喜欢朋友们，咱们公屏上小一扣起来，十秒钟咱们统计一下单量，准备给大家上一下。咱们这个热卖9500单的人工手工，给您亲自一个一个盖章，盖55个章的紫禁城100了。对，朋友们，下好了给您备注那个龙门钢印，备注了。小号是我粉丝吧？呃，哦也不是，小浩哥，你这都跟我这待半天了，说真棒。小浩哥来两枚蜘蛛，给我小号安排上两只蜘蛛飞到你家好吧。朋友们现在只有一位朋友，只有一位朋友们，咱们就是一个铁血无情，就上单来这个位置好啊，就给在这方上一单。好，这上一单，一号链接这个位置给您上好了。讲解100个您不知道的关于紫禁城的故事，讲解100个您就是不知道的历史。比如说你这本书里连建筑带历史，你说这个故宫结构它为什么要是木质的结构？故宫为什么是三朝门？他寻的是什么礼？故宫里面不同的这个宫殿不同从哪儿是哪儿？皇后住哪儿，宠妃住哪儿，背后有什么故事？谁和谁谈过姐弟恋，谁一生一世一双人。真的有一个明朝的皇帝，因为他之前家里被那个万贵妃迫害，所以他后来就说我当了皇上，我就娶一个媳妇儿。后面就别说了，我就跟他一个人过一辈子，果然人家就这么过了一辈子。朋友们，这里面的故事你要想知道，咱们就是你一单没了这么快，朋友们就一个朋友要吗？咱们这个紫禁城100，咱们就是怎么紫禁城失宠了，被您打入冷宫了？紫禁城100个。关于不只是紫禁城的故事，其实您看到的是5000年的一个集合。朋友们5000年集大成，其实集在哪儿？就集在紫禁城这个地方了。今天这书是多少页？书是310 12页的。你们基本上每页你看都有这种非常漂亮图，而且是很多是手绘图。你说现在这个浮躁的时代，谁没事儿还给您画手绘图，去给您做书。这做书的这个人，赵广超老师，故宫一百，您可以查一下这个纪录片，分都老高了，这本书的一个分我跟您说也不低，看一下，9点5分走了，下次去看可以。这个非凡点了，关注的不错，咱下次接着看我来朋友们，看一下某瓣上9点5分高分，800个人给您打出。说句实话，这个书在我没讲之前他不畅销。但是我想说，您没事，就得关注一下我们这种直播间，给您真的推荐好书的。很多榜单上上说白了就是很难又叫好又又叫座，您知道吗？有些书吧你老看那个畅销书，我跟您说老跟臭题楼下洗你的洗衣液高不到哪儿去。咱们就真正看一下什么是真正的好书。时间的沉淀出了10年还能加印二十多次，这才是真正大众认可的,《紫禁城一百》
好说今天咱们这边紫禁城100，咱还给他抬点咖。咱们给您争取到的是99周年故宫博物院带纪念印章的版本，全部是官方进了宫去给您盖章的，每一个章都是咱们官方定制的。您别的地方您找不到，您说这种宫殿章、银联章、刻私章，还有甚至连青铜器的章，全部都给您准备上了。朋友们，今天这个带纪念版本的还是那句话，您看见我看着了。朋友们，因为咱们要下班了，下播了，周末两天不播了，价格也要恢复了。今天如果您对这本书感兴趣，如果您对中国历史，您对我们紫禁城里面的故事感兴趣，现在公屏上给我扣一个小一，咱们最后统计一波单量，准备给大家集体上单了。上完这波单，这个书也就是短暂先下场了。朋友们后面的朋友你想要，我也没有办法给你安排了。这个一直卷卷扣了一，一直卷扣一。罗老三关注了，我知道这个周五的晚上，大家都比较忙，比较害羞。你就关注我，就以为你是准备给我要一单。这个罗老三的小主给我的小主安排一下，为您服务是我的荣幸。三单，三位朋友，西小贝，那咱们就先三单，先拿上三单。好啊，来三位朋友，正好三位朋友呦。正好像罗老三很好，这个名字很好啊。这个结束了。来三位朋友，这个位置给大家准备好啊。来一号链接，一号链接三单上好了，您现在点开直接去拍拍了的朋友们，您拍了你也别走。为啥咱身为运营的主播，他们有点小特权、小惊喜、小秘密要告诉你，don't go，懂得go看一下。这儿没有非常漂亮的一个钢印的，钢印金龙闪闪发光。这个大金章今天您拍下，您跟我说一声，只要您是咱们粉丝身份，都给您安排一个好吧。一条小金龙隋淑发到你的家了，拍下的朋友们跟我说一声，吱一声，咱们这边给您备注了，每一个拍了跟我说的，我这边就给小主记录了，小主记录好像是不是我，是不是我粉丝，小主还没点关注，小主主打一个炸炸点是吧？炸回复炸我，我跟您说，就这个章，您可以点开链接看一下，9400套已经卖出去了，咱这个章一共就多了9500个，您知道吗？咱只能说先给咱们的粉丝安排，即使您是个小主也不行，咱得拿着粉丝的那个列表去申请去，所以建议您点一个，刚说完点个关注，小主还能实现吗？小主真是一看就是这一一点就通，一点就透。朋友们，大部分的朋友们，拍的朋友别忘了跟我说一声已拍，别忘了给我点一个关注。这边给每位朋友去宫里争取咱们的小金龙的钢章印章了。朋友们，三单拍完了，有三单拍完了,《紫禁城一百》
咱们这样，刚来直播间的朋友们，如果对这个书感兴趣，对故宫您一直都很了解，一直想去看看的，想听听我讲书内容的，您给我扣个2，咱们就给您进行一个认真的、深入的、地毯式的讲解。如果说你听了你叨叨了半天了，还要再顶。行，那行，咱发话了，咱们直接就给大家开奖了。朋友们，紫禁城一百上有紫微星，下有紫禁城。紫禁城是一个什么样的地方？朋友们，紫禁城105万平方米的空间，它其实是什么？中华文明的会客厅。咱们上下5000年文明的集合在哪儿？就集合在咱们的紫禁城。已拍，等会儿先紧急插播一下。他是我的粉丝吗？追梦的人不仅要追梦，你也要看一看书精神上的丰满。咱们这块儿左上角关注一下咱们家好书给您安排。而且今天您是我粉丝，我好拿这个身份去给您争取这个金龙钢印章。那你你说你要不打这个关注，错过了一个章，我痛心疾首。朋友们，直播间就32，朋友，咱们争取每个人都给服务好点了，关注的这个小金章咱全部给你安排了。朋友们行，那这个要给他们唠明白了，咱们继续讲读书。好的，为什么叫紫禁城100？它跟市面上其他想故宫的书到底有什么区别？朋友们，这紫禁城100是给您讲100个不为人知的，您根本不知道的小秘密。首先朋友们紫禁城您如果去逛逛，您发现里面宫殿极其所，这都是一种金马红墙。但是您里面有30%的供电，您进不去，您看不到，您不知道里面有什么东西。那30%听他就是你别跟我这泵数据，30%到底多少？故宫相传9999间房子实际考察8703年的房子，您乘上30%，2600间宫殿，2600间房子，您根本进不去，看不到，不知道里面有什么东西。随便给您打开一个东六宫西六宫曾经住过哪些嫔妃，背后的故事到底是什么？您根本就您都进不去，您说您怎么了解呢？这本书把这些您可能会遇到的遗憾全部给您弥补了。它是一种透视的这种方式去给您讲解这宫殿。咱们看一下透视它到底有多详细。你比如说咱们随便一翻。感谢我的这个前任们，咱翻的很好，翻到了初秀宫。您现在去储秀宫，你只能趴着玻璃看一眼。您说，这是慈禧太后驻地，这还没我们家床好看，这么点地儿我腿都伸不开。那真实的慈禧太后到底住的什么样的地方？他每天是怎么引起他住的？拔步床什么样？那床帘什么样？咱那个书全给您讲的清清楚楚，明明白白。甚至连光绪叫慈禧叫他亲爸爸这种事儿，咱都给您写的，里面写的清楚楚。就这种书达到这种程度，您需要现场没有用，您知道吗？因为现在我给你看看写成什么样,《紫禁城一百》
首先如火如荼全是人，人头攒动，摩肩擦踵。还有一个事儿是什么呢？现在这个太和殿、中和殿、保和殿它大修了，这宫殿都是十年一大修，五年一小修，您要赶上这个趟了，真的是就这本书你能看到里面内容，但是您却现场看不到。如果您对紫禁城，对故宫的文化，对咱们中华文明感兴趣，知道这些有什么用？雷达一个问题很好，但是咱们先搁置一下，我要想想我先给大家加一波单。朋友们喜欢这个感兴趣的朋友们，咱们在这个公屏扣1，我准备给大家加下单。咱们这个加单的这个一分别一分钟了，20秒的时间。回答一下雷达的问题。我是觉得首先故宫它是作为一个中外文明的一个会客厅。其实你了解自己家的文化，你背后其实什么？就是文化的民族自信、民族自强。你可能觉得现在这些历史我我我知道有什么用呢？他曾经怎么照耀过我吗？但是咱们把时间往后播就不到100年。在近代的时候，咱们经常会发生疑问，就中国这些东西是难道是不是落后的？我们到底是不是一个落后的民族？我们是不是人家口中的东亚病夫？我们文化是不是一无是处，不然我们怎么干不过洋人呢？其实我是觉得这些真正的知识，真正内涵，真正我们能够改变这个就是咱们和别人不一样的地方。其实就应该在这5000年的文明里，这些故事里面，您是可以真的是通过百年时间，您还能通过这些曾经的故事，曾经咱们文明灿烂的文化，您是能获得慰藉，获得光芒的照耀。您能和千年前的灵魂发生共鸣的这就是我的意义。就是人尤其年轻人特别容易迷茫，你面对迷茫说等等再打扰。我们应该先加单。朋友们咱们别你们迷茫了，咱先给大家加波单，谢谢。来朋友们，咱们这三个头关注我，我就当您是想要了，咱们就准备给他上单。朋友们这个位置点开链接，现在库存上好了。一号链接，一号链接。您今天拍下的紫金城100，不仅有我刚才说那么多故事，312页内容，十二开的一个大小，里面非常多详细的手绘图。手绘图其实已经证明这本书编者的一种对书的精神和认可了。同时今天我们给您争取到的是一个带着99周年故宫纪念印章的版本，有宫殿的章，有克斯的印章，有我们的这个乾清门铜狮子印章，有这么漂亮的金滚轮的印章。有朋友说说，你盖这些章有什么用？其实盖章有的时候我觉得也是怎么说文国人的一种无奈。就有的时候你想让我这个地方有点热度，你想让更多人了解自己的文化，你就得用一点比较符合时代的一些宣传或者营销的手段,《紫禁城一百》
我觉得这没有错，就是他肯定是为了让他的这个文明传播，为了让更多的人去了解咱们的中华文化，给大家准备了这些55枚，每个章我都能头头是道的给你讲它的来历，讲它的故事，每一个章背后都是咱们灿烂的中华文明。五十没章，全部是像我这样能说会道的，拿手能给您盖章的这种活人，给您一个一个的加盖，带着故宫的祝福。全部都是从宫里盖好了以后，四重防护，一层防护的这个防尘袋，一层纸板、一层珍珠棉，一层故宫logo的一个泡沫袋儿，四重防护为您发货的。现在一号链接，咱们还剩最后一单。对，55枚章是全的，55枚章是全的，感谢朋友们的关注，55枚章是全的，是新章。有一些说句实话，我也是北京人我不得不说我有一些亲戚就在故宫趴活。什么叫趴活呢？就是他自己攒点张去。来我这儿，我这没有排队，都是自己攒的章，没什么讲头，不是官方出的。他跟您说那些真不好说是东南西北，但咱这个书，朋友们，故宫出版社出版咱们的链接，您点开故宫出版官方发货，这些咱都给您保证的，就是非常脚踏实地，你知道吧？手工盖不是印的。小主你说咱对小主能有什么谎话，全部都是手工，拿着手拿着印章啪啪啪一个给您盖的。现场什么价？朋友们，现场咱先不说人多不多，现场您去了，因为我就是在北京。朋友们给您看一下，现场输196，现在旺季60块钱门票你得买。我跟您说预约好几周您才能预约上咱们现在门票。现在是暑假，您跟百万小学生抢票。还有朋友们，您即使到了现场，你得排队2个小时。我跟您说我们都特别保守，文化人说话特别保守。我跟你说那个什么估计大概齐。但是您看现场摩肩擦踵，人山人海，2个小时就是在您不上厕所憋的情况下，2个小时能排两年，那就是哎呦完了没拍到了朋友们没拍到了没有朋友们，没有，对不起，朋友们没有拍到的。咱们现在5秒钟的时间统计一波，没有拍到的朋友们，我真的是最后一次加单了，加单是不是可以回家了？加完了可以回家了。朋友们这个想要的，咱们也不要隐瞒自己的爱好了，给我扣个一，或者给我点个关注，我就明白了。这本讲100个故宫文化的，讲咱们中华文明的一本小说，里面的全部都是手绘图的、彩图的，甚至说还有您一些不为人，您现在去了现场都听不到东西带着55没咱们印章的。像一位两位朋友要三位朋友、四位朋友啊没拍到。那咱们还有这个喝粥五位朋友五单？朋友们这个位置给大家上好了，这是我们一号链接，这又掉了啊哈尔塔你这个一号链接给大家上好了，本周最后一次加单，最后一次上书,《紫禁城一百》
讲完这一波咱们就下播，咱们就回家。周六你看不见我，周日你看不见我，周一您再来。这本书就八月份才发货了，你又比别人晚了好几天才能拿到。别人都这个书滚瓜烂熟了，您还没收到这个书，还翘首以盼。现在是咱们七月最后一波，能赶上7月28号前发货的了，还剩两单，还剩两单。拍完我们就要回家了。当然回家之前你拍到了，你跟我说一声，我还剩一单，我有个惊喜还没跟你说，我给忘了。朋友们来惊喜说一下，就快下播了，这轮我们就那什么就是手松一点，拍下都跟我说了的。金色的，金色钢印金章小金龙，朋友们今天想买128块。对他有的，这不是平时就有的这本来老师手可紧了，说一个都不能放给你，这是我们日历的，我说不行，怎么了呢？我们周四给你卖了9500本书，没有点谈价的资格吗？这个找你必须给我的粉每人都配上一个随书发给您拍了的，跟我说说已拍，咱们这边给你记录上，咱就带着小金刚发给你了。还有最后一单，最后一位朋友啊，有这个名额拿走咱们的故宫一百，拿走咱们55枚99周年的纪念章，以及咱们这个特别申请的小金龙钢印，钢印金龙纹的一个金章，朋友们已拍。这个月西冉备注一下。好的，没了，没了。岳西染这怎么着？一共上了三单，咱们就岳西一位朋友一拍，那就是这一条龙给他备注上了，咱们就是认字不认人了，朋友们没打已拍的龙飞不到你家了，是感觉我像诅咒人，又下一单。小号可以，小号，咱们就可以现场拜把子了。但是忍住，舅舅都拍了，河州舅舅都拍了。那这几位朋友啊，四位朋友全部给我备注好，小金龙一条钢印龙纹直接发到他家。好，那我们就可以结束了。好的，朋友们点个关注。下周一我们还会接着给大家开播。没错，快乐每天记得给我们点关注。下周一咱们这个争咱们争取几点？下周一还是两点？好，争取两点钟咱们开播，下周一这个位置等您监督我们。两点不开播，直接给大家放。是啊这个福利左上角这个券，是这本书，是这是几号链接？对，是二号链接，不是可以带一下。好，谢谢你。来朋友们，左上角你就拍这个，这也是一个双开门，我们定制的一个书。朋友们，这个书说白了如果您不是周五，您根本见不着它，为什么呢？咱就周五粉丝特供的一个刷边的一个书，也是讲故宫的这个主讲历史，主要讲历史类型的。没错，百家讲坛的风格，喜欢您听我喜欢听故事的，喜欢说明朝那些事儿的，看一大明王朝1566你欲罢不能的，您就拍这个,《紫禁城一百》
他跟那个书中书版的大明王朝那种感觉，而且不止讲了明朝、元朝、清朝，全讲了600年历史，一直讲到12，一直讲都讲到52年了，讲到溥仪骑自行车回家了。朋友们，那这个就过了，快买买过了，补贴20元优惠券的。对，这个买过了。那这些那你他的这些礼物都有了，我就不多说了。他们买过了可以吧？其他朋友们买的赶紧下单。我现在只有倒数5秒，我要回家了，我要下班了。朋友们，错过的错过这个书的补不了，错过这本书的也补不了了。最后5秒钟，赶紧该付款，明天后天不播下播，价格全体恢复，全体上涨。,《紫禁城一百》
