﻿original,result
给你把整个唐朝由盛转衰和北宋这个北宋靖康之难时期的这种事情给大家都呈现出来的。藏书票有什么用呢？藏书票它是藏书证明，你可以这样说，上面可以写上你的名字，可以送人的话，可以写上寄语。它就是属于民国时期特别读书人特别钟爱的一种雅号，就像我们集邮的这种感觉一样。然后到时候您有其他藏书票的时候，你可以把它到时候都整理起来，买一个画框整体的裱起来。而且每一个参数票里面一定是有具体寓意的。你像这个是当时北宋赵昌的这个岁朝图，然后像这个是当时安史之乱当中的这个贵妃之死，这些名画给大家放在中，放在这个书里面夹着一起发出。没有了，我就给大家过掉了。可以再再问问。有再上了三单出来。行，我问一下30位朋友，有没有没拍到的，您可以打个一，有在想听讲解，您可以打个2，我给大直接讲，我也不说了，讲完下单。这一套汴京思维和盛世的崩塌是郭建龙老师一套非常畅销的书。畅销不是一个坏词儿，有的朋友可能会觉得说这不愿意跟风，但是这个畅销代表了它是经过市场验证的读者的共同喜爱，包括他的评分，这都是一个书的背书。然后今天我这个书，它是在郭建龙老师这套书加印了35次之后，给大家带出来的一个特装的限量版本。今天我这个版本是限量3000套的，它的内容之所以受大家欢迎，是因为它选择了历史上的关键节点。奔真正的就像是我们我们就是抓就抓重点。我们在看历朝历代历史的时候，唐朝跟宋朝是我们必是我们小的时候可能了解的比较多的，不管是从课本上面还是从影视剧上面了解到的。而真正由盛转衰唐朝由盛转衰只花了八年的时间，而北宋更夸张，只花了三年的时间。中间的历史事件一个是安史之乱，一个就是北宋末年的靖康之难。他这两个重要历史事件的前后因果所有的战乱纷争在这个书里面都是通过三个维度去帮大家做讲解的。您可以看到我这个书的副标题，它叫做安史之乱时期的政治战争与诗。这里面你可以看到政治史，可以看到军事史，还可以看到里面的文学家的历史。唐朝培养出非常多的这种文人墨客。当时大家看长安3万里的时候也知道，就是这些人物，他们其实并不是天生的文艺家，很多是这种叫做什么政治场上不得意，他们最后都是不得其用的那为什么呢？在这个书里面都会给大家深深剖这些历史根源问题，包括这个安史之乱的整个的部分，在这里面都有。然后今天我这两册书三口的刷边，您可以看到我拿这一个盛世的巅峰他举例子，天口是当时李白的上阳台帖，而地口的这个祭侄文稿是地地口的是颜真卿的祭侄文稿,《汴京之围》和《盛世的崩塌》
颜氏一家满门忠烈，当时是三十几口无一幸免。而这幅书法作品背后，它又呈现了一个什么时代背景？在这个书也会给大家呈现。环衬前环衬、后环衬都是独家设计过的，别有新意。拿回去之后细细的导览。然后这个梳子说一下它的价格，我们争取来了50套，只有这个五套了。今天就50套，我们45套都已经没有了。我们的我主播可以看到销量的五套，一会儿我给大家加完之后再想加我，今天就没有了，可能在明天来，如果有的话我才能给大家再讲。封顶价格这次是98块钱，这次是78块钱。两侧我今天给大家开的是138块钱礼139，139礼物我给你直接放在里面，是三项随手一起发出。我把五单都给大家上出来。来321上链接，一号链接上好了，刷新去拍。对，然后我回答一下问题，文哲当时卖多少钱来着？400 600 099599，599599刷边，然后也是限量发行。后面那套梵高莫奈不错，有链接是吗？行，等会儿讲，等会儿讲。我先把这个书5单就三单了。拍你我给大家先我这样我介绍完赠品，想要梵高莫奈的朋友，我拿来给你讲好吧，找一找好像不是那本梵高。那你先找着来给大家说一下，我这个说赠品，拍到的139价格。拍到的朋友们，你拍到不但是3000套限量的刷边版本，我还给你加赠两张地图当时的这种战争路线图和北宋唐朝时期的地理地貌，一号上了，一号上了，您先去拍着，终于有活泛起来了。对，然后要梵高莫奈的朋友，您稍等一下，我找找。好像不是那套。那行，咱这是新版的这后面这是老版的这话说到一半，地图有了，是不是还有两张藏书票，藏书票会放在我这个书的扉页，还不够。作者郭建龙老师的印章打开之后看一下这儿给大家直接印在我这个书的扉页上面。两本书都有，还有一个就是我们自己掏腰包给大家做补贴的帆布包袋。帆布包袋上面同样是李白的上阳台帖，给大家放在这儿。这儿还有一个李白亲笔的一个印章，没有上了。对，大家放心去拍。还没拍到是吗？我们一号链接您刷新一下，或者说您出去再进来看，能拍不？立即开售没点。来139给您19上了，给您上了，现在可以拍了。对，现在可以拍了。薄点的书，我想想大唐诗人信息图怎么样，你可以去拍，那就算你不讲，他也能看得进去。然后您看一下我们小黄车里面，如果给您谈一下，包括这种以画为主的都是不费妈，是这个意思。然后我的这一个书，我就给大家一号链接，那三单刚刚想要那朋友你去拍，我就给大家过掉了。礼品都给你备注好了,《汴京之围》和《盛世的崩塌》
我说了，没找到是吗？那梵高、莫奈我一会儿给大家讲，那个书我们云老师正在紧急给大家找。对，因为是新版，我记得不是后面那个。行，先我那我先给大家，我给大家回一个咱的敦煌火，好吧？我给大家接下来上一个我们中信自己的看家好书，这个书的价格可遇不可求。大家如果说一直想买一套敦煌的书，不知道怎么选的，我就建议您拍这一本，就是市面上讲敦煌的书。你看到有很多那种图册，有从敦煌的这种壁画去讲的。从壁画从敦煌的这个造像，从东方的历史角度去讲的。而我今天这个书是一个很难得的通史著作，他是我们中信出版集团去年的新书作者杨琪教授是清华美院的一位老师，今年已经九十多岁高龄了。然后他当年在清华美院讲课的时候，是其他各个院系学生都会来旁听的。他今天这个书致力于什么呢？写给大众的十四堂入门课，你可以看到打开之后，这十三热门课是从莫高窟开始讲起的。莫高窟之后的造像，你可以看到这里面的藏经洞、佛尊像、菩萨像、飞天像。然后他讲壁画的时候，佛传话本身化，经变化因缘故事化。你到了现场去旅游，导游也会跟你讲这些，而他只能讲其中的一个细节。而我这个书是成体系的给你讲出来的。你到了现场如何去欣赏敦煌，他都给你一个可实操的步骤。从这个远眺莫高窟到欣赏里面的彩塑、飞天壁画，以及里面的音乐舞蹈建筑，还有了解里面的世俗生活。我这个书全都讲到了中间的所有图片，你所看到的很多都是来自于特殊作品。特哭的意思就是你到了现场时机不对，他不一定对你开放。而且你到了现场是没有办法拍照的，因为就算我们不拍照，敦煌壁画有一天是一定会消失的，自然的风化是不可避免的。也因此我们国家在进行这个数字敦煌的项目，现在已经已经采了这一百多个个哭了。然后今天我这套书里面是在专业设备的保护之下，由敦煌研究院的工作人员给大家拍摄的。放在这里面之后，给大家插入详细的讲解内容，同时把整个敦煌的千年流变之路给大家放在后面，让你知道何时兴衰，何时衰落，就是何时兴衰一个词就概括了。来说一下它的价格，138块钱。我们给大家今天开的这套书，网络上面平时控价99块钱，一分不降。我现在给大家搜一下，就是今天这一套书，我们直播间敦煌给大家开的这个价格，就是我们直降30块钱，69就给大家开出来。大家可以看到我刚刚是现搜的，对不对？打开之后大家可以看一下，99、135、94，这是满屏的价格,《写给大众的中国美术史：敦煌十三讲》
我们今天直播间69，我们中信的书从源头直播间源头的仓库给大家直接发出一号链接，这个价格是福利了，我给大家多上一点，直接上五单。来321上链接，一号链接五套给大家上好了。对，五套给大家上好了。拍到的朋友您回来打个已拍，我给你备注好啊，从仓库里发出的时候，我备注加固包装的八角间带塑封。不管说是您马上，因为确实暑假要到了，我不知道我们直播间是家长多，还是说自己看的多。敦煌是一个热门的地很热门的地方，然后大家要去之前，如果说去之后还没有做好功课的话，这个体验可能不会那么好。而我今天这个书通识课，给大家把所有的内容一一讲解出来。还有一单了，是不是五单？四位拍到朋友，您回来打个已拍，我给您备注好这个书，包装额外加固69是3方底价。我们自己的书，所以说我们的价格价价价位我们心里都有数。如果你在外面拍到更便宜的，这是不可能的。其实就是这样，因为你想我们都拿不到这个价格，家人都能拿到，除非他自己做补贴了。然后我们都给大家备注好那个包装，我就准备给大家过了。对嗯对不对？对，大家过了。然后这个是不是还有？我想想咱是不是能换主播了，我跟您说一件事儿，梵高刚才我没找着，但是您去拍，它新版的比梵高比我们摆的这个还要好看，还要好看，你知道吗你知道吗？新版的，九十九的价格，你放心去拍。我这是旧版的，比这个还要更加精美，赠品也会更多。来，我这套书给大家介绍一下，先给我放放着放着。没有，有链没有链接，真是好笑。来，四大名著再说说说说来来来四大名著叫小小万。来这一套四大名著加长版本的，家里有没有还没买过四大名著的？我跟您说我们卖书的，看过的版本太多了，就是各种各样版本。四大名著当中我们会致力于帮大家选出一个能够满足不同的读者，不管是你是初读三明著，还是资深的四大名著爱好者的共同需求。这个数值但凡它有价格，我们就会推荐这一套。如果是它没有价格的时候，我们才会推荐其他版本的。您可以看一目了然，它很漂亮。而这个书的版权不仅仅是四大名著的原文，而且还是它里面的批评内容，再加上我这个书刷边的国画大师的共同加持之下才能够带来的。今天这4册书大家可以看到它的书籍部分，直接给大家呈现了它全部都是名家批评著作。而这些批评家他们都是跟作者同时代的人物。四大名著能够被我们熟知，比如说像这个三国演义，我们清代以前流传的这个三国版本非常混乱，是毛氏父子毛宗冈批评过后才出现了演进出来了我们后来所看那个电视剧版的三国演义,《写给大众的中国美术史：敦煌十三讲》
而水浒传也是金圣叹点评的版本，被国史大家钱穆先生称作是不读金圣叹网读水浒传，就是你不读金圣叹点评的那你就相当于白读。因为真正我们看水浒传，其实是看的是我们中国传统文化当中仁义礼智信的部分，还有就是我们的这个红楼梦，红楼梦必须是知之晏斋点评的版本。吱晏斋有人猜测她是雪芹本人，不然的话他在里面做点评的时候，她怎么能那样了解当时清朝的这个时代背景，以及当时曹雪芹个人的身世经历，在讲解过程当中打开之后，大家可以看一下它是如何呈现的。这个批评内容大字原文，红色的小字是注释，就是批评内容有侧皮，有夹皮，还有文前文后这种双栏设计的。回前回后批给你，致力于把红楼梦当中整个清朝封建社会百科全书内容呈现出来，以及里面所有这个人物形象的刻画。他这里面所给你点名点点出来的是后世的四大名著流芳流芳百世。他后世的各种文学作品分为效仿的那种文学形象刻画笔法，他都给你讲出来。还有一个就是我们的游记了，你要看李卓吾先生批评的这个版本。李卓吾先生原名叫李志，他也是一个时代的悲剧了。可以这样说，当年黄仁宇先生在万历15年还专门用了一张去讲我们这套书的批评作批评家。李治先生，他给你讲出来的这个西游记，不同于我们小时候看的表面的妖魔鬼怪，你看的是西游当中九九八十一难的内容，看的是里面的儒释道精髓。而今天这4册书，除了批评以外，你还能够看到所有的画作，金协忠先生绘制的空城计，戴敦邦先生绘制的替天行道。这都是我们在8几年9几年看的那个老版电视剧的所有的服化道背景来源的里背景的那种灵感来源于更厉害的是孙温先生绘制的红楼元妃省亲。这幅图是国宝级文物原作藏于大连的旅顺博物馆禁止出境展览的上一次，还是二十多年前被国博借阅的那一次。孙文温先生是清代人，他花了36年的时间，花了36年的时间绘制240幅红楼，这是工笔画，咱传统的了解古典文学的一个切入口。直接给大家做刷边。我这四册书您可以知道它为什么价值在这儿了，它为什么价格也比较高。它的封底价299，网络上面你可以搜一下，单测的话2991分不降，全套的话是599。599也是我们平时的售价，没有什么竞争力。而今天这个书我们不是说了，只要有好价，只推荐一套四大名著，就是这个版本我们直降100 4994993499这4册算下来单册只要125 5块钱。来一号链接，这套书给大家加三单，321上链接，一号链接，三套给大家加好了,《四大名著（含名家批评）》
对，三套给大家好了，就是我们拍到的朋友，您记得回来打个已拍。我三套有三套加了就剩两单了。我跟您说，我们会给大家在这个书的基础上，再给大家加赠一个我们的中分式的书盒。这个书盒获过国际大奖的，它跟我们那个书里面的批评内容，和我们这套书的书内外双封里面的颜色保持一致。这是西游记的您看到的这个李卓吾先生批评版本，这个西游记他的批评小字批评给大家用的是这个古典紫的配色。给大家做装帧的时候，它是这样装上这个盒子，你拿回家之后也可以当那个摆柜，或者是当储物盒都可以。整个这一套书我们之前有拍过的朋友回去之后有去分享，给我们分享它的摆柜效。我给大家看一下，当时你拿他拿回家之后，如果您有空的时候可以拿出来读一读，没空的时候摆在书架上是什么效果，非常壮观，就是每一本都是带中分式韩盒的，到时候您就可以这样摆在你的书架上面，就是不读的时候，他在书柜上也自成一道风景。上了三单，还有一单，对吧？两位朋友您记得打个已拍，因为书比较重，我给你备注额外加固包装，每一本的塑封书盒外面再有一个整体的大箱子给你发出的。第三帝国今天没有瑕疵，输了也看看有没有呗，让他自己。行行行，九号链接已拍对不对？谢谢鱼鱼，在这么少的人你还能支持我们，您点个关注。以后点关注什么意思呢？帮助负责大家的这种处理售后问题，谢谢你点关注。就是本身书，我们说说实在我们直播间真的很多大哥大姐很有钱，就是咱卖那几千块钱的书，拍的时候也不眨眼的。但是我们对于大多数人来说，你花500块钱买一套书挺不容易的。大家收到之后一定不希望有磕碰。所以说我们拍到的那个朋友，您点了关注的后面任何售后问题，回来直播间都帮大家负责到底的。从物流从包装上面，但是这个是不应该出现的，1‱的几率。但是您点了更好的找到我们。对，点了之后可以到时候方便刷到我们直播间。对，然后我们的这个加强版下名著还有一单。我再跟大家说一下这个价格，499，是我们上周时候江苏书展的那个价格。这套书出版社大家可以看一下，是江苏凤凰文艺出版社。江苏书展是不是它的主战场？当时是给我们开到了这个499的价，我们得到这个消息，第一时间就赶你买到库里面了。当时一共是买了大概100套，然后买的这些从上周到现在为止，我们库里面只剩最后的十几套了。然后开播到现在开始给大家讲，今天几乎就已经快售罄了,《四大名著（含名家批评）》
现在拍到朋友们还是499之后再拍的朋友们，这个就是我们的日常售价599，我们就一般不拿出来给大家推荐了，除非有朋友问没有了，都没有了是吧？我这一套加强版四大名著，我再问一下大家，是想以499价格拍到了，还改还成为我们粉丝团成员了，谢谢您。还想以这个价格拍到的朋友，您打一出来，我给大家再加个单好吧？对还想听我们再讲一讲的，在公屏上说一下好吗？对，好的，来还想再听讲讲，你也可以打个2，为啥再讲讲？想直接这就是观众们的声音，都传到都突破三维了。你我这样，给大家直接加单，没有朋友回复我，我先就有人回复你，现在先加单，我听大家的声音，来先加单，来先加单，加仓反杀明珠一号链接，再给大家加两单。来499，这个价格我强调一下，4994册不是单测，它单测299，就是299单测加100块钱的价格，全套都带走了。来321上链接。三套，上三套我跟大家说一下，我把那个北大看到二号，您可以看一下，现在是四百多了，讲不了了。朋友啊，你是讲不了了。咱们北大然后498，然后到四大名著也是，我们价格一一调，销售完了就是一个599的1个价格要销售。对，我们都现身说法了，大家看我们二号链接，那书刚刚开场我们讲的可开心了，200 09499798现在没价了。这个在四大名著也是一样，尤其是四大名著更为大家熟知一些。然后今天我这个书四册，你看到的这个刷边，包括它里面的批评内容，这都是需要版权的。而且这个书当时就是说哪两个出版社如果能拿到这个书，不论是刷边也好，里面的批评内容版权也好，它一定会成为看家书的四大名著。你说现在流传有这么多的版本，对吧？真正能够满足各大大家各种需求的也就是这一套了。因为你要看原文，这个书里面除了西游是100回以外，其他全都是120回。这就是咱的四大名著的祖本了，是所流传的祖本了。同时它里面是在原文半白话的基础上，给大家加了名家批评。半白话是给大家保证好原汁原味。名家批评是帮你点名主旨，读得懂读者的，是读得懂这个作者的深意的这四位大家可以看一下知砚斋点评的红楼梦，她被称作是了解曹雪芹排这个位置的人，甚至有人推测她就是曹芹本人。她在批评的过程当中，把当时整个清朝时期的这种封建社会的形态，以及关于里面所有这个人物形象的刻画都解剖的淋漓尽致哈他尤其了解曹雪芹本人的是的这个身世。还有就是我们的毛宗刚先生批评过三国。你看完这个批评的内容，你才能够真正了解到三国,《四大名著（含名家批评）》
其实我们看的是谋略，看的是阳谋阴谋，看的是里面所有的人物英雄的部分。还有就是包括这个三国，你说清代以前的版本非常多，是因为毛宗刚父子批评过后，我才出现了后来我们所看那个电视剧版的三国。还有就是我们的水浒了。水浒必须得是金圣叹先生批评过的国史。大家前面说过，不读金圣叹枉读水浒传，就是你不读金圣叹点评版本相当于白读。真正看水浒传看的是里面我们中国传统的文化，仁义礼智信的部分，还有就是我们的西游记了。小时候看个热闹，老少咸宜，大家看个妖魔鬼怪，对不对？我们记得我小时候跟奶奶看，但是今天我们看西游记，随着人生阅历的增加，我们看的是背后九九八十一难，分别影射我们的社会现实当中哪些部分，以及你看的是背后的儒释道的内容。我今天这个书原文半白话加名加批评，再加介绍名家插画给大家做这个装给大家做装帧。今天这个书所有的画作我介绍完给大家上单。新协忠先生的空城计以及戴敦邦先生的替天行道，这些画在拍卖会上都是上百万元成交的。而更厉害的是孙温先生的这幅画是国宝级文物，原作藏于大连旅顺博物馆，然后它是平时不对外展出，而且禁止出境展览清代的人物哈他花了36年的时间去绘制240度伏红楼，直接把袁飞景清给大家，用喷绘工艺做在这个数字出口上面。你所看到的是当时我们看的那个电视剧版红楼，里面所有水榭楼台以及人物服饰的灵感来源。我今天这4册书有刷边，有原文，无删减，还有批评内容，还是我们的这种获过国际大奖的书盒包装的价格，单侧封底价是299。然后我们给大家开的这个价格，就是你在外面开看的话，单测就是299，一分不降的。全套的话便宜一些是599。我们今天直播间，我今天这套书给大家开的这个价格是499。那三个眉毛49934994册，就是等于单册只要120多块钱。我们给大家一号链接，再把这个江苏书展的遗留价格给大家上两单。知道了两个，我们佳瑞就要下播了。来一号链接，再补两单。来321上链接，一号链接给大家。上好了，刷新去拍。对，刷新去拍人海绵宝宝都出来了。来给大家说一下我这个书的包装，双开门的韩盒，每一本都有它的颜色，跟我里面那个小字批评内容保持色调的一致，而且拿回去之后随便摆柜，这都是我们读者的评价，很漂亮。平时有时间的时候拿出来读一读，没时间的时候放在书柜上面，也自成一道风景。我就给大家过掉了两单，恭喜拍到的朋友们。499这个价格可遇不可求，平时只能以599价格拍到,《四大名著（含名家批评）》
我们这个库存里面卖完之后就恢复平日常售价。对，我们可以换主播了，那个发给拿上来。好的，给大家好久没讲了，给大家倒了唠嗑。后面就是这个待会儿我先拿，那你先拿，接下来要给大家上一套新书，人民出版社的书。人民出版社是来上个福利。你刚上来不行，我不上，我就要上它。行，你就抱过来。行，你就抱过来。而且要跟大家讲个事儿，这套书的书封我找到了。人民出版社是和1921年，大家知道1921年发生了一件开天辟地的大事，然后就在那一年的年底，人民出版社诞生了，然后人民出版社他当时的这五个大字还是教员题写的。所以他们家出的书很多都是其他的出版社出不了，因为他们家能够拿到这样授权的一个系列的书。今天帮大家上这个全9册套装，我就跟您说一下它为什么会出版。它是当时献礼了反法西斯70周年那一套书。反法西斯胜利70周年那年还大阅兵，大家记得就那一年抗日战争胜利暨反法西斯胜利70周年大儿子献礼书。声音太小，别嚷嚷，陌上潜水现在声音可以吗？你也可以把音量开大点。我接着说再说，我接着再说。这个就是当年那年大阅兵的时候，反法西斯抗日战争胜利70周年当时出的一套书，为什么要出这套呢？第一，先跟您说一下，我们确实从咱中国抗日战争胜利之后，一直到世界上，对于中国在国际战场上的地位，其实是很少有人所提及的。这套书就是为当大家展示以及为全世界展示中国在反法西斯战争当中所付出的努力就是这套。而这套书给大家看一眼目录，先给您看一下它的标题，像这本反法西斯战争时期的中国与世界，太平洋战争爆发后的国民政府。来这大家一看就知道，很少有书能够写到它，光是很少了，确实没有书能够触及到这个部分。但这是人民出版社，所以人家敢写。包括这个跟大家讲的也是国民政府的外交，以及这个跟大家讲的是苏联对华政策。大家看一下，苏联对华政策不光跟大家50年代前后的故事，以及50年代之后一直到60年代我们关系搞僵的全部的过程，以及苏联在战时的时候是如何虎视眈眈惦记着内蒙的，惦记着外蒙的，这些事儿都跟大家讲，以及当时新疆差一点也被夺到了当年一战二战帝国主义的手里。到这一本讲的是战时的对华政策，这里面还有宋美龄的片段，就是这样帮大家写的。每一个国家和中国的外交关系都写了，以及中国在战时当时在战场上的地位都会有一些书写，包括战时德国。您知道当德国当时是支持汪伪政府的吗？这个事儿教科书里不会写，我们这套书里会直接帮大家写,《献礼反法西斯胜利70周年（全9册）》
还有当时的伪满洲国，德国都是支持的，以及中国与世界反法西斯同盟。一个是九侧装朋友，这九侧庄帮大家打开看一下，里面是给大家带地图的，带大字的。下面所有的注释是中外和谐的注释。这套书不光是写给咱国人自己看的，是写给全世界看的，告诉全世界中国在反法西斯战场上面的胜利，以及当时的贡献，以及20年、30年代、40年代中国在文化思想和战争当中所做的贡献。今天这套系里说朋友他就是够数的。我们今天直播间就这15套，为什么只有15套？因为我们直播间比人民出版社老师的官网卖的还要便宜。我们看一下官网的价格好不好？大家准备好了，从官网的价格给您看一下，今天我们是直降了百元的，608块钱。朋友608，608这套献礼书，这套你拿回家之后，你可以一直保存，一直保存。因为这套书就是讲新中国成立前后的事儿，讲的就是中国在世界反法西斯战争，在抗日战争当中所做的贡献的事情。就是没有这些东西，没有之后新中国的整个的故事。一号链接直接帮大家上先帮大家上三套出来。我跟您说一下，这三套我们直播间的价格是四百多，刚网络上六百多对吧？对，网络上六百多打了折的。今天在我们直播间，我5折400多直接开价，直接现货发货。硬壳精装献礼书，每本书都带好塑封321弹链接，一号链接，朋友去拍。有的朋友总觉得那会儿的时期的事儿，离我们很远的其实也不过百年。而且很多朋友是觉得说这些东西怎么可能会写呢？没有人会写，有人会写，只是说只有特定的出版社能出。就比如说现在看到的人民出版社，只有他们才能出这套书。拍下的朋友麻烦打一下，已拍，这是人民出版社的书，我们一定会为大家做好售后的。为出版社的老师给我们加了这15个库存，说可以在讲解期间我们单独售卖一个限时的价格。等到我们下播之后，这套书就不再有这个价格了。人民出版社反法西斯战争的全部的系列，跟大家看一下，一共是9册装，包括当时中国和国外外交的故事9册记这位朋友一共是9册装，九册装，而且每本书都跟大家做的是这样的，十六开的大开本可以平铺阅读。硬壳精装的书里面打开之后，再看一下大字版本，里面的注释是有中文还有英文版本都是有的。然后看一下我们的腰封，给大家看看。这全是极限词儿，没法念了，大家自己看。国内外，然后全面系统论证中国战争在世界反战争中的地位与作用的长卷著作，您去看一眼，最什么是学术水平的话，你就净读，那不让读,《献礼反法西斯胜利70周年（全9册）》
我这是是中国历代战争史，他还真和这朋友还真会问咱这个vvv，他和这套书是一个出版社，但那套书不再加印了，吴国清老师写这套书不再加印了，这套书现在还有少量，你现在想要你就拍。所以战争史现在还有没有？没有，他说应该是那个的战争史，那不是咱家的那个这种，真的吗？我的妈，对不起，朋友所有在直播间问真的吗？这个老师我都有点觉得有点受侮辱，我们干嘛说假话？但是我可以跟大家透露一下，其实太好了。因为你买过是吗？其实淘宝上它是有卖的，但是卖的他们家官网跟我说的是不给我们链接，是因为凑不出来那种大数了，凑不上，也就是五六套。但是看来他真的是收藏了。不对对对对，就看中人民出版社，中国战争史694块钱。当时他们家还卖五百多，我们家是4884多，反正就是四八几卖，朋友现在已经涨到694，这套书也是好东西，朋友没有，这三套没有了。咱这样，咱刚才记打了一盘，还有哪个朋友拍的，告诉我。历代战争史我跟您说一下，如果您说的是弯弯出的那一套，我们直播间可能还会有，一会可以帮他找找。中国战争史那一套是肯定没有了。人民出版社吴国清老师写的官方认定那个版本，就是前面还写了为了纪念校园那套。我接着跟大家说一下，这套相当于刚上三个库存没有了。我们现在还有12库存，人数在线不是很多，所以我们并没有放太多库存，如果大家有需要可以继续告诉我们。我再跟大家说一下，这套书是当时反法西斯战争70周年的时候帮大家上的这套，当时出版就是为了去向全世界宣告，说中国在国际战场上，其实当时是有突出的贡献的。而这套书其实对于我们国人来讲，这是对于世界的影响力。对于我们国人来讲，这套书真的值得收藏。我们以前在课本上看到的30、40年代的中国，我们看到是相对被动的。我们知道当时是包括八佰这个电影里面演的。你所有当时的这些储备和所有当时当局想要争取的一些权益，都是希望西方人可以来帮助我们一起去抗日，一起去做反法西斯的战争，一起做同盟军。但实际上我们自己是付出了很多的心血，付出了很多的精力，付出了很多的人力的。今天这套书就是这么去证明，你就会知道为什么1949年这个节点会建国。所有的事情都会跟大家去讲，以及再跟大家看一下这个部分。你看我讲的时候语态皱眉头，就害怕我们那个什么，他被判罚没关系。来再跟大家说一下反法西斯战争时期的中国与世界,《献礼反法西斯胜利70周年（全9册）》
这里面跟大家讲的这个地方，太平洋战争爆发前的国民政府的外交，外交部分包括宋明宋美龄女士当时的外交，这其实只是我们现在所要想想八卦的时候外交的很细微之处之一。其实当时有很多的外交政策，这套书里都会帮大家补充。比如说大家可以看这个广田三原则的提出以及教授的过程，包括国民政府整个的历程，写出二战史。这套书是以中国的视角写二战。但是以前我们看到二战史，梅梅老师梅一天就我们老朋友。以前我们看到二战时主要讲的是二战的战争，对吗？这次跟你讲的是整个二战的国内和国际环境，战争只是这里面的9分之1。你看这里面讲的有太平洋战争的部分，同时讲的有战时对苏联以及对华政策。就讲苏联一开始他们特别想惦记他的内蒙外贸，当时还签了一些不平等的协议，包括当时新疆的领土的部分。这套术语都会写，就所有的战争的爆发，就前后的因果都会告诉你，以及很多的外交的一些历史资料，包括像这个战时德国，这本书里会告诉你为什么德国当时纳粹其实是支持伪满洲国的，支持汪伪政府的。这套书里面都是有涉及，打开之后一律是大字版本。下面这所有的注释，海内外的注释都是有的，所以下面你还是能看到一些英文的部分。整套书今天九瑟庄朋友人民出版社出的，1921年诞生了出版社。他的题字这五个字儿都是教员写的，官方出版社。所以说反法西斯战争70周年大阅兵那年出的这个书的献礼书，只有他们家能出。以及他们家出的这套书，今天在我们直播间是限量的，给大家做了好价的。我们给大家看一下人家人民出版社官网的价格，跟大家对比一下好不好？给大家我们对比一下价格，对比一下价格。然后稍后小马跟大家看一下这套书的一个获奖的形象，好不好？给大家看一眼。我们平时销售是638块钱，对，官网是卖608块钱。朋友啊，今天我600不要了，五百也不用，490也不用，470都不用。朋友，所以是460多。给大家看吗？我忘了我今天晚上是你给我438，438，你看他这是438块91号链接好不好？先来，三个，给大家继续上一下单量。今天拍下这套书的朋友都是限时好价，您放心，这个价格一定是底板价。人民出版社的老师人自己给我们保证的。一号链接已经给大家弹出来了，再继续跟大家说一下，拍到朋友们第一是底板加第二这书真值得收藏，真值得收藏。因为你能看到的这个二战里面所有历程，首次专门写以中国战场为主角的这么一个角度的。而且这个战场并不是只写咱中国自我陶醉，是讲中国和世界关系的,《献礼反法西斯胜利70周年（全9册）》
所以这套书不光是为全世界秀肌肉，在70周年的时候告诉全世界中国在近代所做出的努力，同时对于我们自己人来讲，对于我们国人来讲，这套书是一定值得收藏的。另外这套书再跟大家说一下，当你自读的时候也非常方便，一律大字版本平铺阅读，而且里面帮大家做的所有的注释，是中外合集的一个注释。今天拍下的朋友们还一律帮大家做到现货发货，帮大家保价的一大套书，好不好？然后我再跟大家说一下这套书的一个属性，一共是全9巻，您可以看一下，里面跟大家写的是国内外第一部全面系统论证中国抗日战争在世界反法西斯中的地位与作用的长卷，以及后面写的这个地方。本书研究成果荣获教育部高等学校科学研究优秀成果奖。这套书就是一个横空出世，有背书。朋友，是的，然后我们这套书就帮大家过掉了。今天拍的朋友们，这套书第一是比网络上官网要破了二百多块钱的价格。第二今天拍到的朋友们，我帮您保证新书硬核精装带塑封现货发货。麻烦拍到的朋友打已拍，我们就给大家讲下一套了，好不好？我们把郭建龙给大家上一下，好不好？给大家上一下我今天的新书。来这个新书，咱刚才看的是咱中国的近代历史，接下来想要跟大家讲的这套书，就是咱中国必看的古代史的两个朝代。我们想要去看中国典型的历史的时候，你首先要看的肯定是宋朝，然后就是唐朝或者唐宋，哪个优先级都是可以的。因为唐宋在我们看的时候，第一我们说现在的中国的服饰不叫中装，叫唐装。唐朝是中国走向世界的一个文化图腾，而宋代就是咱中国当时GDP的一个巅峰时期。而这两本书跟大家说一下他这两册的一个内容。首先跟大家讲的这个盛世的崩塌很绝。他讲唐朝她不跟你讲武则天，不跟你讲唐太宗，不跟你讲开元盛世，他跟你讲谁？他跟你讲的是由盛转衰，是讲从开元再到天宝，天宝过去后安史之乱这八年把整个唐朝搅和之后，之后又如何续命，讲的是盛世的崩塌。这本书讲汴京之围谁为了他，辽金西夏为了汴京。也就是当时在整个宋代的时候，我们说经济上和文化上是空前的繁盛，但是在同样这个时代里面，确实有很多的少数民族在侵略，而宋代为什么在军事上如此的衰弱？这套书跟大家讲的非常清晰，这套书内容很绝。因为在视角上面给您看的轴承转衰，任何一个盛世我们都需要看这套书。而今天更绝的是这套书里面所有的内容特别像纸上清明上河图。朋友他里面跟大家讲，就是用现代视角去看古代里面可能当年一个老板的算术，或者说他们一个票根就能成为这套书珍贵的历史史料,《汴京之围》和《盛世的崩塌》
再帮大家看一下这套书里面的一个刷边，一个还趁打开之后，每本书里面都是有环衬的，都是有彩图的。这些图片不光有这个时代宋代和唐代的名家画作，还包含了里面的一些地图。因为大家跟大家讲了很多是涉及地缘政治，所以一定要帮大家做地图系列。另外这套书郭建龙老师的书汴京和盛世崩塌这两册书网上卖非常好好到什么程度？加印了35次。朋友您可以看一下近两年的书籍，哪套书能够加印35次？也就是说在他卖的畅销历史当中，有34次超过了它的历史销量335次的书。这个书为什么这么好读？首先刚刚跟您说主题好，另外这套书的作者叫郭建龙。郭建龙老师他本身就是一位非常著名的记者。记者讲述好处在哪儿？我的内容有严谨性，我的内容是有考察性的，但同时我写的所有的内容都是具有趣味性和话题性的，不会像专家学者跟你讲的一套书，你觉得很好，内容很权威，但我读不进去，不会出现这样情况。另外，今天因为这套书刷加印了太多次，就有他的读者说，希望这套书可以做一个限量特装版，这样的话就可以进行收藏了。来跟大家看一下，天地出版社说了，说我们这个书卖的好，但我们卖的是内容，我卖的不是刷边，所以只给特供给喜欢它的读者刷边，一共只做3000套。听好了，朋友今天买到我们这两次的朋友们，一共全球3000个名额，限量好数绝版好书。你拍下的朋友是有收藏价值的。另外这套书看一下我们的天口，侧口地口都有刷边，每本书打开之后都有彩图，还趁另外今天拍完的朋友，每本书里面还都带一个单独的小签章，这是现在全球限量300套带的签章，以及今天拍下的朋友们，还有什么我们今天来直播间拍下的朋友，还有一个帆布包袋，还有一个盛世崩塌的专属礼盒，帮大家看一下。在这儿盛世崩塌的专属礼盒里面有一个四面的海绵垫片帮，大家做磕防撞设计的。从现在开始拍到的朋友再跟您说一下，我们是网络好价，139打折价格，这个价格是不会变的这3000套卖完之后，这个价格不复存在。一号链接先帮我上三套出来，好不好？321弹链接，一号链接三套给大家上好了，一号链接帮大家弹出来了。我们就是说这种书如果是有特装限量属性的话，最好它上面是有说明的。我给您看一下这个书，它的封面上，它这个礼盒上就写了特装典藏版。所以无论你是送人，还是你去自读这套书，你自己收藏和送人，它都是有自己的礼品和仪式感属性。另外今天给大家打开看一下，里面还会给大家做一个这样的三面包装的海绵垫片，这个是会给大家做防磕防撞脚的,《汴京之围》和《盛世的崩塌》
另外今天拍下的朋友们还有什么？还有今天两册书，给您看一下，都是跟大家做了一个限量的刷边。打开之后每本书里面都还会再给到大家一个专属的小印章，就是今天拍下的朋友们都能给大家带到的机制。这是今天拍到这两侧装郭建龙上下两侧给到大家所有机制，拍到的朋友麻烦大家打一下，已拍我们会帮大家做好限量备注的，一共全球只有3000套。这个书汴京之围和盛世崩塌这两册书是用现代的视角去看古代。你看古代的时候，以前我们看大量的书，都是跟你讲哪一年发生了什么事情，以及讲帝王将相的故事。这些故事我们是需要记住，但是你很难从中得到历史教训。这也是为什么我们总是觉得历史是历史有研究性但没有趣味性的一个原因。而这套书趣味性第一话题趣味性我不跟你讲圣书，就你讲由盛转衰，蒋安史之乱，讲汴京之围，讲宋代的衰弱白桥。以及这套书的讲书人写书人郭建龙先生，他的作品是畅销海外的朋友。因为他的这个作品里面有很多西方的一些写书的视角和论点，就像你在看的时候完全是兼容并包的一种状态。而整套的两侧装，今天让大家拍下的还是一个特装版。特装版打开之后，首先是一个经典的环衬，再打开之后里面会帮大家做一个专属的大拉页。这个大拉页里面是有大量的地图出现的，因为这里面还会跟大家讲地缘政治的性质，并且再打开之后，每本书里面还都会有一个单独的小签章，一共是两册，上下两册。今天的价格是给大家做的优惠价格139，拍到的是三面刷边款，以及一个专属的盛世崩塌加变形之围的盒子。并且还要再跟大家说一下这个包，今天拍的朋友们都有。因为本身老师说这个书的首发期已经过了，我们说句实话，之前确实把这个书忘了。本来以前是送包的，现在说是不送了。但是我们这儿只要愿意自采，都能给大家送。所以你今天拍的朋友是有包的。明天拍这个事儿我得下播之后我们再商量一下了。看明天是不是就不能给大家送了。今天拍肯定都是有这个包的。这个包给您看一下，是李白的上阳台帖，上面跟大家写李白亲笔四个字。来吧，一号链接再帮大家弹一下，今天拍一定是有包的，今天拍一定是有礼盒，带刷边带签章的，全球限量3000套的实物。来321弹链接，来一号链接，朋友们今天去拍肯定是有包。是的，今天拍是有包的。后生小子问北大，北大确实开不了了。朋友我们这个都是跟大家实打实的说说能开的时间是有限的。这会儿价格是确实不让上了，这套书目前价格还能上,《汴京之围》和《盛世的崩塌》
所以你要想拍的话，现在北京之围这个上下两侧装，包括这个盛世的崩塌，非常推荐大家现在还是去可以去买这套书。另外也跟您说一下这个两侧装，想看历史教训的，想看唐朝和宋朝怎么由盛转衰的，想要在当下的盛世去吸取历史经验的，就去看这两册。而这两册很好读，这两册是郭建龙老师的书，是记者的笔触跟大家去讲历史的一套书。打开之后很漂亮，适合送人，适合收藏。因为它首先跟大家做了一个精美的环衬，而且你把这个书外套还打开之后，朋友里面也是硬壳精装的，两侧都是这样。你不喜欢外套盘的朋友，你就把那外套还拆开。反正我个人就是一个不太喜欢读书的时候外逃函的人我觉得累赘。这样颜值也非常高。而这两套书拿回家之后，全球限量3000套，你拿到就是全球读者的3000分之1，三年的刷边天口测口地口里面还带了一个纪念印章，这个印章就代表了他三件套的一个属性，另外拍到的朋友们，今天还都有一个单独的礼盒，这个上面写的汴京之围盛世崩塌刻装典藏版。所以这书它是书，没错，你读的是内容，同时读的也是一个收藏属性了。另外此刻拍的朋友麻烦打已拍。我跟大家说一下，今天拍的朋友们都是给大家带了一个专门的一个帆布包袋的。明史方面明朝那些事儿看一下，能谈链接，不能可以，好不好。我不知道您看没看过明朝那些事儿，朋友，明朝那些事儿应该是大家多少都会读过的，太火了。那书如果说今天我们有了，帮您上一下那个书，我们不主推，因为那个书没有佣金，卖的比较便宜。既打了已拍，谢谢大家，谢谢大家的支持。然后打了已拍的朋友都会帮大家备注好，我们就把这套书给大家过掉。你想你想玩玩吗？我刚才看那个专属，好像有清明的假，真的，那没佣金，你想想咱可以给他，我我我都愿意，我有啥不愿意的，咱征求一下意见，等一下。朋友们，我们屋里有四个人来。老谭依依觉得下一个可以上博洋的朋友们请举手。好了，都举手了。朋友们，我们现在开始上博洋了，真没勇气。好好的，来吧。然后一共是这个是吗？通年今日本末，来吧，知道博洋老师的朋友或者说感兴趣博洋老师的朋友，你就可以直接开始扣一了。这是博洋版的通鉴记事本末体。实际上永乐今天看不了，朋友真是看不了。今天那书不在我这儿寄，我明天给你看，你把它架开了，然后你明天我给你看一眼达旦想看是吗？大家稍等，我我这个桌，我这镜头还摆不全这书了。咱博洋通鉴记事本末太久没讲了，语态这一共是多少册来着？你帮我看一眼通鉴纪事本末，看了多少册实册装,《汴京之围》和《盛世的崩塌》
大家应该知道通鉴纪事本末体，它其实是宋代的时候，司马光刚开始写完之后我给大家讲讲故事，好吧，想听故事的朋友们也可以开始扣一。来了，咱开始讲故事了。司马光当年和王安石两个人有政治争斗，这事大家都知道。政治争斗两个人，一个是新旧党，两个人两个门派。然后后来司马光当时为其父丞相，谁知道？后来司马光确实在这个政治斗争当中，做出了一些牺牲。当时那皇帝就说你算了，你去写史书。当然其实司马光这本人自己也有这么个志向，他其实是一个六边形战士。因为司马光不光会从政，他包括文学类，包括历史类，他其实都是一个通才，很难得的一个不是出的奇才。然后司马光当时就去编资治通鉴，他就说我一定要去写这样的一个通鉴记事本末体。资治通鉴体写出来之后，所有的人都说好书好，大家都在夸奖他。但是有一个事令司马光很难过，就是啥呢？当时他的编委会的所有的成员，也就是当时的葛老，当时最有文化那些人，没有一个人把这资治通鉴完完全全读明白的，没有一个人读完通史的，都是夸特好，但他不愿意读，都夸好的被捕。司马光特别失落，后来他也做了一些小小的调查，以他那个中等的情商做了一些调查，就发现写的好是好，但是里面的故事写的不清晰。因为司马光写的时候是一个编年体通史。挺容易出现一个什么情况。比如说这一个事儿其实它持续了三五年。比如打一个仗，三五年的时间，我每一年都有新的事儿，它又插进去了，所以说这个战争是写的比较稀碎，中间有一个插了一个新的事儿，他读的就不通畅。所以后来司马光在晚年的时候，就特别希望写一个通鉴。记事本末体什么意思？同样资治通鉴史实没错误，但是我这个记事本末体是以故事为主题，而不是以时间为主题。他希望他每一件事儿能给他交代清楚，让大家用看故事的方式写历史。对，可惜司马光老爷子，你想人编一个资治通鉴花了十来年的时间，他确实没精力了。谁把这事儿办明白了？袁枢先生办明白了，写了第一个通鉴记事本末。没错，没一天我们老师知道没完成，谁完成了？袁书完成了，对不对？而袁书那个通鉴记事本末体，相当于是开创了一种文体，所有的历史我都可以写通鉴记事本末，但是我要是把所有的，第一保证历史史实不出错，第二我保证了什么？保证的是把编年体变成故事体，变成主题体。这样的话我写出来之后，大家会觉得像故事一样引人入胜。而在当代，谁把资治通鉴的通鉴记事本末写明白了？必须是大名鼎的博洋老师，必须是他,《博洋版通鉴纪事本末》
现在我们很多朋友不知道通鉴即是本末体，但是知道柏杨版通鉴记事本末，甚至很多朋友一开始在读痛经本末的时候，都在说那个书不就是博洋创的？不是博洋创的，博洋只是写的太火了，导致你已经忘了前人的成就最早可是袁枢先生创造的。这边棺材板压不住了。朋友今天帮大家上这个版本，就是我们当代这个火的博洋版本的通鉴记事本。末博洋先生朋友们，咱又得继续讲故事了。当年在那绿岛监狱就开始写这东西。古有司马迁写史记，发愤写史记，在那监狱里面，现在用博洋老师发愤写童年记事本末，而这个书一经出版，为什么这么受欢迎？三个特点，朋友们，第一，这套书确实是给你写成故事了，而且这个故事里面写的针砭时弊。第二，这个故事它有一句话叫做只为苍生说人话，不为君王唱赞歌。里面写大部分的内容的时候，他就直接说了，说我不叫汉武帝，汉武帝我就叫他刘彻，我就叫他刘彻。他不是先叫刘志后叫刘彻吗？就这么给你写。所有人在他的眼中都是拉成一条线的，没有什么史家的帝王崇拜，特别能写。第三就是跟大家看一下，这里面大量出现了博洋的手绘地图，现在你能看到很多书是图文并茂。朋友们，但是你很少能够看到这种，这个地方是大字版本，这个地方是带地图的。这个地图里面就是博洋先生他自己去画的一些地图，就是这样的内容。这是什么意思？就是我这里面给你说的所有的地图，完全是为我这个文字服务的，而且全是手绘版本。这就是匠心独造，这就是你在看地缘政治的时候必不可少的部分。以及这边跟大家看一下，这是大字版本，这里面所有的注释有多牛。这个注释里面甚至还把那人名、地名、官职名给你写出来，这是以前的注释里面从来都没有过的。今天帮大家上这个版本，就是东方出版社这个博洋版资治通鉴，一共是实测桩，实测桩给大家看一下工艺，可以自读，可以收藏。读吞气本末就要读博洋，博洋的版本就要读这个版本带有手绘地图，你看我随手一翻，都有手绘地图的版本。其次拍的朋友们拿到的全部都是肤感膜的装置，肤感膜的装置上面是烫金的工艺，一共是有实测装。今天所有想要的朋友再给大家开一个好价，于泰先比价后开价。我确定过，这个价格肯定你这样，你想要的朋友先告诉我们，因为可能这个价格我开一轮就得了，省得回头人老师又不让咱上了。网络上您去看吧，799朋友们，然后我再给您看啊，829、799、1063。朋友，我们今天便宜90，还有卖一千多的，还有卖799的,《博洋版通鉴纪事本末》
咱今天多少？709，700 0，709实测桩这个价格是大半年没上了，因为这个价格没有去年卖过，偷偷卖过709几天，然后后来就没再上了，被人干了吗？不是一号链接，反正就四个，那我不统计了，把这四个给大家上了。今天这套书是成箱帮大家包装现货发货，拿两个大箱子帮大家包好的321弹链接，先上一套。这酒给大家这抠唆的，来大家先去拍，跟大家说好推荐。近日本末已经帮大家上出来了，今天拍的朋友们拿到709，我支持您先去拍以后比价。如果你发现人网络上确实比咱卖的便宜，你就给我退回来就行。我就相当于白给大家讲一讲，跟大家分享一下，完全没有问题。然后拍的朋友你打一下已拍打了已拍的朋友今天一律帮大家做到现货发货，行不行？继续跟大家说一下博洋版通鉴纪事本末，资治通鉴和史记是咱中国人不能说国人，这东西说的有点是故意民族情怀了，没必要那样说，肯定是你的必读书籍了，必读历史书籍。我们的given打了一排，感谢您支持他这名字还跟那个表情包小小男孩的名字是不是一样的？感谢您的支持，这套书帮您一定备注现货发货。继续跟大家说一下，这套通鉴记事本末，它是相当于是资治通鉴的一个通俗易读版本。而资治通鉴和史记又是咱中国必读的一两套历史书，也是教科书里面官方规定的历史书。通讯记事本末我们是建议大家那种你想要读资治通鉴，但你又觉得里面的故事你读的不通畅，你读不下去。这事儿你别怪自己朋友。司马光当时写出来之后，当时他那跟他一块写书的朋友只有一位老师。读完第一卷没有任何一个人给他通读的，因为确实不好读。它是按编年体写的，很规范，但不好读。今天是给你写故事的方式，而且故事的通鉴记事本末要看谁当代就看博洋，还是刚跟您说那三句话，马上就叫做只为苍生说人话，不为君王唱赞歌。他写的所有的内容都是把君王以平视的角度去看的。他在给你写刘彻的时候，就是写那个汉武帝的时候，就直呼其名叫刘彻了，就直呼其名说他叫刘志了，包括跟你写匈奴。当时所有的人跟大家在叙述的时候都是完全是平民视角。另外继续跟大家说，你打开看一下，这边是大字版本，然后里面跟大家做的这个批注和注释是以前我们没有见过的。你知道细到什么程度，写人名、地名、官职名。大字版本里面全是人名、地名、官职名，这里面小括号，而且这个版本里面还加入了博洋老师亲自做的手绘地图。手绘地图听你值得收藏，匠心独造，对不对？你就手艺人的东西永远是值得收藏的,《博洋版通鉴纪事本末》
另外就是你只要里面是带地图的朋友，带地图的相当于里面讲的是有地缘政治的。来吧，再把我那三套直接放出来，你看全放了别别耽了，一会儿，我们一一该继续上播了。继续跟大家说一下，现在这套书一共是实测桩吞暨日本末，拍到的朋友们一律是现货发货，这是第一个。第二，拍到的朋友们拿到价格比网络上直降90元，是他们的底板价还是降90，网络上有卖一千多的。第三，今天付款膜的妆，真拿到一大套书，一律帮大家做现货发货。来给大家实测。7991063，再往下滑1031，朋友就是这个价。是的，来吧，想要的朋友一号链接就剩三个了，我不再统计了。朋友这三个上完之后直接过掉321弹链接就三套709。这个突然就发现了。对，发现了一下，我们就不找人老是多要库存了，省得被发现了。一号链接帮大家弹出来了，博洋版本通鉴记事本末。然后现在拍的朋友继续跟大家说一下，709这套确实没有佣金，所以说您今天快速去拍，明天来直播间咱就不聊这个事儿了，因为明天这个事我们就不再上了。另外拍到朋友麻烦打一下，已拍再次跟大家说好了，推荐今日本末。今天拍的实测套装一律帮大家，都是拿那个纸箱包好的，您拿回家，我们支持您摆柜，摆完柜以后你拿回家自己看也非常舒适。都是这样平铺阅读逻辑锁线装，朋友放心去拍拍到的朋友麻烦打已拍，现在只剩一套了。再给大家看一下里面的文字版本，大字版本里面帮大家做的是有地理名词，还有人民官职名的一个解读和翻译。就比如说咱老是说不同时期的宰相，而有些地方时候叫丞相，他们为什么是有不同的说法的？这套书里面都是帮大家解读的非常清楚的，其实就是用通信纪事本末体跟大家做了一个中国古代文化百科全书。另外再给您看一下这套书，朋友这个肤感膜装置上面其实还是一幅名画。这拿回家之后，大家可以自己揭晓一下，上面一律做的烫金的。想看最近日本末就拿这个版本，这个版本是认人的。朋友博洋已拍，感谢您的支持。过掉了，过吧过吧，我们就剩一套就放那儿了。是的，没下吧，你我再上一套，然后一一等一下再播半个小时，把那西洋镜给我拿下来，西洋镜愿称之赵老师为当代的。你想个名，你还挺会指挥，你说一半让人家接下半句的觉得很伟大那我就这么说，因为我们不想命名，命名的话容易判罚人老是说我们说的就太虚。就这么讲，咱中国19和20世纪遗留在海外，中国史料是赵兴伟老师给你要来的,《博洋版通鉴纪事本末》
也因为是他要来，所以说里面有很多的人物关系图，包括里面的一些图片照片，未来朋友们市场上不流通了。说伯洋曰，是的，jack刘，我跟你说一下，伯阳曰其实是通鉴记事本末的精华本。如果说您觉得我吞今日本末，我这个收藏价值我觉得没必要。我就是想自己去读一下，你可以读不要约是够的。如果你又想收藏又想自读你就去拍通信。其实本末而且今天主要是有好价我想那肯定是好东西，我的妈呀就好东西。所以我这么跟您说吧，朋友我刚入职这的时候，一个月钱也不多，当时还没有拿提成，这咱啥实底都交代了。几百块钱的书，我当时就觉得对我来讲天方夜谭。但是这套书我当时直接下单799，今天我卖709，我买了我家摆着呢。来继续跟大家说一下这套，给大家看一下，这套确实是要绝要绝了，要绝了。我跟大家说一下情况，就是夕阳敬老师他们自己有一个直播间，你可以去在某音上搜一下西洋镜直播间，你会发现你就问他就是中信书店说这套书刷边是不是要绝版？老师的回答一定是肯定的。因为人家确实是把刷边版的所有的库存都给我们直播间了。而且老实说这刷边版一共全市面，它库存里面印的现在就剩几十套，而且还凑不全能，凑全的就没剩几个了。来先跟大家说西洋镜是什么书？西洋镜大家应该知道，这是一其实是一个很著名的一个历史名词。所谓西洋镜的意思就是咱中国当时看西方，当时有一个万花筒，所有东西你看这倒着的倒叙的都是西洋镜。而今天这西洋镜，他跟大家收集的所有内容是19到20世纪真实的海外的中国的历史，海外中国历史。19 20世纪我们知道1840年鸦片战争之后，一直到1949年在新中国成立之前，这100年就被称作是屈辱的历史。而这屈辱的历史，这整个100年，当时我们没有先进技术，也没有意识把真实的中国记录下来，那我们就会缺失非常多的东西。我比如第一，我们会缺失什么？火烧圆明园之前圆明园的景象，老祖宗是真的没给保存下来，再也看不到了。我们去百度上看一下，你真的再也看不到圆明园知识的景象。但是没关系，这套书的意义在哪？我给你收回来了。八国联军侵华之前火烧明明之前明明是烧了两次，对吧？法国人每次都会拍一下震水明明的景象，还会画图，大家看一眼就在这儿。这套书里面就会弥补我们的历史遗憾，这就是圆明园当时的照片还有很多很多，每本书里面这些照片都是19 20世纪真实的图片。赵行伟先生从哪收的？就是从当时的英国、法国、美利国把这些书全部收回来,《西洋镜：19 - 20世纪海外中国史料》
而今天包括五脊六兽，就是当时何鸿燊先生买回来那些五脊六兽真实的图片，这套书里也有。以及这套书它的意义不光在于把真实的中国，当时我没有记录下来的图片给你收集回来，还在于什么开拓我们的中国人类历史认知。比如说今天一个美丽国女记者眼中的民国名流这方面的人物，您能相信她叫爱新觉罗吗？但是民国时期当时就是这样的风潮，越是当年的正黄旗，越想要赶紧踏入新时代的洪流当中。而这样的历史认知，如果没有这样的真实的新闻照片和图片，我们是无法认知的。而这些图片很遗憾现在在国外，但这套书给你争取过来。以及您见过孙中山和宋庆龄，但你一定没有见过宋庆龄，这张照片网上也搜不到，因为网上是没有版权的。另外海外史料看李鸿章了，这套李鸿章也跟大家说一下，这本书是我们现在不是上的是发编版吗？李鸿章这一侧是非刷边版本，以后也不再加印了，不再出版了。因为这套书给您看一下，叫做李鸿章研究的又一附框，它是欧美记者28万字报道，两百多张珍贵图片给大家做的真实史料。这个史料未来是要去放到哪儿去，放到研究所里面，历史研究所里面进行研究的。而今天这套李鸿章，我们直接帮大家出出来绝版书，还有好价跟大家打开看一下。这套书对于李鸿章的认知，咱们可以回忆一下，朋友们，你初中、高中对于李鸿章历史课本里的评价是不一样的，并不是因为我们以前的历史是有错误的，而是以前没有充足的史料去客观评价这个人，这套书就是历史史料，你可以看一下这个李鸿章和当时他仆人这么大的阵仗，当时真实的照片，以及当时他和俾斯麦的照片，德国俾斯麦的照片，还有里面所有的文字，这些文字并不是对于图片的修饰，不是主观性的，是真实的新闻现场报道就是这样的一大套书。今天所有想要这套书的朋友，大家听好了，整个西洋镜系列十九、20世纪从英国、法国、美国人手里买回来的珍贵的图片，以及当时真实的历史资料。今天拍的朋友们在我们直播间，第一这套书出了43册，我给你上无删减全测版好不好？43册我们全都有。第二，来我们直播间上的是全部都是三面刷边款，网络上现在已经找不到祖本的三面刷边了。你这样语态，我就跟那网络上没刷边的，我比比我都比那没刷边的要便宜。您可以先看一下网络上的价格，2239，朋友那就看2239网络上的价格。239是打了5折的，朋友5折2239，因为它条码价是440 4400多。我印象当中他们网络上面两千多块钱是没有刷边的,《西洋镜：19 - 20世纪海外中国史料》
今天在我们直首先大家听好代刷边，全都代刷边，每个刷边都长得不一样。整个市面上一共就大概现在老实说几十个库存凑齐的，现在给了我们是一共是五个。我们先给大家上两套出来，1998行吗？1998给您上，大家放心，是底板价。你可以直接问西洋镜直播间老师，198就是上底板价，而且在我们直播间拍还有两箱赠品相送，是西洋镜给我们中心书店独家合作的。来321弹链接，一号链接，1998是全的。朋友，是的，1998是全的，而且带刷边的，而且带赠品的。谢谢清风月明的支持，也是得益于老朋友一直以来的关注，让我知道要自己要不断的精进。一号链接帮大家弹出来这两套，我再跟您说一下，拍到的朋友还有赠品，今天第一项赠品打一下，已拍。朋友我一会儿告诉你我这套书的售后是非常隆重的。先跟您说现在拍的朋友们43册，我现在手里只给你就只给你展示出来十来测距，43层会把我淹没的。我这个人就一米63，我也没那么高，他会把我淹没的。您现在反而是拍下的朋友，我都是有这个全色套装，43册，到时候是这个数的两倍。来拍到的朋友们麻烦打一下，已拍第一项赠品给大家一个独家的西洋镜的饭包袋。第二项赠品再给大家十张西洋镜的藏书票，好不好？饭包袋、藏书票一起给您。另外此刻拍下的朋友们再跟大家说一个好消息，今天拍的朋友们一律跟大家上三遍刷边款好不好？好，三面刷边之外，今天拍下的朋友们一律帮大家上的是京东发货，现货发货。来今天拍的朋友一律帮大家上现货发货，京东发货。我们现在购物车里面一共是有200个链接，在200个链接里面，目前只有这套书是京东发货，因为这套书太沉了，重达60斤。我们需要帮大家做到送货上门，京东两个箱子帮大家一起去发，然后拍的朋友麻烦打一下，已拍。我刚刚看一单已经没有了，不知道哪个朋友你让我帮你做，给我一个帮你做售后的机会，好不好？另外今天拍的朋友们再跟大家说一下这套书西洋镜的全色套装。今天它的刷边款确实在网络上已经找不到了。在我们直播间不仅是刷边，而且是本本都刷边，并且帮大家上的全部都是无删减足本。感谢越南于梵音对我的支持。这是从去年就在我们直播间关注的，一直以来的老朋友看看书里面没问题。来我先给您看一下，因为它是19 20世纪当时帮大家上的那个价格19 20世纪，然后不是价格，19 20世纪真实的中国的图片，所以说里面会帮大家回忆起中国历史和历史的弥补,《西洋镜：19 - 20世纪海外中国史料》
比如说现在帮大家先看一个中国园林系列，给您看一这个是火烧圆明园之前圆明园的真实的图片，有手绘的，也有当时的照片。为什么我们自己现在在国内网站上，包括百某度上你查不到，网络网站也查不到，包括外网也查不到。因为这些东西的最终版权归属是在法国人和英国人手里的。他们手里是有这些图片版权的这是他们自己当时拍下的，然后就火烧了一把，火烧了烧了两次，我们自己现在看不到了。弥补遗憾，这套书非常重要。另外再给您看一下，比如说刚才跟大家看的那个海外史料讲李鸿章小宝帮大家找一下，那个是跟大家讲的是文字史料。因为我们想帮大家不光看图片，帮大家看文字的。在这儿这个书给你打开看一下，里面帮大家做的这些照片，就是真实的历史照片。光这些照片里面有两百多张珍贵照片，还有海外的人画了李鸿章的海报，以及当时李鸿章和俾斯麦的合影，包括李鸿章自己和家人仆人的合影，以及这里面所有的文字朋友们是真实的报道李鸿章的历史事件的一些报道，欧美记者28万字报道，这又是为什么这整套西洋镜要绝版的原因？尤其是海外史料看李鸿章这一本，就他不光是刷编，以后要绝版这本书的，非刷编以后也要绝版。因为这本书以后要拿到历史研究所做专业历史研究的，不会再作为商品流通了，这是这套书的一个存在的原因。来吧，继续跟大家准备上单了，刚才拍的朋友麻烦打一下，已拍帮你做售后。然后整套书跟大家说一下，今天这套西洋镜系列整个是全43册，与太帮大家比一下价好吗？然后今天拍下的朋友拿到的价格是比网络上还要再便宜的。网络上现在非刷边摆卖是两千多块钱。给您看一下39，您能看到吧？2239的一个价格。是的，京东图书。今天跟大家说一下这套书，帮大家上的。我们直播间的价格是1998，而且他们网络上那个两千多的确实是没有刷边的。我们不能说怨人家把这个价格抬高了，因为他5折已经打折了。只是因为我们跟夕阳静老师合作比较紧密，那我们就没有什么哪头都占。人家那边库存多，但人家那边卖的价格贵，我们家库存少，但我们就便宜一点。来吧，一号链接再帮大家谈一会我们直播间1998的价格，拍完之后今天一律京东现货发货。把这套收藏级别的书让您直接京东现货拿到家就剩三个了，我们小二下播前都给上了,《西洋镜：19 - 20世纪海外中国史料》
对对对，我把这三个都帮大家上了，好吧？一号链接大家现在可以去拍了，继续跟大家说一下，此刻拍下这套海外史料西洋镜系列的朋友们，拿到这条别的书，每个朋友拿的都是三面刷边款，每个朋友拿到都是带一个专属帆布包袋的款。另外今天在我们直播间拍下，还会有西洋经出版社和我们中信书店我们联合定制的十张藏书票，给我们做了一个独家定制。您拍下的都是有藏书票，以及拍下都是有我们今天的这个饭包袋的。另外今天拍下43册，跟您说一下，我这手里面其实只落了十来册。您到时候拿到是我这个数量大概是2到3倍，所以说它书特别沉重，达60斤。我们会分为两个包裹，让京东小哥直接帮你送货到家，送两箱好不好？拍到的朋友麻烦打一下已拍。然后稍后一一继续帮大家讲书，好不好？继续跟大家说一下，我们的given，given我记得你刚刚打已拍了，都会帮你备注好的。是given是不是刚资助通鉴是他拍的。我看看是不是通信记事本末也是你拍的，是吧？谢谢你，谢谢你，谢谢你。没错，一一你打的是对的，它两个打在一起是一个横杠，你也可以把它写成大写那个一，这样就不是两个横杠了。然后继续跟大家说，此刻拍西洋镜的朋友拿到的所有的东西。再跟您说一下，是相当于我这个书3倍2倍左右2到3倍的体量。另外还会再给到您今天的一个帆布包袋，以及我们的十张藏书票，京东现货发货。来吧，一一继续帮大家讲述，反正还有两套也可以一会儿再帮大家讲一下。西洋镜应该也是可以的，可以跟大家再简单讲一下三个还有好不好？来来来赶紧，因为我可以再给大家稍微讲一讲。对，还是讲一讲。对对对，来跟大家说一下这套相近，我们是很难得。从赵新铭老师就是相信整个团队的主编老师，从那个库里面直接把现有的能够这些集齐全的书拿过来，直接给我们做了一个刷屏版本的。然后今天这个书里面全部内容就是你所看到的是从1840年开始鸦片战争，一直到建国之前，这所有的这个时期，当时我们的文化比较繁荣。可是说实话技术没有跟上，就是我们是没有摄像机的，对不对？然后这个时候与此同时海外的这种政要，他们来到我们国内的时候，好就是他们会在我们发生一些重要事件的时候派出。比如说像战地记者，比如说像皇家建筑师，还有画家。通过他们的这个镜头或者是画笔，记录当时的宫廷生活以及民间生活的这些人物。也正是因为他们是政商要客，所以说他们的这个视角也是无以复加的。而这套书里面的所有内容加起来，它就叫做遗落在西方的中国史,《西洋镜：19 - 20世纪海外中国史料》
你看主播手上这个是讲五脊六兽的，然后包括当时这个海外史料看李鸿章。李鸿章这个人物在历史背景上面，我们会对于大家对于他来说，我们很多人是有一些刻板印象的。而这套书里面所记载的其实是一个超越了政治视角的观察视角。你看到这里面所有内容是当时李鸿章来到欧美各个国家去会访的时候，那些记者从通过镜头记录下来的，包括晚年的李鸿章，李鸿章和他的家人，这些珍贵的史料都在这里面。然后另外你还能够看到有一些的作者，像这里面有德国建筑师伯斯曼。他来到国内的时候，就是给大家记录下来的那种建筑场景，是早于我们国家的梁思成和林徽因女士前15年的那个时候军阀混战，对不对？我们大量的这种文物建筑都已经流失损毁了。只有通过当时这些海外人员的这个视角才能够去记录下来。包括瑞典艺术家启仁龙，他来到国内记录这些场景的时候，是在末代皇帝溥仪的亲自陪同下去给大家进行这里面所有的绘制的，然后就整个你可以看到的，甚至大家看到我这里面有几本书，我跟大家说几个我们在其他书当中可能不常见到的。比如说有当时的，袁世凯祭天的的这个照片，还有当时焚毁之前的圆明园，还有当时民国名流的真实景象。就比如说当时民国总统黎元洪和他的夫人的场景，还有像宋庆龄女士，我这里面就是书比较多哈，我不建议能翻到。我给大家尽力去翻这个一个美国女记者眼中的民国名流名名民国名流。就比如说这就是宋庆龄女士的真实照片，每一本的这个价值你拿到手之后，可以从后往前翻看一下。这儿它就会给你把这个书的重要性给你提示出来。比如说我这一本，它是尘封百年的八十余张民国名流照片首次出版，就是这里面的很多作品。当时赵新伟团队，赵新伟老师的团队，他花了这么多，花了几百万美金的金额以及时间到欧美各国去收集这些图片的时候，其实非常坎坷。后来回国的时候，因为想陆续出版，所以说他就把手里面的一些照片卖出去了。然后再想往回来买的时候，发现那个照片涨价了，他收不回来了。这也是这个书为什么珍贵的原因。我们今天手里一共是，我看看是多少集，也是挺久没讲了。这套书里面一共是32集，对不对？1到32集全套。它这里面你会发现它有的是用这种软精装的，还有这种硬壳精装。出版社不一样，就是因为它在收录过程当中出版时间不一样，陆续出版的。我今天这一套书里面的32 2级网络上面你能搜到大概就是有十几级和二十几级。它还要分成85成新、九成新，不同的这个级别。而我今天这套书全新的给大家做了定制刷边,《西洋镜：19 - 20世纪海外中国史料》
我所有的刷边每一本也是相近当中用珍贵历史图片给大家刷在上面，然后给大家带来了这个全套的价格。这个是我们今天的网络上面26本是四千多块钱，我们今天这一套是1998对吧？喷绘版本32G齐全的。然后我们库里还有两单，我再给大家上一单出来，这个全上了我们就过了。行来一号链接，来321上链接，放心去拍。最后两套库存，然后给大家开一个1998的这个价格。对，这个书就是大家我们那个物料应该是找不到了。但是我跟大家说，这里面有几册是确定绝版不加印的。像我手里这个意大利彩色画报记录的中国，这是其中一个。还有就是这个海外史料看，李鸿章不加印，是因为他很多作为历史史料会以后存在高校里面的图，高校图书馆作为学术研究去使用了，就不会再通过我们面向大众这个书籍进行科普了。包括这个海外史料看甲午法国画报记录的晚清这四集，我们这要书面是有收入的。以前我们买那个理想国的朋友知道其中有那4册不加印的，后面就不会再出版了。然后我相信其实也是这样，这四集给大家就是全都收录在这里面，32集全都给大家发出好吧？然后我准备就给大家过了，咱想要拍的朋友，因为还有两单，我们一号链接先去拍着，拍完了一会儿我都能给大家备注好。这个书是带我们定制的帆布包袋，还有藏书票的十张藏书票和一个相近画像印制的藏书，印制的帆布包袋给大家一起发出。行，对我就给大家拿走了。对，我来拿。然后我们今天大概是还有20分钟就下播了，我们现在直播间的朋友如果想听什么书，您可以直接跟主播说，给大家再讲讲。然后我刚好看到旁边有唐诗宋词，要不讲讲这个。对，行，我有链接。应该我极力想跟大家推荐就是这一套唐诗宋词大词典。大家看过来，大家看到这个封面比较新颖，你大概想不到它是哪个出版社出的。这是上海辞书出版社出版的书籍，跟上海辞书出版社其实脱胎于之前的商务印书馆。他为了出辞书，有一个专门出了一个比是我们的这个辞书编辑所，然后后来的这个上海辞书出版社社所出版的这个大家看到唐诗宋词鉴赏词典，他从83年开始出版的，到现在为止这不四十多年了。他出了十几个版本，封面都不太一样。但是你到网络上面去搜吧，每一个版本的评分全都在九分9点2分以上。你像一般的这个书可能会高开低走。那这个书为什么一直这个分数在分数都在那个位置？是因为打开之后你可以看一下它的边尾。我们唐诗宋词鉴赏词典的编委全部都是高达两千多位的，这些专家们就包含了比如说像我们著名的红学家周汝昌先生，像这个古典的,《唐诗宋词鉴赏词典》
诗词大家施蛰存先生，还有叶嘉莹老师，都是这套书的编纂专家。在编纂过程当中，它重点在于鉴赏这两个字，它不叫做鉴赏词典。我们以前在卖唐诗宋词的书，可能会我们卖过那个全就全唐诗，全宋慈，我们也卖过唐诗宋词三百首。唐诗宋词三百首收录的其实相对齐全，但是它里面的讲解部分比较少。而全唐诗、全宋词，它又不会给你用这种长用这种大片的图的文字去给你讲所有的历史背景，包括里面的这种鉴赏的内容。而我今天这个书跟大家说一下，前面唐诗鉴赏词典一共是收录了我们这套书里面的1100余首，宋慈更多。我今天这两册，还有我这一册唐诗里面所涵盖的就是那个老版全十册的唐诗宋词鉴赏词典。这个皮面精装是它的周年庆纪念版本。皮面的好处就在于，你可以看到它是一体的，掉地上它也不会被摔裂什么的。而且它是圆角设计，不伤手不伤眼睛。里面是字典纸的升级设计，而且还穿插了非常多这种绣像画。它里面在讲解过程当中，你可以看到最后还会有一个索引，目标索引就是它有3种索引方式。一个是我们传统的那种笔画索引，还有一个是我们的这种名句索引。就是我们平时如果有这种公开讲话的场合，你想去引经据典，你想从这个古唐诗宋词当中汲取灵感，你可以直接来名句索引部分去查，甚至还有一个诗人言表的部分也是作为索引。然后我今天这上下两册跟大家说一下，推荐大家一起去拍。因为本身我的这个刷标就是我的这一个纪念版本，唐诗松鉴赏词典就比较少，还是我们老是从仓库里面之前那个盘出来的。它的价格封底这一本单册是198块钱，宋慈上下两册的价格大家可以看一下，这儿是我们的298块钱。然后我今天直播间这两册跟大家说唐诗我给大家开八十多的价格，86宋词两册给你开129的，129.9块的价格。全新的从词书出版社的旗舰店库存里面直接给大家发出来一号链接。我二号链接我各给大家上五单，321上链接，一号链接唐诗，二号链接宋慈。首先就刷新去拍，就是我们在人生的任何一个阶段，可能会都会收录一套唐诗宋词。然后这个版本就是等于说集众家之长了。而且因为他的这个编委团队两千多位，确实是来自于唐诗宋词领域内的咱各大高校的专家了。有朋友想还想看看里面，我给大家再翻翻看宋词。打开之后大家可以看一下，就只有这个纪念版本，它里面才有彩色画面的一个穿插。前面有这个绣像画，他在讲解每一个词的时候，你可以看到这是原文，底下有注释，还有他的鉴赏讲解部分,《唐诗宋词鉴赏词典》
这个书在业界被称作是语文老师的案头工具书，就是语文老师备课的时候他会参考这套书。然后同时我们以前在学校里面也知道我们课本上面就是原文，然后旁底下有个注释，老师让我们做笔记，那部分其实就属于鉴赏部分了。我这一套书就是刚刚说的像施蛰存先生，像周汝昌先生，还有像叶嘉莹女士给我们做鉴赏。里面的这个收入不但齐全，而且鉴赏部分大家可以看到我里面这个字体，我这一套宋瓷上下两册包含的这个宋词一共是收录了。给大家也来看一下，1294首词，它就是我们之前所卖的那个小开本的版本。然后可以帮我拿一下那个吗？我拿两本给大家举个例子对比一下，就是之前的他的那个唐诗宋词鉴赏词典，我自己来吧比较快。就是我之前卖的这个也是是给大家做了一个古典长卷诗画相应的版本。一会儿我讲没关系，今天这一套书大家可以看到，就是它的全实测给大家集合到了这几本当中。宋慈就是我原来这个版本是六本的，我今天两侧就给大家呈现出来。然后唐诗这一个这个页码，我给大家看一眼，是1720页，就是集齐了我之前这个版本当中的四侧，上下两侧都给大家放在一二号链接了。拍到的朋友您回来打个已拍，我给您备注好这个书的包装，还有礼物。我看到有朋友宋慈拍的比较多，给大家都承诺好每一本的塑封，还有外面的整体的书盒，大家可以一起去拍。本身因为这个纪念版本，所以说它它的库存也比较稀缺，老版本都是涨这个样子的。他这个之所以一直没改版，也是之前8几年或或讲的那个古典长卷相应的版本。然后今天我的这个就很明显更符合当下年轻人的一个审美。给大家做的是一个三口刷金的唐诗，是唐诗是做了三口刷金的这个刷边儿，然后宋慈没有刷边儿，但是它整体的外面都是这种软皮儿的。这个就是封面，老版的有链接吗？没有老板，现在没有链接价格，我们就没有。对，整个上海辞书出版社的唐诗宋词鉴赏词典，我们都是等有好价的时候才能给大家拿出来。而这个是我们老师从那库存里面给大家盘出来的。当时怕我就是因为我在去背去准备这一套书给大家介绍的时候，我就发现了在豆瓣上面有十几种版本。然后各种版本当中我最心仪的是它的封面了。我同样上海图书出版社出版的，我就请求我们的老师去找一下。然后这一个版本周年庆的它是圆角设计，而且打开之后是比我的这个版本多了一些彩色差图的。古典的长卷，包括里面的那个绣像画，也是我之前的那个版本里没有的，内容都一样。对，有朋友可能更更熟知这个版本，对不对？这是8几年获过奖的那个版本,《唐诗宋词鉴赏词典》
今天我这个书内容就是我原本实测是有四本唐诗的对吧？我把四本唐诗内容都给你集齐在这一册当中了，这一册的的页码就1700多页。然后之前老版的这个宋慈是有6册的，我给大家用集合在这两册当中，这个宋慈是1298首，然后唐诗是大概1100多首。重要的就是它里面的这个鉴赏部分。鉴赏团队我把宋慈的目录也给大家介绍一下，就是我们这些大家很多其实也已经不再是了。但是主要的我就跟大家说一下，大家可能比较熟知的就包含像红学家周汝昌先生，像是古典文学大家施蛰存先生，还有我们以前看诗词大会的时候的评委，以及叶家莹老师，都是这套书的编纂专家。鉴赏部分每一首我给大家举个例子，比如说像唐诗，给银河系备注。好的，银河系。我跟您看一下，之前我在看杜甫的兵车行这一首诗的时候，他在这场部分就给你，就让我恍然大悟。本身杜甫在写这里面的时候，他说的一句话说是生男不如生女，好生女犹得嫁比邻，生男埋没随百草。百草是什么意思？就是当时后，在这个建设部分就有讲他就有讲到，说封建社会制度下普遍存在社会心理，其实是重男轻女的。但是由于连年战争，男子的大量死亡，在这一残酷的社会条件下却一反常态。然后就给你从文学角度上去给你去给你揭露为什么诗人是这样去创作的，定跟当时的时代背景是相关的。杜甫早年他的诗哈他登高的时候那种豪情壮志，跟他晚年时写望月就是那个无边落木萧萧下，不尽长江滚滚来。俨然你就能够感受到他背后说这个话的人，他已经是一个老手了，小的时候他他说的是会当凌绝顶，一览众山小，这一定是跟他的人生际遇和他整个的时代背景息息相关的。我这套书就所有的这种鉴赏部分，就给你结合这种时代背景和个人际遇讲出来。大家就是想要去拍一套市面上收入齐全、鉴赏齐全，又是权威出版社出版的，就是上海辞书出版社的这个唐诗宋词鉴赏词典。我手上这个封面和版本又非常漂亮，就是一套受益终生的书。拿回去之后全家都可以共读的。有学生的话，从他上小学开始，咱就开始背诗词了。这个书你可以看到里面所有鉴赏部分，是比语文老师的讲的可能要更好。因为他这个书就是语文老师备课的时候要参考的一套书。三单，我一二号链接刚刚都已经拍，都已经被大家拍完了。51位朋友，我再问一下，还有没有朋友想要的？如果有的话，我给你再加个单，我们好不好？还有不到10分钟，我们可能就要下播了。朋友们我们先。对，还有不到10分钟就下播了,《唐诗宋词鉴赏词典》
然后还有想要的朋友你打个一，我就给大家再上个单，然后我们66分钟了，六分钟下播之后，这个所有的价格就会恢复我们的平时的售价。现在我们给大家1到10号开的，就是我们直播价。对，一位朋友打一，是不是给大家各上两套？宋慈三位朋友啊，两位朋友，那就给大家各上三套。好，唐诗宋词各上三套。一号链接来321上链接。一号链接给大家，12号链接大家去拍。对，12号链接大家放心去拍。比老板更详尽。他的这个主要内容其实跟老板没有特别大的区别，但是我的这个会比老板多了一些。叫做什么插？就是彩色插图的这个加持，像捣练图、五牛图，还有这个虢国夫人游春图都放在中间。主要是因为它的作者团队，您所看到唐诗宋词、鉴赏词典这些大家很多也是来自于上个世纪的了。这个书是在一九八几年的时候开始编纂的，你想有些大家现在也已经不在了，对不对？然后我在每年之后出版的时候，可能会融合一些后世的这种古典，后世文学家的新的注解。但是我今天这套书主要还是以它早期那个老版本为底本的。就是你能够看到的每一本书，它打开之后都会有一个详细的索引部分。从这个诗人年表到名句索引，我给大家再看看，就是在这儿诗人年表的好处就在于你能够看得到诗人他出生的时候，是恰逢当时唐朝的初唐、中唐、盛唐还是晚唐，以及当时的时代背景。这样的话你在看他所写的诗的意向的时候，你就能够感同身受了，知道他为什么去那样写，以及他的个人的身世，对不对？名句索引，你到时候有这种公开讲话的场合，想要引经据典，从诗词当中汲取灵感的，都可以来这儿直接搽它。有点像那个飞花令。然后还有一个就是我们传统的这种笔画索引，当工具书。然后喜欢诗词的这个朋友可以直接当一个这种学术专著去读都可以。然后我们刚给大家又是搁上了三单，还剩最后一单了。还有对两位朋友，我们打个已拍给您备注好。视频里的永乐大典能看看吗？比如说大典不在我身边，你直接去拍。可以看那个库存里面还有最后的就是七十多套，对不对？我们最开始拿到那个永乐大典的时候，一共是九十多九十多个，每一个都是属于它就算是孤本了。然后给大家拿来了这个永乐大典，我把那就我就把唐诗宋词给大家拿走了。看一对，还有我看到我们一二号链接，刚刚又给大家上，还有最后一套了，我就不讲了这个永乐大典正好有朋友问我下播之前最后一套书给大家呈现一下，这是国图出版的，您看一下，这儿还有国家图书出版社。我把这个码遮一下，这是官方的字体,《唐诗宋词鉴赏词典》
然后打开之后，这个里面的内容全部都是从永乐大典当中选出了其中的一张给大家做的这种古法宣纸，非物质文化遗产传承的纸张做印制的。而且你还能够看到这上面全部当时的这左侧写的这个字儿叫这这术语叫什么？就是它上面写标识的这种你咋知道吗？对，行，我给大家看看吧。反正就是你能够看到，就是你从博物馆里面看到它是什么样，它就是完完全全的复刻版。打开之后这里面的内容，您可以看一下，它这个版型很漂亮，这一张它很适合送师长。就是我知道您说的提拔，但是我想刚想表达的不是这个提拔，是它就是有一些古籍收藏的时候，它会有人工写的，就像这种开本这种字，我不知道这个叫什么，可能是属于一种收录的那种。我回去查一下，现在我手里的这个是当中永乐大典卷8980当中的21第二十一章。然后我今天这套书，大家可以看到它是九十多块钱给大家开价，对不对？然后我们今天没讲，大概是出了两单。它这个东西你在外面是买不到的，你直接去搜或者是拍照去搜，都搜不到，国土每个里面都不一样。对，我们之前还特地问过这个事儿，因为有朋友是想送礼，说这个书拍两单，如果是收到一样的怎么办？一样的话我们可以给您退换，尽量保证您收到的是不一样的。其中是那一张九十多块钱，然后大家对于这个还有什么问题没有？然后我就给大家装起来了。我们今天我们对还有一分钟下播，分钟下播，等会儿，然后一号链接给您弹出来了。对，一号链接给大家上好了，然后您去拍。我再跟大家说一下我们手上的这个永乐大典，它的源记是在明末的时候就失传了。然后是后代后世的时候，那个嘉靖帝时期做了一个复刻本，然后2017年的时候出了一个全版复刻，它整个全版的那个复刻影印的标价是47万块钱。我今天这套书就是打样的一个宣纸版，然后您可以看到这个内容就是非物质文化遗产的这个夹宣纸给大家做了一复刻，然后它尺寸是67乘以54毫米，而且就是你也知道像这种它叫做原大影印，是其他地方不能随便出的。它只有像国图出版社这种官方出版社才可以出版。然后当时就是我们的永乐大典全部的内容，还有一个故事，当时就是说我们中国我们国家图书馆的那个馆长还曾呼吁过，想让散落在全世界各地的这个永乐大典残卷早日聚齐。到时候也希望能够全部给大家发放出来。然后现在我们国土里面所馆藏过的，馆藏到的这个海外残存的永乐大典是一共有69册。我今天这套书就是把其中某一卷子那一张给大家做了一个复刻,《永乐大典》
给大家刚讲就是还剩我给大家是上了五单，对吧？还有三单两位朋友拍了两卷的，也可能是好，你可以打个已拍，我给你备注好它那个包装，我们一直都那个价。如果你看到它便宜了，可能是平台给您了一点儿优惠。对，我们一直开的都是这个价，您放心，我们不会随意破价的。从罚入阀，一个人拍了俩还行，两个不一样，就是有很小的概率，它是给您发一样。如果发了两个都是一样的朋友，您直接退那个更换就行了。对，是这个意思。然后我们今天就准备下播了，然后大家想拍什么书，你一这个现在赶紧去拍。对，我们今天明天还是12点多开播对吧？行，我们今天就先下播了，大家拜拜大家的支持，拜拜。,「废话」
