﻿original,result
等一下我看一下，我看一下13号链接是新书，是新的书是20。帮你看一下哪一年出的，是带塑封。不知道你说的是时间上的新还是质量上的。行，是它是带塑封的一本书，然后是出版应该是18年左右出的。1819年左右出的就是韩国病。那本是韩是16年出的，是应我们当时反腐的那个趋势。然后这个作者去调查了韩国的这个腐败情况。我们先把一号链接给大家上一下，是原价卖。因为是新质生产力的双签版，是两位作者都签了，然后也只有八个是领导们办活动，我从领导那抢过来的，这个也不是专门为我们直播间的朋友们签的，就给大家一个新的生产力的话，是原价就是29米的，原价29米包邮。然后也给大家过一下，今天前面几都是这种八本，然后做就党政干部，或者是要写文章的朋友，可以去收一本新的生产力。新智生产力的话也是八个双签版本。两位作者是西南财经大学的两位教授，然后也是国内新智生产力方面这个研究，我们出版社是出的最早的一个。大家可以去搜出版时间，然后29米这个也没了，大家还是重磅的刚刚的四号链接，朋友们是真的为我们签的，是为我们直播间的朋友签的，就是专门请了我，还有照片到时候发群里专门留了纪念照片，是很重磅的。大家如果研究魏晋南北朝史的话，会知道韩金龙老师的地位，他是魏晋南北朝协会的会长。要钱进位给袋子吗？你竟难为我是，敬畏五官制度。首先先跟大家说一下，它定价很高原价是398，然后亲签的话是这个折扣，亲签的话是这个折扣。然后他磕碰，所以很难很难给大家做亲签。亲签的话因为运输什么的就总会有一点磕碰。如果大家有磕碰的话，可以联系我们的客服，然后可以联系我们客服或者跟我们申请换货。如果我们有货的话，可以给大家换，以后开个签名专场，没有那么多，没有那么多。然后这个是就是现在的一号链接，是亲签版的。韩金龙老师他签在了这个红色的扉页上，这是一个硬精装。然后对魏晋南北朝的敬畏，五官制度研究的这样一本书。这本书的内容因为现在主播也没有读过，这个书因为刚刚拿到才签的，是上周办活动的时候签的。我给大家先看一下价格，把书先戳在这儿。一千页，不到1000页，是呃非常详实。这本原来是在中华书局出的，然后在我们这儿又出了一个精装版，就是六折。但是大家如果拿到手，对，就因为它无塑封了且会运输，我们会给大家在外面套一个帆布袋，套一个。因为真的很难，做亲签那个不塑封的话真的很难,如果研究魏晋南北朝史的话是韩金龙老师签的那本（对魏晋南北朝的敬畏，五官制度研究的书）
签名远洋号在搞笑吗？这本一直在加印魏晋南北朝禁卫武官制度这本书，它价格真的高到离谱了。但是他一直在下映，佛教史出了，佛教史在底下有链接，佛教史三本，他今天打了个骨折价，就今天一天的那个价格可以去底下翻签文名。不光是塑封的原因，就是他签文明它这个角在搬运的过程中会有一点点揉搓。大家如果真的对品相介意的话，我给大家加个微瑕。先签是千千，但是品相不能保证他非八角一定尖尖。介意的朋友千万不要拍，因为退换货我们也不一定有货了，因为芊芊版魏晋南北朝。魏晋南北朝，晋位武官制度是一个可亲千可能微瑕，可能微微瑕，把品相都给大家说好，介意的千万不要拍。然后350 300不能再给折叠链接四没开好，原价链接四现在是原价，我先改价再加库存。现在是链接一了，大家可以准备刷新一下购物车。然后我算一下398乘以0.6238238.8么？0238价格有点高。且且是无塑封，价格高无塑封且八角可能会有磕碰。但是外面会套一个帆布袋发货，外面会套一个帆布袋发货，且包装会包好。但是因为我们在签名的过程中搬运它已经八角有1.2300，怎么还讨价还价了，真的好可爱，就230238238238230。今天因为品相我真的保证不了，就是卖青杄很很很很很可怕，就是卖青千我自己也很可怕，一共签了三十本，今天给大家上八个，留着点就这个是很重磅的一个书，一号链接大家刷新一下可以有了。是魏晋南北朝晋位武官制度。因为是在魏晋南北朝剑桥那本的发布会上，然后我们请了这个老师给大家写的这个签的名，然后是韩金龙老师魏晋南北朝研究协会的。五折交个朋友，不了，有限价的抹零头，疯了不抹零头是套帆布袋发货的，套帆布袋发货的。这本收藏价值很高，虽然我不能保证它八角尖尖，但是这本真的收藏价值很高。它是魏晋南北朝，这个也魏晋我尽量给大家包好，就外面套帆布袋，外面套帆布袋。发差点没抢到。贺洋洋终于有反复带了，有人，那我插插出去，我们链接了，就是插出去。今天前面因为前面都是这个，这叫什么唐俊逸的话，没人拍吗？好了，那我们今天微侠就到这儿了，微瑕就到这儿了。然后剩下这个是一个关于宗谋教原始宗教资料集成原始宗教。介意品相的，刚刚那些亲戚你们都要谨慎一点，介意品相的朋友们，芊芊可要搂着点。然后现在的一号链接也是我们一个限量品，每天就三套的一个限量品,魏晋南北朝禁卫武官制度
等会儿我看看大家说什么了，正反各套一个，你难为我这帆布袋成本30块钱，一个我已经南北朝五官制度没了，两个帆布袋你不行，就成本老高了。就是我每天生帆布袋都要被diss的那种一个一个的活动。没有，因为这几本是亲签，是无塑封的，所以发货很害怕给大家磕碰。但是说实话他八个角已经不是很尖了。大家可以看我手里这个就是我们签的那个，就签的其中一本，就是他八个角真的到手会有一点点，大家介意的话尽量别拍，因为你退换的话我可能已经没了。一共只有没有签签的，没有签的是五折。但是今天没有上，你感兴趣的话可以明天直播，明天还有明天下午还播，感兴趣的话可以明天上一下，是五折。199，应该是唐骏毅、几成新、唐君毅，说实话是五成新，因为它只是无塑封，且出版时间比较久了。说实话是叫九成十成新。什么五成新十成新，就是他只是无塑封，就是书是新的。我们群里还有人，刚刚五官制度没了，因为是亲签吴素峰3折。对，吴素峰3折是微霞，微霞的概念是他只是吴素峰朋友。然后还有4折的，就刚刚大家拍的，可以看一下价格。开播的时候六号链接拍了两本。没事，你退。有破损，没有破损，绝对没有破损，最大的就可能八个角，稍微有一点磕碰。天哪，什么东西最低多钱？上的是一号链接，价格还没改，大家不要拍。现在是原价，给大家改一下价，给大家改一下价，稍等。活动管理现在的话是这次唐君毅的话，唐君毅的话最低就是这个价格了，不会再比他低了，因为是一个绝版书，还有十套了，他这个盒子的这个书只有十套，就是唐俊逸这个盒子只有九套了。今天手这一套卖出去就只有九套了。且且这个是很多平台都在卖的，就是我们不一定能留住这些书。一号链接是怎么说呢？一号链接是本老书，所以我们给大家开开到了三折。一号链接是本老书，我们给大家开到了三折。但是他是他是没有人看过的，且没有污损的新书，但是因为他出版的老，所以它没有塑封。眼镜妹隔壁中国社会科学文献另一个眼镜妹是你的表妹，求证哪年出版的？魏晋之前是啥微瑕，是这个已经没了。魂兮归来是不是有关？你别定义，你别那么说，不是，各民族原始宗教教的，这个是10年前后出版，让你看一下，确认一下，出太多可能有点瑕疵。我看一下一二年出版的，是这套书的话，是还有一套佛教史，要去底下拍。刚刚那个朋友，就是我的表妹唐俊逸哪年出版的？唐俊逸的话可早了，唐俊逸的话是05年出版的，唐俊逸是05年出版的,唐君毅相关的书（文中提到唐君毅的书为一号链接的书，未提及具体书名，只围绕唐君毅相关书籍在讲优惠、新旧、数量等情况）
因为那那年头出版书没有塑封，所以那个给大家打的是一个很五折。对，十多年了，所以这个书的话给大家开的是三折。这个书的话也是开到一个三折，还有一套。然后它的话有十成新，有十成新你拿到手只是它无塑封，但是它真的有十成新，品相我给你看一。品相就是这样，没有任何磕碰，然后有胶装，所以也不会有太那什么就是太而且它的胶是完全很结实的，那种胶不会脱落，就是十成新。只是它无塑封且年头久了，所以我们给大家达到这个折扣。嗯哪本这本吗？这本是有塑封的。不不不，这本书有插图的，说在一个人可能有点忙出来了，这边有插图。这本前面的话，这本重内容它很重磅，它是民族所，中国社会科学院的民族所，是应中央的这个要求承办的这些学科的研究所。然后这些老师他们花了20年的时间去田野调查，去各个少数民族他的生活聚居区里去调查。然后把他们研究的这些少数民族原始宗谋教的情况做了一个记录。然后非常有趣，就是很有趣。因为它虽然是个纯学术文献，但是它的内容很有趣。我看一下看不太清，我的天，亚里士多德形而上学之B这本书记基本上不会再重印了，可以帮你问问。是的，唐军一盒子可能是坏的。是的，我们都是学术书，就是主要是学术出版行上学的毕业那本书不太能重印了，除非有其他的，就是有其他渠道需要，可能会一起加印。如果只就是现在的话，它自然加印是不可能，就是现在是没这个动静的那本的话要等一等，有的话可以进群关注点一下，关注进群一群还有一个空位，大群还有一个空位置。是的，那盒子不一定那什么那盒子不一定，现在就还有九套了，就是唐俊逸那个唐俊逸没了，好吧，唐俊逸也没了，然后那个原始宗教也没了。唐俊逸因为它就是十成型，只是盒子有有破损了。而且他那盒子说实话很漂亮，就是很民国审美的那种很经典的一个盒子，就是盒子坏了，盒子坏了。好了，我们三号链接是今天带的一本书，之前没给大家推过，三号和四号都非常有趣。唐君毅可以，唐君毅，我现在查一下库存行吗？唐军一行一共还有8，就刚刚除掉你卖的那个，还有八个库存卖超了，发不了货了。我给你上一个，一个肯定是有的，一共还有八个，就是我上两个，一共还有八套带盒子的，全本人。然后我头还没有，是一个小小的方形的一个盒子，里面是唐骏毅老师，他十本。我们这是大陆首个引进唐俊逸的这个书的出版社，九州是很后面才引进的。然后我们这套的话就是选取了他，大陆当时905，我看是0507年左右出版的。05年出版的首版的，然后14年加印的,唐君毅相关的书（文中主要围绕唐君毅的书在介绍库存、版本、引进情况等，但未提及具体书名）
就一大家手里拿的这个是14年加印的那版，然后就是胶什么的肯定也都没问题。然后全本无删减版无删唐军一盒书很好。是的，因为是编选，就是你说的删减基本上是没有的。但是是编选是经过这个学者，就大陆的学者对他的在去编选。所以是可能有一些如果你要想要全集的话，建议你去九州那套。如果你想让它最重要的那些理论的话，就是他的哲学，我给他拿一下。哲学言论的那几本，然后还有他的一些哲学概念的这些，这套就是涵盖了他最重要的就是当时也是大陆首个引进的，是这样原始宗母教好的十本老重了。是的，就是因为是不会泛黄的那种胶板纸。老之前我们社做出的比较实诚的那种很重比较重的胶板纸。但大家如果喜欢清琴的话，我们社不多。然后原始宗母叫的话，包装没问题的，是用盒子发货的。原始宗母叫的话是带盒子的。然后三号链接的话是本很有意思的书，是关于心理学，中牟教学，以及神某论这些方面的一个研究。就是这两本书大家建议3号4号一起拍，没看59 18打5折，59是的。三号四号的话下播就改回家，佛教室在底下，我帮你顶一下。朋友就是你这实诚，怎么这么实诚？往下翻翻就有了佛教史，佛教史35号链接，佛教史给大家看一下。先看一下佛教史，因为今天是个bug价，今天是bug架。今天是我们一个不会再有的价格。佛教史是三本，我手里只找到两本，是三本。还有老师吗？没了，52是基本上前100个是一定基本上是开好的。大家不确定的话可以问问我，52是开好的，52是3折，要把52给大家顶上来，52是3折，给大家顶到一号链接。就把今天把老书或者折扣书都给大家拿到前面刚刚那个问老书的52号，就现在的一号链接是三折的一个无塑封的很棒的老书。是20世纪的一个大报纸合集，是英国作者引进版佛教史新书。佛教史是新书带塑封的，佛教史可以放心拍。新书带塑封的72米，今天价格达到很低了，今天价格是半个价。佛教史新书佛教是全新带塑封，全新不是微瑕。今天微侠已经出完了，基本上那个是1988年的首版。朋友1988年的首版，你们拿到的是2019年或者18年的第五次印刷，或者第六次印刷，是新书带塑封的。然后纯粹没有这书，这书我们都没上过，这书现在还没有库存，都不一定了。就是康德，这本应该是有过微瑕直播的去库房有过微瑕，但是我们今天肯定是没有。佛教史三本，我来冒充一下，拿一本冒充一下。佛教史的话是三本，然后是72米，是任继于先生写的，大家读佛教研究佛教主播设置,任继愈先生写的佛教史
是的，你退了，那库存就恢复一本了。然后你那个朋友可以去蹲一下那个专拍，搜一下，就他库存出来了，你先退了，然后那个朋友再蹲一下。佛教史上个车，佛教使帮你弹一下车，36号链接佛教史，中国佛教史。我拿我大家等我一下，我去拿一下那一本，那本在另一边。佛教史的话就是三本中国佛教史。它是从你在蚯蚓打篮球，你们两个可以去那个，就是他退了库存会出来一个，但是你不一定能抢到，这是蚯蚓，你不一定能抢到。群里大家把关注点放在这儿，让他们抢一下他们交易一下36号链接。全三本中国佛教史的话，今天7 73米达到了八个价，是一个佛教史。大家如果知道仁济于先生的地位的话，先给大家介绍一下。是中国社会科学院，在8几年开始做哲学社会科学的学科认定之后，新增了很多社会哲学社会科学方面的学科。然后中国社会科学院的宗某教所的首任的所长就是任继于先生。然后任继于先生他任所长之后，他的第一个使命就是让他编一套九卷本的中国佛教史的通史。但是任老师这套书是的，佛教是不可替代的一个。就是你不管是研究宗某教的、佛某教的，或者是对中国哪个链接叫做专拍，叫做专拍。大家去店里搜十号有微瑕吗？帮你看一下。十号就是青青书，39米。朋友你少少抽两包烟，少喝点酒，少喝两杯奶茶就有了。这书很棒，十号等会儿帮你介绍。然后我们现在把佛教史给大家过一下，然后冯某教史的话是是我们这个开山鼻祖，就中国宗某教研究，包括冯某教研究的这个开山鼻祖，他任继于先生他写的一套九卷本的这个不抽烟不喝酒，你别买菜了，你饿一顿，你别吃雪糕，别吃西瓜，别吃水果，你饿一顿。确认了你先墩。是的，你们你们两个你们两个公平，那什么交易一下，趁大家不注意再推。回到这个，是中国佛某教室的一套必读书。因为他研究的就是从中国佛教传入的时候，这些点就佛经也好，然后这个佛教的解读也好，佛教的传播路径也好，就是都在这套书里了，是中国早期的一个佛教研究。后面的没出完，因为任其于先生身体不好，后面就写不动了，比例不计。然后现在已经逝世了，这个先生就这套书是他的一个未完成的一个心血，也是一个绝笔的。是这样，这套书真的建议我们对佛某教研究，就是有研究的朋友或者了想要了解佛某教的佛某这套书真的是一套很棒的书，而且72块，72块钱，今天是三本，72块钱的话，三本拍走。对，十号不贵，而且内容超值，超超超值好吗？对，就是生活在不说佛教史也超值,任继愈先生的《中国佛教史》
是的，佛教史的话，佛教史就是感觉他性价比可以打一切疏了，因为价格这么便宜的，很多书内容都很烂。这套书的话内容是很棒的，它内容的话绝对是高山仰止的这样一套书的。每次都会讲小黑屋的那一本。对我刚刚都没没敢讲，就是一亩10邢某态十号那个朋友你倒是蛮有眼光的，但是那个书绝对不会有危险，也不一定有危险，就是没见过危险，危险里没见过十号。我们把456先给大家过一下，456的话神圣与疯狂这本其实内容非常有趣。就是神圣与疯狂这本的话就是揭示了你，尤其是他是西方的。然后像我们魂兮归来，这本就是中东方的，也挺有趣的。就是看一下西方就是宗某教在对待异端也好，在对待精神经某神病也好，就是他们怎么处理的一个办法，非常血腥，非常这叫什么？但是就是很有趣，这本书就大家里边的内容，它是宗教精神病学这本书的话很多平我们平台都都用到，平台是正常上不了的。这个是我们改了那个名字，也改了链接，给大家上的59米价格是已经开好的。它主要是从心理学，然后宗某教的一个人类学方面去研究人类的一个精神上的一个不正常。包括各种什么歇斯底里的抑郁症，就是那种显得比较正常一些的精神疾病，或者是一些更极端的就是区区魔了附神，就是这种就各种更极端一些的。宗某教的一个研究，就这本书讲的很清楚。然后政治思想史有，但是政治思想史价格蛮高的，我可以给你上到购物车底部，政治思想史你是问的是哪个政治思想史？我们有个美国人写的，我们还有个中国人写的。可以把链接帮你上到购物车底部有一个政治思想简史是美国作者写的。然后这本书的话是国外的很多大学的通识课的一个，这叫什么教材？也是政治思想简史叫完了，好像上不了，价格是固定的。五号有样书，五号有样书，政治思想史上不了链接。算了，你明天来吧，明天或者进群蹲一下，五号有样书。正好讲完西方的，我们就来看看中国的这本书，民俗学研究，但是其实就是关于少数，也不算少数民族，各个就是包括主流好，包括少数民族也好，他们的一个信仰中的灵魂论的这个情况，这本书是灵魂信仰考察组。我感觉中国人就是不管你再怎么唯物主义，也会吸引一些关于0。是的，这本书特别有趣，它会讲到，我给我大家翻译一下，因为这本书。他会讲到少数民族里面怎么祭祀，然后怎么样招魂。然后有一些信仰它和传统信仰，他是认为植物动物就泛灵论他都有灵魂。然后这本书哥们儿俩还聊上了。是的，他们俩链接没了，敲敲上一下蚯蚯蚓兄弟要好的，你等等下播吧，等下播,神圣与疯狂
现在直播间好多人在买书，等等有时间那个秋烟你关注我一下，你关注我，然后你跟我私聊一下下播了，我帮你看一下下播了，帮你看一下。99米这个现在也没改价，这个我改一下价。99米是原价49.5块，怪不得大家敲门声没有拍49.5。我们直播间的价格是开到全网最低了，我们一般一般不会再打折了，除非是107没有微瑕，底下的书都没微瑕了，朋友底下的书都没有微瑕了，底下的书都是新书了。为啥已经拆没了？一号现在是个原始宗母的。是的，你不用三水买过原始宗教教的不用多，一直都是这三本。是什么苗族、水族、畲族、仡佬族，还有什么高山族，就都是这点主要是西南东南地区和台湾地区的少数民族研究。介绍一下日本史。好的，稍等一下，我们把魂兮归来这本给大家过一下。魂兮归来这本书就是很棒，就是中国人的传统信仰里面，从他这本书涉及了古代，也涉及了现代的这个灵魂信仰的一个变化情况。然后也涉及了各个少数民族他们的一个信仰的魏晋真没了。胃镜我也关注下boat一是的，你关注我，你关注并私信我可以给大家看一下红瓶，就是这本书我觉得特别有趣，但是我自己都有点不敢讲的那种。但其实中国的这个原始宗谋教中，他的一个信仰情况其实是温和很多的。是比我们刚刚给大家展示的那本神圣与疯狂，这本就两本，真的可以对比着看。就是他中国的不管是少数民族的民信仰，它有极端的情况在。但是它整体的信仰的一个状况是温和的多的。然后给大家看湘西永顺出土的魂瓶。好吧，五官那本可以违规，不是五官那本一共就签了三十本，你要上那个，你想要亲签吗？亲签的话一共签了三十本。我今天的上限是十本，我可以最多上两本，一定得抓紧联系bot 1，你联系我，你下去联系我就是那个叫什么？我下播七点钟下播，你联系我一下。但是我不确定你他会不会被别人拍走你因为这个搜不到，可能是被别人拍走了。我看一下，问题不大。下播之后你联系我就行。然后这个你也要五关，行吧，五关我给大家插回来上两本就两本，因为我一共只签了三十本。这个是我们请这个。不能说让他。不能说又给我整了个违规，本来就一个人手忙脚乱的，然后还那什么还老给我谈违规。好的，上两个就是魏晋南北朝晋位五官制度上两个。这个书真的很实物很漂亮，它是红色的那个外封上面烫金的，然后内纹也烫金了。然后内纹是我给大家看一下，再吊大家一下，反正只有两个，这个是我们这几周的一个重磅的书了,魂兮归来
"它会是烫金的，然后里面是有一个书签的，然后内纹这里也是一个起凹印凹加烫金非常精美，真的很有收藏价值。现在是他韩金龙老师是在这个红色的扉页这签名了。然后书里的话会送一个书签，会赠一个修订本的出现。我们这套的话是修订本，因为韩老师之前是在中华书局出的。然后我们设的话，他在我们这儿是把根据一些最新的考古发现，然后他更新了一些他之前的这个这叫什么呢？更新了这一些他之前的学术观点。然后这本的话上两个，现在在一号链接只有两个。今天就这点了，就这个别找我了，求求了。魏晋南北朝，晋魏。上两个就你想拍的朋友，刚刚再蹲一下哟。刷新一下就好了，你点进去或者刷新一下就有了。魏晋南北朝五官敬畏五官制度好了就秒没，真的很漂亮，且内容绝对能打，全国能打的这样一本书。中华书局那版是更不是我们的，是老版，我们这个是更新版。谁把你的拍了，你在粉丝群，好的，不是两个想拍的都没拍到你那你们下周，一周就放十本，我们只签了三十本，量真的非常少，只有30个。下周来下周来，下周来进群点关注点关注。我刚刚报名了，想拍的两个朋友都给我们直播间有一个魔咒，好像就是在公屏上跟我们聊的非常开心的，经常拍不到，以后给大家点福利。你家书确实拍不到，CSK, 每次抢的很生气是吗？你别生气，你真的我要是有的话，我就都给你了，但是我没有。粉丝群看到boss一了，感谢好好人卡，感谢好人卡。不看了不看了还行，下周来一周放十本，我们三十本三周放放完再上一下，一共三十本。朋友啊，我就是一共我只签了三十本。韩建龙老师真的他讲上周上上周的那个讲座里，韩老师发言也很，一看就是行家，加群就可以有消息，给波子一点点赞，你给我点点赞。下周我上来就给你放这个魏晋南北朝鲜的五官制度。我放之前先在群里喊，疯狂喊，然后大家来了就拍。这样就是人少，一开播的话，刚开播人很少，一号我插出去了，大家别蹲了。今天的额度我已经用完了，上线就是十个。下周周三跟今天同一时间，我会在群里踢大家的。但你点个关注进去，我先给大家通过一下，因为我们一群只有一个位置了。如果你再点了一的话，你就白点了，我也没办法给你通过了。一群群成员满了，现在大家只能进二群了，一群已经满了，大家进二群再申请的话，刚刚那两个申请进赛博书摊的那个朋友已经就是你没进来，我看一下叫什么嚣张和爱吃豆沙包，你们两个没进了一群，因为一群已经满了，那个位置已经通过了。是的，进群",魏晋南北朝禁卫武官制度
今天周，下周四下周四过糊涂了，下周四下周四给大家上，同一时间给大家上，有灯牌才能抢。是啊，大家点一下粉丝灯牌，然后我们到十级粉丝灯牌。到十级的朋友可以来找boat 1、boat 2或者进群许愿，我们第一个点亮粉丝灯牌。十级的朋友已经许了我一套，不告诉你们是什么了，就是学了一套肉痛的书。文学类有，但是我们社主要是社科类，没有七天条件，有吗？我们都是五点半到七点，然后明天的话有个加长，但是明天的书就是没有签名本了，明天没有签名本，明天就是正常的。看到了默默潜水潜，欢迎大家来潜水，唠不唠都行，许到24时，你把我开了，你可以直接把我开了。有人就是十级粉丝灯牌的话可以找主播学，然后基本上都可以满足你，只要你不是离谱的，然后学。是的是的，文字学，文字学看错了，文字学有的。朋友，文字学我们有最重磅的书，我找一下我手头有没有样书。还真有，算你小子幸开玩笑，安澜这不是你买了吗？文字学的什么呢？文字学的考古加文字学研究方面的这个大牛了，就是我们这儿的大牛牛都不知道怎么给大家介绍了，我们自己出版社介绍总像那个自夸，但其实逢时都没有，我给你上一下，太惨了。古文字学或者文字学研究你不看逢时，你别混了，我给你上一下古文字学概论。我给你上到购物车最底部100号链接以后是没开好价的。大家如果感兴趣的要给我介绍家给你改价。因为今天太匆忙了，下午还被拉去开会。古文字学概论。我上面的封面是紫色版，但是现在给大家发的都是蓝色版。这个封绿色版这个封面绿灰的这个封面它是青铜器的这个颜色非常漂亮。虽然我购物车里给大家加的130号，购物车底部这个我给大家开价改价，点亮粉丝灯牌。是的，手忙脚乱。一直跟我直播，那哥们是不是混血？你V我50，我告诉你50块，立刻出卖同事信息，把什么都挤碎了，手机号码通通那什么告诉你。古文字学概论上五个在购物车底部，是冯石老师的作品。是通过研究出土文物上的这些这叫什么的文字，然后去理解中国古代的一个古代的人文观念和一个。等着许大不同也限量的，就是我们前五个，现在已经有一位朋友领了，然后第二位朋友满了，但是他一直没来找我。他来没来找我，好像没来找我，我不告诉他，大家别告诉他，有七天限制，刚送了灯牌加不上群。那大家等等，是我们还有这限制吗？我都不知道，我以为我们很友好的。我以为我们没门槛的，有门槛大家等等，就是加不上粉丝群的大家再等等,《古文字学概论》
然后回到前面给大家给回到前面，古文字学概论这本真的就是是就是我们但凡在线下书展，一定会有那种博物馆或者老教授来买这本书的。就是冯石老师的这个顶缸之对，就读完这本书，你去博物馆看那些文物的话，就不止再看它的形状或者它的朝代，它的一个你能通过这个股顶这些中明顶器上面的这些，这叫什么呢？这些文字信息去了解。最重要的就是我们今天可能看博物馆里的顶，去看它的一个形状了、朝代了，它的一个材质了。但是其实这些顶最重要的是它上面的一个祭祀用的文字，或者是是这方面的一个做顶扛扛鼎之作。是的，逢时，是的，有的天文与人文五官亲签，你还想要没了，已经卖完了。朋友今天的份额已经卖掉了。四号没了，下周来坤金Q金，你下周来，下周来下，周四来。封皮不一样，封皮更新了，那个是老版。我们现在的话都是用的这个青铜器的那个颜色的，这个版很漂亮。做了个升级。大家如果蹲老板的话，是的，下次大家悄悄来，在群里我踢了，大家来了，大家先开，是这么个情况。然后六号链接，六号链接也没开价，生气今天开的有点着急，属实一个手忙脚乱，四号没了。老板性价比一样的，价格和价格什么的都是一样的，只是封面改了一下。老板性价比没这本书500我看一下。这本书你读780页，这本书780页就是75米。然后如果你读完这本书，你可以去各个你如果读懂这本书，你可以去各个博物馆当讲解员。文明遗址文明是啊，我们有缝时全套的，我帮你上全套。但是有一本绝版，我跟我我走，我看看能不能帮你上全套。有一本绝版，好像是百年来甲骨文天文历法。逢时老师有一本绝版了，我先帮你上文明遗址，先帮你上，确定有的你拍不拍？你不拍我更伤了，大家还等着我介绍，没有我一直没有我看看，以后你拍的话，我帮你上一下。你拍文明遗址你拍吗？朋友，文明指上古天文相骨的天文思想的制度。那你上到购物车最底下，刚刚那本70 750页的是这个中国古文字学概论，就是听着很专很那什么。但其实风水老师它里面是图文并茂，而且就是通过甲骨文经文，然后去研究古代的出土文物上面的信息，就是那个顶那个物器物不是最重要的。其实是上面记载的文字传达的信息是一个垄断性的和一个这叫什么这方面的一个垄断性的一个，这叫什么传达的古代的这个思想。然后这本书的话是购物车最底下17，很好，刚拍了几本大部头。防水，是的，下雨防水。按道理它袋子是防水的，但是如果大家拿到手有啥意外的话，可以联系我们刚刚说17号的朋友,《中国古文字学概论》
是的，17号是农村或者是城镇化，或者是城镇化过程中的转型问题，或者是每个人都经历了这个土地政策，土地制度的一个转变的话，十七是非常推荐给大家的。但是等会儿介绍，我们先按顺序过一下，然后六号给大家讲一下，六号是一个高价。价格没改价，大家改一下，136。是六十八，60 80个。六号链接给大家看一下，六号链接是我们的中古中国的孝子和社会秩序。这本书是魏晋南北朝，剑桥魏晋南北朝的作者就是他的一个专著，给大家弹一下链接。是亲签的吧？不，现在大家拍的没有亲签了哟，亲签已经拍完了。现在大家拍的话没有亲签了，是亲签的那本书。然后这本的话是五折，没有亲签。亲签的话就是很很珍贵，因为南开始老师已经回到美国了，没亲戚了。是的，没了，只有一本是我们留的，要样样样梳了，不会发给你的。对，就我手里这本这样这本书其实探讨的就是为什么孝子故事会在魏晋南北朝时期逢时合集没有，朋友因为有一本绝版的那合集里有那本绝版的，我现在来不及给你踢出去，那本绝版的，所以我没法给你上，是这么个情况。然后如果你想拍的话，我可以帮你把文明遗址和中国古文字学概论上上这两本就是他的。你读完这两本，你会对他所有的冯氏老师所有的思想有一个。概括有一个八十4，我算我先算一下价。你如果你真的读完这两本了的话，你会对中国古代的这个思想，然后包括中国古代的各种祭祀用品，各种人文的思想都有一个非常好的了解了。冯石老师合集有一本绝版的，我真的现在一时想不起来是哪本，所以我来不及踢出去。就这样吧，都应该上哪本学了，我得回去查，现在一个人来不及，朋友你不要难为我，然后回到这个，回到这本，这本价格很香，我没算错，我看一下60 86二八十六十六没算错，没算错，这个价格，这个价格很很值得。就是中古中国孝子社会探讨的为什么？首先为什么中国人孝道是对中国人来说为什么是至关重要的？你在这本书里就会得到一个很好的解答。就是如果我们我们那句话怎么说，积善之家必有庆余。就是为什么善会和钱联系在一起？你就是为什么你越善良，就是你的家族越富有。它不是它是一个正向的关系吗？就是你越善良，你越老实，你越对人好，你的家族就一定会繁盛，你家就一定会有钱，一定会发达，就是苟富贵勿相忘那种，这个都拉进来。中国与苏东关系能拉能等会儿别急，就只有一个人就手忙脚乱的，属于能帮你拉。是汉学家，是南凯石老师，是剑桥魏晋南北朝的作家。他是汉学家，就是研究中国古代史的西方人,《中古中国的孝子和社会秩序》
然后他们拿到的材料和我们中国人拿到的材料其实有不一样的地方。然后这本书的话他就在解释为什么孝道文化影响了中国人这么深远。然后刚刚那回到刚刚那个话题上，就是为什么积善之家会有庆余，是这样的一个逻辑吗？这本书就在探讨，其实是有庆余的人去在修史，是在这些富贵就是贵族也好，然后暴发户也好，然后这些有钱的家族也好，他们在去修自己的一个族谱，或者是再用这些孝子故事为自己的家族赋予一种美德，然后让你让自己的这个家族富贵起来，没那么招人恨。是这样一个很就是被我说的很平实，很白话，但其实这本书他探讨的非常深刻，就是他去思考为什么我们今天会认为善是和金钱有关系的？就是这样一个正向的关系，其实是一个倒叙的关系，就是是这些有钱的人他去修自己的德，然后一个是他要积德，就是让自己不会被像魏晋南北朝时期，他不会被其他的这个整进来一起下单。好的，等一下，等一下，等一下帮你算一下。中国与苏东关系是叫这个吗？是叫做新史料新发现，这本书也是很新的一本书。这本书我倒没看过，只能帮你到这儿了，只能帮你上一下。让我讲内容的话，这本书还真没法讲。96米，然后给你开一下价，96打5折，我们价格绝对是全网什么。帮你开好，放在购物车底部，需要的朋友去拍。中国与速度关系之本的话是蛮新的一本书。然后回到我们的这个中国中国的孝子这本书没有亲签了，只有普通版了。没有亲签了，现在只有普通版了，就是是一个解释孝道的故事。为什么会在后面？新书架架，书架是宜家的，朋友书架是宜家的。但是你自己家的话，你最好还是找个带门的，因为我们这是为了给大家展示的，所以给大家安的是不带门的，就不带门的容易积灰。然后中国的A这算不算给算不算说宜家应该没事。中国的孝子和社会秩序之本的话，就是说为什么一个家族尽量要包括你这叫什么？从走仕途也好，包括你包即使到了今天我们走试图也会有一个这叫什么？那个叫背调，就是官方的那个背调叫什么来着？资格审查就是会对你的背景做一个严格的调查。为什么就是认为你扇适合剑桥哈佛中国史，国外汉学。是的，国外汉学领域有些人他们拿到的材料和我们不太一样，就是他研究的东西战争与暴力。没开，朋友今天怎么这么剑桥哈佛中国史好价，当下就是好价，五折还不是好价，大家不要那个太太那什么我们的价就是其他平台搞活动的价，战争与暴力开完价应该是50以下，我帮你搜一下。好的，朋友，今天在我们直播间捞了不少好书,《中古中国的孝子和社会秩序》
十我看一下战争与暴力，这本我也正好给大家推一下吧。输了送到，一八没开价。是159 10分钟，我十分钟给大家开十分钟就得了。战争与暴力的社会学，这本是剑桥的剑桥出版社的，然后是我们引进版的一个图书。给大家点一下链接，126米，不是126号链接，然后59米。然后这本的话其实这方面的研究，如果大家去虽然有对人性中的恶，或者人性的中的暴力倾向做研究的一些书。但这本它是从社会学角度去探讨，就是从普遍范围上人为什么为什么人类文明史上一定会有战争，或者是人类文明史上一定会有大规模的暴力冲突这个角度去解释的这个战争与暴力的社会学。这本书非常报，是我们线下书展带了一定会卖光的一本书。但是因为它就是在线上曝光率，我们给的曝光不够，所以这本书在在线上确实卖的平平。但这本书只要在线下大家看翻翻一翻看一看它的内容，一定会下单的一本书它是像我们有本书叫投石锁，从是从投石锁到无人机战争是怎样推动人类社会的，那本书今天没给大家上。然后这本的话就是去探讨人为什么人类文明史一定离不开战争，就是暴力的。这个怎么说呢？暴力是刻在人类社会基因中的，他去解释他试图去解释这样一个问题的这样一本书，这本书也很棒，再给你报一个社会学126号链接，这本书给大家过一下。然后我们今天的话从前面顺着讲，品很多，然后后面的没开价的，或者大家看这价格有疑问的可以Q我。然后100号以后的一定没开价。以前的看着价格比较离谱的可以Q我。刚刚六号过了，然后七号的话是重点推的书，抗日战争时期的。完了书被我拿到办公桌上，大家拿一本冒充一下。抗日战争时期的那个抗日战争时期这本抗日战争时期这本朋友们大家醒着，醒着的话我真的建议你入一本，只要29块钱。然后因为他很难得，他首先从这个作者的初衷来看是很难得的。资深小小什么小腹黑还是小黑屋？资深小跟班起眼神很差。抗日战争时期我手头没有书，然后那个样书在我办公桌上，我拿一本给大家冒充一下。开本的话跟这本书差不多，不太厚。开版的话跟这本书一样，厚度的话跟这本书差不多，不太厚。他是一本一位日本作家写的，石岛继之先生写的。他是东京大学的一个教授，是做战后的战争研究的。然后他那本书难得在哪里呢？他是写给日本民众的，他希望日本民众去了解在抗日战争，在侵华战争时期，中国的普通老百姓他们的一个饥饿的程度。就是他从饥饿粮食问题去研究中国百姓的一个生活状况,《抗日战争时期》（作者为石岛继之先生）
就是当时中国的因为国土面积非常大，但是划分的区域包括日战区，包括国统区，包括共产党的这个敌后区。就是这些地区每一个地区它的一个粮食问题，以及每种包括汪伪政权，他的占领了江浙最富庶的江浙地区，每一个地区的人都在挨饿。不管你是城市里的人，你是实行配给制，或者你是去用高价买这些粮食，还是你是农民，你就是自己收了粮食了，你都不能自己吃吃不到自己肚子里。还是你是除了政府的这些高官，除了政府的这些除了少数人没在挨饿，绝大多数中国人就这本书里他没有给到一个数据，就是这就当时中国有多少人在挨饿。但是看起来你觉得中国95%的人都在挨饿，是这样一种情况。就是因为不仅有侵略的这个战争，然后还有征兵的这个粮食，还有你天灾人天灾也好，人祸也好，还有你像光头他那个黄河花园口决堤之后，它辐射的范围可不止只是黄河口，黄河南这一片儿就是它辐射的范围。山东，然后河南、安徽，然后一直到流民。这些流民他们四处迁徙，然后到了到包括到了山西地区、陕西地区，包括到了迁徙到了甚至各种地方，他们迁徙，然后再到瘟疫的一个情况，就这本书里给大家讲的很清楚。然后这本书的话它非常难得的点就在于它试图向日本民众去解释你犯下的罪恶。不止在于你杀人，你还在于让别人饿肚子。不仅在于你让中国人饿肚子，还让中国人饿死。就是中国人当时就是普通的老百姓，尤其是有饥荒的。这些饥荒或者是被征粮，或者是受了天灾的这些地区，老百姓是吃树皮吃，就是一开始你吃野草，就跟这叫什么吃，能吃的东西都吃完了，还有黄在，就是吃蝗虫也吃了，就是什么都吃了。后面就在吃土，吃土也吃的没了，就是吃人人是人就多惨就不说了。这本书就是他现在日本民众解释就是你的罪恶深到了你们看不到的地方，还有很多罪恶。就这本书建议我们中国普通人也去读一读，就是烧杀抢掠那些事儿是你干过的。然后这些事情的一个后果，一个影响都在这本书里。讲的很清楚，是抗日战争时期的中国民众。这本书社会主义，哪个社会主义，哪个社会主义有点尴尬。2313哪个社会主义？社会主义是我手里这个社会主义企业家，匈牙利乡村的资产阶级这本书是这本书没没有没有上，这本书可能都没上。这本书没上，我刚刚借着这本书讲的是抗日战争。我帮你讲一下什么，他的社会主义日本是没上，就讲一下他兄弟篇那个意识形态的终结。这是同一个系列的意识形态的终结，我不太敢讲，但是快结束了，我们回归一下应该也没什么,《抗日战争时期》（作者为石岛继之先生）
完了意识形态的终结也没书，意识形态的终结这本书非常难得，可以给大家讲一下。八九号没有感兴趣的朋友，我们可以先过一下，等会儿再给大家讲。八九号没有感兴趣，有感兴趣的可以扣一下8和9没有的话，我可以先过一下。先讲意识形态，易某时邢某态的终结。我这本书的话是美国作家丹尼尔贝尔，他在60年代写的。我帮你找一下样书，样书去哪找一下，莫急。俄罗斯远东史的话是一本新书，它的话其实就是把俄罗斯从古代到怎么说呢？从什么时候写起的来着？我有点想不起，我就帮你拿一下样书，我有点记不得了。那个一某时形容态的就是死于那个，我还真找不到。俄罗斯远东史的话是三卷。然后他第一卷的话就是俄罗斯古代史，远古从远古到17世纪的远东，俄国对西伯利亚的征服及开发，然后18 19世纪上半叶远东的经济和社会，20世纪初期的远东，这是他的第一卷。然后第二卷的话是主要是苏联时期，主要是社会主义时期。第二卷就是苏联，以及二战时期和苏联解体前的。然后到第三卷就是俄罗斯了，第三卷的话就是俄罗斯的一些情况，我们看一下，今天主打一个满足大家的苏联解体后的远东。然后远东他比较难得，就是他把远东和中国的一个交互，包括从远东时期的一个交互都都涵盖了一下。这本我可没看过，就是只能帮你帮到你这儿了。写了领土纠纷，就是写了中国和远东的古代的那个情况。但是有没有纠纷我不记得，我也没看过。我问看一下目录能不能看出来，后天儿在的话，他能帮你讲一下这个，有甚至写了商周至唐代黑龙江流域先民与中原王朝的关系，唐治明和明清时期的黑龙江的一个管理。然后不知道能不能满足你有讲到中俄尼布楚条约这个时期，然后其他的关于中国和远东的领土问题，我看一下，好像就没有太多了，是这样一个情况，只能帮到你这儿了。朋友，然后回到我们那个易某时邢某态的终结这本书，这本书篇幅他只要39米，但是它篇幅蛮厚的，他有400页左右，他有400页左右，我手里没有样书，拿一本帮大家冒充一下。封面是跟这个一样的，因为它是同一个系列的。它是这个社会发展一丛中的，然后一亩实行母态的终结篇幅是这个的两倍后，这本书也是瓶装的一个一一本书。然后它很难得，它是丹尼尔贝尔在60年代美国作家，他社会学家，也是国际关系方面的研究意识形态的作家。然后他研究的他当时就许下了一个预言，他认为意识形态的对立一定会走向终结，然后民粹化会在各地，保守主义会在各个地方兴起。然后发货叮嘱加固包装，快递依然疯狂,《意识形态的终结》（作者为丹尼尔·贝尔）
放心，我们最近没盯快递，所以可能快递库房又不拿，不拿我当回事了。我去快递那发范围再跪求一下。没问题，就是我播完给大家点单子，然后再顺便帮大家叮嘱一下库房。基本上现在精装都是用盒子发货，瓶装的话是套塑料袋，尽量帮大家叮嘱一下。易某时邢某态的终结。这本是我一我们一讲哔违规，所以我给大家绕大圈讲一下，就是他是对50年代的一就两极对立的情况做出了一些预言。他认为这种情况不会持久的，然后保守主义、民粹主义就是这个趋势一定会复燃的。各个地区的两极分，就是各个国家和地区它自身的两极分化情况一定会更加严重的，且会导致意识形态这种大的两极对立走向一个末末穷途末路。是这样的，50年50年代的政治观念之衰微之考察。然后是这样，然后建议和10号链接全球化和民粹主义一起读。因为全球化和民粹主义这本书，我们中国学者田野老师是清华大学，不是人民大学的一个教授。然后他是做国际关系的一个专家，然后他对他是写的今年刚刚出版的全球化和民粹主义，这本是今年刚刚出版的。所以他把近些年来欧洲美美美国的一个民粹化趋势和民粹化倾向和这些社会冲突的一个源头也好，然后一个分析也好，都在这本书里给大家写的很清楚。这本书是个新书，所以我们打的是个六折。全球化与民粹主义。这本的话是我们刚刚开的线下的国际关系的一个论坛。这本书很受国家这方面的各种青年老师也好，学者也好，学生也好，这本书很受欢迎，是这样一本。去讨论为什么会逆全球化的。这样逆全球化这个趋势不仅仅是在今天才有的，就是从19世纪民粹主义产生开始，这个趋势一直是像难产似的，经常会来一下来一下来一下，就是民粹主义一直在只要给点火星它就复燃的这样一个趋势。然后今天的话朋友们，我们七点下播，我可能会提前开溜。然后有什么感兴趣的书可以Q我们给大家提前介绍。还有本绝版书漏掉了抗日战争时期，还有23本，还有24本，还有库存不准，还有23本。抗日战争时期你看就没生过，那是真的真没生过，这你也没生过，谢谢。田野老师国际政治经济学和国际制度。是的，他是国关那方面的专家，他这本书写的很棒。因为他就是把意大利的五星运动，然后包括美国的那个民粹主义，就包括川某普这一节都讲得很清楚。还有哪几个国家我记不太清了，然后就主要是欧洲和美国的一个民粹化趋势，然后是国际政治经济学和国际制度，就是公关方面的。这个大老师的天线宝宝可以同意没意见,《全球化与民粹主义》
我讲完这个就讲天线宝宝就可以让我未见亲签下周四未见亲签下，周四外见芊芊。下周四开播，五点半开播就上这样大家趁人少抓紧拍，就是让我们老读者抓紧拍魏晋的我已经敬畏五官制度的亲亲。然后讲完这本我就讲天线宝宝是抗日战争时期中国对外关系这本书。首先它绝版了，其次它是杨奎松。这两个密码都没法打动你的话，我就讲一下它的那个内容来谈一下。这本书的话，它其实它的视角很难得。魏晋剑桥未尽青杄剑桥未尽青千。你看我敢不敢，你看我下周胆子会肥一点吗？我今天都很，我今天都要吓死了。好吧，你看我下周你个胆子会耸一就就就刚别问了别问了别问了别问我了，这个事儿没发生过。出版社，应该就是应该是年底，应该是年底我不确定，因为这个领导也没给我们转化，就是我也不确定。日本，so sorry，日本是歌了你很久了。日本史的话，从那本书的话是。那本书的话是坂本太郎写的，然后是可恶，是从神话时代开始写起的，从绳文时代开始写的一个日本通史，是按照按照时间顺序写的。然后凡本太郎的话，他是我要告诉你我没输，会不会找到。日本水的话是首先它价格非常香，其次它甚至有这个价格，它甚至有插图，其次它甚至有彩插，其次它是内容甚至很棒。今天要不在上本是你说你想买，我就给你上了吗？今天是限量的，今天一天一次只放11周只放十本。今天上十本，下周上十本，下周上十本，一共只签了三十本，全网只有30本，全网你随便去看，只有这三十本。然后日本史的话是那个目录帮你看一下。我们这个不太容易对焦CSK我帮你看，就是帮你放一下，你看能对上焦吗？我们这个不太容易看清。下周周四来进群我会踢你，点关注进群我会踢你，点关注进群我会踢你听雨巷的绝响，我会在群里踢大家的。是周四的五点半准时放，你可以定个小闹钟，如果喜欢这本书的话，可以蹲一蹲。好的，你在群里就好，我可以听踢，我可以狂踢，你们一天踢上20招。好的，下周四的五点半下周四的五点半，只要我不出意外，我就只要我人没出意外，我一定会在这里给大家上那个就有关制度的。然后日本史这本的话是凡本太郎是日本的一个东京大学的教授，他写的日本的一个通史。他比较难得的点就在于他是战后一代没比较少的受军国主义影响的学者。然后他这本书的话也是。歌王我很准时的，日本史40 43米，你还想要带锁线，你杀了出版社。是胶装，然后它是564页是胶装。我不是歌王，boss 2才是歌王。你看我今天五点半准时就上播了,《日本史》（作者为坂本太郎）
大家看见100号链接的树莓开架，然后大家想拍的话Q我。然后100号以前的看着价格比较离谱的，也问一问我再拍。是的，中国史的宋史和清史清中期都只有上下还没没有出。然后日本史的话，它就是日本通史，是配了插图的。然后是一本在国内学界也比较认可的这样一个日本史的研究作品了。然后门槛阅读门槛不高，然后对日本的这个古代史也好，到八号目录有眼光，八号绝版，还有十九本，八号绝版，还有19本都不一定有19本我去库里看，因为我们这个是上周的库存，我们下播之后其他平台也会卖，所以这个我帮大家查一查，可能没有19本了。日本史你这本有还没看，你可以看一看，可以翻一翻，因为18也看看。好的，日本史这本就是你从哪一个时间段翻开都能连着看的那种。他是个通史，不按照时间顺序读。这本绝版抗日战争时期的中国对外关系目录可以给大家看一下。因为他其实他花了很大篇幅去展示一下早期光头，光头包括那个给大家看一下图吧。像宋子文、宋美龄、宋庆龄这些人，他们在国际上的一个努力，在他把国民党的一个国际关系也好，国际上的一个策略也好，包括它的一个初衷就是迁都重庆的那个迁都重庆不全面，就是不就是就抗日，他没有在南京地区继续坚持，然后反而要迁都重庆。然后他在国际局势上，在国际社会上进行的一个争取也好，和他的一个努力也好。这本书给大家写的日本史是入门日本史的话是入门，日本史那本的话是一个入门书，且配了很多插图，配了非常多的插图，价格也很香。然后这本的话现在给大家介绍的这本是一个绝版书，还有十八本。不一定，因为这个库存可能没有这么多了，应该反正还有十来本，还有十来本，应该下周或者下周可以卖绝版料。抗日战争时期的中国对外关系，就是他恢复了一下正面战场的一个国际努力。是这样一本书，然后也包括了我党就是在争取。他有谈到，比如说像我们刚刚抗战，抗日战争刚刚开始的时候，其实德国是在给我们提供军火的，有这样很多丰富的细节。就是德国是在一直在支持，也不是支持，一直是在给KMT，就是给国民党，他是在提供军火，然后用以抗日的，是这样一种情况，一直到后面就是他们这个联盟签联盟连起来了之后，然后统一了战线，就是你们统一战线，我们也统一战线，是这样一种情况。这本书的话就是恢复了一个国民党的一个在国在抗日战场上的一个地位。可以这么说，本来还想这个词会不会太过了，但是也没有，就是他是恢复了国民党的一个抗日的地位的,《抗日战争时期的中国对外关系》
还有十六本，这本书应该还有十来本，不到16本。然后今天的话书差不多了，我也讲不太动了，把把天线宝宝讲一下。天线宝宝是我们出版社的一个，我们今天的读者应该都有了。但是我为了下班，让我给大家播一下天线宝宝。然后我们刚的这个是赠这个藏书票的，带了一个硬壳塑封给大家再看一下，然后看一下这个。你不要亲签，我也没有。因为我们这儿是我们这儿还能卖，是因为侥幸留了一些亲签一点点是库里的各个平台，库里的全拉回去了，全拉回印厂了。我们这儿的因为签完名了，没还没有处理，就是可能处理了，我们也不知道有没有，大家不要声张，感兴趣的话悄悄拍。如果不想蹲新签的话，就年底或者明年来买一下这书没有必要着急。我已经南北朝，大家都等了这么久了。如果你不急的话，你可以再等等。读书郎我不确定，读书郎我不确定，因为这个领导也没给我确切的消息，现在在要拉回应场，然后我们讲22、23。讲中华人民共和国史，这条中华人民共和国史就是直播间的朋友谁是歌王？这是不是包菜的小号？是不是报告的时候不上班？然后那什么在那在在在中华人民共和国是只有下策了，咱就最几分钟了，将就。它是上下两册，中华人民共和国史的话是上下两本，106、108米。然后上下两册，建议大家人手一本的一套书。就是我们的剑桥史的话，是我们的我们售出了30年的这个招牌了。如果大家不了解的话，真的建议是20号，不是20号。20号链接剑桥中华人民共和国史这两本就是天天天天天不能说天线宝宝他把我们七点下播预告一下，七点下播。然后联系我的朋友，你一定要准时联系我，不然什么我真的跑路了，已经七点再玩到家要十点了。然后剑桥中华人民共和国是它非常难得且非常大胆。朋友们去搜一搜豆瓣，看书的朋友可能都有豆瓣，就是可以搜一下豆瓣。豆瓣是没有评价的这本书在各个平台我们也不能不太宣传他的，因为且买且珍惜。就是剑桥中华人民共和国史诗这样一本书，如果你在你入就对，我觉得我们直播间现在朋友可能都已经有了，但是最后几分钟了讲不动了，讲一下剑桥中华人民共和国是吧？在北京，CSK你在北京吗？你可以来我们出版社，邀请你来我们直播间上播给大家。是的，感感感觉那什么摸到最后拉开摸，那是剑桥中华人民共和国史。还有三分钟下播剑桥中华人民共和国史的话，因为直播间朋友真的已经有了，我再讲稍讲一下，健康也很重要。是的，感谢CSK。就是你这你这虽然你没好像，虽然你粉丝灯牌很很我们十级粉丝灯牌可以领书,《剑桥中华人民共和国史》
然后我们这个月的话会去库房给大家整大的，这个月会去库房给大家整大的。然后微瑕我们微瑕品和长波品是不一样的，大家可以放心，基本上可以放心拍。然后下个月的话应该是会去上海书展给大家整理的，大家还可以在好的，我们盒装，主要是我拿不到好价，盒装的话就是我只能给大家最低打到4.8折。然后我可以给大家上微瑕的话，没日子，因为还要去库房整理，还要去库房整理，微瑕要等进群的通知。然后近代史的盒装我只能最低给到4.8折。如果你大家喜欢的话，可以来给大绿油油的是剑桥新编的剑桥中世纪史。然后中华人民共和国时，他讲的内容的话，就是我觉得今天出版的书里可能没有比他更可能算是最过最大胆的那一梯队了。是这样的书，上面的绿油油的也是蛮有意思的书。但是是中国古代史的书，就是有府东奏稿，是清代的财政大臣的那个奏折，奏折的稿子，奏折的合集，以及皇上的回复批奏者就是很快乐。绿油油，下周再上一下，那书好好久没上，比他大胆的都不让卖。不是，那可不是，我觉得那些不让卖的也没也不一定有这本书有深度且大胆，是真的是这样，就是大家买过的朋友，你看过的朋友你可以评一评，你可以帮他说一说算不算你看过的最大胆的书之一了。他讲的挺透彻，挺清楚的，再大胆的那种这个就就不太能轻的下，不知道什么时候能出18，我帮你看一下好不好看？好看十八，你必须得要入18，非常好看。就是当代中国的中央地方关系，讲中国从财政分析的，像讲中央和地方政府的一个财政的转向的这样一本书。因为我们一直以来都有一种困境，包括从建国后，包括我们中国史，就是剑桥中国史，中华人民民共和国史上下两册里讲到的，就是我们一直都有一个矛盾，就是中央和地方的关系。就是你地方有多大的权，我中央要集多大的权。在中华人民共和国史这两本上下册里会看到很多矛盾，是就是是中央和地方的一个矛盾，也是财政上的矛盾，也是发展。就是到点了，可以休息了，府东坐在旁边，你下次再问我，你今天都没上，那些都没上。然后这本的话你可以看到一什么就什么，一什么就什么，那几个字儿，我上次说完就把我抬走了，就是一一你自己猜去吧，一什么就什么，是这样一种，是这样一个书，这本书很推荐到家要十点。是的，我下播了，朋友们我们拜拜了。这本书真的建议你去看一看，不说了，话不多说，开溜，拜拜了。是的，明天今天的话，明天给大家发货。北京，朋友，这可是北京，拜拜。,《剑桥中华人民共和国史》
