﻿original,result
新进直播间的朋友可以看一下主播的直播视频，享受一分钱购书。新进直播间的朋友可以看一下前十号链接的福利数。大家有知道书名的书，也可以打到公屏主播帮你寻找。本直播间为清仓直播间，直播间1到10号链接均为清仓好书，一块多两块多，都是正版型，放心购买。风吹哪页读哪页。原价定价55的，现在只是活动价，9.9块可以带回家。里面都是一些走心的句子，经典名言警句，随便翻开一页大家看一下，还是很精美的画面。书的材质也不用说。9.9块带回家，耀眼的女孩气质提升素材手册。人生的真正幸福就是万家灯火的柴米油盐，我从未如此眷恋人间。里面收录了史铁生、汪曾祺、梁实秋、张爱玲等大家的散文吧短篇散文。喜欢的可以带带。非常不错的一本书，也是原价49的正版新书，现在优惠价9.9块。当然也不能错过我们的福利书籍，人兼职的1.9块带回家的正版新书都是1到10号链接都可以看看。像王彦明，人性的弱点。新来到直播间的朋友可以看一下小黄车的前十号链接，福利书籍选几本带回家。喜欢看历史的朋友可以看看中国通史，历史不忍细看，都是非常不错的书，里面都是你不知道的那些历史知识。秦始皇为何不立皇后，难道。新来到直播间的朋友可以看一下直播间的前十号链接，都是些福利书籍，一块多两块多，正版新书带回家。新人朋友也可以按屏幕中间的那个操作，领取福利。限时一分钱优惠购书。如果没卷的，打333在公屏。这本书真的极具心灵疗愈之效，只有亲自去读才能感受其中的温暖。你看下次你路过人间已无我，每每读到这句就掀起撕裂。深圳是为命运悲惨的人，但是他却把温暖带给了我们人间。看看这本书的材质、封面、印刷都是非常精美不错的，里面收录了像史铁生、汪曾祺、老舍、郁达夫、朱自清、郑振峰等十多位大家的短篇散文。非常干净的美食，值得带回家。原价49.8块的，现在只要9.8块包邮带回家，非常值得一带大家看看。新进直播间的朋友可以看看前十号链接，都是优惠福利书。挑几本带回家。欢迎两娃妈妈来到直直播间。本直播间前十号链接均为福利清仓书籍，一块多两块多，都是正版新书，放心购买。欢迎你来到直播间。识别人性，利用利用人性，可以看看14号链接的人物传记司马懿。如何隐忍从底层到坐拥权力？玉成大事必读王阳明。王阳明在一号链接，非常值得一读，都是福利书籍。新进直播间的朋友可以看看1到10号链接，均为清仓，好舒服。都是一块多两块多，正版新书，放心购买,耀眼的女孩气质提升素材手册
欢迎大家来到直播间，给大家推荐这本风吹哪页读哪页，都是耀眼女孩气质提升的速查手册。里面有关于三餐四季、父母爱情，关于快乐、遗憾、金钱、自由等各方面的心理疗愈之书。看看里面的印刷都是非常精美，句子也是非常精美的走心之具。原价55块的书籍，只需要现在只需要9.9块包邮带回家，可以看一下S号链接。新进直播间的朋友帮点主播点个赞。可以到1到10小黄车1到10号链接选购福利手机。如果你感到生活很累，就看看这本书，以自己喜欢的方式过完一生。人间值的二号链接，今晚直播间搞福利，仅需1.8块。1.98块2，说错了，两块不到带回家。如果你总是感到从容，那就看看梁思秋的快乐。就是哈哈哈。这本书真的极具心灵疗愈之效啊。里面的格式内容都是。9.9块带回家122号链接。朋友有需要的书籍，可以把书名打到公屏。快乐不是结果，而是原因，这本快乐就是哈哈哈，你不能错过。人生都是上上签，这本我仅以此对抗孤独推荐给大家。孤独多好呀，来去轻松。孤独是人间的常态，你我都不例外，是贴身的。我仅以此对抗哥哥。人生都是上上签。史铁生的这本我已经一次对抗孤独非常值得一看，一看原价50块的，现在只要9.9块。199号链接大家可以看一下，非常值得读一读，特别对生活感到孤独。历史类书籍有啊。像历史不是很细看中国通史都有。本直播间前十号链接均为清仓好书都是一块多两块多，都是正版新书，放心购买。亲们知道苏敏的也可以打在公屏上，主播帮你寻找。算了，我帮你看见。中国通史在177号链接。对应的176号链接和175号链接都可以看一下，都是历史类书籍，非常值得一读。山海经，有啊，那你看一下，在55号链接，就是这一本。非常不错的，很厚实，全彩的，都是全彩的图案，牌子看起来也很好，大人看也挺好的。上古三大奇书之一，要了解中国的历史，不得不看那本书，山海经。带给孩子自己看非常合适，几块钱带回家吧。55号链接。主播，喝口水一下回来。有没有刚毕业的朋友啊？如果刚毕业的朋友，你们有没有想过要回自己的老家发展呢？特别是农村。我建议如果有这种想法的朋友，还是先打断一下吧。自己我建议还是先在大城市里工作几年又再说，毕竟回到这种小地方，你的选择很少。是研究机会很少，是有机会能做成功，但是太少了。而且最主要是在这些地方的人，他书读的少是吧？他有的眼界思维跟你根本就不在一个层次，所以相处起来也比较困难点。只是建议大部分人，当然特殊厉害的人我们就跳过,风吹哪页读哪页：耀眼女孩气质提升速查手册
反正在什么行业都有厉害的，也都有一般的，我们要有对自己有清楚的定位。我从未如此眷恋人间四季更换留不住的时间。那时候我每逢早春时节，正月2月之交，看见杨柳枝的线条上挂了熙珠，戴上了隐隐的青色，而遥看近却无语的时候，我心中便充满了一种欢喜。这种狂喜又立刻变成焦虑，似乎常常在说，春天来了，不要放过，赶快设法招待他，显得他永远留住他。这四篇来自朱自清的春，非常优美，四季更换，留不住的时间。对于四季，朱自清有春。有严重的下垂。丰子恺有他的秋。雨大树也有过多的球，冬天也有汪东奇，也有他的冬天，去年的冬天也有老舍的。这本我从未如此眷恋人间非常值得大家读一读，里面都是各位大家的经典短片。三分人生，真正的幸福不过就是万家灯火的温暖和柴米油盐的充实。下次你路过人间，你如我原价四十多的书，现在只要9.9块包邮带回家。非常精美的一本书，非常强烈建议大家看一看。你的第一本金融学，第一本投资学，都是非常值得一看。看的对这种知识来说。当然我推荐的话，还有卡耐基的女性的。有条件的话也可以看看股票大作手回忆录，这些都是非常经典的理财经济。新到直播间的朋友可以逛逛前四号链接的福利数都是一块多两块多的正版新书，放心购买。读书让人宠爱世界，推哪页读哪页，里面都是走心的句子，经典的文案。大家可以买回去看一下，非常精美的一本书。特别对于写作累积素材，非常值得一买的，现在只需要九块多。新到直播间的朋友。有需要的书籍，把视频打在公屏，主播帮你寻找。史铁生的一生都是孤独的、寂寞的，但是他却在这种悲催的人生中带给我们光明，他的这份我仅以此对抗孤独非常值得一看，特别是对于自己感觉就是对内心感到焦虑孤独的人，这是你的心灵的港湾，心中的方向。对于投资理财书籍，像国内的传统文化一本书写的非常好。财神到38号链接，它把中国的传统文化融合在里面，你要论不管是经济也好，都是中国，这是祖先。撞击类书籍我推荐还是虽然有很多，我还是推荐你看看30号的果汁几列。这本书讲述了40位国资院士的科技人生。欢迎来到直播间，本直播间均为正。小孩看的书、大人看的书、课外看的书都有。大家想看什么书可以发说明。小黄车里的书也是主播为大家精心挑选的好书，特别1到10号链接都是福利书籍，大家可以看一看，顺带带几本回家，非常划算。一块多、两块多都是正版新书，放心购买。那罗志金，罗子金暂时没有。人物撞击的书，像21号到30号链接都是人物撞击相关的书,我从未如此眷恋人间
像鬼谷子、张良、诸葛亮、司马懿、刘伯温，中国人物三十本，岳飞、包公、狄仁杰、曾国藩、左宗棠等等。中国名家或者每一周上书，各位大家的书都有。早说可以发，说明主播一直都在。国富论啊，有的稍等一下，主播帮你寻找。你在最后一个链接可以看一下。都是正版的，放心购买。他不得犹太人的基本上知道这本书，有看一下在40号链接，在40号链接。等一切风平浪静在66号。欢迎新进直播间的宝子们。欢迎来到直播间的朋友。本直播间均为正版新书，放心购买。大家有需要的书籍也可以打到公屏主播帮你寻找。我爱灯火，有的，在九号链接。推荐大家看一看小蓝本国学经典11号链接。如果经常不知道怎么聊天，聊不下去这种人可以看一下十号的高情商聊天数，改变你的情商，改变你的说话方式，让人家更喜欢你。严重精神内耗的朋友，强烈建议看一下18号的18岁出门远行。余华老师就是擅长治疗焦虑症。一抹烟雨任平生大家可以看看29号的苏东坡传。国之脊梁，40位国资院士的科技人生，大家可以看看30号链接。梁思秋老师的快乐就是哈哈哈，它里面不仅有优美的句子，简短的散文，还教你吵架之类都有。非常值得一看的。是看这本书非常快乐。他说的快乐不是结果，而是原因。122号大家可以看一看。风吹哪页读哪页，里面都是一些走心的句子，是耀眼女孩气质提升的速成手册。大家可以看看里面这些排版都非常优美，书也是非常优美的一本书。女孩子的气质来自文化的底蕴。特别是学生党也是非常值得入手的这里面的优美词句是你写作素材的积累素材。风吹哪页读哪页，在20号链接哦。新来直播间的朋友可以看看前十号链接，都是正版活动，新书一块多两块多，正版新书放心购买。如果觉得自己表述不清，别人说的话自己也不知道怎么回答，可以看看45号的回话有招。人生类的书籍，就是我比较推荐大家看看51号的活法，稻盛和夫写的这个人。稻盛和夫一生缔造了三个世界500强，他给他的这本活法是经典中的经典。大家可以看看，也可以顺带看看50号链接。稻盛和夫写给年轻人的忠告，非常值得一读。欢迎新来的朋友给主播点个赞。边有个小卖部，在91号链接。联通类书记有啊，在是的，你要看哪本绘本，快乐读书吗？好的，我看一下。快乐读书，在150号链接。家有小孩的可以看看唐诗300首155号链接。欢迎来到直播间的朋友。新人朋友给大家一波福利了。人生真正的幸福，不过是万家灯火的温暖和柴米油盐的充实。我从未如此眷恋人间。推荐给大家,我从未如此眷恋人间
岁月不是偷走妈妈青春的小偷，我才是风吹哪页读哪页。隐形的领导力在43号链接。中国历代名人传31号链接。余华老师的经典著作活着在15号链接。我与地坛的戊戌笔记套装13号链接。闲人家人闲坐，灯火可亲。大家可以看看107号的。在84号链接。新进直播间的朋友可以看看1到10号链接，都是活动清仓，数据是网戒子一块多两块多，都是正版新书，放心购买。欢迎朋友来到直播间。新进直播间的朋友可以看看前面十号链接，都是清仓书籍，一块多两块多，都是正版好书，放心购买。知道书名的可以把书名打在公屏，主播帮你寻找。博士类的书籍有啊，我看一下在30号链接国之脊梁，讲述了事实为国资院士的科技人生。余华老师的著作很多，像14号链接、15号链接都是如果胆小如鼠活着可以看一下。如果有严重精神内耗的朋友，还可以看看18号链接。18岁出门远行都是余华老师的经典之作。新进直播间的朋友给主播点个赞，可以按中签公屏的那个操作领下新人福利，享受0.0元包邮购书。这个优惠券是无门槛的，每个人都可以领，只要你以前没领过都有。犹太人的经商之道可以看看40号链接，塔木德。欢迎朋友来到直播间，新进直播间的朋友可以看看小黄车的前十号链接，都是正版新书，放心购买。如果你感觉生活很累，可以看看这本人间值得，以自己喜欢的方式过一生，愿你历尽千帆，归来仍是少年，愿你看透生活的真相，仍觉得人间值得。二号链接，今天活动价一块多。欢迎新进直播间的朋友，本直播间均为正版新书入，放心购买。大家知道的书名的，可以把书名打在公屏，主播帮你寻找。新进直播间的朋友可以看看前十号链接，都是活动书籍，一块多两块多，非常值得购买，有条件的可以多带几本。帝王师张0 22号链接。反内耗心理学在48号链接。新进直播间的朋友可以看看小黄车的前十号链接。都是正版新书，放心购买。还插电池的亮片。比起买那个是挺好的。欢迎大家来到直播间。也不记怎么说，就问问这个。欢迎，热烈欢迎。30号链接是国资级联，喜欢看国四科技可以看一下，里面显示的是格式的。,废话
