﻿original,result
四十之前40之前下单的家长，咱们尽量赶上四点的快递车。如果后面下单的，咱不一定能赶得上了，真的不一定能赶得上了。三位家长在卡单，家长您不要卡单，家长不要卡单，有问题直接问，有问题打在公屏上直接问，但是比您卡单要好多了。卡单的话一卡卡到明天、后天、大后天大后天都不一定能发出了，大后天都不一定能发出了。所有咱们新年级孩子家长直接去拍，咱们左上角有一个福袋，左上角有个福袋。咱们新进直播间的家长可以点一点咱们的福袋。家里有初中孩子的都可以去那个，都可以去参与一下。因为里面咱们有初中孩子的一个满分，中考的那个满分，还有咱们一个满分作文和字帖，满分作文和字体。所以说咱们家人们可以直接去拍，左上角的福袋可以点一点，左上角的福袋可以点一点。家人们福袋是咱们的一个，福袋是咱们的一个字体，福袋是咱们的字帖。家人们如果说有需要的话，可以去直接去拍，直接去拍。好的，家长，咱们这边尽快帮大家安排发货。因为很多家长他之前是不知道的，很多家长之前是不知道朝花夕拾和锈迹是咱们家，是咱家孩子两本七年级上册的必读书，不知道是咱们现在上次的必读书。但是咱们今天刷到主播直播间，如果说你还不下单，还不买的话，就是对咱家孩子不负责任了，就是对咱家孩子不负责任了。所有新初一的孩家长，新进直播间的家长直接去点左上角的福袋，左上角的福袋点一点，里面是咱们家孩子初中的满分作文和字帖，满分作文和字帖，咱们家长们可以直接去拍，家长们可以直接去拍。原版原著没有任何的删减，原版原著没有任何删减。家里但凡有小升初的孩子，两本书是必备的，两本书是必备的。家人们，所以说您可以直接去拍，可以直接去拍。如果说您今天还不下单，已经比别人家慢了一个月了。今天下单的话还能早点发货，让孩子在暑假期间读。如果今天还不下单，暑假期间读不完，让孩子开学以后读去吧。开孩子开学以后，不只要学习七门的课程，还要再加上两本书的阅读。你还不让孩子睡觉了，不让孩子睡觉了，是不是？所以说两本书加上两本考点手册，咱们今天价格非常划算。咱们24年是六月份，六月份的新版本出了主播的直播间，你买到的不一定是新版本。两本书专门今年微信有小升初的家，小升初的孩子定制的。因为咱们知道新初一的课本，今年是改版的，小升初的课本，七年级的课本，今年是改版的。咱们今年24年6月份印刷的版本，所以说咱们的是为咱们新初一孩子量身定做的，量身定做的,朝花夕拾
咱们欢迎新进直播间的家人，新进直播间的家长们，咱们这边有个小福袋，四分钟之后咱们这边福袋会开开的。是咱们的孩子的一个中考满分作文，还有咱们一个字体，可以去看一下，可以去看一下，点击参与一下。不收钱的，免费的，是咱们的一个抽奖活动，咱们的抽奖活动，两位家长还在卡单，家人们，我虽然不知道，我虽然不知道您之前为什么没有拍到，我虽然不知道咱之前是为什么没有拍西游记和朝花夕拾，咱家里有小升初的孩子，你还不拍这两本的话，但是今天刷到主播直播间，您一定要拍，一定要拍。因为这两本书初中开学必考，开学必考，里面有咱们开学必考的内容。很多家长七月初的时候，这两本书已经买了，反馈过来的问题就是这两本书非常好，这两本书非常好孩子愿意读，喜欢读。但是今天刷到主播直播间，咱们是只有少量现货，先拍先发还不下单的话，您就等着往后排吧，就等着往后排。所有进直播间的家人们，可以点击参与一下咱的福袋。还有一位家长在卡单，家长不要卡单啊不要卡单。等会主播要上传订单到仓库了，等会儿上传订单到仓库，让咱们仓库这边打包发出了让他们打包发出。两本书朝花夕拾没有任何的删减，全本全益没有任何的删减。而且咱们家两本书24年6月份印刷的新版本，所以想买新书的家人直接去拍，想买新书的家人直接去拍。但是如果说你想买其他二三年的话，您去其他家看一看，咱家这两本书是新的，咱家这两本书是新的。目录朝花夕拾完整的十篇，目录完整的十篇，后面呐喊8篇小说完整无删。里面的内容整篇都是白话文，白话文旁边有写作点播、阅读批注、重点知识详解，写作点播、阅读批注、重点知识详解，没有任何的删减，通篇都是白花纹。咱们每一个章节的后面给大家看一下，每个章节的后面，咱们都是有那个阅读题目做做巩固，咱们有赏析有小题巩固，有赏析有小题巩固。里面的内容，看一下，通篇都是白话，鲍文通篇都是有批注，通篇都是有批注的。家长们每一个章节的后面都有赏析和小题，赏析和小题后面有咱们的一个读后感，读后感进行真题读后感，并且还有咱们的真题演练，可以直通中考题型，直通中考题型。所以说咱们家长们可以直接去拍，新进直播间的家长们可以直接点击左上角的福袋参与一下，里面有咱们的字帖和满分作文，新初中孩子的字帖和满分作文。朝花夕拾后面二维码免费扫码听朗读，免费查看思维导图免费扫码听朗读免费,朝花夕拾
长沙送的导图朝花夕拾没有任何删减版本，同样西游记完整吴姗一百回整本阅读锈迹完整无删，100回里面的内容完整无删，里面的内容完整无删。前面都是全本全益，没有任何的删减。怎么看西游记是不是100回？咱们看一下里面的目录，目录是不是100回，目录只要是100回的，目录是100回的，咱们就是完整无删的西游记。如果目录不是100回，咱们就不是完整无删的。一定要给孩子买完整无删的版本。里面的话给大家看一下，咱们通篇都有注释，通篇都是有注释的，里面的内容完整无删，通篇都是白话文，在家注释白话为家族式。家长们里面所有有的内容，所有的内容孩子都能听得懂，孩子都能读得懂，都能听得懂。包括咱们后面还有专门的。专门的读后感，还有真题演练，真题演练都是有的，读后感也是有的，阅读技巧与训练也是有的。前面有咱们整本书读后感，帮助孩子阅整本阅读西游记，后面的二维码免费扫码听朗读，免费查看思维导图二维码的内容，不收任何的费用，二维码的内容不收任何费用，所以说家人们直接去拍，左上角的福袋还有10秒钟，左上角的福袋还有10秒钟。咱们家人们赶紧点击一下，赶紧点击参与一下，等会儿就要抽奖了，等会儿要抽奖了，所有咱们新进直播间的家长们西游记朝花夕拾两本书没有任何的删减，没有任何的删减，通篇都是白话文。直接去拍咱们一号链接，第一个选项，今天拍下两本书，加上两本考点手册，再加一个错题集，再加一个错题集，没有任何的删减。39.8块到手五样东西，39.8块到手五样东西，咱们家长们直接去拍，直接去拍，两分钟之后主播这边做结单，两分钟之后主播这边做结单，订单上传到仓库，尽量安排在十点前打包发出，四点钟的快递车是最后一步。咱们四点钟的快递车，直接打包发出，直接打包发出。欢迎所有新进直播间的家人们，欢迎咱们所有新进直播间的家长。欢迎所有新进直播间的家人们，咱们所有的直播间的家人们，新初一的孩子家长直接去拍一号链接。第一个选项，一分钟之后主播这边做结单，还有一位家长在卡单，家长不要卡单啊不要卡单。您卡单的话肯定是听了主播介绍好几遍了，听了主播介绍好几遍，您还在犹豫，不知道您犹豫什么问题，但是您可以打出来主播这边进行回复，但是你已经听完主播的介绍，还在犹豫的话，是不想让孩子读这两本书吗？是不想让孩子读这两本书吗？咱们家长们，咱们家是有正版授权，没有任何的套路。正版授权完整无删，正版授权完整无删,朝花夕拾、西游记
所有直播间的家长直接去拍，所有七年级的家长直接去拍。咱们有多少新初一的孩子家长？新初一的孩子家长直接去拍，已拍的家长打个已拍，主播这边看一下，已拍的家长们打个已拍。咱们家这两本书完整无删，同步人教版语文课本，再加上咱们家这两本书没有做任何的删减，孩子能够读得懂能够看得懂，能够读得懂，能够看得懂，所有家长们直接去拍，所有家长直去拍。3点50主播这边要结单，3点50主播这边要结一波单。因为这里面咱们尽量安排，咱们还是赶上最后一波的快递车。今天最后一波的快递车，后面下单的可能要明后天才能发出，后面下单可能要明后天才能发出了。咱们所有新进直播间的家人们赶紧去拍，赶紧去拍。50了，主播不等了，因为家长在卡单，你卡着，卡到明天后天才能发货。主播这边订单上传到仓库，仓库那边进行打包发出了。如果说咱们家，如果说咱们家长等到后面，您卡到，您卡到后面，咱们这边还不还那个还不买的话，卡到后面可能这两本书预售了，这两本书预售之后，可能要等的时间更久等的时间更久的话，咱们开学之前读不完，孩子开学之前读不完，会影响孩子开学以后的学习进度。影响孩子开学以后学习进度的话，咱们考试考不了高分。因为10到15分这里面的内容孩子没读过，孩子没读过。出了主播的直播间，你买不到24年六月份新版本。真的家人们，所以这两本书是为咱们七年级孩子家长七年级定制的，咱们七年级定制的版本。家长们，今其实你可以完全的相信主播，完全相信主播。两本书没有任何的删减，完整完整无删，完整无删。有多少家长想要字帖的，有多少家长想要字帖的？主播讲一波字帖，咱们家的字帖给主播看，给家人们看一下。咱们家的字帖是这样子的，里面的字帖。咱们家的字帖是跟咱们那个同步人教版语文课本的，同步人教版语文课本的字帖。里面是咱们一个咱们同步新教材的。六号缺少红颜吃的家长，因为六号红岩没有现货，所以说咱把红颜给抠出来了。抠出来之后，然后价格做了一个优惠价格，做了优惠。整本书的话是非常六号，其实我也比较推荐六号。六号的话里面是一本书，划下来的话不到13块钱，不到13块钱整本书的整本书，而且和123号链接没有任何区别。水浒传这么厚，一本书不到13块钱，一杯奶茶买不到。买咱们这么厚一本书，家长们真的订单是非常划算了，订单是非常划算。六号链接非常划算，家人们可以直接去拍，可以直接去拍，等待春天,废话
家长您想买套餐的话，直接去拍6号11本11 11本书，十一本考点手册，外加一个笔记本，外加一个笔记本。咱们今天是142块钱的价格，咱上下咱买一个年级上下两册都要80块钱，都要80块钱。所以说六号链接非常划算，而且里面的书本内容和1123号链接单拍链接没有任何区别。它只是做成了套餐，价格上又给还又给咱家又优惠了一点。所以说家人们直接去拍咱们的六号链接，直接去拍主播开始讲字帖了，主播开始讲字帖了，字帖是同步咱们人教版语文课本的，同步人教版语文课本的。家长里面是配套新教材的，配套新教材的七年级上册正楷书同步练字帖，同步每一课的生字词，同步咱们家孩子开学后的每一课的生字词。前面写字还有握笔姿势的教学，后面景阁弧线折线的一个教学，旁边再往后是咱们的笔画教学，而且还带有教学视频，而且还带有教学视频。家长们所以说每一个字写好它，每个笔画都要写好。第一课是春春的生字词段，生字词段重点的字词段落。第二课是咱们的济南的冬天，济南的冬天重点的生字词，还有后面是咱们一个雨的四季古代诗歌四首的重点字词，还有咱们的原文句，我原文段落，原文段落。家人们让咱们孩子练字的同时，提前预习一下语文书，提前预习一下语文书。所以说家人们，六号字帖也可以直接买，六号字帖也可以直接买。给大家大概翻几页，前面都是同步咱们课本的，后面是整本练习，后面是全文练习，全文练习家人们可以直接去拍，可以直接去拍。这是咱们语文配套新教材，在咱们八号链接后面再看一下咱们的英语，英语衡水体也是全面配套人教版课本，配套英语课本的，配套咱们英语课本的里面的目录给家人们看一下，都是同步咱们英语书，都是同步英语书的，都是同步英语书。所以说家长们直接可以去拍，直接去拍。如果说咱家孩子英语小学的时候学的跟重爬的似的，写乘客看不清字的，直接让他在暑假之前读，练习完这一本，练习完这一本就行了。第三个必备古诗文，中学生必背古诗文，初一、初二、初三年级都可以用是他是咱们练习古诗文用的，练习古诗文用的。而且这几本书家长们这几本书，这几本字帖今天的话下单买套装还送还送笔下，单买套装还送笔，家长们可以去直接去拍，可以直接去拍。欢迎咱们所有新进直播间的家长，欢迎咱们所有新进直播间的家长，这三本书在咱们八号链接，三本字帖在八号链接，有需要的家长可以直接去拍。想暑假期间给孩子练练字，让孩子直接去，让孩子直接把暑假期间把字练好了，直接去拍八号，直接去拍八号,废话
重点主播比较推荐这个语文，语文是同步语文字字帖的，同步的，同步的都是跟咱们七年级课本是挂钩的。提前做一个预习，还能让咱们孩子练习字体都可以。所以说家长们主播比较推荐这一个，而且衡水体的英语也是同步的这两本是必买。如果说家长们想给孩子买字帖练习的话，这两本是一定要买的，这两本一定要去买的。家人们其实赶紧去拍，赶紧去拍八号链接，在咱们的八号链接，初中生的同步字帖，想拍的话赶紧去拍啊，想拍的话赶紧去拍。欢迎主播的关欢迎家长们的关注。咱们家这边是20年的老店，咱们家卖图书已经卖了将近20年了。卖线上的话，咱们已经卖了十年了，卖了十年线上。所以说咱们一直都是卖正版，任何的书咱们都是有正版授权的，正版授权。所以说家长们不用担心没有，没点关注的家长，点点小关小注，咱们这边售后不迷路。已拍的家长，点个小关小注，咱们这边售后不迷路。因为后面咱们还会有更多的好书提，为了提高咱家孩子的学习成绩，咱们也会在直播间给大家分享，也会在直播间给大家分享。所以说咱们家长们今天拍下的话，咱们尽量安排今天发出。如果赶不上四点钟的快递车，咱们早上发明天早上发，上班之后给大家安排，上班之后给大家安排。滨州惠民西游记朝花夕拾全国通用，全国通用。佳姐这两本书，这两本书全国通用。因为17年开始，全国的语文书都是人民教育出版社出版的，全国的语文书都是人民教育出版社出版的。所以说咱家这两本书同步人教版语文课本，同步人教版语文课本，咱家这两本书全国通用，全国通用。四点钟，主播再结一波单，一位家长还在卡单，这个家长从早上卡到晚上了。真的是这两本书全国通用，全国通用。所以说家长们，咱们如果说家里没有买这两本书的，一定要给孩子买第一个完整无删的版本。第二个全国通用同步人教版语文课本。第三个咱们是白话文，孩子能够看得懂每一篇的，每一篇都是白话文。家长们每一篇都是白话文，带有重点字词注释的，带有重点字词注释的。而且咱们家后面的二维码免费扫码听朗读，免费查看思维导图都是免费的。完整无删西游记完整无删的100回，没有任何做删减。咱们也没有做成上下两册，单本一册方便阅读，单本一册方便阅读。咱们所有家长们里面通篇都是白话文，白话文不做任何的删减。白话文加重点字词注释加深的部分都是重点知识做的注释。离近一点给家人们看一下，离近一点您看一下，通篇是不是白话文，白话文加上重点字词注释，孩子能够看得懂,西游记、朝花夕拾
你买一本文言文，孩子放假两个月他都不会读的。家长们你买一本文言文放在那，孩子是不会读的，因为他读不懂。所以说你咱要买就买白话文，白话文加重点字词注释，孩子一定能读得懂。里面都是带有咱们的一个读后感，里面带有咱们的读后感，包括后面真题演练一系列的，都是有的，都是有的。真题演练模拟训练直达中考题后面的二维码，免费查看思维导图，免费扫码听朗读。整本书完整无删，没有任何的删减，没有任何的套路。两本书，而且都是24年6月份印刷的新版本出了主播的直播间，咱买到的不一定是新版本了。所以说家长们，想买新书的家长直接去拍一号链接。第一个选项59了，还有一分钟主播这边做结单，主播这边做结单，一位家长还在卡单，这位家长从早上卡到现在了，从早上卡到现在了。所以说家长们如果说有任何的问题，咱们这边进行打在公屏上，主播这边会回复。但是如果说你一直卡单，如果说你一直卡单，咱们这边是没有任何的用的，咱们这边是没有任何的用的，因为订单一直往后排，订单是一直往后排的。咱们不会说根据您上那个加购的时间去排单，加购的时间去排单。欢迎所有新进直播间的家人，主播这边那个主播这边截单了，主播这边截单了，家人们没有拍的赶紧去拍，所有新出的海象直接去拍。六号没有运费险，有的，六号有运费险。家长六号，六号是咱们那个套餐，新初一的孩子家长直接去拍一号，可以直接去拍一号，因为一号是新初一的，新初一的家长也可以拍六号，因为六号价格真的很划算，六号的价格真的很划算。家人们，因为六号是全套的，7八九年级总共十二本。但是里面没有红岩，没有红颜。因为红岩咱家目前还不是现货，红岩没有现货，所以说咱们把红岩踢出来了，红岩踢出来了，就是全套十一本，全套11本送十一本考点。然后今天的价格做了优惠是142块钱。家长们您算一下，142除以11，13块钱不到，13块钱不到买一本这么厚的水浒传，买咱们完整无删的西游记，买咱们没有任何没有任何删减的红星照耀中国，还有咱们的一个唐诗三百首、骆驼祥子，还有钢铁，还有咱们一个昆虫记，还有咱们昆虫记完整的吴山的版本。六号链接直接去拍，六号链接直接去拍这一本书，12块钱，13块钱不到就能买到一本书，13块钱都买不了一杯奶茶，13块钱都买不了一杯奶茶。买这么厚的好几本书，买咱们十一本书,废话
家长买11本书，咱要啥自行车？你看西游记和朝花夕拾，西游记和水浒传，西游记和水浒水浒传这么厚的书籍，西游记的定价给大家看一下，西游记定价后面是88，然后水浒传的定价是。七十八水浒传，水浒传的定价是78 2本书。这两本书加起来都140多了，都150多块钱了。88加上那个170，88加78等于多少钱？咱们都一百五六10了，两本书都已经156 5 60了。咱们今天142块钱到手十一本书，加上十一本考点手册，家长们新初一的家长主播更推荐去拍六号，因为内容是跟一号没有任何的区别的。但是咱们六号的价格非常划算，因为你买一次也是买买三次也是买，咱一共买都是符合咱们中考出题的需求的，都是符合咱们孩子阅读需求的，没有任何的删减版本，同步人教版语文课本的。而且咱们是文化，我那个白话文孩子能读，读得懂的。所以说买六号的家长都非常聪明，买六号的家长都非常聪明。因为年初一买一，年初二买一年，初三买一年的话，连着三年买这个必读书。上下一年级总共四套，至少得三四百块钱，至少三四百块钱。所以说家人们咱们买六号的话，直接省了3，直接省了两三百，直接省了两三百。六号链接11本全套142块钱。家人们真的六号真的很很划算，买六号的家人都很聪明，等待春天。好的，家长，咱们这边尽快帮大家安排发货。今天四点钟快递车可能发走了，咱们明天早上发，明天早上，明天上午发。欢迎所有新进直播间的家长，欢迎咱们所有新进直播间的家长，所有新初一的孩子家长直接去拍一号。一号是咱们朝花夕拾和西游记，也可以去拍六号，因为六号价格真的很划算。完整版初中三年的阅读名著，初中三年的阅读名著。今年今天十一本只那个只要142块钱，只要142块钱。因为您单买两本的话，咱们这边价格做的实惠，是4 39块8两本两本矿泉水的一个错题本，拍一发五。但是咱们划下来，划下来看咱们六号的链接里面，一本西游记才不到13块钱一本，西游记不到13块钱，而且内容是跟咱们123号链接是一样的。所以说买六号的家长都很聪明，因为他们买一次，第一个是买一次就省事儿了。二初二、初三不用买了，不用提前做打算，或者到时候还要提前记得给孩子要买。暑假期间要给他读，买回家直接放在那。到初二年级暑假的时候直接拿给他读，直接拿给他读，放在咱们家书柜上，放在咱们家的书架上。所以说家长们买六号的家长都很聪明，买六号的家长都很很聪明，因为它真的很划算，真的很划算,朝花夕拾、西游记
所以家长们你也可以直接拍买一年的，买一年的就买咱们的一号，买一个学期的也去买一号。初一年级家长直接去拍一号链接，初二家长直接去拍二号链接，初三家长直接去拍三号链接，六号链接是全套，建议初一年级直接去拍，因为买一次用三年。咱们初二、初三的都可以用，都可以用。江苏可以用的。家长咱们家的那个咱们就是江苏，咱们就是江苏全国都能用，全国都能用，咱们江苏那边也有仓库，尽快帮大家安排发货，尽快帮大家安排发货。两本主书考点手册，再加一个错题集，直接去拍，直接去拍。咱们水浒传是在三三号链接，新九年级的，九年级的直接去拍，九年级的给大家看一下，咱们西游记朝花夕拾，还有咱们的一个红星照耀中国，红星照耀中国，还有咱们的一个很骆驼祥子和钢铁，还有咱们的朝花夕拾，这都几本书了，这一下这才四本书。骆驼祥子和钢铁，还有咱们的一个昆虫记，还有咱们的昆虫记这边都是完整无删的版本。家长都是完整无删的版本，而且咱们家的厚度都非常厚，而且因为是完整无删，它是没有任何删减版本的，所以说它是不带任何的不是很薄的，不是很薄的。咱们整本书，整本书这才是一部分，这才是咱们初中三年的一部分。但是咱们这些书，在咱们六号链接里，一本不到13块钱一本，不到13块钱。所以说咱们家长们想拍的赶紧去拍，适合新初一的孩子家长直接去拍六号链接。如果你想买单本，直接去咱们那个想买单本的话，直接去咱们的一号链接。但是你想买咱们那个初中三年的，买价格划算实惠的，直接去拍咱们的六号链接，直接去拍六号链接。所以说咱们家长有任何问题，您可以直接打在公屏上，主播这边进行回复。但如果说你一直卡单的话，就不太划算了，不太划算了。欢迎所有新进直播间的家长，欢迎咱们所有新进直播间的家长。咱们接着讲西游记和朝花夕拾，两本书没有任何的删减，两本书没有任何的删减。欢迎所有新进直播间的家长，欢迎咱们所有新进直播间的家长们，新初一的孩子家长一定要买的是西游记和朝花夕拾两本书，加上两本考点手册，可以搭配咱们一个同步作文，可以搭配咱们一个同步作文。然后还有两本考点手册，一个错题集，总共拍一到手六样东西。去咱们一号链接第五个选项，一号链接第五个选项，直接去拍咱们七年级的朝花夕拾和西游记，朝花夕拾喝酒忌，所以说咱们家长们，家长们一定要去帮咱们孩子提前做打算。这边看到有很多家长去拍咱们那个六号，全套的七六号链接，全套的六号链接,朝花夕拾、西游记
因为六号链接价格真的很合适，家长六号链接真的价格很合适，一本的话不到13块钱，13块钱一杯奶茶都买不到。咱们西游记的定价，大家看一下，西游记的定价是88。咱们今天不到13块钱的价格，拿到手就在咱们六号链接直接去拍，六号链接直接去拍，一本不到13块钱，家长们咱要啥自行车？一本奶茶都买不到的钱，给咱们家孩子买这么厚的一本西游记。而且它可以完整无删的版本，他能读得懂。而且里面还有没有任何没有任何的删减，没有任何的删减，都是完整100回的，完整100回的。八年级上册在二号链接八年级上册在二号链接，家人们可以直接去拍，小文的家长直接去拍二号链接。欢迎咱们所有新进直播间的家人，欢迎咱们所有新进直播间的家长们。咱们今天西游记朝花夕拾两本书完整无删的版本，没有任何的删减版本。咱们所有七年级孩子家长注意一下，咱们所有七年级孩子家长注意一下，两本书没有任何的删减，完整无删同步人教版语文课本。而且通篇都是带有写作点播、阅读批注、重点知识详解的，带有重点知识详解的。全国通用目前是有少量现货，全国通用目前是有少量现货。4点10分主播结一波单4点10分主播截一波单，咱们再上传一下单单号，让仓库那边打包，让仓库那边打包。如果说今天4点10分之前，四点之十分之前下单的，咱们尽量明天早上发出，明天早上搭最早的那一班快递车，搭最早的快递车能发出。但是后面的话可能要往后排了，因为订单往后排的，安徽能用，家长全国通用的，全国通用的，你可以直接去拍，全国通用。咱们所有新初一的孩子家长，一定要买西游记朝花夕拾。不只是咱们家孩子新初一的必读书，中考也会考到10到15分，中考也是会考到10到15分的。家长们可以直接去拍，可以直接去拍。欢迎咱们所有新进直播间的家人，欢迎咱们所有新进直播间的家人们。有多少新初一的孩子家长，主播这边看一下，所有新初一的孩子，主播这边看一下有多少咱们新初一的孩子家长可以给主播扣个一，主播这边看一下，七年级上册的英语书是没有的。家长为什么？因为去目前来讲哪个直播间都不会卖英语书，因为英语，因为课本，课本这种东西它是有专门的出版社来负责的。而且暑假期间，而且暑假期间学校老师都没有收到语文书，那个都没有收到课本。咱们直播间没有任何一个直播间是卖课本的。家人们，您这边积累一下常识。咱们这边没有任何的直播间是卖课本的，课本要到专门的新华书店去买，新华书店去买，而且学校那边还是要调的，要去申请的,朝花夕拾、西游记
所以说家长们江苏能用全美权益没有任何的删减两本书没有任何的删减日期，2024年6月份印刷，2024年6月份印刷里面目录通篇都是白话文，通篇都是白话文，而且里面呐喊的8篇小说，呐喊八篇小说没有任何的删减，没有任何的删减，里面的内容完整无删，给大家看一下，里面中间是正文，两面是批注，按段落来分，每一个都有，按段落来分，每一个都有。每一章节的后面都有赏析和小题巩固，每一个章节的后面都有赏析和小题巩固，后面咱们后面每一个都有啊，每一篇都有。最后整本书有一个阅读，有一个读后感，整本书是有读后感的，包括咱们真题演练直达中考题，提前查看中考考点，最后有二维码，免费扫码听朗读，免费查看思维导图，整本完整的朝花夕拾总共198页，198页没有任何的删减。咱们里面西游记朝花夕拾没有任何的删减，完整一整本西游记没有做上下两册，方便孩子携带阅读方便还是携带阅读？怎么去看西游记是完整无伤的版本，大家就看是不是100回。如果说是100回的，如果说是100回的，咱们家孩子能够看，能够看到完整版的吸酒器。如果你买到手的不是100回，那就不是完整版。80回、90回、99回，它都不是完整版。家人们注意一下，里面的内容完整无删，而且大家都是白话文，白话文加重点字词详解，没有任何的删减，通篇孩子都能读得懂，通篇孩子都能读得懂，没有任何的删减，没有任何的删减。里面给大家看一下，都是有读后感，整本书读后感帮助孩子学习西游记，帮助咱们家孩子学习西游记里面的内容，通篇都是没有任何删减的，包括咱们后面有真题演练直达中考。你提前查看中考考点，提前查看中考考点二维码，免费扫码听朗读，免费查看思维导图，不收任何的费用，没有任何的套路，家人们两本书完整无删，直接去拍西游记和小学西游记有区别吗？家长们家长们，小学的要求和初中的要求肯定是不一样的。第一个要求肯定是不一样的，因为小学的时候没有升学考试，小学生升初中没有升学考试。但是初中升高中它是有一个中考，初中升高中它是有中考的。所以说家长们，小学的西游记和初中的要求的西游记不一样。因为咱们这两本书是为了中考考虑，为了符合中考的条件。但是如果说您家里的西游记，您家里的西游记符合是完整无删的版本，没有任何删减的版本，同步人教版语文课本，而且孩子能读得懂的话，你也可以直接用，可以直接不用拍。所以说建议咱就一定要买完整无删的版本，一定要买完整无删的版本,朝花夕拾、西游记
看一下朝花夕拾，朝花夕拾全本全义没有任何删减，而且咱们的那个印刷版次和印次都是24年6月份印刷的，没有任何的套路。24年6月份印刷的是完完整整的新书，家人们想买新书的直接去拍目录。前面是十篇朝花夕拾回忆散文，后面八篇呐喊小说，没有做任何的删减，没有做任何的删减，后面有咱们的一个读后感、真题演练、模拟训练、直达中考题。包括咱们的参考答案都是在后点，里面的内容全部都是白话文，白话文做重点知识详解，旁边有阅读点播，旁边有阅读，有有那个知识链接，还有咱们的赏析阅读，赏析阅读里面通篇都是白话文，旁边有写作点播、阅读笔录、重点知识详解，每一个章节的后面都有阅读小题做巩固，每一个章节的后面都有阅读小题做巩固。咱们家人们不用担心，不用担心2024年6月份印刷的新版本，咱们家还看一下点评赏析阅读训练，每一个章节都有，包括后面还有一个是读后感，帮助孩子理解整本书的内容。真题演练直达中考题提前查看中考考点最后的二维码免费查看所有导图免费扫码听朗读两本书完整无删是今年新初一孩子的定制版家长们，新初一孩子定制版明年、后年不一定有，明年后年不一定有2024年6月份的新船新版本。因为今年的语文书它是印它是改版的，所以说咱们西游记朝花夕拾是为了同步咱们新版语文书的定制版，2024年6月份印刷的版本出了主播的直播间，您不一定买到的是新版本。家长们赶紧去拍正版。咱们家卖的都是正版书，因为卖了20年了，从来不卖盗版书。正版书咱们家是有正版授权的，有正版授权的。主播这边多嘴讲一下咱们六号链接，六号链接想新初一家长，你拍了一号的，您可以不拍一号，可以直接拍六号。因为六号的价格非常划算。六号是青春7八九年级的名著阅读，7八九年级的这阅读，而且里面的西游记朝花夕拾是跟咱们一号链接是一样的，一号链接是一样的。但是咱们这里面的价格非常划算，这个里面的价格非常划算的。家人们，咱们今天已经卖了好几十单了，咱们今天已经卖了六号好多单了。因为很多家长买六号才是真的聪明，买六号才是真的聪明。因为六号是咱们初中必读全套十二本。因为红颜没有现货，咱们把它踢出去了，踢出去了就是为了让方便咱们家孩子能够现货现发初中必读全套十一本。然后六号链接142块钱划下来一本西游记，不到13块，划下来西游记一本书不到13块。家长们你看一下定价多少钱？咱们西游记的定价是88，今天不到13块钱，拿到手完整无伤的一本西游记，24年6月份印刷的新版本,朝花夕拾、西游记
咱们家长们还要调查自行车，所以说建议去拍六号。如果说你想拍一号链接，单拍一号链接七年级的也可以。但是六号的价格是比较划算的，所以说主播这边也比较推荐六号。咱家长们有想买完整版的7八九年级阅读名著全套，直接去拍六号，直接去拍六号，六号的价格真的很划算，一号的价格也很划算。因为一号的话它是送送送考点手册和咱们的名著阅读。但是咱们六号也是送的，六号也是送的。所以说咱们套装的价格比咱们单拍的价格要划算的多，套餐的价格比咱们那个单拍的链单拍的价格要划算的多。六号链接是汇集了123链接，123号链接的全套除了红岩以外，红颜目前没有现货，所以说六号的价格非常划算。赶家人们赶紧去拍，赶紧去拍六号，因为六号的价格非常划算一本。主播刚才给大家看了一下西游记朝花夕拾，西游记还有朝花夕拾，包括咱们的八年级上册的红星照耀中国，还有咱们九年级的水浒传，还有咱们的一个骆驼祥子和钢铁。骆驼祥子和钢铁是咱们新初一下册的这本，这些书是主播目前的话是直播间的样书。但是还有一部分，这只是一部分。这么厚的一本书全部都是完整无删，这些书全部都是完整无删，但是在咱们六号链接一本书不到13块钱。水浒传全部都是完整无删的版本，但是套装价格一本书不到六块，不到13块钱，13块钱一本奶茶都买不了。家长们给咱家孩子买这么多，买这么多正版书籍，买这么多正版书籍。所以说咱们家长们提前给孩子安排，一定要提前给孩子安排。咱们新初一、初二、初三年级的家长，新初一、初二、初三年级的孩子家长，一定要拍的，一定要拍的。这个是咱们新初一、初二、初三年级的一个新安排，最新安排七年级上7到一直到九年级下三年，也就是咱们六号链接的木那个树木的一个名单书单。除了红颜以外其他的十一本。咱们家长们，十一本完完整整十一本，可以直接去拍了，可以直接去拍了。这一本书，家长们这么厚的一本书，不到13块钱，而且是正版完整无删的，正版完整无伤的。家长们咱要啥自行车呀？咱要啥自行车？而且你买一年也是买买两年也是买。所以说咱们真的买六号链接的家长，才是真的很聪明的家长，提前为孩子考虑，而且还省事省钱，省事儿省钱。所以说家长们拍六号链接的家长们才是真的很明智，真的很明智。咱们所有直播间的家长，六号链接可以直接去拍完整无伤的版本，再加上咱们家。正版现货现发，全部都是正版现货现发。两本书，两本考点手册，外加一个错题集，是我们西游记朝花夕拾两本完整无伤的，完整无伤的版本,朝花夕拾、西游记
20了，主播这边截单了，主播这边做一波截单了。欢迎所有新进直播间的家人，主播这边做一波截单，主播这边做一波截单了。欢迎所有新进直播间的家人，四大名著有了，剩下的买哪些？您看一下，家长们您看一下，西游记有了，然后水浒传有了是吗？西游记和水浒传你或者其他的朝花夕拾要买，西游记朝花夕拾要买了慧如家长不急，您这不着急什么？您不着急什么？红楼梦是吧？红楼梦在咱们16号链接，红楼梦在咱们10号16号链接，16号链接。四大名著有了，剩下的买哪些？您是说初中到初中三年的吗？你是说初中三年的吗？家长们你说的是初中三年的吗？你打问题的话可以打的明白一点。主播的，主播这边没太听明白您说的什么意思。四大名著有了，然后你就看一下这个必读书目，书目里面您缺什么就买什么，直接去拍咱们七号链接。七号链接是单拍链接七号链接是单拍链接。家人们，红楼梦在咱们的那个16号链接。慧如家长说的不急是不急什么？人教社的吗？咱们是同步人教版语文课本，同步人教版语文课本，两本书都是同步全国通用，全国通用。同步人教版两同步人教版两那个语文课本，同步人教版语文课本两本，完整无删，完整无删。有家人们想带一带同步作文的吗？同步作文直接带咱们那个跟咱们三本书。两本书放在一起价格只有十块钱，价格只要十块钱，所以说也是很划算的，也是非常划算的。家长欢迎所有新进直播间的家长，欢迎咱们有新进直播间的两位家长。七年级上学期必读都是什么？家长们你怎么还不知道？人家家孩子都已经读完了，人家还人家家孩子都已经读完了，咱还不知道上学期必读书是什么？上次是西游记和朝花夕拾，上册是西游记和朝花夕拾。家长，您到现在还不知道，暑假马上过去一个月了，咱们七年级上册的语文书里明确要求了西游记，明确要求了朝花夕拾，两本书名著导读，两本书名著导读。咱们家长们一定要去买，一定要去买西游记和朝花夕拾。好的，家长，咱们尽快明天早上安排发出，明天早上安排发出，因为今天快递车已经发走了，今天的快递车已经发走了。新年级必读，西游记和朝花夕拾，家长们所有家长们一定要注意一下。新初一的孩家长给主播打个扣个一，主播这边看一下有多少。新初一的孩家长，新初一的家长，小升初的家长给主播扣个一，主播这边看一下大概有多少。咱们是新初一的孩家长，新初一的孩子家长，西游记、朝花夕拾两本书是咱们家孩子七年级上册的必读书,朝花夕拾、西游记
暑假已经过了一半了，暑假马上已经过了一半了，很多家长还不知道七年级上学期必读是什么，人家孩子都已经马上快要跑到终点了，咱家孩子起点线还找不到。家长们一定要提前给孩子买，一定要提前孩子买买什么版本呢？为什么一定要买这两个版本呢？为什么一定要读这两本书呢？这两本书里面中考要考到10到15分钟，中考要考到10到15分，而且里面的内容没有任何的删减，里面的内容没有任何的删减。咱们要读就读完整版，不要买那些删减版本。因为中考考的不是删减版，综合考的是完整版，全本全益，没有任何的删减。两本书，两本考点手册。咱们家是今年24年6月份印刷的新版本，24年6月份印刷的新版本。收到书之后，您看一下是不是这个新版本，不是的话给主播退回来，不是的话给主播退回来。目录前面是朝花夕拾，后面是咱们呐喊的8篇小说。朝花夕拾和呐喊的小说完整无删，里面的内容通篇都是白话文，没有做任何的删减。旁边有写作点播、阅读弼注重点知识详解，而且每一章节的后面都有阅读小题，每一章节的后面都有阅读小题，而且通篇都是白话文，家长们通篇都是白话文。还有一个后面是有读后感，读后感后面是咱们中考真题，收录了历年的中考真题，也就是说咱们里面真的是含有中考真题的，中考是真的考的，不是吓唬咱们大家的，不是吓唬咱们学生，让咱们孩子多读点书的，是他中考真的会考。西游记完整无删两本，没有做成上下两册。咱们是完整的一侧，没有做成上下两册，方便孩子携带。完整100回的西游记，家长们西游记就买100回的，不要买那些八十回九十回、1 99回的，它都不是完整版。咱们要买100回的完整版。100回的西游记里面的内容通篇都是白话文没有任何的删减，白话文没有任何的删减。重点的部分做了重点字词的讲解，加深的部分做了重点字词的详解。家长们，咱们可以直接去拍，可以直接去拍，而且通篇都是有注释，通篇都是有注释。最后咱们有二维，最后咱们有那个读后感，读后感和真题也是有的，而且还有真题演练，有真题演练，两本书里面都有真题演练，还有咱们的读后感输入的后面有个二维码，可以免费扫码听朗读，免费查看思维导图。很多家长不放心里面的东西收不收费，二维码里面的东西收不收费？主播这边现场扫一个给大家看一下里面，看一下里面东西是什么。西游记扫出来第一个是思维导图，思维导图点出来查看，是咱们西游记的思维导图，西游记的思维导图返回之后直接去看同步，直接去看咱们的那个同步生伴读,朝花夕拾、西游记
同声伴读点进去之后，直接就是咱们的一个音频了，直接就是音频，音频旁边还可以点个原文，咱们可以边听音频边看原文。帮助孩子理解记忆，所以说家人们不用担心，两本书后面的二维码里面都是免费的，不收任何的费用的。家人们担心不要放，放心啊不要担心。锈迹是未删减版本的白话文加重点字词。乔乔妈咪家长西游记是没有任何删减的白话文加重点字词详解的部分。水清蓝水、清天蓝下的通用的，全国通用。咱们同步人教版语文课本全国通用音频有的。恩恩家长刚才已经给您看过了，而且音频里面的内容全部都是免费的。山东能用吗？是人教版吗？山东能用，但是咱是同步人教版语文课本的，同步人教版语文课本的。家长直接去拍，直接去拍是可以用的。几分钟之后主播这边就结单，一位家长不要卡单，一位家长不要卡单。因为您这边不卡单的话，咱们这边就会一直排单往后排。今天明天不确定什么时间能发货了，不确定什么时间能发货了。今天两本主书，两本考点手册，给大家看一下考点手册里的内容，考点手册里面的内容旁边是作者简介，作品简介基础碎念。包括咱们的一个中考真题，包括咱们中考真题。中考真题里面是明明白白是有咱们的中考题目的，包含咱们中考10到15分。三分钟之后，主播这边做一波截单，四点半订单上传到仓库，让仓库打包发出。咱们家长们直接去下单一号链接第一个选项，直接去下单一号链接。第一个选项现货现发，您先拍，咱早拍早发一号链接七年级必读书第一个选项，第二个选项可以都拍，可以都拍同。,朝花夕拾、西游记
