﻿original,result
您是和其他一起拍的初中全套是吗？初中全套有没有那个红岩红岩是红岩没有现货。家长们，红岩没有现货，红颜是要预售。您可以去找后售后客服，找售后客服帮帮您。那个先发有货先发。家长们，红颜是没有现货的，红颜是一定要等的，红颜是一定要等的。出版社等会给大家讲，咱们先讲一下字帖，家长们字帖是必备古诗文，字帖是必背古诗文。咱们两本书必背古诗文是中学生全都要的，中学生是全部都可以用的。初19年初一、初二、初三、7到9年级的，直接去拍这个，直接去拍这个，让咱们孩子可以提前熟悉一下古诗文，提前熟悉熟悉一下古诗文，提前熟悉一下古诗文。木兰诗，有咱们的木兰诗，而且里面的内容，里面的内容都是初一、初二、初三年级都可以用的。您可以跟客服讲一下，因为您在一个订单里，客服那个订单那边是可能是红颜没有现货，所以说想跟您一起发。但是您跟客服去说一下，售后客服去说一下，然后有有货11本可以帮您先发，有货11本可以先发。当时的红岩是有的，咱们现在六号链接是没有红颜了，都是现货，都是现货。家长们，因为您之前的订单里是有红颜，所以说红颜是要等一等的，红颜是要等一等的。所以说您直接去联系售后客服，帮您直接下单帮您直接那个发货，帮您直接发货。但是那个红颜要等一等，红颜要等一等，可以帮您十一本先发，十一本先发。然后这个是咱们的必背古诗文，必背古诗文。中学生咱们在八号链接，在八号链接初中的衡水体英语字帖，同步咱们的七年级上册英语书，同步七年级上册的英语书。咱们里面是有目录的，里面是有目录的，目录是同步咱们英语书的，目录同步英语书。所以说家长们，咱们可以直接去拍，可以直接去拍。您催客服了吗？是家长，您是崔的客服吗？因为您里面是那个，我跟家长讲一下，您里面是带有红颜的，红颜是有预售的，红岩是放在预售里的。所以说家长们，咱们如果说您想提前发的话，直接去找咱们售后客服，跟他讲有货的先发，有货的先发，跟售后讲一下。家人们咱们这边尽快，今天可能明天早上就能帮您发出。因为你那个红颜它是卡订单的，红颜是预售，所以说其他的都在一起，没有发。您让售后客服有货先发，直接去安排，直接去安排。同步练习册是咱们那个也是同步的，同步练习册是咱们七年级上册同步练习题，而且配套新教材，而且配套新教材，而且是配套新教材。所有直播间的家长们，所有新初一的孩家长直接去买咱们这个链接字帖，里面有咱们的一个姿势图，有咱们的一个握笔姿势，两个姿势都有的,《红岩》
而且咱们旁边是有二维码的，旁边是有二维码的，可以扫码视频看示范，扫码视频看示范，还有景阁线折线，还有咱们的弧线。而且旁边咱们的一个，咱们的一个是教学视频，教学视频里面有咱们的教学视频，可以扫码查看视频，扫码查看视频。咱们的春是咱们七年级上册的第一课，七年级上册的第一课里面都是咱们的重点生字词，重点生字词。所以说咱们家长一定要去拍，一定要去拍。这个里面不仅可以提前预习咱们的生字词，还能帮助咱们家孩子提前写好字，提前写好字。雨的四季包括咱们古代诗歌四首，古代诗歌的四首，所以说家长们直接去拍，咱们里面，咱们里面的内容，里面的内容是是呃同都是同步都是同步的，所以说主播比较推荐这本字体，主播比较推荐这本字体，而且配套咱们新教材，配套新教材一起使用的。家人们，可以直接去拍，可以直接去拍。三本字帖目前都在咱们八号链接，三本字帖在八号链接，家人们，三本字帖在八号链接，三本字帖在八号链接，可以直接去拍。主播过一下了，4点40的话，主播这边截一波单，有需要字帖的赶紧去拍。一位家长在卡单，家长不要卡单。六号链接里没有红颜了，六号链接现在是没有红颜了，因为红颜出版社那边发不出来，所以说咱们这边直接把红颜去掉了，直接把红颜去掉了。然后家长们如果说您拍了六号的话，之前拍了6的话，联系客服先发，联系客服，有货先发，联系客服。因为你要跟客服讲一下，您不跟客服讲一下的话，得等到红颜到货之后才发。所以说您跟客服讲一下，直接去拍六号链接。目前是没有红颜的，而且咱们家价格做了一定的实惠。所以说把红岩踢出去之后，每本书的话不到12块钱，13块钱，不到13块钱。家人们，赶紧去拍，赶紧去拍。欢迎所有新进直播间的家人啊，欢迎所有新进直播间的家长们，七年级朝花夕拾和西游记直接去拍。一号链接第一个选项，一号链接第一个选项，会家长咱们这边问题帮您反馈了，尽量明天帮您发，尽量明天帮您发。因为之前的六号链接是带红颜的，现在是不带了，现在是现货现发带红颜的话有货先发，要跟客服提前说一下，要跟客服提前说一下。家长们，咱们今等已经帮您反馈了，主播这边也帮您反馈了。好的，欢迎所有新进直播间的家长们，欢迎所有新进直播间的家长们，咱们尽量帮大家有货都先发。因为目前只有红岩是在预售，红岩是今年新要求的，所以说咱们没有现货，其他的都有现货的，其他的都有现货,《红岩》
家人们不用着急，今天的话4点40了，4点40主播这边截一波单，订单上传到仓库，订单上传到仓库。现在是红颜换成了什么？没有换，直接把它剔掉了。没有换，没有换，因为红颜它目前的话还是没有现货的，所以说咱们没有没有换，没有换其他的，直接把它剔掉了，直接把它换那个拿掉了。一分钟之后，主播这边做一波截单。咱们新初一的家长直接去拍一号链接，也可以去拍六号链接。刚才咱一直讲的六号链接，六号链接直接去拍咱们的六号链接十一本，现在的是十一本，现在六号链接是十一本，家长们六号链接换成了十一本，直接把七号把直接把那个红颜踢掉了。咱们的店链接没有改，但是主播这边会给大家做提醒，六号链接是十一本，不是十二本。您看一下目录，您看一下六号链接里的目录，肯定没有红颜了，因为红颜目前发不出货，红岩目前发不出货。家人们，所以说咱们今天。欢迎所有直播间的欢迎所有直播他欢迎所有直播间的家人们，欢迎所有直播间的人。欢迎所有直播间的家人们，欢迎咱们所有直播间的，其他是一样的，其他是一样的家人们。因为红岩目前没有办法发货，所以说咱们这边直接把红岩给去掉了。里面的六号链接，这个链接，六号您看一下，全套11册，十一册了，变成了11册。不是不是不是十一，不是咱们那个12天10二本，不是十二本。欢迎所有直播间的家长，欢迎所有直播间的家长们，欢迎所有新进直播间的家长。一位家长在卡单40了，主播这边要结单了，主播这边结单了。咱们有一位家长在卡单订单上传到仓这边进行打包发出了，这边进行打包发出了。咱们所有新进直播间的家长们，所有新进直播间的家长们，有问题可以直接反馈，咱们主播这边可以进行回复。但是咱们家长们一定不要卡单，一定不要卡单。因为您卡单的话，咱们这边，您卡单的话，咱这边不确定什么时间能够发货了。西游记和学校里是统一版本吗？咱们学校有统一吗？家长，如果咱们学校老师和学校老师没有邀请咱家孩子固定买什么版本的，固定买什么版本的，咱们家就买咱们家这两本书，全国通用。如果说咱们学校的要求，就买某个固定出版版社的老师可能是统一教学，统一带教。所以说家人们西游记和朝花夕拾这两本书，咱们家全国通用。除非是咱学校老师有要求买固定的出版社，家长们可以听得明白吗？可以听得明白吗？所以说咱们家这两本书，西游记和朝花夕拾两本书是完整无删的版本，两本书完整无删的版本，完整无删的版本，没有任何的删减,《红岩》
所有直播间的家长们，所有直播间的家人们，欢迎所有直播间的家人们，欢迎所有直播间的家人们。欢迎所有新进直播间的家长，所有新初一的孩子家长，如果说西游记和朝花夕拾还没有拍的，一定要去拍。为什么一定要拍这两本书？咱们的新版语文，咱们的语文书里，语文书里明确要求了完整阅读西游记，完整阅读朝花夕拾，两本书没有任任何的删减，两本书没有任何的删减版本一定要读哪一种没有删减的版本，而且同步人教版语文课本第三个孩子能够读得懂的版本。因为中考是从完整版里面抽题，中考是从完整版里面抽题，它不是从那个删减版本里抽题。所以说家长们两本书西游记全本全义没有任何的删减，全文权益没有任何的删减。而且里面的内容，咱们的内容是24年6月份印刷的。咱们这两本书是完完整整的新书，完完整整的新书里面的目录给大家看一下，通篇都是白话，通篇都是没有任何删减的。十篇回忆，十篇朝花夕拾，加上咱们八篇的呐喊小说，加上八篇的呐喊小说，里面的内容完整无删，白话文旁边带有写作点播、阅读批注、重点知识详解、写作点播、阅读批注、重点知识详解整每一章节的后面都有赏析和小题巩固，每一章节都有小题巩固，后面咱们整本书的后面都是带有读后感和真题演练的，读后感还有真题演练，所有新初一的孩子们一定要注意一下，读后感真题演练，而且后面带有二维码，二维码免费，扫码听朗读，免费查看思维导图都是免费，不收任何的费用，不收任何的费用。西游记完整一整本，没有任何的删减，西游记没有做成上下两本是固定一本。24年6月份印刷的新版本。完整版怎么看？家长们完整版看是不是100回的，看是不是100回的西游记。如果说是100回的西游记，它就是完整版。如果不是100回的西游记，它就不是完整版。家长们要注意一下，家长们要注意一下里面的内容通篇都是白话文加重点字词注释，白话文加重点字词注释，然后有咱们的一个感悟赏析和名句，感悟赏析和名句常识，每一篇都有啊，每一篇都有。最后给大家看一下咱们有什么真演练，直达中考考点的真题，直达中考考点的真题，还有咱们的一个读后感。读后感是什么？读后感是帮助孩子理解咱们本西游记，西游记的内容还是比较多的，所以说咱们孩子要提前读读后感，帮助孩子理解整本西游记的内容。后面的二维码免费扫码听朗读，免费查看思维导图，整本书都有啊，整本书都有,《西游记》和《朝花夕拾》
所以说家长们，这两本书是完完整整的，没有任何删减版本的，符合人教版语文课本的孩子能够读得懂的，能够读得懂的版本。24年6月份印刷的新版本，家长们，24年6月份印刷的新版本。咱们想一下，除了主播直播间你买到的西游记和朝花夕拾不一定是新版本。因为主播保证咱们今年这两本书是咱们的新版本，咱们保证这是24年6月份印刷的同步新版课本正版授权书，没有任何的套路。咱们不卖盗版书，盗版书的话质量不好，而且对孩子有影响。运费险是有的，每一单都有运险险。家长们所以说在主播直播间下单的，每一单咱都有运费险。有任何问题，质量问题，孩子读不懂的问题，七天无理由运险险给主播退回来，现货48小时，今天下单明天发出，今天下单明天发出，现货48小时。所以说家长们，咱不要担心有任何的问题，不用担心有任何的问题。而且咱家这两本书前段时间已经卖爆单了，百分之六七十的孩子已经在家里读起来了。如果说咱家有新初一的孩子家长，今天刷到主播直播间一定要去拍。因为有些家长们已经安排起来了，咱家孩子一定要在暑假之前，开学之前读完，才不会影响开学以后的学习进度。如果开学之前读不完，肯定会影响孩子的开学以后的学习进度。那样的话人家孩子马上两本书都读完了，咱家孩子不知道这两本书是干啥的？家人们赶紧去拍，赶紧去拍。因为刚才有很多家长，刚才直播间有很多家长问咱们七年级上册的必读书是什么？咱们家长7月1号、7月23号的时候，很多家长都已经买了让孩子在家读一个月了。咱家现在有很多家长还不知道这两本书是干啥的，人家就像跑步一样，人家孩子都马上跑到终点了，咱家孩子起跑线还没找到在哪，你说离不离谱？所以说家长们，两本书真的是要读的，而且咱们是中考考试要考的，里面考点手册是赠送的，里面是有中考真题的。家长收录了历年的中考真题，哪一年哪个地区考中考考的真题，咱们是不骗人的，不骗人的。所以说不是这两本书叫必读书，它不是课外书，它不是课外阅读。课外阅读您可读可不读，可买可不买，但是这是必读书，必读书里面中考是要考题的，是占有10到15分的分数的。家长们，所以说咱今天刷到主播直播间，一定不要再犹豫了，一定不要再犹豫了。很多家长人家孩子真的都跑马上跑到终点了，咱家孩子起跑线还找不到。咱不能让自己家孩子比别人家孩子慢，咱平时不说比其他家孩子快，赢在起跑线上，但是至少咱人家有的咱家都有，对吧？咱能咱都知道，咱能了解,《西游记》和《朝花夕拾》
因为孩子不确定，孩子是不知道这些事情的，所以说咱们家长要打破这个信息差，提前给孩子准备起来。两分钟之后主播再结一波单，因为五点钟主播这边下播了，五点钟主播这边要下播了。两分钟之后主播这边再结一波单，订单上传到仓库，尽量赶上明天早上第一波快递车，第一波快递车，完整无删版本，家长们，完整无删版本。因为中考是从完整无删版本里考的，中考是从完整无删的版本里考的。所以说咱家卖的都是完整无删的版本，不买不卖那些删减版。删减版孩子读了没有用，删减版孩子读了没有用，中考是考不到的。中考考如果说你买到了那个删减版本，您买到了删减版本，您直接就退掉，直接就退掉。因为咱家孩子读了会吃亏，您花钱买了，孩子花时间读了，结果中考考的咱家孩子没读到的那没读到的那些知识没有用，直接退掉，买买完整的版本，家人们买完整的版本。两本怎么拍？一号链接，第一个选项39.8块，到手五本，两本主书，两本考点手册，外加一个错题集，这三个东西是送的，两本主书，两本考点手册，今天不到40块钱价格，到时候五样东西咱们家长们直接去拍，燕子家长直接看过来，七年级必读书。一号链接第一个选项赶紧去拍，一分钟之后主播这边接单，还有两位家长在卡单家人们不要卡单，订单一直是往后排的，您卡单的话可能排到明后天就能发货了。可能要卡到后天大后天才能发货了。因为今天现在拍的话，尽量明天赶上第一波快递车给大家发走。目前还是有少量现货的，还是有少量现货的。24年6月份印刷同步新版课本正版授权，不卖假货，正版授权咱们不卖盗版。每一单都是有运费险，收到书之后有任何问题，孩子读读懂质量有任何问题，所见跟您收到手的，跟主播手里展示的不一样的。有运费险，七天无理由直接给主播退回来，主播这边照单全收，没有任何的问题。现货，重要的事情说三遍，咱们真的是现货，目前而且还是只有少量现货了，所以说现货现拍50了，主播这边截单了，家长两位家长在卡单，家长您不要卡单，人家起跑线马上跑，孩子跑到终点了，咱家起跑线还没开始画。您卡单为什么要卡单呢？有问题打在公屏上，主播这边进行，主播这边进行回复。六号是现货，六号除了红颜都是现货，咱们把红颜踢出去了，目前是十一本，目前是十一本，所以说家长们可以直接拍，而且价格比较划算，价格是比较划算的。两位家长在卡单，不要卡单。咱们这边今天全套的话已经卖了好，卖了好多了。红颜到时候可以单独拍吗？红颜是到货了之后可以单独拍,《西游记》和《朝花夕拾》
会家长红颜到货之后是可以单独拍。因为咱们二号链接是做了红颜的链接，但是因为红颜目前没有现货，所以说咱们目前是拍不了红颜，拍不了红颜，所以说咱们11 6号链接是十一本的现货，十一本的现货。欢迎直播间的家长，还有一位家长在卡单，家长不要卡单了。主播这里面订单上传到仓库了，已经51了，订单已经上传了。后面下单的话，咱们可能就晚一点发货了，晚一点发货。欢迎所有新进直播间的家长，欢迎咱们所有新进直播间的家长们。两本主书，两本考点手册，价格真的很很划算，39.8块到手，五样东西。有家长想拍六号的是吗？可以直接去拍六号。六号的话也是有咱们的一个，六号也是比较划算的，六号非常划算。二号有红颜，但是二号还发不了货，不是现货，红颜没有现货。家长们或者家长，红岩没有现货，红岩目前发不了，因为红岩目前快上不了预售，上不了预售。那个快递出版社那边还没有发货，还没有印刷出来，还没有印刷出来。家人们可以直接去拍，可以直接拍。六六号链接全部都是现货，六号链接全部都是现货，可以现货现发的。欢迎所有直播间的家人，欢迎所有新进直播间的家长们。欢迎所有新进直播间的家长欢迎所有新进直播间的家长。咱们今天，咱们今天下单的，明天早上安排发出，今天下单，明天早上安排发出。六号链接拍了，除了红颜其他都一样，都一样的，或者家长咱们只不过是把红颜给踢出去了，因为红颜是红挂红岩就卖不了，挂红颜就卖不了。因为全部都是现货，其他的都是现货，只有红颜是预售，预售的话上不了预售，所以说咱把红颜踢了，里面的内容是跟您之前拍的是一模一样的。咱们的那个同步作文，同步作文也可以拍一拍，也可以带一带。咱们同步作文里面是有同步语文教材使用的，配套语文教材同步使用的七年级上册的，七年级上册的。欢迎所有新进直播间的家长，欢迎所有新进直播间会家长。也可以，但是您刚才的那一单，咱们这边已经反馈过了，尽快帮大家安排发货了，尽快已经尽快帮您解决了。您如果说您之前退了的话，再拍六号，那红颜再单独拍也可以。因为红颜到货立发。您之前已经拍的，您之前已经拍过带红颜的，红颜到了之后先帮您发。但是如果说您有红颜再单独拍，那可能要卡单，要可能排。如果时间您不着急的话，可以这样做，时间不着急的话可以的。所以说家长们可以的，会加的,「废话」
因为我知道你想那是先把初一的到手，对不对？想想先读初一的，初一的到手之后先读是不是？所以说您您刚才反馈的问题，主播这边已经反馈给客服了，客服那边进行处理，尽快帮您发，尽快帮您把之前拍的那一单发出。然后红颜到了之后先帮您补，再帮您补发，红颜到了之后再帮您补发。您能明白吗？您能明白主播讲的吗？西游记、朝花夕拾两本书，还咱们家长们可以真的可以直接去拍，可以直接去拍。欢迎所有新进直播间的家人，欢迎咱们所有新进直播间的家长。五点钟之后主播这边要下播，五点钟之后要下播，所以家人们可以赶紧去拍，赶紧去拍。欢迎所有新进直播间的家长，五点之后主播这边要结单了，五点钟之后主播这边要再结一波单，欢迎所有新进直播间的家长，欢迎所有咱们新进直播间的家长。如果说咱们直播间里有咱们家有七年级孩子家长，那如果说有七年级还是家长的西游记、朝花夕拾这两本是必买的。还有没有拍西游记和朝花夕拾的家长，咱们新进直播间的，一咱们新进直播间的家长，咱们这边是可以的，找后找售后客服帮您处理，找售后客服帮您处理。有多少新初一的孩子家长还没有拍西游记和朝花夕拾的十二本一起怎么摆？爱在金秋家长您去拍六号链接，但是跟您讲一下，六号链接没有红岩，红岩目前是预售到货才能发，所以说您先拍十一本。你先拍十一本，价格也非常划算，一本价格不到13块钱，奶茶一杯都买不到。买一本这么厚的水浒传，买买这么厚的一本水浒传，买这么厚的一本西游记。您看一下，一本书不到13块钱。一杯奶茶的价格都买不到，直接去拍六号链接。六号链接是咱们的单，那个套装链接，价格非常合适，今天卖的也比较多。很多家长买六号链接才是最明智的，因为买一次又省钱又省事儿，买一次又省钱又省事，所以直接去拍六号，直接去拍六号爱在金秋家长直接去拍六号链接，直接去拍咱们的六号链接。欢迎所有新进直播间的家长，还有没有新初一家长没有买西游记朝花夕拾的，咱们直播间里的，所有新进直播间的家长们，还有没有买西游记和朝花夕拾的这书，一定要买。暑假已经过了一半了，人家孩子起跑线马上找到终点了，咱家起跑线还没画好家人们一定要去拍，一定要去拍，因为这两本书里面涉及到中考10到10分的这种考试是要考的。所以说咱不一定咱不一定要，咱不一定要那个要发，不一定要开学以后再买。开学以后人家都跑到终点了，咱家才开始跑起跑退了重拍，这样发货快一些，其实也不快,《西游记》和《朝花夕拾》
这边帮您反馈，尽快帮您安排发货，可能明天赶上明天早上的快递车就行了。但您今天现在拍的话，其实发货差不多，发货时间差不多。今天帮您处理，然后尽快帮您安排发出。您重拍的话也是要排单的，您重拍也是要排单的。家长们，所以说咱们这边已经帮您反馈了，尽量明天帮您发出，这边尽快跟客服去沟通，咱们这边已经帮您反馈给客服了，客服那边尽快帮您过单子。审单子之后咱们才能发出，六号链接直接去拍。其实拍六号的，拍六号的家长们，拍六号的家长才是真的聪明的家长。因为很明智，买一次省钱又省事儿，省钱又省事儿。还有三分钟，主播这边要结单了，还有三分钟主播要结单了。咱们直播间还有多少是没有拍西游记和朝花夕拾的，还有多少没有拍西游记和张雨绮的两本书？全本全注没有任何的删减，而且是24年6月份印刷的新版本，目录都是完整无删的。前面是朝花夕拾的十篇，后面是八篇的呐喊小说，里面通篇都是白话文，白话文加上咱们的重点知识详解，孩子能理能理解里面的内容。里面没有任何的删减，能理解里面的内容。而且咱们家最后家人们看一下真题演练读后感，真题演练读后感都是有的，都是有的，没有任何的删减。咱们后面的二维码免费扫码查看水导图免费听，扫码听读没有任何的套路。给咱们看一下咱们里面的思维导图是什么样子的。有很多家长怀疑里面的内容要收费，因为咱们价格比较划算，价格比较实惠。他就怀疑你是不是有什么隐形套餐，有没有什么其他套路，都是没有的。咱们两本书里面的二维码扫的内容是这样的，思维导图点开看一下，思维导图点开看一下，是咱们的一个朝花夕拾，完整无伤的朝花夕拾。然后后面的童声伴读，童声伴读每一篇都有，每一个章节都有。咱们点随你点开一个，随机点开一个看一下，咱们直接进入到音频页面，音频页面旁边还有咱们的原文，旁边还有咱们的原文，直接边听边看边听边看原文。家人们都是可以的，都是可以的，所以说家长们不用担心，不用担心咱们有任何的问题。一分钟之后主播这边做结单，没有拍的家人们赶紧拍。下一分钟之后主播这边要结单了，接单之后没有任何的问题。一分因为家长在卡单，家长不要卡单，有问题的话您直接拍，有问题的话直接拍。但是您这边卡单可能要卡的时间会比较久一些，卡单的话时间会可能要排到明天、后天、大后天才能发货了。明天、后天、大后天才能发货，家人赶紧去拍，主播这边要结单了，结单了。欢迎所有新进直播间的家长，欢迎咱们所有新进直播间的家长们,《西游记》和《朝花夕拾》
欢迎所有新进直播间的家人们，欢迎你所有新进直播间的家人们，咱们五点钟了，马上要结单了，五点钟马上要结单了，欢迎咱们家长们赶紧去拍，家长们赶紧去拍。有任何问题咱们这边，有任何问题，咱们这边那个反馈，咱们这边反馈，但是您不要卡单，因为您卡单的话，咱们这边没有任何的作用，没有任何用。欢迎所有新进直播间的家长，欢迎咱们所有新进直播间的家长。欢迎咱们所有新进直播间的家长。欢迎所有新新初一，还是有新还是有人咱家长问新初一，新初一的家长们直接去拍西游记和朝花夕拾。您今天再问这个问题，就好像别人家孩子都已经到终点线了，咱家孩子还没有找到起跑线。新初一直接去拍一号链接，一号链接膝秀街朝花夕拾两本书，24年6月份印刷的新版本，24年6月份印刷的新版本。家人们赶紧去拍，赶紧去拍，吓我一跳，新初一直接去拍一号链接。您今天再问这个问题，马上暑假过去一半了，人家孩子都马上到，起码都马上到终点了，都马上到终点了。咱今天咱家孩子还没有找到起跑线，是必读的，确定是初一必读的？您看一下七年级上册，七年级上册要求读西游记，要求读朝花夕拾。家长们赶紧去拍，因为咱们很多7 7月初的时候，很多家长都已经买过了，全国通用的，全国通用的。主播这边截单了，因为家长在卡单，咱不要卡单，赶紧去拍，赶紧去拍。一千，一定要是一千。初一买两本，家长直接去买广西通用，广西是可以用的，放心去拍。就在我们的一号链接，第一个选项，家长你直接去拍就可以了，直接去拍就可以。来看一下，我们的初一的必读书，在我们的一号链接，这个闺蜜家的新初一是拍这个一号链接的第一个选项，七年级的必读书，西游记和朝花夕拾两本，两本书是初一的必读书啊啊啊确定确定这个不会乱讲，这是写在初一课本里的，叫整本阅读西游记，整本阅读召唤西是啊广西是通用的新初一，你就买这两本就行。第一个选项39.8的一个价格，到手是两本书，送你两本考点手册，还有一个错题本，总共是五本，总共是五本，非常合适，非常划算的价格。各位家长你放心去拍，放心去拍。这位闺蜜家长你抓紧去拍就可以了，你抓紧去拍就可以了，放心去买就可以了，你直接去拍就可以了，直接去拍就可以了。来我们看一下一号链接的几个链接，好不好？来给各位看一下一号链接的第一个选项是七年级上册的这两本书，西游记和朝花夕拾。他们是写在新版语文书里的必读书,《西游记》和《朝花夕拾》
是什么叫必读书？是一定要读的书，也就是换句话讲，什么一定会考的书，对不对？各位，一定会考的书，每年的必读书中考是10到15分，分值是比较重的就在我们的一号链接的第一个选项，七年级的必读书，各位放心去拍，放心去拍就可以了。一号链接第一个选项来第二个选项是我们七年级下册的必读书，是骆驼祥子和钢铁是怎样炼成的这两本书，这两本书是我们下册的。比如说七年级下册啊啊啊你们也直接去拍就可以了。如果说你需要七年级的四本你可以提前买，提前读，对吧？那你就把第一个选项和第二个选项一起加入购物车，一起加加入购物车，一起支付就可以了，一起支付就可以了。各位放心去拍，放心去拍。这是我们初一四本必读书。来第五个选项是什么？各位看一下，第五个选项是除了西游记朝花夕拾之外，还有本黄冈同步作文，是七年级上册的黄冈同步作文教你如何去写人，如何去写事，如何去写作文，来写作文，如何去突出中心，如何去发挥想象，这些都是一些写作的方法，但是手把手的教你去写作方法。那里边也是有非常多的实用的写作技巧，还有非常丰富的写作素材真题，这个真题范文，还有名师点评，都是有的，好词好句也是有的，各位了，你们放心去拍，就在我们的一号链接的第五个选项，就是除了西游记朝花夕拾之外，多一本黄冈同步作文。当然也是送你两本考点手册，还有错题本，该送你的都会送你。该送你的都会送你，你放心去拍就可以了，放心去拍就可以了。在我们的一号链接的第一个选项，到手是五本哈，到手是五本一号链接的第一个选项是到手是五本哈，第五个选项，这是我这五本哈，第五个选项是啊第五个选项是多一本黄冈作文，是到手是六本哈，根据需要去选择。如果你的基础语文基础比较弱，你直接就去买一下一号链接的第五个选项，这本同步作文非常好啊，主播给你看过非常好的一本书，非常好的一本书，各位家放心去拍。来，我们继续看一下。好，我们继续看一下。如果说你的孩子是初二年级，你直接去我们的二号链接拍我们初二的必读书，二号链接拍我们初二的必读书啊啊啊如果说你是初三，你直接去我们三号链接拍我们初三的必读书这回见了，刚才主播看了，再给你看一下，来看一下没问题。来看一下我们的这个黄冈同步作文，看一下它的目录行不行？来这本书非常好啊。主播跟你讲，他第一单元教你如何去热爱生活，热爱写作,《西游记》和《朝花夕拾》
第二个是让你去如何去写人，写人的时候要抓住特点，是不是下面都是范文，对不对？那写事要怎么去写事？思路要清晰对不对？对，然后后面就是写作的时候如何突出中心，这也是范文要求一些具体的案例，那如何去发挥联想，其实你看一下这些都是方法。对，就是手把手的教你如何去写作，对不对？所以说里边你看一下还有很多的这种作文题，还有很多的这种范围名家美文，这是啊名家美文，这个是什么名师点评，真题范文都是有的。来这个是真题范文，真题就是考过的，考过的范文。来写事，如何去写作？你看写作目标，这个名师讲堂具体的写作方法，写作技巧，还有这个写作素材，这里边都有啊。你放心，就是手把手教你去写作文的一本书这本书十块钱左右，就是比第一个选项要多个十块钱左右，非常合适，非常划算的一个价格。有家长可以去带一下，就在我们的一号链接的第五个选项，一号链接的第五个选项，当然该送你们的考点手册和错题本，都会送你们，这个都会给你的，只是多一本黄冈同步作文。可以，放心去拍，放心去拍就可以了，放心去拍就可以了。来各位如果说如果说你的孩子，如果说你的孩子已经把作文作业写的差不多了，你们可以去我们什么八号链接拍一下，找一下我们的这个八号链接同步字帖，我们的八号链接的同步字帖，还有古诗文也有同步的这个年级的语文的正凯你比如说七上字帖，主播觉得也非常好，你们可以去拍一下。为什么这本书里边就是看一下里边就是新书的一个语文书的目录，新书语文的书的目录。它是按照这个新课本做，将听课文哈作为一个素材，然后进行去练习。也就是说你在练字的同时，其实是已经把七年级上册的语语文书的里边的作文已经预习了，对不对？既可以练字，又可以预习，这是什么一举两得，对不对？这是八号链接，非常好。你们去拍下这个同步的，同步的练字帖，非常好的。直接去拍就可以了，各位，直接去拍就可以了，直接去拍就可以了。来看一下我们的这个售后情况，来我们看一下我们的售后，我们是有运费险的，各位，有运费险七天无理由可以退，你不想要就可以退，没有任何的问题，你不想要就可以退，而是正版正品的一个授权，正版正品的授权，每本书都是正版正品一个保证，而且是六月印刷，六月印刷同步新版的课本，同步新版的课本，同步新版的课本。八号是对，八号是这个字帖，八号是字帖，八号是字帖。你可以去按照你的需求去买,「废话」
比如说七年级上册，你像你按照你的年级去买，然后还有这个古诗文，中学生的古诗文都是有的，而且还有什么语英语，英语衡水体，八号看一下英语衡水体，都是有的，也是七年级上册，跟据你的需要去买，根据你的这个具体的年级去买。家长非常好，一举两得。除了练字，还可以去预习课文，预习这个新的知识，非常好啊。一号链接的第八个选项，一号链接的第八个选项是选读的，家的是选读的四册，是只喵家的。你如果想买初一的四本书，四本必读书，你这个是第八个选项，是是是选读的四本书。你先买必读书。主播跟你讲，就是第一个选项的，第一个选一号链接的，第一个选项加入购物车，第二个选项也加入购物车。这就是四本儿初一上初一上下册的，总共四本必读书。就是第一个选项和第二个选项是哪四本？第一个是西游记和朝花夕拾，下册是什么？骆驼祥子和钢铁是怎样炼成的。就是第一个和第二个一起加入购物车，一号链接的一二选项，直接去加入购物车，就是初一的四本，放心去拍。这个喵喵驾照，放心去拍就可以了，直接去拍就可以了。来，我们有运费险，刚才讲过了，哥，而且我们有，我们是正版授权。看一下我们是正版官方授权的文件。看一下带公章带红章的，每一本书都是正品正版的一个保证。带公章的正品正版的一个保证，正品正版的一个保证放心去拍啊，放心去拍就可以了，放心去拍就可以了，放心去拍就可以了。来看一下，还有一个特点，我们是六月印刷的这两本书是非常新的书，是六月份才印刷。六月印刷的新书同步新大改的语文书，各位这也是一个点，是不是？六月印刷同步新版的语文书，非常重要是吧？非常重要的一个点，对不对？所有能听懂见了，你们抓紧去拍，直接在我们的一号链接去拍就可以了。主播跟你讲，你如果说能看到这一点，你可能知道选书的时候就是要买主播这个一号链接里的书，对不对？因为它是六月印刷的新兴版本，它才是同步新版的语文书，对不对？也就是说各位如果说它印刷的印次、版次，它是在六月份之前。那市面上那些除了，你看我们是六月份对不对？六月份排版印刷对不对？那市面上那些版本印刷在六月之前，甚至有的是二三年，主播跟你讲都是旧版对不对，可以理解对不对？那新版语文书没有出来，你就已经印刷了，你肯定是旧版，对不对？所以说各位讲，这是你们买书的一个标准，是你们判断的一个标准。能听懂这一点，你们就知道去主播直播间的一号链接去拍就可以了,《西游记》和《朝花夕拾》
七年级的必读书，一号链接39.8的一个价格，到手是两本书，送你两本考点手册，还有一个错题本，送你两本考点手册，还有一个错题本。总共是什么？总共是五本，总共是五本，非常合适，非常划算，两本考点手册，还有一个错题本，总共是五本，非常合适，非常划算的一个价格非常合适，非常划算的一个价格直接去拍就可以了，各位啊，直接去拍就可以了，各位直接去拍就可以了，总共是500，非常合适，非常划算的一个价格你在这个线下你也是买不到这个书的，你线下是买不到这样的书的。39.8的一个价格，这么买到五本书，你是买不到的所以说能听懂的家长你们抓紧去拍。主播跟你讲这两本书，就是我们新版语文书里边要求的书，西游记不是上下册的。主播给你讲一下为什么新版语文书里面要求孩子整本阅读西游记，写在目录里的9月1号新书目录里的那整本阅读的西游记，就是一上下一册。主播可以这么跟你讲，上下这个两侧的这种都是旧版，都是之前印刷的版本。还没有同步大改的语文书，对不对？他没有按照语文书的要求去印刷，所以说它都是旧版。家长你可以作为一个参考好不好？来看一下，上下一侧，看一下完整无删减版，完完整整100回合，没有任何回合章节的删减，不会造成知识点的遗漏。而且是什么原文原著看一下，原文原著带有大量的批注，原文原著带有大量的批注，原文原著带有大量的批注，这些阴影部分的字体全部都是批注，全部都是批注，帮助你的孩子去理解，帮助你的孩子去理解，对吧，而且是六月印刷，是不是？刚才主播讲了几个特点，一个是完整无删减版，完完整整西游记100回合，原文原著带大量的批注，三点。还有一个是六月印刷，总共四点，六月印刷同步新版的语文书，六月印刷同步新版的语文书。六月印刷同步新版的语文书，六月印刷，这才叫同步大改的改版的语文书。放心去拍就可以了放心去拍就可以了，放心去拍就可以了。就在我们的一号链接的第一个选项，七年级的必读书，39.81的价格到手是两本书，送你两本考点手册，还有一个错题本，非常合适非常划算的一个价格，是不是？各位这两本书非常合适，非常划算，对不对？在我们的一号链接，如果说各位如果说这两本书你现在还没买的话，你们要思考一下，为什么现在还没买？因为很多孩子百分之八九十的孩子已经在读了,《西游记》和《朝花夕拾》
如果你还没有买的话，你一定要去反思一下自己，反思一下自己是不是你获取信息的途径有问题，或者是你对孩子改版语文书，对孩子的学习不关心，对不对？你知道新版语文书里边是写到要求孩子整本阅读西游记，整本阅读朝花夕拾这样写的那所有的这种很多家长，他们通过各种不同的渠道，他们在六月份他们就知道了这个新书的内容，对不对？六月份的内容确定对吧？他们就知道要读这两本书，所以说他们已经买了，他们的孩子已经读了。如果说你你如果说还没有买，那你我们现在实际上已经落后了，对不对？那9月1号如果说你拿到新书之后才知道要读这两本书的话。那9月1号开学的那一天，我们已经比90%多的同学已经已经落后一截了，那就是初一都不在一个情况下，说实话，因为什么西游记朝花夕拾这两本书非常厚。我给你们看一下原文，原著完全无删减，660页，660页带批注的这样的一本书，660页朝花夕拾多少？198页两本书可以算一下，总共860页左右。860页的书你的孩子开学之后他没有时间去读。小学和初中是完全不一样的，而且是原文原著待批注虽然待批注，但是也是原文原著，还是有难度的，对不对？他只有用暑假的这个时间，小升初暑假的这个时间，把这个时间利用好啊，它才能够把什么他才能够把这两本书读懂、读透、读精，那9月1号之后他是没有时间去读的。这个敏姐家长可以看一下，来，你要的信息都有，可以看一下我们的版权页。但是主播跟你讲，你别管它是什么版本的你要看版次和印次。印在24年6月之前的，排版在六月之前的那它都是旧版，都是旧版，都不是，新版都没有按照新版的语文书的要求去印刷，都不同步新版的语文书，所以说啊啊啊这个版本不是问题。你们注意的是什么点？就是它的印字，它是什么时候硬的，这个才是关键的问题，对不对？所以能听懂就的。你们直接去我们的一号链接拍，一号链接的第一个选项，七年级的必读书，39.8的一个价格，到手是两本书，送你两本考点手册，还有一个错题本，非常合适，非常划算的一个价格，非常是非常划算的一个价格,《西游记》和《朝花夕拾》
各位主播给大家讲，你们直接去拍就可以了，就是在我们的一号链接的第一个选项，一号链接的第一个选项，一号链接的第一个选项，七年级的必读书，七年级的必读书，39.8的一个价格，39.8的一个价格，到手什么？39.8的一个价格到手是五本哈，总共是送你两本考点手册，送你两本考点手册，还有一个错题本，还有一个错题本还有一个错题本，一号链接，你们直接去拍。各位家长，主播跟你讲，这两本书就是老师让你去买的书，也是什么，也是新版语文书里边写到让你去整本阅读的书，就是在我们的一号链接，你直接去拍就可以了，你直接去拍就可以了，各位，放心去拍就可以了，放心去拍，这就是你们要的书，主播可以这么讲，这就是你们要的书，而且这就是很多孩子已经在读的书。各位是六月份印刷，加的是这个撞南墙家的，是六月份印刷，六月份印刷的新版。当然你要的信息也都是有的，给你看一下版权页你就知道了。来主要关注的点，主播给你讲的是版次和印次。它一直等到6月份才拍板，六月份才印刷，所以说它非常的新，它才能叫同步大概的语文书。所有印刷在六月份之前的那些版本，他们都是旧版主。我跟你讲不管是什么出版社的，你看它的印刷和排版好吧，他有没有按照改版的语文书去排版印刷，这个非常重要对不对我们就是按照新书的要求去印刷和排版他让你怎么印，他让你怎么去要求，就去就按照他的要求。一主播跟你讲有几个要求，其实上有四点要求，对不对？刚才讲过了，第一点完整无删减版，这两本书是西游记完完整整100回合，而且是整本阅读上下一册的，那些上下册的那都是旧版了。新书要求整本阅读是一整本是啊，完完整整100回合。你看都是这样印的，完完整整100回合。第二个要求是原文原著，看一下原文原著，这些文字就是那个时候的文字。第三个要求什么？第三个要求就是什么？就是带有批注，看看阴影部分的字体，全部都是批注，阴影部分每一页都有批注。所以说换句话讲叫什么？叫全本权益，全本全益，也叫无障碍阅读，也叫无障碍阅读。亲爱的，你放心去拍，放心去拍这三点要求是新书对这两本书的必读书的要求。那六月份印刷是我们的第四个特点，第四个特点是六月份才印刷，才能叫同步新版的语文书。各位直接去拍就可以了，直接去拍就可以了，没有10的，10的这个是出英语书的。没有听说过有10有印过这两本书。而且他即使之前印过，可能也都是旧版六月份印刷的新书，很少，很少,《西游记》和《朝花夕拾》
那主播这个是其中的一个，其中的一个哈那你这其他的去找比较困难。主播实话实讲，一号链接的第一个选项，七年级的必读书。来已经是5点19了，主播要做一波截单好不好？来我们看一下来我们正常是48小时给大家发货，48小时。但是主播这每20分钟会给大家做一波截单，我给你们一分钟的时间，5点21分好不好？把你们这个批次的订单发给仓库，让仓库开始给你打包好吧，仓库的同事已经在催了，好吧，给你打包好啊，给你提前打包好啊。我们的快递车一般是五点多过来，但是我不确定他现在已经过来了没。如果能赶上今天的，我们就争取今天。如果赶不上今天了，那明天快递车过来，我们就争取给大家发出去。明天上午好吧，所有能听懂家长，主播给你们一分钟的时间，一分钟之后主播要做结单，把订单号发给仓库，让仓库开始打包。我们这是主播给大家的福利，是不是，主播会给大家做一波提前，所有能听懂的，正常是48小时给你发就可以，但主播会给你们做提醒，所有能听懂家长，你们抓紧去拍好不好？来，而且有运费险，各位有运费险，七天无理由可以退。你只要不想要就可以退，而且是正版正品的授权。来看一下正版正品授权的文件正品授权的文件带公章带红章的，带公章带红章。也就是说我们的每一本书都是什么正版的一个保证，而且是六月印刷的新书，同步新版的课本，这些要求这些特点都是非常难得的。所以说你能够刷到主播直播间，你直接去拍主播跟你讲这两本书就是七年级的必读书，就是新改版语文书要求你去买的两本书，也是语文老师让你去读的书，去买的书，就是在我们的一号链接的第一个选项，放心去拍就可以了，放心去拍就可以了。第五个选项是什么？第五个选项是除了这两本书之外，多一本黄冈同步作文，七年级上册的黄冈同步作文教你如何去写人、写事、写作文。当然送你的考点手册还有错题本，都会有的，都会有的，放心去拍。不管第一个链接还第五位，一号链接第一个选项还是第五个选项，都是有的，各位家长放心去拍。那已经是21了，主播给大家再给大家20秒，还有两位卡单奖给你们20秒付款的时间好吧？20秒之后把订单发给仓库，仓库开始打包好吧，仓库开始把你们这一批次开始打包啊啊啊给你打包，每20分钟打开始打包，一次一个批次好吧？所有能听懂家长。直接去拍，20秒之后把订单号发给仓库好不好？20秒之后把订单发给仓库好不好？所有能听懂的，抓紧去拍一下，抓紧去拍下抓紧去拍下，抓紧去拍一下就可以了,《西游记》和《朝花夕拾》
各位家长还有10秒钟，好吧，还有10秒钟，还有10秒钟，还有十秒钟好不好？十秒钟之后，主播把订单发给仓库，让仓库开始打包，好不好？所有能听懂讲的，抓紧去拍就可以了，抓紧去拍就可以了，就在我们的一号链接，一号链接，第一个选项，啊，一号链接第一个选项，一号链接第一个选项，一号链接的第一个选项39.8的一个价格，到手是什么两本书？送你两本考点手册，两本考点手册，还有一个错题本，还有一个错题本，总共到手是五本，非常合适，非常划算的价格，非常合适，非常划算的价格所有的家长能听懂的话，你们抓紧去拍。那主播要做截单了行不行？主播会把我们的订单发给我们的仓库，好不好？主播会把我的订单发给我的仓库，行不行？让让他给你们提前打包，争取给大家提前发走，好不好？所有能听懂就单，主播做截单了，好吧，主播要把订单发给仓库，让仓库给你们提前打包。好，主播做结单了。那我们下一个批次，看一下。我们下一个批次是在我们的5点40，5点40的时候会把你的订单发给仓库，让仓库给你打包，这就给你提前发走，好不好？所有能听得见的，你们直接去拍就可以了。来，我主播现在手上这两本书，是我们那七年级的必读书，七年级必读书一号链接第一个选项，七年级的，比如说39.8的一个价格，到手是两本书，送你两本考点手册，还有一个错题本，总共是五本，总共是五本，非常合适非常划算的一个价格，非常合适，非常划算的一个价格。各位，非常好啊，非常好啊，这个价格你线下是买不到的，你线下也是买不到的。来我们继续看一下在我们的一号链接的第一个选项，七年级的必读书，西游记和朝花夕拾两本书，39.8的一个价格，到手是两本书，送你两本考点手册，还有一个错题本，非常合适吧，非常合适。来七升八家长这个专修家长，在我们的二号链接，二号链接是你八年级的必读书。你直接去拍二号链接八年级的必读书，二号链接是八年级的必读书，而且都是新书。是上次是红星照耀中国另一本书你可以看一下，买那个红星照耀着中国和昆虫记也可以。因为有一本书是你们八年级的红岩这本书现在全网断货。你们可以先把这个红星照耀中国这些书先买掉，让它让你们开始提前读。因为这些书都是必读书，你们可以提前先读直接去拍在我们的二号链接。亲爱的，而且都是新版同步新版的语文书的，各位都是同步新版的语文书，你放心去拍。我跟你讲没有任何的问题啊，没有任何的问题啊，没有任何的问题，各位没有任何的问题，直接去拍,《西游记》和《朝花夕拾》
如果说如果说你的孩子，你的孩子上初三，你直接去我们的三号链接拍我们九年级的必读书，九年级的必读书，九年级的必读书是我们三号链接的这个选项，直接去拍，直接去拍就可以了。来主播正在讲的是我们七年级的必读书，七年级的必读书，七年必读书。各位看一下，西游记和朝花夕拾两本书，西游记和朝花夕拾两本书，七年级的必读书，看一下在我们的一号链接，直接去拍，他们两本书都是完整无删减版的。那朝花夕拾刚才西游记看了，我们看看朝花夕拾。来朝花夕拾是完完整整疏漏了鲁迅先生十篇回信散文，没有任何回合章节的删减，不会造成知识点的遗漏，符合你的学习任务和学习大纲。来看一下，里边也是原文原著，原文原著带有大量的批注，侧面都是阅读批注，帮助你的孩子去理解帮助你的孩子去理解，原文原著带有批注叫全文权益。西游记只有一本，不是上，就是上什么西游记就上下一册，就一本啊不要买那种两本了。两本是什么？两本是啊旧版新书，要求整本阅读西游记，就是一本书就一本西游记上下一册，一本完整无删减版，660页原文原著，放心去拍，就在我们的一号链接第一个选项，一号链接的第一个选项，一号链接的第一个选项，到手是两本书，两本书，送你两本考点手册。家长你二号链接你直接去拍就可以了，二号链接，你直接去拍那个红星照耀中国，还有这个空城计，都是可以的，你放心去拍就可以了红星照耀中国和空城计，都是可以的，都是可以去拍的，你放心去拍就可以了。因为红岩这本书是目前是缺货的，你可以直接去，等到到货之后就会上链接，你们可以直接去拍就可以了。来八年级上册看一下，八年级上下册，红星照耀中国，还有这个红岩，经典长谈，还有昆虫记。你直接去拍红星照耀中国、经典长谈和昆虫记都可以红岩这本书你可以先不拍，先不拍，因为红颜这本书现在全网断货，我们这个有货之后会第一时间会上链接啊啊啊现在都是这样的，你放心去拍就可以了。可以先读，红星照中国先读感谢支持，笑看人生家长，笑看人生家长主播会在5点40的时候把你订单发给仓库，让仓库都是完整版，放心去拍就可以了，都是完整版，放心去拍就可以了。来，笑看人生，5点40把你的订单发给仓库，仓库开始打包，给你打包好啊啊啊今天不知道能不能赶上主播，主播知道快递车是五点多过来，但是有可能已经发走，主播不太清楚，但是我们会今天会给大家打包好，我们今天上午快递车也会过来一波争取给大家提前发出去，放心去拍。来西游记，完完整整100回,《西游记》和《朝花夕拾》
完我们是全国都有仓库，全国八大仓库，就近发货，你放心，都是啊都是都是就近的。来，我们是看一下，我们是六月印刷的新书，然后是完整无删减版西游记，完完整整100回合。这个晶晶家长看一下660页，西游记朝花夕拾，198页完整无删减版，你看一下。你们知道朝花夕拾是什么吗？各位家长，朝花夕拾你们知道是鲁迅先生的什么吗？主播跟你讲，朝花夕拾是鲁迅先生的回忆性的散文集，它是散文集，完完整整的是这个朝花夕拾就是包含了什么？包含了十篇回忆性的散文，回忆性的散文十篇，所以说这些都是包含的。然后额外还收录了呐喊系列的短篇小说这是帮助你去增加知识点的。你这个可以读也可以不读，这是扩充知识点的。所以说这本书比一般的朝花夕拾都要厚了，就198页，正常的没有那么厚，多了呐喊系列的八个8篇短篇小说。各位家长放心去拍就可以了，放心去拍就可以了，就在我们的一号链接，你直接去拍，直接去拍二号链接，22号链接，22号链接，你直接去拍就可以了。你看看它每一个选项，里边都会写具体的这个选项名称，这里边都有是什么东西，加上什么东西，它都写的非常清楚。这个主播跟你讲，这个专修家长你可以去看一下，因为主播主播拿的这个可能有一些调整，主播的这个项目和你实际的项目可能有一些调整。因为红岩应该是已经缺货了，而且红岩第二个选项应该是啊已经不是红颜了，红岩已经下线了，对吧？所以说你可以看你具体的，具体上面都会写。主播给你讲，那49.8肯定要多一本书，或者是多一本什么东西，你可以看一下，里边都会写到，看一下它的图都有家长放心去拍就可以了。来，我们的一号链接，主播主要给大家讲一号链接七年级的必读书，一号链接七年级的必读书。第一个选项，一号链接的第一个选项，七年级上册必读书，39.8的一个价格。西游记和朝花夕拾，他们都是完整无删减版，原文原著带大量的批注，三个特点叫全本权益，全本权益。这三个特点在我们的一号链接的第一个这个选项，七年级的必读书。39.8的一个价格送你两本考点手册，还有一个错题本，总共是五本，总共是五本，非常合适非常划算吧，非常合适非常划算的价格，各位非常合适非常划算的价格，所有能听懂见的，你们直接去拍，主播跟你讲，主播跟你讲，这两本书，这两本书，这两本书，就是新版语文书里边写的书。是啊，不是新版语文书里边写的书，新版语文书里边写的书也是什么？也是也是老师让你去买的书,《西游记》和《朝花夕拾》
亲爱的，主播在5点40会把你的订单号发给仓库，好不好？5点40的时候会把订单号发给仓库，5点40会把订单号发给仓库。放心，我们都是啊分批次打包对吧？订单发一批，他们工人就打包一批，对不对？所以说叫早拍早发货，对不对？早拍早打包早点打包意味着什么？意味着可以早点去发出去，对不对？所以能听明白了，你们直接去拍就可以了。我们的一号链接的第一个选项，是39.8的一个价格。七年级的必读书，七年级的必读书，39.8的一个价格到手这两本书，送你两本考点手册，还有一个错题本，非常合适非常划算，非常合适，非常划算的一个价格，你们放心去拍，各位你们放心去拍。主播跟你讲，这两本书就是你们七年级的必读书。这两本书西游记和朝花夕拾，它是写在新版语文书里的，写在新版课本里的，叫必读书。什么叫必读书？必读书就是一定会考的书，叫必考书，也叫是吧？那每年每年必读书的分值在中考里都是10到15分，这个分值已经比较高了，这个分值可以决定你上什么样的工高中，对不对？我自己家的主播给你讲一下西游记，西游记新版语文书里面写到整本阅读西游记，所以说新版的这个西游记就是同步，同步我们是六月印刷，同步改版的语文书，改版语文书里边同步语文书里边的这个西游记，六月印刷，他们都是上下一册，为什么？因为新版的语文书就是这样写的，要求你整本阅读。那你怎么理解整本阅读？就是一整本的阅读，对不对？没有哪个出版商会傻到把它再去印刷两上下册，是不是？如果说市面上那些上下册的，主播跟你讲都是旧版，都是旧版，你们可以自己去选择。主播跟你讲，要买新版才能同步新课标，才能同步新课改之后的语文书。放心去拍，就在我们的一号链接。一号链接第一个选项，就是六月份才印刷的新书，按照新版语文书的要求去印刷了。六月份印刷同步新版的课本，放心去拍，人教版语文书，部编版的语文书，放心，正版授权。每一本书都是正品正版的一个保证。看一下每本书都带公章带红章。每本书都是正品正版的保证，而且有运费险。各位有运费险，七天无理由可以退，只要你不想要就可以退，没有任何的问题,《西游记》和《朝花夕拾》
而且是现货，48小时之内给你发货，对不对？大家都知道48小时给你发货就可以，对不对？主播会给你做提前，主播在5点40会把这个批次的订单号发给仓库，仓库给你打包好今天如果赶不上，那就明天上午快递车会过来，争取给你提前发出去好吧？我们都会比这个时间会早一些，好不好？如果所有能听懂的家长，你们直接去拍就可以了。拆开是可以退的，拆封都是可以退的。放七天无理由可以退，七天无理由可以退。你不要在上面写字，你不要在上面写字就可以了啊啊啊你不要不要把不要这个在上面写字就可以了。这个钻石糖家长不影响销售就可以了，放心拆封是可以退的，没有任何问题。有运费险，七天无理由。你不想要，不管是运输的途中还是已经收到货，都是可以退的。罗家的放心，放心，直接去拍一下，看一下，这是必读书，是一定要买的书。来如果说你们还没有买的话，主播其实要批评你们，对不对？主播要跟你们说，80%孩子家长已经给孩子买了，为什么你们还没有买，对不对你们不一定在主播这买，但是这两本书你们一定要让孩子去读，对吧？你们为什么不知道要去买这两本书呢？是因为你们不关心孩子的这个学业，还是说你们获取信息的渠道有问题，对不对？但是你刷到主播直播间，主播跟你讲新版语文书里边七年级上册的语文书，也就是9月1号发的新书，里边是明确写到要求孩子整本阅读西游记，整本阅读朝花夕拾，是整本阅读，整本阅读就是新书新书的要求，新书的要求。所以说我们就六月份印刷，按照他的要求去印刷。在我们的一号链接的第一个选项，七年级的必读书，39.8到手两本书，送你两本考点手册，还有一个错题本，非常合适，非常划算的一个价格。你直接去拍就可以了。红星照耀中国主播看一下，主播手上应该是有一本样书。来看一下红星照耀中国是完整版，新版完整版，看一下，它要它是什么长江，长江出版传媒，长江文艺出版社这本书是完整版，而且而且是有阅读指引，有专家一线的名师的指导的你可以去看一下，印刷质量也非常好，里边也是有批注的，里边也是有批注，他的批注在下面，它的批注是在下面这都是新版，同步新版语文书的。放心去拍就可以了，放心去拍就可以了，放心去拍就可以了。亲爱的，直接去拍就可以了。主播主要给大家讲的是初一的必读书，初一的必读书。来我们继续看初一的这两本必读书，初一的必读书西游记和朝花夕拾这两本书，这两本书，这两本书是写在我们语文书课本里的，刚才主播已经说过怎么写的,《西游记》和《朝花夕拾》
你们，四个字对不对？记住了，叫整本阅读，是不是？整本阅读，西游记和朝花夕拾，那整本阅读有什么意思？什么叫整本阅读？那整本阅读的西游记和朝花夕拾有三个特点。主播跟你讲实际上有四个，主播先讲三个好不好？来整本阅读，整本阅读的西游记一定是完完整整100回合那种，叫完整无删减版。来看一下完完整整100回合，没有任何回合章节的删减，不会造成知识点的遗漏，100回对不对？整本阅读的西游记那整本阅读的西游记还是什么样的？还是原文原著的西游记。看一下原文原著，看一下带有大量的批注原文原著，这个原文原著什么意思，就是当时的文字，吴这个西游记是谁写的？是吴称是吧，吴称就是明朝的时候是吧，这个文字就是那个明朝时期的文字。各位你可以读一段其中的文字，感受一下明朝，这个吴承恩笔下的文字叫原文原著，原文原著，刚才是完整无声解版一个特点，原文原著一个特点，第三个点特点就是全本权益。带批注，看一下这些阴影部分的字体，全部都是批注，就是帮助你的孩子可以去阅读这个能够读得懂，生僻字词，还有难懂的知识点，全部都做了批注这些，这些阴影部分全部都是批注，每一页都有批注，就是让你的孩子能够读得懂，叫全本全译是吧？这叫全本全译，就是每一页都能有翻译，都有这种批注，也叫什么？也叫无障碍阅读，是不是？就是让你的孩子可以读懂。各位家长，主播说的这他们这两本书的三个特点，就是新版语文书的三个要求，六月份印刷同步新版的语文书的三个要求第四个特点就是新六月份才印刷，它的印字和版排版版式都非常的新。看一下他是六月份才开始排版，六月份才开始印刷，非常新，非常新。所以说不用担心，这就是按照新版的语文书的要求去印刷，这就是同步新版的语文书的，这一点非常关键。也就是说各位家长来看一下，凡是在六月份之前印刷的，都是旧版，都不同步大概的语文书。各位这是一个知识点，你们可以看一下它的意思。所以说如果你能听懂这一点，这是你选书的一个标准，对不对？这是一个基础的标准，对不对？我觉得是一个基础的标准，也是关键的一个标准我们要买的书就是要买什么样的书？要买同步大概语文书的书。大家都知道语文书，初一语文书都改了，是不是？而且是大概。那你买的书你还能买旧版吗？我们肯定是要买新版同步新版的课本的，所以说一定要买六月以后印刷的,《西游记》和《朝花夕拾》
六月以后印刷同步新版课本的，就是我们的一号链接的第一个选项，一号链接的第一个选项，七年级的必读书，七年级的必读书，西游记和朝花夕拾两本书。39.8的一个价格，到手两本书，送你两本考点手册，还有一个错题本，非常合适，这个价格你线下也是拿不到的，对不对？总共是五本书，到手非常合适非常划算，非常合适，非常划算。来我们看一下我们的售后好不好。来各位有运费险，七天无理由可以退。你不想要就可以退，没有问题。你不想要都是可以退的，而且是正版授权。各位正版正品的授权，有官方正版授权文件，每一本书都是正版正品的保证。看一下，来，而且看一下，24年6月印刷同步新版的课文是六月印刷的新版，六月印刷的新版，六月印刷的新版。你放心去拍就可以了，你放心去拍就可以了，你放心去拍就可以了。六号是六号链接吗？主播跟你讲，六号链接是啊，原来的六号链接是我们十二本初中的全套。你可以看一下是不是，那十二本初中的全套，因为现在红岩这本书是啊是全网断货，你看看下是不是这十二本哈，今天家长你可以看一下是不是这十二本书，如果说这十二本的话，你可以去拍一下，因为红岩这本书是断货的，后面有的话会给你发货。你可以看一下六号链接，六号链接有没有做改变？你可以看一下，六号链接是我们初中的名著十二本，做了一个非常合适的价格，160多非常合适。小四门是可以去我们的，小四门可以去我们的这个12号链接，12号链接，11号和12号都是小四门，11号和12号都是小四门哈那这个12号的话是比较全面的，11号是啊帮助你去记忆的，你可以看根据你的需要去这个清风烟烟雨家的，你根据需要去买，主播建议是12号。如果你还有时间，因为你现在都有时间。是12号1本的比较好。你可以去看一下，当然11号是让你去帮助你去记它，你直接去12号买直播间也好。来我们继续看一下我们七年级上册的必读书，是我们的一号链接的第一个选项。七年级上册必读书，西游记和朝花夕拾两本书，西游记和召唤西这两本书39.8的一个价格，到手是两本书。送你两本考点手册，还有一个错题本，非常合适，非常划算。全国通用现货现发，全国通用现货现发家，你放心去拍就可以了。主播跟你讲，这两本书就是写在新版语文书里的书，写在新版语文书里，书也是什么，各位也是老师让你去买的书，老师让你去读的书，各位放心，放心去拍。主播跟你讲，这两本放心去拍就可以了，放心去拍就可以了，好吧,《西游记》和《朝花夕拾》
那个价格价格应该是十二本的话，你看看有没有红颜，具体以他的详情为主。家长，之前是十二本，应该是160多。你可以看一下，你可以先买，没事，那本书可以后发都可以，你可以直接去拍就可以了。主播跟你讲没问题，没问题，直接去拍就可以了感谢支持，这个清风家的，你们已经是5点40了，主播没看一下，主播看一下，你看一下晶晶家长，看看一下没有红颜的话，看看它的价格是多少没有红颜可能就是价格比之前要降低了一些，你可以看一下价格。来来我们看一下，我们是有运费险的，七天无理由可以退，而且是正版授权。刚才看过的每一本书都是正品正版的一个保证，而且是六月印刷新书同步新版的。与这个课本，初一语数外是要买语教材吗？教材不要买，教材没有语文的话你可以直接去一号链接拍它的必读书。这两本书是初一写在语文书课本里的，一定要读读书，而且一定要在暑假把它读完。9月1号没有时间去读这两本书，所以说这个少儿家长你先去一号链接，第一个选项把它拍掉，就是西游记和朝花夕拾是一定要读的书，是六月份印刷同步新版课本的这个新书，放心去拍，先把它拍掉，然后再去看看数学还有外语，有哪些需要去拍的一些练习册也好，同步字帖也好，可以去八号看一下，好吧，可以去八号链接看一下。是同步字帖，可以去预习语文课文，还有外语的一些课文，非常好啊。八号同步字帖，可以直接去拍一下就可以了，直接去拍就一下就可以了，直接去拍一下就可以了。来，主播继续给大家讲，看一下这两本书，那已经是40了42了，主播要做一波截单了。主播光顾着给大家讲了，没有给大家做结单，马上要给大家做结单。什么是接单？各位就是把你们刚才已经拍的这些订单发给仓库，仓库给你打包，我发过去他们就开始打包，很快就能打包好啊。今天如果来不及，明天上午这个快递车过来，他就可以直接去，争取给你们提前发走了。提前打包意味着可以提前给大家发，是不是所有家长能听懂的话，那主播给你们一分钟44的时候，主播会把这波的订单发给仓库，让仓库开始给你们打包好不好？所有能听懂家的你们抓紧去拍就可以了。44，5点44主播要做一波接单，把订单号发给仓库，把订单号发给仓库，争取给你们提前发走五号包。所有能听懂的家长，仓库已经在催单，催我们去把订单发过去，他们要开始打包了,《西游记》和《朝花夕拾》
就在我们一号链接，七年级的必读书，39.8的价格到手两本书，送你两本考点手册，还有一个错题本，非常合适，非常划算，放心去拍，全国通用现货现发，全国通用现货现发。四川是一样的，一号链接的第一个选项，你放心去拍。为什么主播跟大家讲过一个全国通用，这样有一个常识，主播每次都讲来我们的语文书全国就一本七年级上册。不管是四川、江苏还是什么浙江、新疆，他们用的都是人教版的。语文书全国就一本哈那主播再给大家普及一个常识，我们的语文书、政治书和历史书这三本书都是非常重要的书。这三本书都只有一个版本，都是人教版。因为它可以影响学生的这个思想，上面非常重视，所以说其他的出版社都是不可能出版的。所以说这三本书叫语文、政治、历史三本书，它永远都是人教版的。你们放心，全国就一本，不管是哪个地方都在用一本语文书，还有一本政治书，一本历史书，这个非常重要这也是一个常识。你们直接去拍，在我们一号链接的第一个选项，39.8的价格，到手是这五本，送你的考点手册，还有这个错题本。如果说你还想要一本作文，你直接去一号链接的第五个选项，加了一号链接的第五个选项，你可以去拍一下，那多一本黄冈同步作文，黄冈同步作文。各位家长抓紧，抓紧，主播要做接单了，主播一直没有做接单好不好？来还有已经45了，还有三位卡单的家长，三位卡单家长你们可以付下款，主播给你们20秒好不好？20秒钟之后把订单号发给仓库，仓库开始打包好不好？他们已经在催了，催了几分钟了，还有20秒好吧，还有15秒，15秒钟之后，把订单发给仓库。还有两位卡单见了，还有两位，现在还有一位了，一位卡你们抓紧去付一下款。主播会把你的订单号一起发给仓库，让仓库给你的开始打包那还有10秒钟，主播给你10秒钟，十秒钟之后，主播把订单发给仓库，让仓库开始打包好不好？所以我能听懂的了，你们抓紧去拍，这个批争取给你们提前打包，你们放心去拍。主播把它发过去，把订单号发过去，他们就开始打包订单号。主播要做结单了，把订单号发给我们的仓库，让仓库开始打包好吧。来我们继续，我们继续，各位我们继续，我们继续。来你们的订单已经发给仓库了，仓库仓库已经开始打包了，他们的我们仓库的同事已经在给你们打包了，放心，放心去拍,《西游记》和《朝花夕拾》
来各位，我们这两本书西游记和朝花夕拾，在我们的一号链接的第一个选项，一号链接的第一个选项七年级的必读书，一号链接的第一个选项七年级的必读书，一号链接的第一个选项，77年级的必读书，39.8的一个价格。到手是五本，全国通用，现货现发。各位家长你放心去拍啊，你放心去拍就可以了，你放心去拍就可以了，你放心去拍就可以了。来，各位家长看一下，都是有售后保障的，有运费险，有运费险，七天无理由可以退，你不想要就可以退，没有问题。而且是正版授权，官方授权的文件，正版正品的保证，而且是六月印刷的新书，同步新版的语文书，同步新版的语文书，放心去拍，放心去拍就可以了，家长放心去拍啊，放心去拍啊，放心去拍就可以了。各位放心去拍，就在我们的一号链接第一个选项，39.8送你两本书，送你两本书，还有两本，还有还有一个错题本，两本考点手册，一个错题本，总共是五本，非常合是啊这个价格。如果说你还需要一本作文，那你就到一号链接的第五个选项拍。除了这两本书之外，还有一个黄冈同步作文的话，总共是啊总共是什么？该送你的这两本书，两本考点手册册里面都有。那第五个选项总共就是六本，六本书，六本同时放心去拍，放心去拍就可以了。来，有没有新初一的家长？在线的家长，你们的孩子九月份上初一。如果说你这两本书还没买的话，主播要批评你啊啊啊为什么？因为很多家长百分之八九十的家长已经给孩子买了，而你还不知道要买。是你还不知道要读，是不是？那你要抓紧去买你能刷到主播直播间，说明说明你是要知道这两本书是必读书，这两本书是写在七年级上册语文书里的，写在目录里的，目录是怎么写的？各位家有没有七年级的你们扣一个一，主播看一下，初一的你们扣一个一，主播给你们讲目录里边是怎么写的，好不好？目录里面是这样写的，各位主播给你讲一下来目录里边写到，要求孩子整本阅读西游记，整本阅读朝花夕拾，整本阅读是什么意思四层意思，四层含义，四个要求来整本阅读的，西游记就是一整本，对吧？而且是完整无删减版，一整本完整无删减版是什么意思？完看一下目录就知道了，完完整整100回合，没有任何回合章节的删减，不会造成知识点的遗漏，符合你的学习任务和学习计划，对不对？整本阅读的西游记，来整本阅读的朝花夕拾也是一样,《西游记》和《朝花夕拾》
整本阅读朝花夕拾是完完整整的收录了鲁迅先生十篇回忆性的散文，没有任何回忆，没有任何章节的删减，不会造成知识点的遗漏，对不对？而且他额外收购了呐喊系列8篇短小说，这个是作为一个知识点的扩充，归结了你的孩子有时间就去把它读一下，如果没有时间也可以不读，这是知识点额外的一个知识点呐喊系列的短篇小说它不是必读书也就是说朝花夕拾，他其实十篇回忆性散文没有那么厚，198页。实际上这里边有8篇额外的给你知识点的一个扩充，八篇小说，呐喊系列的小说对不对？来第一个是完整无删节版，对吧？那第二个什么原文原著，读一下这个其中的一段文字，这就是明朝那个时候的文字，无尘笔下的文字读一下看看，这叫原文原著，原文原著哈那第三个要求是什么？那就是要有大量的批注，看一下这些阴影部分的字体，全部都是批注，这些都是批注，阴影部分都是批注，就帮助你去孩子去理解。看一下每一页都有批注，他们的每一页都有批注，看一下每一页都有批注，所以它叫什么？它叫全本权益，全本权益，全本权益叫什么无障碍阅读，就是让你的孩子能够读得懂原文原著。因为原文原著不是主播让你去读文原著，对不对？也不是老师要求你去读原文原著，而是什么？而是课本要求你去读原文原著，而是这个大纲考纲要求你去读原文原著。所以说他出题的时候，它就会出原文原著，对不对？那你因为是原文原著，那我们给你就做了大量的批注教育，叫全本权益，就是让你能够读得懂，对不对？所有能听懂教的，你们直接去拍我们的一号链接的第一个选项。一号链接的第一个选项就是七年级上册的必读书，就是这两本西游记和朝花夕拾。在我们的一号链接第一个选项39.8的一个价格，到手两本书，送你两本考点手册，还有一个错题本，总共是五本。非常合适，非常划算，这个价格非常的合适，非常划算。你放心去拍就可以了，对不对？来看一下一号链接的第一个选项，39.8的价格，西游记朝花夕拾，总共到手是500，总共到手是500，非常合适，非常划算。刚才主播说的几个特点，这两本书有几个特点，对不对？三个特点对不对？第一个完整无删减版，对不对，西游记是100回合，朝花夕拾是完完整整收录了十篇回忆性散文，对不对？没有删减，不会造成知识点的遗漏,《西游记》和《朝花夕拾》
第二个是原文，原著就是作者的原文，他那个时候怎么写，就去怎么印刷，叫原汁原味无山念对不对？第三个带有大量的批注，每一页都有批注，帮助你的孩子去理解，叫全本全益，无障碍阅读是不是三个特点，三个要求都符合对吧？然后还有第四个要求，也就是第四个特点，主播给看一下，我们是六月印刷的新书同步大改的语文书，这一点非常关键。各位，这两本书都是六月份印刷的新书同步大改的语文书，同步大概的语文书，各位放心去拍，放心去拍。来看一下它的印字和版次就知道了。各位你拿到书之后，直接去看他的版权页，印次和版次非常的清晰。看一下各位看一下印次，是2024年6月第一版，2024年6月第一次印刷，印刷和版次非常的新，非常的新各位非常的幸，非常的新。左上角有个福袋，各位家长可以参与一下来非常新，就是六月份印刷的新兴版本才能叫同步大改的语文书。各位如果说各位如果说印刷在24年6月之前，那主播给你讲都是旧版，对不对？不管他怎么说，不管它是哪个出版社，它都是旧版，它都不能同步你的大改语文书，九月份新书对不对？所以说你能听懂这一点，你就可以直接去主播的一号链接拍了。就是我们七年级的必读书，就是这两本他们是六月印刷的，他们才叫同步大改的语文书的。各位，这一点是你们选出的一个标准。我们都知道语文书改版了，对不对？我们都知道语文书大改了，是不是？那你们可你们去按照新版语文文书的要求去买必读书，对不对？那你不能再去买旧版语文书的要求了，必读书了，对不对？比如说西游记，你一定是买上下一册的。因为新版语文书写的是一整本的阅读，是不是？那你不能再把它分成两本去印，对不对？那两本的那种西游记怎么说，就是都是一些旧版，对不对？所以说家长能听懂的话，听明白了，你直接去我们的一号链接的第一个选项拍这两本书就是写在新版语文书里的书写在新版语文书都得说，也是什么也是新也是老师让你去买的书，也是考试会考的书，叫必读书必考的书，放心去拍就可以了，放心去拍就可以了。这个素颜也很美家的，主播给你讲啊啊啊那你九月份他才去印刷，那那不是已经就是迟了吗？孩子怎么能拿到呢？他那么大的量，他六月份已经确定内容，所以说你们要关注这个改版语文书所以说你们如果说你九月份拿到新书之后，你看到目录才知道整本阅读西游记，整本阅读朝花夕拾，实话实讲已经满了。因为新书的内容六月份已经确定了，目录里边明确写到整本阅读西游记，整本阅读朝花夕拾,《西游记》和《朝花夕拾》
这个是很多家长已经获取到的知识，而且是啊各种渠道都可以获取到。如果你一直要等到6月份，那主播给你等到9月份主播给你去普及一下。来看一下西游记完整无删减版，原文原著带批注660页，660页。那你的这个朝花夕拾198页完整无删减版对不对？也是批注对吧？总共是多少页？860页对不对？不到860页对吧？这860页的书，你的孩子上初一、上初中学那么重，跟小学完全不一样，对不对？他哪有时间去读读的那么透。所以说80%的孩子他们已经在读这两本书，是因为他们的家长通过各种渠道获取到了新版语文书的内容。你可以去网上搜，也可以搜到新版语文书的目录，要求去整本阅读的这两本书。所以说他们已经买了二十多天了，二十多天了。所以说各位家长如果说如果说你还没给孩子买你一定要反思一下，反思一下自己。这两本书一定要买，当然说你是不是在主播直播间买的，都都都都都这个都可以。你但是你这两本书一定要买，主播可以这样负责任给你讲。如果说你这两本书不读的话，你9月1号开学那一天，你在拿到书你才知道要读这两本书。那你9月1号开学的第一天，初一的第一天，你的孩子已经落后90%的孩子。因为暑假里边把它读完的孩子应该能达到90%，现在已经有80%的孩子在读，对吧？所以说各位家长，我们一定要提前买提前读，让他把这两本必读书在暑假小升初的这个暑假把它吃透，把它读懂读精。所有能听懂见的，你们抓紧去拍就可以了。在我们的一号链接第一个选项，七年级的必读书，39.8的价格到手两本书，送你两本考点手册，还有一个错题本，非常合适，非常划算啊啊啊如果你还想要一本同步作文，你直接去一号链接的第五个选项，多一本黄冈同步作文，教你如何去写人写事、写作文，放心去拍就可以了，放心去拍就可以了。这两本书这两本书啊啊啊各位家长其实也是一个常识，就是必读书。比如说下册也好，上册也好，他们的必读书都是什么时候读完的？他一定不是什么开学之后才读完的，它是暑假或者寒假把它读完的，这是一个常识点。主播给你们再讲一下来这么厚的书，如果说你把它周期拖得太长，比如说每天晚上读十页，那你读两个月之后你前面已经忘掉了，对不对？所以说你要连续性的去读,《西游记》和《朝花夕拾》
比如说暑假你是两周把它读完，那你一天就要读到100页是吧？一天读到100页是不是？那你一百页那你前后你就可以记得非常清楚，对吧？非常清楚，你就不会造成一些这种断层，对不对？你前面的知识点读完了又忘了，对不对？所以说暑期这种连续性的阅读非常重要。各位讲，所以能听懂家的你们直接去我们的一号链接拍一号链接，在我们的一号链接第一个选项，七年级的必读书，七年级的必读书，39.8的一个价格，到手是两本，送你两本考点手册，还有一个错题本，总共是五本。如果说你还想要一本同步作文，你直接去我们的一号链接的第五个选项拍。除了这些之外，还有一个黄冈同步作文，总共是六本了。五号链接，一号链接的第五个选项，总共是六本。而且是全国通用现货现发，而且是全国通用现货现发，非常合适，非常好的一个价格直接去拍就可以了。来，我看一下我们马上六点钟要做一波接单。来看一下，我们有运费险，各位看一下我们的售后，有运费险，叫七天无理由可以退。你不想要都可以退，没有任何的问题，而且是正版授权，每一本书都是正品，官方的授权文件，是正版正品的保证。来六月份才印刷新版，非常新，对不对？朝花夕拾198页，西游记也是660页，这两本书都都比较厚的。来同步新改版的语文书，是六月份才印刷，叫大改的同步大改的语文书。各位你们要买的其实就是这个版本，一定要同步大改语文书，按照大改语文书的要求去排版印刷。我们是六月才排版，六月才印刷，对不对？所有的听得见的，你们直接去拍。来还有一个什么，我们正常是现货48小时给大家发货，48小时给你发货就可以，对不对？但是主播会给你们做提前看一下，主播会给你们做提前是什么？主播会在六点钟把这个批次的订单发给仓库。上个批次他已经在在打包了，六点钟会把你们的订单号发给仓库，让仓库给你们提前打包发过去他们就开始打包，打包好，今天给你打包好啊。今天如果来不及，那就明天上午快递车会过来，争取给大家提前发出去。所有能听懂的你们抓紧去拍，六点钟准时结单，把订单发给仓库，开始打包好不好？所有能听得见的抓紧去拍。西游记这个朝花夕拾198页，看一下厚度，198页，完整无删减版看一下完完整整说了鲁迅先生十篇回忆的散文，没有任何删减，符合你的学习任务和学习计划。然后额外呐喊系列的短篇小说啊啊啊真正的这个朝花夕拾就是十篇回忆性的散文这本书就比较厚了，比较厚的话是多了呐喊系列的短篇小说,《西游记》和《朝花夕拾》
当然这个短篇小说是作为知识点的扩充，他不是必读书，你可以读也可以不读呐喊剧烈的短命去说。各位家长放心去拍就可以了，放心去拍就可以了。在我们的一号一号链接的第一个选项，一号链接的第一个选项，你们直接去拍。一号链接的第一个选项，39.8的价格，七年级上册的必读书，39.8全国通用。这个现货现发到手是两本书，送你两本考点手册，还有一个错题本，非常合适非常划算的一个价格。五本总共是5。本来我们看一下我们一号链接的几个选项，好不好？第一个选项就是西游记和朝花夕拾这两本书。第二个选项是七年级下册骆驼祥子和钢铁是怎样炼成的，这个是下册的两本书必读书。来如果说你想提前把七年级的四本必读书全部都拍掉，让孩子能够提前去读，也可以让你的孩子提前一步，对不对？你就把第一个选项和第二个选项加入购物车，加入购物车一起支付就可以了。这就是七年级的四本必读书你直接去拍就可以了，直接去拍就可以了。来如果说你的孩子是初二和初三，各位家长你直接去二号链接拍我们初二的必读书，三号链接拍我们初三的必读书。那二号是我们八年级初二的必读书，三号链接是我们九年级初三的必读书。他们都是什么新版同步新改版的，有人说放心去拍就可以了，放心去拍就可以了，放心去拍就可以了。如果说你的孩子暑期已经把你的这个作业做的差不多了哈那主播给大家推荐，你去八号链接去买一本是吧？买本同步字帖可以看一下，来看一下八号链接的同步字帖也非常好。而是同步配套新教材的，新改版的语文书。放心去拍，新教材而且你是几年级你都可以选，选你的这个需要的年级。比如说你九月份上初一，你就选七年级上册。主播跟你讲看一下，它除了可以可以去什么，除了可以去练字。你看一下这些练字，它除了可以练字，它可以预习课文。看这里边的课文，就是你九月份开学之后的课文，是不是？所以说你在练字的同时把课文也预习了，对不对？叫一举两得，是不是一举两得？八号链接，你们可以去拍一下，叫同步字帖。非常好啊，非常好的这个同步字帖，各位放心去拍。那已经是六点钟了，主播要做结单了，好吧？来，主播给大家一分钟的时间，6.02，6.02会把你的订单发给仓库，让仓库开始打包。这个批次开始打包好吧？还有几位卡单下了，你们抓紧付一下。主播会把你们的订单一起发给仓库，让仓库开始打包好不好？争取给大家提前打包好啊，争取给大家提前发出去。,《西游记》和《朝花夕拾》
