﻿original,result
说您不用担心，说怕上当受骗，说买到假的，不会的。因为每一本书的前面或者后面都有条形码的，您可以查询是真是假，是好是坏，你一眼就看出来了。如果是不好或者退给我了，所以朋友们您放心拍就可以了。算卦的我给你找一下，古董的话就没有，古董方面的书就没有。算卦的话装罐的可能没有了。本来之前是有梅花艺术什么的，但现在没有货了。198，您稍等一下，算卦的周一的合适吗？周一的合适吗？可以看下那个周易的，周易的在八十2算卦的，只有这一个活动，在104拍两本。感谢朋友们支持，今天下单，明天发出的布局九月没有周易的，八十2有1个周易。周一全姐在一在82号，您可以看一下。这龙骨的没有，不好意思，龙骨的没有，您看一下，修复一下，要找别的了。汤头歌诀我下架了，汤头歌诀黄帝内经我要下架了。没有拍到的朋友跟我说一声，我重新给您上架。咱正版新书有质量保证，受保障的朋友们，还有欺骗保险，这些我没有必要去骗你，也没有必要去忽悠您的。因为每一本书的前面或者后面都有条形码的。二次成长有的给您上架到那个小黄车的，小黄车194号。来这个二次成长给您上架到194号链接，您可以看一下，已经给您上架了，找书的朋友们打书名就可以了。小学生必读书籍在3跟47，初中生的都在61号，高中生的在109号链接您可以看一下。像这个三五块1本的书，朋友们真的是倒贴几毛钱的，图的就是这一个人气价的了。于欢老师的书，103 104跟105号链接，10.3老师的书在12号跟139 12号链接，有他的卧梯台，139号链接，有他的并西对比什么的，您可以去看一下，正版新数。来这个课练习我要下架了，这个刻意练习我要下架了。没有拍到的朋友跟我说一声，我重新给您上架。还有这个长安的荔枝，我要下架了。看的书的朋友们，感谢谢您的支持，今天下单，明天发出的。木樨的没有货了，不好意思，木星的卖完了，因为放了视频，很多出单了，现在没有货了。高中版的乡土中国在25号链接，高中版的乡土中国小黄车的25号链接有，您可以去看一下。找书的朋友们可以打书名就可以了。朋友们，主播给你搜书上架了，1到180多号，各类图书都有的。小朋友大朋友初中、高中的国学经典、历史、文学、科学、生活小说的书籍都有的，都是正版新作，纸张字迹什么的都是杠杠的，有质量保证受保障的。朋友们，您不用担心说怕上当受骗，说买到假的。不会的，因为每一本书的前面或者后面都有条形码，您可以查询的,周易
后面应该会补的，木星的话应该是会补的，但是什么时候补的，我不知我不确定，因为我不是补货人员，补货人员是补货人员的，只有他们才清楚。来拍书的朋友们，感谢的支持。今天下单，明天发出的，咱家都是现货速发的。1到180多号朋友们，各类图书都有的。小朋友大朋友初中、高中啥的国学经典、历史、文学、科学、生活、小说这书籍都有的，都是正版无删减的书。每一本书的前面或者后面都有条形码的，您不用担心说怕上当受骗，说买到假的。朋友们不会的，某险七天都会给安排上。您收到货是真是假，是好是坏，你一眼就看出来了。如果是不好或假退给我，对不对？朋友们您放心拍就可以了。您在书店看到是怎么样的，咱的直播间也是怎么样的。但是您在书店买一本的价格，咱的直播间可以买很多本的小学生必读书籍。在三跟47号链接，初中生的都在61号，高中生的在109号链接。博赫斯的咱没有，同一个另一个的这个铂赫斯的咱家没有。博贺斯咱没有这个书。您家的不是咱家的书吧，您家的是别人家的？咱家没有薄荷市的书，不好意思。来找书的朋友们可以打书名就可以了。朋友们，主播给你们搜书上架了1到180多号各类图书都有的，都是正版新书。您不用担心说怕上当受骗，说买到假的，朋友们不会的。余华老师的书103、104跟105号。余华老师的103有他的那一本十年杂文，我们生活在巨大的差距里。104有他的活着文成第七天是中南海兄弟卖血记什么的。在104号链百年孤独在170号，百年孤独小黄车170号链接，圣殿棒子在40号，圣殿棒子，小黄车的40号链接。爱书的朋友们，感谢您的支持。今天下单，明天发出的，咱家都是现货速发的。每一本书的前面或者后面都有条形码的。像这个三五块1本的，真的是倒贴几毛钱，图的就是这一个人气价的了。这二次成长我要下架了，二次成长我要下架了，分开拍了好几本。是的，今天下单明天发出的。感谢方的支持。咱家都是今天下单，明天发出，现货速发。但是是不是一个包裹呢？这个不一定，因为咱线下很多省都在仓库，他是哪里有货哪里发，哪里方便哪里发。但是您放心，都是今天下单，明天发出的。美学的话您可以看一下那个美学的，我看一下。54号链接你看下合适不，这个54号链接的只有类似于这个，您可以看一下。54您看下合适不？如果不合适的话就没有了,百年孤独
投资耶夫的它的最有它的最罚，卡夫卡的他的城堡你需要不有？那个罪罚在100，罪罚在147，托斯耶夫的罪罚哈147，卡夫卡的有它的城堡。它的城堡我给您上架到小黄车的最底下，还有它的变形记，什么都有的，147，然后跟192，你可以看一下，你要的书147跟192是正版吗？棒棒哥把那个字去掉，咱家只卖正版书，不卖咱们放心。刘慈欣老师的书在80号链接，刘慈欣老师的80号。朋友们您不用担心说怕上当受骗，说买到假的。因为每一本书的前面或者后面都有条形码的。您可以查询这个三五块1本的，真的是倒贴几毛钱的，您放心拍就可以了。正版新书纸张字迹什么的都是杠杠的，有质量保证受保障。您收到货不喜欢、不满意，质量问题直接退给我就可以了。文学回炉卖完了，不好意思，因为发的视频都从那个来，现在没有货了。来欢迎所有直播间的朋友们，找书的朋友们可以打就可以了。朋友们，主播给你们搜书上架了1到180多号各类图书到达，都是正版新因素，有质量保证受保障的朋友们，还有气垫保温险这些的，我没有必要去骗你，也没有必要去忽悠您的。已下单，感谢朋友们支持。今天下单，明天发出，咱家都是现货速发，都是正版新书，纸张字迹什么的都是杠杠的。您在书店看到是怎么样？朋友们咱的直播间也是怎么样的。但是您在书店买一本的价格，咱的直播间可以买很多本的，1到180多号各类图书到的。胜天半子在40号链接红星照中国96号，红星照中国九十六哲学简史在97页。这个瓶子的书没有，不好意思，那个瓶子的书没有，您看一下需不需要找别的了。朋友们，1到180的号，各类图书都有的，都是正版新因素。您不用担心说怕上当受骗，说买到假的朋友们不会的，一斤的话19号链接有一个精选，有一个精选的。小黄车19号链接有一本精选版的，你看一下合适不咱有那个易经全解，有一个四本装的易经全解的，你下吧。欢迎所有直播间的朋友们，找书的朋友们打书名就可以了。朋友们，主播给你们搜书上架了，下单了三本。好的，感谢朋友们支持。今天下单，明天发出的，一天全解是吧？您稍等一下，一斤全减，您稍等一下，我给您上架。今天下单，朋友们明天就安排给您发出的。咱家都是现货速发的，1到180多号各类图书都有的。来这个易经全解的，给您上架到小黄车的最底下。这个是白话文耽注解的，在193号。您可以看一下一间全解，在193号链接已经给您上架了。答案之书的样板书不在我这里，您可以看一下详情详情页,托斯耶夫的《罪罚》
完了您可以看下详情页，详情有带图介绍的。因为我这书桌就这么大，有些样板书在我这里，样板书不在我这里的。不好好在的话我就给你看一下，您再看详情，或者你也可以拍回去自己看。觉得物有所值，咱就留。觉得买亏了没有关系，把这书推给我就可以了。乡土中国在25号链接乡土中国，小黄车的25号。找书的朋友们，可以打书名就可以了。朋友们，主播给你们搜书上架了，您不用担心说怕上当受骗，说买到假的。朋友们不会的。因为每一本书的前面或者后面都有条形码的，您可以查询的是真是假，是好是坏，你一眼就看出来了。如果是不好或假，退给我了，说朋友们您放心拍就可以了。小学生必读书籍在三跟47号链接，小学生的，初中生的都在61号。7八九年级必读名著都在61号链接，高中生的在109号链接。您可以去看一下，每一本书都是新书，有封书膜的，纸张字迹什么的都是杠杠的。您在书店看到是怎么样？朋友们，咱的直播间也是这样的，本身咱就是书店卖的，主要现在是书店转到线上了。这个书本现在都是工厂直接发出的，省去了租金、店铺人工方面这一块，所以书本的价格也就降下来。正版新因素橘子不是唯一的水果，有的您稍等一下，橘子不是为水果，给您上架到那个小黄车的194号来。这个橘子不是唯一的水果，即使不是为水果，小黄车的194已经给您上架了，您可以看一下。四大名著在102，四大名著102，它是一个精装硬壳无删减的。我手上有一本这个红楼梦，你可以看一下，它是一个精装硬壳无删减的。正版新书有质量保证送保障，还有气垫门前这些您放心拍就可以了。每一本书的前面或者后面都有条形码的，都是正版新书。您在书店看的是怎么样，咱的直播间也是怎么样的。但是您在书店买一本的价格，咱的直播间可以买很多本了。您采的样板书不在我这里，不好意思，您采的不在我这里。您看一下详情页详情，有带图介绍的。因为我的书桌就这么大，有些样板书在我这里，样板书不在我这里的。不好意思，咱们的话应该是在112号，咱们咱们在113，您可以看一下，咱们113号94号链接的，94号链接的那个的话五六块钱的书，都是差不多像这样子的。五六块钱的书的大小厚度，都是差不多像这样子的。您可以看一下，基本都像这样子的，大小号都是像这样的，都是在120左右。在这样子的中国古代神话，我们来找一下历史方面的书。历史在二十多号开始到50号之间，一大堆历史的。你可以看一下哈利波特没有，不好意思，哈利波特没有历史方面的,四大名著
从二十多号到50号之间，然后171有一本叫做历史的遗憾。您可以看一下中国古代神话故事，您马上给您上架。这一个草房子在135号有草房子，135号链接有白日梦我这个小说没有，白日梦我这小说没有中国古代神话故事，我给您。中国古代神话故事，他是四年级的是吧？四年级的在那个47号。中国古代神话故事。四年级的话是下链接，有，你可以看一下。小学生读的书，1至6年级的书都在47号，你可以去看一下，都在47。孩子的私有的，您稍等一下，孩子的诗。孩子的诗还有书的朋友们，感谢支持。咱家都是现货速发的，都是正版新书，有质量保证送保证的。来这个孩子的诗给您上架到192孩子的诗，192万书在106号菀书的106正版书。朋友们们放心，我骗不到你，也忽悠不到您的。每一本书的前面或者后面都有这个条形码，您可以查询是真是假，是好是坏，你一眼就看出来了。如果是不好获奖就退给我了。所有朋友们您放心拍就可以了。正版新技术纸张字迹什么的都是杠杠的，而且某险七天都会给您安排上。收到货不喜欢不满意，这样可以直接退给我。追风者没有货，不好意思追风筝灿烂天涯这些的，还有群山回唱，这三本都没有，您看一下需不需要找别的了。拍的书的朋友们，感谢您的支持，今天下单，明天发出的。本草纲目在32号，本草纲目小黄车的32号链接，您可以看一下。本草纲目小黄车32小学生必读书籍在三跟47号链接。1至6年级的书籍都在47号，7八九年级必读书籍都在61号。初中的名著那些都在61号链接，高中生的在109号链接。您可以去看一下史铁生老师的书，在小黄车的12号跟139 12号链接，有它的卧地毯，139号链接有它的必须碎笔什么的。刘欢老师的书104跟105号，103有一本他的十年杂文，我们生活在巨大的差距里，而他的活着完成第七天什么的在那个104，莫言老师的书都在106号。莫言老师的他的晚熟的人，生死疲劳什么的，在小黄车的106号链接。您可以去看一下，您在咱的直播间买书，朋友们就跟书店买书是没什么区别的。本身咱就是书店卖的，只不过现在书店转到线上来了。白夜行没有，不好意思，东岳的书不卖了，不好意思，东野的书不卖了，都正版书朋友们能放心，正版新书有质量保证受保障。保险七天都会给安排上。每一本书的前面或者后面都有条形码的，您可以查询的。是真是假，说实话你一眼就看出来了。如果是不好货，想退给我了，小朋友们你放心拍就可以了,本草纲目
小学生必读书籍都在三更47，您可以看一下。爱书的朋友们，感谢您的支持。今天下单，明天发出的1到180多号链接。朋友们各类图书都有的。小朋友大朋友初中、高中啥的，国学经典、历史、文学、科学、生活、小说或者书籍都有的，都是正版新书。我没有必要去骗你，也没有必要去忽悠您的。因为每一本书的前面或者后面都有条形码的。像这个三五块1本的，真的是倒贴几毛钱，图的就是挣一个人气价的了。余华老师的书，103、104跟105号，余华老师的莫言老师的书都在106号链接。这个套装的不一样，他们您是说的那个我看一下，您是说47号链接里面的，是不是？您稍等一下，他们只是可能封面不一样而已，他们只是封面不一样，应该是我看一下。他们只是封面不一样，只是封面不一样而已，内容是一样的。您放心，内容是一样的，内容是一样的。他们可能是有个新版跟老版的，可能是有个新版跟老板的，他们就是起码跟老板，他们只是封面不一样而已，内容是一样的，你放心，内容是一样的。套装的话是更便宜一点，所以如果说你那另外几本没有看过的话，可以拍那个套装，套装的话更便宜一点的。像那个会读书关系的，都是学校指定必读的。那些名著的考试的话，而且都会考到的那些。来欢迎所有直播间的朋友们，找书的朋友们可以打书名就可以了。朋友们，主播给你们搜书上架了1到180多号链接，各类图书都有的，都是正版全新的书籍。您不用担心说怕上当受骗，说买到假的。朋友们不会的。因为每一本书的前面或者后面都有条形码的。像这个三五块1本的，真的是倒贴几毛钱，图的就是这一个人气价的了。小学生必读书籍在三更47 1至6年级的快乐读书，现的书都在47号链接，初中生的在61号，初中生必读名著7八九年级61号链接，高中生的109号链接。余欢老师的书在103、104、105号。俞骅老师的他的活着完成第七天吸引中那款什么的，在小黄车的104故事，成人的好看的故事。您稍等一下，故事书中国茶点没有，不好意思。中国茶点我给你找下，看补货没有。故事书的我一下两下我都没想起来是叫什么书名来的。那个成那种故事书的，讲道理那一个我都一下两下没想起来。中国茶店有的，中国茶点补货的。来，我上架给您看一下。中国茶点在190 192号，中国茶点190二三套的已经。朋友们商家的书都已经是地板，价格都要比书店便很多的，咱都走量的，都要比书店很多,「废话」
您不信的朋友们可以稍微对比一下，同样的书，同样的出版社，如果说什么跟书店像几块钱可以把书退给我的。故事书成人的，您稍等一下，我看一下。我突然一下子这书名我想想不起来了，都没有书名的话，我这边还找不出来了，我这边。爱读书的朋友们可以打书名就可以了。朋友们，主播给你们搜书上架了1到180的好朋友们，各类图书到的。有个大故事小智慧。对的，就这一个，这个就成人看的那种，就是纯文字的大故事。小智慧，您稍等一下。我应该是小故事大智慧，你稍等一下，我给你找一下。余华老师的书103、104跟105号。莫言老师的书在莫言老师的小黄车的106。来这本书给您上架到最底下193。你要找那个开开心，你要的书在193号，张佳佳合集在78号，张佳佳的书都在78号。链接您可以看一下，红书没有了，不好意思，红书这本书没有了，您看一下需不需要找别的了。朋友朋友们，咱都是正版新书，有质量保证，售保障保险七天都会给大家安排上纸，那个纸张字迹什么的都是杠杠的，有质量保证所保证的还有七面模型这些的，收到货不喜欢、不满意或者说有质量题啥的，直接退给我就可以了。小学生必读书籍在三跟47号，初中生的都在61号链接，高中生的在109号链接，您可以看一下。石铁生老师的书在12号跟139 12号链接，有他的卧底塔139，有他的那个并西碎笔什么的。您可以看一下余华老师的书，104跟105号。永华老师的103有他的103号，有他的我那个我他的十年杂文，我们生活在巨大的差距里。毛选跟雨神对话都没有，不好意思，您看一下需不需要找别的了。胜天半子在40号链接，胜天半子躲在蚊子后面，大象在188号，躲在蚊子被大象188号链接，国之计量在110链接这本书，小黄车的110号链接。成语典故，我给你找一下，你稍等几秒钟。只有成语故事，只有那个叫做中华成语故事，只有这个成语典故。没有，只有中华成语故事。您需要的话，我给您上架。只有那个中华成语故事四本装的。有一个中华成语典故的，我都给你上架，有一个叫做中华成语典故，然后中华成语故事来我上架给您看一下。木工类的书没有，不好意思，木工类的没有。茶叶我给您上架到小黄车的，具体下典故跟那个故事给您上架到小黄车的193跟194，您可以看一下，已经给您上架了。老人与海有的，老人与海，老人与海在45号老人与海。小黄车45号链接和我们在正版新书有质量保证受保障的保险险七天都会给安排上,老人与海
您不用担心说怕上当受骗，说买到假的，不会的，因为每一本书的前面或者后面都有条均码的。红颜没有货了，不好意思，西方程序是没有，只有中国的，就中国的英国的真相，我跟你找一下，西方哲学史的，我看下补货没有。西方哲学史我在那个151，西方哲学史的可以看一下150号，151号链接。因果真相有的，你稍等一下。因果真相王门心理学在五号链接，王门心理学在五号，西方哲学史153号链接有的，153号。来这个因果真相给您上架到小黄车的195号，因果真相在195号链接。朋友们，咱正版新玉树有质量保证，我们的保险七天都会给您安排上。而且纸张字迹什么的都是杠杠的。你放心，每一本书的前面或者后面都有条形码的。收到货不喜欢、不满意这个问题，直接退给我就可以了。小学生必读书籍在山根47号链接，初中生的都在61号，高中生的在109号链接。法医前面没有货，不好意思，法医前面没有货。余华老师的书都在103、104跟105号，余华老师的。小故事大智慧的这本书我下架了，小故事大智慧的我要下架了。初中生看的书都在那个初中的，小黄车的61号，7八九年级必读名著都在61号。链接朋友们1到180多号，各类图书都有的。小朋友大朋友初中高中啥的，国学经典、历史、文学、科学、生活、小说，这书籍道德都是正版新书。我没有必要去骗您，也没有必要去忽悠您的。因为每一本书的前面或者后面都有条形码的，您可以查询到的。是真是假，是好是坏，你一眼就看出来了。如果是不好或者退给我就对，小朋友们你放心拍就可以了。爱看书的朋友们不要错过了。找书的朋友们可以打书名就可以了。朋友们，主播给你们说出上架了于欢老师的书，103、104跟105号链接。中华成语故事我要下架了，这个中华成语故事我要下架。没有拍到的朋友跟我说一声，我重新给您上架。朋友们，您在咱的直播间买书，就跟书店买书是没什么区别的。本身咱就是书店买的古纳河右岸，在17号链接，石子健老师的古纳河右岸17号链接，正版新书。朋友们不是二手的，正版新韵书有质量保证，社保正常的。冯唐老师的书没有了，不好意思，他的城市还有经线，那些都没有了，不好意思，您看一下需不需要找别的了。三年班子在40号链接，小学生必读书籍在3跟47试销链接是1至6年级快乐读书写的。初中生的都在61号，初中生的7八九年级的都在61号。链接，爱看书的朋友们不要错过，正版无删减的，有质量保证，有保障保险险七天都会给您安排上,西方哲学史
而且每一本书的前面或者后面都有条形码的，您可以查询到的是真是假。是啊，实话你一眼就看出来。如果是不好或者退给我了，说朋友们你放心拍就可以了。史铁生老师的书12号，在还有一个139，12号有他的卧底塔，139有他的必须对比什么的，是建老师的书，在17号有他的古纳克右岸，在小黄车的17号链接。因果的真相我要下架了，因果真相这本书我要下架了。平凡世界没有货，不好意思，平凡的世界没有货，您看一下需不需要找别的了。木星卖完了，不好意思，要等几天。现在因为发了视频，很多穿的慕斯奶现在没有货了。早说的朋友们可以打说明就可以了。朋友们，主播给变酥酥上架了，我小黄车里面也可以去挑选一下。1到180多号链接各类图书到的小朋友、大朋友，初中、高中的国学经典、历史、文学、科学、生活小说等书籍到的素书在34号，素书小黄车的34号。盗墓笔记没有，您看一下需不需要找别人了。拍的书的朋友们，感谢您的支持。今天下单，明天发出的，咱家都是现货速发的。余华老师的书103、104跟105号。余华老师的。来，朋友们，主播去个洗手间，马上回来，少数的朋友们稍等一下。来欢迎所有直播间的朋友们，找出的朋友们可以打书名就可以了。朋友们主播给你们搜出上架了或小黄车里面也可以去挑选一下，1到180多号链接。朋友们各类图书都有的，都是正版新书，您不用担心说怕上当受骗，说买到假的。朋友们不会的。因为每一本书的前面或者后面都有条形码的。像这个三五块1本的书，朋友们真的是倒贴几毛钱，图的就是这一个人气价的了。小学生必读书籍在三跟47号链接，初中生的都在61号，高中生的在109号链接。电工方面的书，你稍等一下，电工的。电工的，我看一下有没有。爱书的朋友们，感谢你的支持。今天下单，明天发出的电工电路的，这本书是有的。我给您上架到小黄车的最底下来，这个电工电路的话给您上架到小黄车的最底下，192号这本书已经给您上架了100个92号链接，拍了书的朋友们感谢您的支持，今天下单，明天发出的，咱家都是现货速发的红楼梦有的，高中看的红楼梦的话在25号链接，高中看的在25号。成人版的红楼梦的话就在102，成人版的一把莲花高中的在25号链接，您可以看一下，找书的朋友们可以打书名就可以了。几号您的是什么书？您的弹幕有没有看到？不好意思，你的弹幕可能被系统屏蔽了，比如说南京大屠杀相声史书毛烜作者什么会被系统屏蔽，您可以把书名换成拼音,电工电路
明朝的没有货，不好意思，明朝的没有货，您看一下需不需要找别人了，躲在蚊帐后面，大象在188号链接。朋友们您不用担心说怕上当受骗，说买到假的，朋友们不会的。而世界名花的不好意思，那个样板书不在我这里，样板书不在我这里。跟这个是一样的。它是那个盛明画的话，三十二开的，32开的王门心理学在五号链接，王门心理学五号已拍的朋友们，感谢你们的支持。今天下单，明天发出，都是现货速发的。刘振宇老师的书没有货了，不好意思，刘振老师的书没有货，您看一下需不需要找别的了。您在书店看到是怎么样的？朋友们，咱的直播间也是怎么样的？但是您在书店买一本的价格，咱的直播间可以买很多本的。把这群纯养一遍，有的在把自己重演一遍，我看一下。您稍等一下，这本书。黄金册您稍等一下，来把自己重演一遍的。您稍等一下，这个仓库都没有货了，我给你找过一个仓，另外一个仓库的于欢老师说103、104跟105号余华老师的。一句顶玩具没有了，不好意思，一句顶万句没有别的地方，你放心。朋友们，咱正版新书，正版新书有质量保证。售后的这么便宜的，现在就是因为工厂直接发出的。来把自己储养一遍，在192这本书，在192把自己储养一遍。我给你找一下，三天半子在40号链接，小学生必读书籍在三更四十7。黄金册这个书没有，不好意思啊哈黄金册这个书没有，你看一下，虚构一下，要找别的了。初中生必读书籍都在61号链接78 9789年级的书都在61号。米奇诺之歌的叶倩，你稍等一下，鬼谷子在26，鬼谷子26号链接有，您可以看一下。缇奇诺之歌没有，不好意思，这个书没有，您看一下需不需要找别的了。看了书的朋友们，感谢的支持。今天下单，明天发出的，咱家都是现货速发的1到180多号链接。朋友们各类图书都有的，都是正版无删减的书。像这个三五块的朋友们真的是暴贴几毛钱图的，就是这一个人气价的了。您更不用担心说怕上当受骗，说买到假的。因为每一本书的前面或者后面都有条形码的，您可以查询到的。而且纸张字迹什么的，都是杠杠的，放心拍就可以了。七年的焦哥哥，我给你找一下焦灼，看一下金庸的，没有货。不好意思，金庸、古龙、梁羽生他们的书都没有了，这本书也没有，心灵的教主这本书也没有，你只有静心有那个类似的书。那个二号链接页，你可以看一下二号链接。是的，是的，每一本书都是单独的，有封书膜的。单独的你放心，它不是说连在一起的。基督山伯爵119号基督山伯爵119号链接,基督山伯爵
圣殿班子在40号链接，于欢老师的书103、104跟105号，于欢老师的莫言老师的书在106号链接，史铁生老师的书12号跟139 10号链接有它的沃迪塔139，有它的冰溪碎笔什么的。找书的朋友们可以打书名就可以了。朋友们，主播给没搜书上架了，或小黄车里面也可以去挑选一下了。您在咱的直播间买书，朋友们就跟书店买书是没什么区别的本本身咱就是书店卖的，只不过现在书店转到线上了，这个书本都是工厂直接发出的。木星的卖完了，不好意思，木星的卖完，因为现在发了视频说很多冲着木星来的，你格局有的，您稍等一下，格局我看一下在几号链接，二月河的书没有货，二月河的明代的没有，云南你要的书没有来这格局的。你的格局就是你的那个局在76号，你可以看一下这本书，小黄车的76号链接，张佳佳老师的书都在78号，张佳佳老师的书都在78号链接。把字重演一遍，这本书我要下架了，把字重演一遍，我要下架了。没有拍到的朋友跟我说一声，我重新给您上架。好，我们1到180多号各类图书都有的。小朋友大朋友初中高中好的，刘振宇老师的书没有货了。余华老师的书在103、104跟105号。余华老师的他的书103、104跟105。我在文学各的大象在188号链接，还有张佳佳老师的书在17 18号里面。他的云边小卖部、天堂旅行团让我留在你身边，从全世界路都在78号链接。初中生的书都在61号，7八九年级必读书籍都在61号链接。你可以看一下小学生必读书籍，471至6年级的话都在47号链接，春天棒子在40号链接。朋友们您不用担心说怕上当受骗，说买到假的，不会的。因为每一本书的前面或者后面都有条形码的，像这个三五块1本的一样，都是正版的。卓证书咱是不正确的，涂的就是这一个人气价的了。史铁生老师的书，12号跟139号链接，12号链接有它的卧地毯，139号链接有它的冰心碎笔什么的。买派出的朋友们，感谢您的支持。咱家都是现货速发的，今天下单，明天发出的。莫薇老师的书都在106，莫薇老师的他的晚熟的人生死疲劳什么的，都在小黄车的106号链接。您可以看一下，每一本书都是新书。有风说我的纸张字迹什么的，朋友们都是杠杠的，有质量保证受保障，还有气垫磨损险这些的。您在书店看到是怎么样，咱的直播间也是怎么样的。但是您在书店买一本价格，咱的直播间可以买很多个的。明朝没有货，不好意思，明朝没有货，毛选也没有。您看一下需不需要找别的了,「废话」
法医前面的也没有了，这个小说也没有了，这个系列的小说都没有货了。您看一下需不需要找别人的了，我的奋斗没有，我的奋斗都好久都没有货了。来欢迎所有直播间的朋友们，找书的朋友们可以打书名就可以了。朋友们主播给你们搜书上架了，或小黄车里面也可以去挑选一下，1到180多号各类图书都有的。小朋友大朋友初中、高中啥的国学经典、历史、文学、科学、生活小说或者书籍都有的，都是正版新书。能多拍两本的可以多拍两本，拿回去筛选一下了。满意的留，不喜欢直接退就可以了。您不用担心说怕上当受骗，说买到假的，朋友们不会的。因为每一本书的前面或者后面都有条形码的，您可以查询的是真是假是老实话，你一眼就看出来了。智通鉴在30号链接，您可以看一下，智通鉴小黄车的30号正版书。因为有些像这个三五块的，是倒贴几毛钱，图的就是这一个人均价的。反正都是现货速发，都是工厂直接发出的，省去了租金、店铺人工方面这一块，所以书本的价格也就降下来了。朋友们都放心，都正版无删减的，有质量保证，售后的门前七天都会给您安排上。而且每一本书的前面或者后面都有这个条形码的可以查询的。是真的实话你一眼就看出来，如果是不好或者退给我了，说朋友们你放心拍就可以了。小学生必读书籍在三跟47号，初中生的都在60 1789年级的都在60号。链接有的，某险七天，这些都是最基础的，你们放心。如果说连这些都没有的话，那不跟强盗一样的，对不对？破症，您稍等一下，我给你找一下。我看一下这本书有没有。破阵这本书有的，您稍等一下，马上给您上架。有的，那个夏天有的，某运险七天都有的，你放心，有的。来这个破阵，给您上架到小黄车的最底下。破阵在192已经给您上架了，您可以看一下，在小黄车192号链接。不客气，不客气，朋友们说谢谢太久了，只要各位朋友们能找到你想要的书，价格优惠满意的就可以了，都是正版新书。高中的在109，高中100 092加三的小说的话，就是他的无人生还了。沙野这个小说没有，类似于沙野这些小说咱都没有。沙沙野这小说没有。来自阿加莎的话，无人生还。来我给您上传给您看一下。阿加莎的无人生还给您上架到193，阿加莎的无人升华193号已经给您上架了。朋友们，每一本书都是新书，有封塑膜的，有质量保证受保障保险七天都会给他排上。我没有必要去骗您，也没有必要去忽悠您的。因为每一本书的前面或者后面都有条形码的，您可以查询的。是真是假，是好是坏，你一眼就看出来了,《资治通鉴》
如果是不好或者退给我，对不对？所以朋友们，你放心拍就可以了，乱世三部曲我给你找一下。余华老师的书都在103、104跟105号。余华老师的乱世三部曲没有，不好意思。这个没有小学生必读书籍，在3跟47，初中生的都在66年级必读书籍。他的61号链接，高中是在109号，可以看一下。朋友们您不用担心说买到假，每一本书的前面或者后面都有条形码的。像这个三五块1，真的是倒贴几毛钱的。就是这一个冷卿家的纸张字迹什么的，朋友们都是杠杠的，您放心，它在172，李娟的我的阿泰在1 72，你可以看一下。中国人的心灵，我给你找一下。我看小学生必读书籍，在初中生的都在61号。中国人的心灵这本书没有，不好意思，这本书咱家没有，有您看一下需不需要找别的了。下单的期待您放心，朋友们今天下单，明天发出，不让你失望的。感谢您的支持。感谢谭木德在178号檀木德上链接，我在朋友们，咱正版新书有真心说怕上当骗，说买到假的，不会的。好的，是真是假，说实话一就看出来了。如果是不好或假退给我了，小朋友们你放心拍就可以了。余华3 104跟105号，余华老师的，我这文成第七册的100 0孟玉老师说在101，然后什么的金老师的书在17号链接，12号我底盘一翻一下的。这些漫画没有你的虚构，需要找别的了。看了书的朋友们，感谢咱家都是现货速发的。主播给您搜书上架了，书没有货了，您看一下需不需要长辈的了？都是新书，有风塑膜的，有质量保证。说保证的面膜选择线，您更不用担心说怕上当受骗，说买到假的，朋友们不会的。正版新书小学生必读书只能三更四十7。平凡世界没有，不好意思，平凡世界没有货了，三本一套的没有货了。莫言老师的书都在106，问老师他的晚熟的人生死疲劳什么的，在小黄车的106号链接，你可以看一下拍的书的朋友们，感谢您的支持。今天下单，明天发出的。咱家有质量保证所保证的朋友们，还有七天保险这些。炒房子在135号，曹文轩老师的炒房子135号链接仪器顶玩具没有货了，刘震老师的书仪器顶玩具没有货了。朋友们，咱正版新书有质量保证，说保证保前七天都会给您安排上。纸张字迹什么的都是杠杠的，您放心拍就可以。正版新书那个活着在104号，活着104相机通书，您稍等一下，象棋通书，我看一下在几号链接。相机通书给您上架到192，您可以看一下，相机通书在192号链接。还有书的朋友们，感谢的支持。今天下单，明天发出的，咱家都是现货速发的,《象棋通书》
小学生必读书籍在三更四十7，初中生的都在61号等货仓就没有。斗破苍穹、斗罗大陆，类似一些小说漫画都没有。不好意思，因为他们版权很贵的，反正柜台还不如手机看一下。来派出所的朋友们，感谢您的支持。这个躲在文成后面，大象在188，躲在蚊子票大象188，国际啤粮在110号。链接全球通史有的，全球通史给您上架到193号全球通史。193小学生必读书籍在三更四十七小学生的3跟47初中生的都在61号链接，高中生的在109号链接。您可以去看一下，您不用担心说怕上当受骗，说买到假的。朋友们不会的，因为每一本书的前面或者后面都有这个条形码的，就跟我们手机序码是一样。您可以查询的纸张字迹什么的，都是杠杠的。反正你可以拍回去自己看，觉得物有所值咱就留，觉得买亏了没有关系，把这书退给我就可以了。还有书的朋友们，感谢您的支持。今天下单都是明天发03、104跟105号。104里面有他的活着，文成第七天细雨中呐喊兄弟卖血记在104。103有他的十年杂文，我们生活在巨大的差距里。105有他那一本18岁出美行，106是莫文老师的书，他的晚熟的人生死疲劳什么的，在小黄车。106是建老师的书，在17号，它的古纳河右岸什么的。小黄车的17号链接，骆驼祥子好像是在10 15还是十六，还13号链接，应该是在13或者十多号链接有，你可以看一下。骆驼祥子就在十多号链接，被套勇气在84号，被套勇气小黄车的84号链接。小学生必读书籍在三跟47号，1至6年级的书都在47号链接，初中生的都在60，初中生的在60 1789年级必读名著在61号链接，高中生的在109号链接。您可以去看一下，您在咱的直播间买书，朋友们就跟书店买书是没什么区别的。本身咱就是书店卖的了，像这个三五块1本的，真的是倒贴几毛钱，图的就是赚一个人气价的了。看了书的朋友们，感谢您的支持，咱家都是现货速发的。于欢老师的书都在103、104跟105号链接。天幕红尘给您上架到194。来这个天幕红尘，天幕红尘，小黄车的194已经给您上架了。您可以看一下象棋通书，我要下架了，这个象棋通书还有全球通史我要下架了。天弘辰现在在那个192，这个在192已经给您上架了。早出的朋友们，可以打说明就可以了。朋友们主播给你们苏苏上架了，咱都正版新书，您不用担心说上当受骗，说买到假的不会的。因为每一本书的前面或者后面都有条均码的。像这个三五块1本的，真的是倒贴几毛钱,全球通史
图的就是这一个冷气架的了，拍得出的朋友们，感谢您的支持。小学生必读书籍在三更四期，初中生都在61号，高中生的在109号。链接您可以看一下，每一本书都是新书，有风塑膜的，有质量保证双保障的。朋友们，还有欺骗蒙文险，这些划都划进来了，不妨去挑挑选一选啊。来欢迎所有直播间的朋友们，找书的朋友们可以打书名就可以了。朋友们，主播给你们搜索上架了，或小黄车里面也可以去挑选一下了。1到180多号各类图书都有的。朋友们咱都正版新书，有质量保证，受保证的还有气垫保险这些有的是时间没有货，不好意思，疏远有的是时间没有货，您看一下需不需找别的了。如何度过情绪的雨天？我给你找一下龙族，没有，不好意思，龙族没有，龙珠、哈利波特都没有。如何度过这个急需的雨天？这本书没有，不好意思，这本书没有，您看一下需不需要找别的了。小学生必读书籍在三更四十7，初中生的都在61号，高中生的在109号。链接您可以去看一下，这个摇就是主要下架了，没有拍到的朋友跟我说一声，新款与旧旧版的什么区别？他们只是出版社不一样，出版社不包装不一样，内容是一样的，你放心，内容是一样的。EQ84没有，1Q84没有。大学生的话，1到180多号很多都是大都适合大学生看的。或者您可以看一下85号链接，大学生的话可以看一下85号链接。我这个东三爻的书没有，不好意思，你要的这个龙床没有。不好意思，不好意思，这个没有小说的话，言情、恐怖、贪婪、悬疑，你喜欢什么类型的跟我说一下。我告诉你在几号链接网剧小说就没有然后等一切风平浪静，181，刘彤老师等一切风平浪静，181号红岩没有货了，不好意思，红岩没有货了。黄帝内经只有白话文的，黄帝内经的只有白话文，没有文言文的。不好意思，只有白话文的在31号链接，余秋雨老师的有的。精神法没有，不好意思，精神法没有然后余秋雨老师的给您上架，梁实秋的你稍等一下，余秋点玩具跟那个平凡世界没有，不好意思，余秋雨老师的来给您上架到小黄车的最底下。于秋老师在192或者是爱情没有输出在34，输出在34。然后草民没有，于秋老师梁实秋的您稍等一下，阅读是随身携带的。没有，不好意思，那本书没有了。梁实秋的话我给您，我看一下来这个梁实秋的给您上架到193号。梁实秋的备胎勇气在84，备胎勇气84,「废话」
朋友们，咱正版新书有质量保证，所保证的还有气垫模型这些赫拉利的没有，那个赫拉利的没有，梁实秋的193，您可以看一下无人生还，给您上架到194，无人生还194号链接，梁实秋的在194，梁实秋的194号链接，渔具李玩具没有了，大唐兴亡300年也没有。智慧之光我给你找一下，朋友们，咱正版新书有质量保证，售后风险七天都会给你安排上。而且每一本书的前面或者后面都有条形码，您可以查询智慧之光没有，不好意思，智慧之光没有你当下的配方三这个思考快与慢都没有，不好意思。丝来这个海子丝我要下架了，海子丝。到几点的话，一般都是到一两点左右，在一两点左右。这个看情况的，不一定有有时候会早点，有时候晚一点，这个不一定的。小学生必读书籍在3跟47，初中生的都在61号，高中生的109小说有的。果果你喜欢什么类型的跟我说一下，喜欢什么类型的。红楼梦的在25号有高一的话，高一看的红楼梦在25号，成人版的红楼梦在102，我手上这一个就成了。,「废话」
