﻿original,result
"对，还有我们的屏幕得支棱起来。我的pad。我的pad。早朋友们，你们真的好早，每天每天八点半这个点儿真的是太厉害了。这样说太厉害了，固定都能起得来是吧？等会儿缺点什么东西缺了。Well, is my home.。每天背个大书包，你看见我的书包了吗？眼睛睁开了，人还在床上，哎，羡慕住了。我们交流大家都做什么水平工作。对，我们来交流大家都是什么行业的精英，好不好？怎么大家就有钱又有闲了呢？什么神仙工作？他对年龄、性别有没有限制？对专业度对这个有没有限制？没有限制的话，我考虑一下。欢迎刚进直播间的朋友们，欢迎大家。今天又是星期四了。主要是看八字，看八字是看八字的工作吗？还是说还是啥意思？八字好是得有这种对还得重新多拍。大学生放暑假，羡慕每一个大学生。我觉得大学生大学时光是真的非常的有意思。太小的时候小学中学没有什么概念，然后也没有太多的自主性，还是得跟着爸爸妈妈。然后大学了之后就可以全部靠自己，自己来安排自己的生活。你放假了可以跟朋友们去玩儿，然后你也可以找兼职，然后你也可以报个什么班儿上什么的，就很有意思。等会儿戴个帽子，今天找。学习、职业、婚姻都搞自己喜欢的大学老师。Champing哥你真的是champion好吗？就是champion大学老师真的是非常的幸福，尤其是那种大专院校的，就是普通的一点学压力，学业压力没有那么大，然后你科研压力也不大，然后你的没有什么太多竞争之后，你的人际关系就会相对来说轻松一点儿。我觉得是这样的对，大学禁喝酒玩游戏了也很好啊，反正大学就是相当的轻松。我发现谈谈今天没有来，今天哪种书有活动？我们的这个直播间基本上所有的书都有活动，基本大家买回去都是一个市场的一个比较低的折扣和价格，要把手机给摔了。好，来吧朋友们看看今天。上不了，你是说哪边上不了？行行，早上好，早上好朋友们。早早，张晋送出了三朵玫瑰是吧？谢谢，感谢张晋，比心大家送礼物。他是打了三个。居然没有绿色这种。如果大家有自己喜欢的作家，或者知道自己想买什么书，来咱们这儿先看一眼。如果有折扣就买上，没有折扣可以去人文社其他的官方平台去买好吗？网上基本上都是对，网上基本上都是七五折，纪念版的西游记会上吗？今天不上，意思是今天不上。今天不是没洗头，只是。对，style和style 4岁的男孩看什么？还真的有几套书还蛮适合孩子的",「废话」
你可以看一下那种大图册的，比如说像什么博物百科，然后中国儿童百科全书，昨天给大家介绍过的这种书籍，这样的一些书籍。然后还有一套是适合孩子大一点，适合八岁，可能八岁的，八岁起好吗？这一套男孩的冒险书可能比较适合八岁起的小孩，四岁的孩子。你给他看一看那种绘本，比如说我们哈利波特的那个彩绘，应该是比较适合孩子们去看的。行，我们一本一本先给大家说吧，看看这个有没有一些折扣。博物大百科这个我应该给大家上过。360个月的孩子适合看什么？360个月我倒一下，应该十几岁了是吧？10 13 10岁了是吧，30岁了是吧，30岁了随便看。对，看绘本好吧。左先生先给大家说一下这个，茉莉风演讲实录。我们没有直播间的优惠，直接去人社官方平台去买就可以了，好吗？北冥之王，北冥之鱼。来五六岁的孩子，四岁的孩子都给大家介绍一些孩子适合看的书。现在也是正值暑假，也有很多的家长朋友们刷到我们这个直播间，给大家介绍一本书。这个又没了，我天你看看是找的谁。好吧，DK的没有，那我们就200。博物大百科暂时没有优惠了，给大家讲这个好吧，这个也是非常适合孩子去看的。昨天有朋友买过的，朋友说这套书可以看到初中。因为它里面是跟我们中国教育体系的学科是挂钩的，里面有很多地理的、历史的、生物的这样的知识的科普，还有物理的。是中国大百科全书出版社出版的一套书籍，每一本都是一百多块钱，加在一起四本书是358。直播间的话是129给大家包邮。现在在我们的置顶链接，它是这种大开本，然后图文并茂的形式，用非常绚丽的色彩来去吸引孩子们的注意力。然后在这样的有趣的、好玩的、好看的一些知识的科普中，让孩子们学到很多的内容。给大家看一下目录，分成四个主题，人类社会文化生活、科学技术，还有一本地球家园。话说地球这里就是给大家讲了地球的这个地貌，然后这个地形特征都是地理相关的一些知识。未来他们在中学阶段或者小学高年级阶段会学到的一些东西，台风和季风形成的原因等等。然后还有一些生物的知识生物的知识。然后人类社会的话给孩子们科普了几大洲的文化，亚洲、欧洲、美洲历史文化，这个是他们会在历史课本上学到的一些东西。看历史课本上学到的东西全部都是图文并茂的，字也不算太多，这个字号也是比较大的，适合孩子们去读。胶版纸印刷一共是四本，每一本主题不太一样，但是每一个人的主题都是非常的长知识的，长见识的。四本图书358的定价，直播间129，非常适合孩子们去看,中国大百科全书
现在正好是暑期，可以把这套图书买回去给孩子们看起来好吧？拍了记得打已拍，拍了记得打已拍。七天70步我们最近不更新了，大家舒展期间看一看，我们舒展期间会给大家做一个更新，好吧。身边的国学没有然后林徽因的折扣一直还在，同城跟我们刚上林徽因的那个折扣是一样的。就是定价148，非刷边的88块，多刷边的是108块钱，还给大家包邮，直接拍就可以了。同城西柚的毛病八月份，西柚的毛病八月份。然后我们蝴蝶号这边的朋友farmer，还有琼琼塔都在问这套书对不对？但是这套书我们暂时蝴蝶号这边没有链接，哈号这边暂时没有链接。所以大家辛苦麻烦下载抖音，然后在抖音搜索人民文学，来这边拍一下好吗？大家就像我们书展一样，只会在手上看。没事儿，这个不用跟他们讲链接，在抖音。已拍立婚姻，感谢同城的支持，康震古诗词有优惠，一直都是优惠的价格，一直都是优惠的价格。我问一下大百科的老师，能不能给我们蝴蝶号这边加上链接？稍等我一下。好，来这个就过了。香港书展的书有卖吗？没有，什么时候舒展月底这个月月底26 27号，26 27号。然后我们哈利波特的书只有整只能整套买，只整套拍，不能够拆开来。如果大家想要拆开来的，去人民文学出版社的其他的官方店铺去拍好吗？其他的官方店铺去拍。好，这个我们就过了，这个我们就过了。国内青年作家小说有吗？小说集有吗？今天暂时没有上，今天暂时没有上，然后尼采我们也没有。对，济南书展，济南书展。来再给大家介绍一套新书。这个书两边应该都有，对吧？就是天天出版社的这一套，天天出版社的这一套现在也是暑假期间，然后也许很多的家长或者说家长会带着自己的孩子去到大自然中去，让他感受大自然，接触大自然。这一本书这一套书叫做山居四季，是一个长白山的观察日记。作者叫胡东林。胡东林老师是一位50后的作家，他是自然文学这一块的作家，然后曾经在07年的时候搬到长白山地区生活，在那里住了五年的时间。这五年来每天早起，每天都会到森林里面去拿上他的相机，然后去拍照，去感受大自然，去记录下自己在长白山的所见所闻，记录一下在长白山发现的珍稀的动植物。这一套书春夏秋冬就是他在长白山这个森林保护区居住的那那五年用日记的形式来去呈现的，来去给大家讲的长白山的稀有动植物们，然后在那里发生的好玩的故事，以及他的一些心境,山居四季
这是人民文学出版社旗下天天出版社出版的一套图书，然后曾经也是获得过中国好书奖，中华优秀出版物奖，就是这套书，就是这位作者的这本书。对，这个给大家看一下，它叫软精装，软精装比我们正常的，比我们精装书可能要没有那么的硬，但是比我们的平装书稍微的硬实一些。它的疏解处是一个布条，就是不给不仅里面图文并茂，字体排版字号也非常的舒朗。小朋友看了一定不会累眼睛，并且这里面对一些生僻的动植物，那个字词有一个拼音的注释，这就是一套这有点像什么？有点像瓦尔登湖，有点像瓦尔登湖的那个那个作品，那本散文集。对，那样子记录的都是大自然，然后记录的是一个人在一个比较偏远的角落，在大自然的这个怀抱中生活了几年的时光。这一个版本是就这套书是用日记的形式来去记录的那基本上每一天或者每隔几天，他都要写一篇日记，记录他今天看到的四季风光，记录他今天可能上山采到的蘑菇。然后在他在他的这个摄像机前走过的一些什么小智机，还有一些奇奇怪怪的我都没有记住的，我也从来没有认识过的一些很珍稀的动植物们，他们的身影，他们的生活就会让人觉得大自然真的是非常的心胸非常的宽广。然后大自然的风光真的一定要你去看啊，除了去看，然后还要保护起来，好好保护我们的自然环境。这个世界真的是太奇妙了，和人类就是不仅仅是人类生活在这样的地球上，其实人类有很多很多的好朋友，他们的生活在大自然中，不被人类打扰，过着偏安一隅的宁静的生活。我们如果要去的话，一定不要打扰到他们，就是这套书就是这套书。然后重楼这位朋友，您说的是什么错印什么书？是不是在官方平台买的？朋友们是不是？如果是的话，我们是可以给大家这个换退换的。如果不是的话，非常抱歉，我们没有办法对，我们没有办法给您进行售后的服务。然后金瓶梅我们不是不向外出售的，不向外出售的对，这套书非常精美对吧？还以为是本子，它其实是书，是书本子。对，然后我们对这个IP是做了一个文创的开发，做了文创的开发。这个是本子，这个是本子，它是一个皮质的本子，一个记事本。这个里面的纸张它是可以更换的这是可以更换的，就把它拆了就行，然后再买相同尺寸相同规格的，替换上就行。外面是一个皮面，这里印了一个小松鼠，非常可爱的小松鼠这样的一个图案。这个本子是售卖的，我们卖多少钱？29，但是因为刚从BU店买的人不多，对对对，这个文创然后加上我们一会儿会给大家介绍到福尔摩斯的那把伞，咱上不了是吧？行，好吧，这些文创都是限量的,山居四季
因为在北京图书订货会上就大批量的被订购了一波。然后现在大家如果想买的话，好像昨天看了一下20个库存。对，25岁。欢迎悬磐星君，欢迎水燕荔枝，欢迎。对对对，什么梅花鹿，这些在这里面的记录都算少的。这里面出现的那些动物我都不认识，我都不知道他们是什么科，我从来没有听过，真的从来没有听过去长白山玩的，可以先看一下。对，不过像他说的什么野猪、熊啄木鸟，这个我还是认识的。但是有一些这个什么新鸭，我就不知道，它可能是乌鸦的一种。但是新鸭是什么我也没见过，就会觉得真的很神奇。然后这里面还配了一些作者胡东林他自己去拍的一些照片，旁边还配了长白山的知识手册。就是告诉大家，你看鸭子也分成很多种，比如说长白山上什么赤麻鸭，这个赤麻鸭，然后还有什么青釉，那又的一种，但是它可能是青色的，然后还有很多的鸟我都不认识，没见过手杖，想看手账本是吧？这个是一套书。先说一下价格，定价是168 4册，然后直播间是59 4本带套盒，这是软精装是一套。大家可以去认识长白山的动物，然后感受长白山自然风光，感受那一份宁静美好、祥和自然之气的一套非常好的读物好吗？然后这个手账本再给大家看一看，它是针对这个山居四季开发的一个IP一个文创，上面有非常可爱的小松鼠皮面的这是皮面的，里面是这样的一个本子，前面有一些可以放卡卡夹，然后后面就是本子朋友们。对，还有个小袋子，然后这个是可以换的这是可以换的。把这个拿开我就不换了，我怕我一时半会儿安不回去。但是他还是对它相对来说还是比较的简单的，就更换还是比较简单的。这个小本子29块钱，这是皮夹子，这个皮夹子。早上好，红枣，这个本子库存不多，没有上一套的原因是这两个库存是不一样的，这两个库存是不一样的。这可能只有二十多二十多个本子，但是这个书很多，这书很多，这个是书，朋友们，它不是什么手账本，里面是图文并茂的，特别漂亮的大自然的风光。这个就是作者吴东林老师。然后这四个本子其实都是他的日记，春夏秋冬在长白山看到的那些自然风光。你看比如说它这里写着宏伟博老我就不知道是什么东西，是一种鸟，没见过，真没见过。它也是我们孩子们或者我们的读者们认识长白山的自然，认识长白山的小动物的非常好的一套书。对，确实是。这边记录了很多，不是有很多朋友来找什么昆虫记，对吧？昆虫记，然后还有朋友来找那个瓦尔登湖。这本书就特别像昆虫记和瓦尔登湖的一个结合版,山居四季
都是作者本人在这个长白山地区，他住了五年，住那五年干嘛呢？他养病，就是生病了，然后在那里养。做的一些记录，春夏秋冬四季的一个记录。也许孩子们可以每天看一天的，或者看两篇去了解长白山上面的小动物。然后对风景对写景，写写雾，可以作为一个参考和提高。好吧，公主推荐的书全买是吧？感谢仙君比心，感谢。想看看无语地毯是吧？我这边是不是又被登出了？没有是吧，用户未登录它就一直闪，然后我这个评论也没了，博朗鸟屠夫鸟是吗？我不知道，完全不了解，等会儿，就是我我这个自然知识方面是很匮乏的。就是小的时候没有读太多这种书，没有太多这种博物的书籍，就买了两个手杖。感谢长猫树上长猫，然后小丽，谢谢朋友们的支持，感谢朋友们的支持。好，来这个我们我们还要给大家继续介绍一下吗？刚来的朋友们再给大家说一下价格。这是一套书，里面是对动植物，尤其是长白山地区的这些动植物的一个非常完整的一个介绍，是用日记的形式来去记录作者本人。这套书是获得了中国好书奖的，然后出版业的十四五时期发展规划的一个项目。然后获奖作品山林笔记的一个美绘版，它比较适合小朋友去看，或者特别喜欢这种图文并茂的，既有照片又有插图的一些读者去看。用日记的形式写了这位作者在长白山生活五年，生活了五年，所观察的那些动植物特别的美好。长白山这个地区也是非常的纯净，没有被打扰的，是因为它的地理比较的偏。然后我们普通人可能到长白山去住那么几年，也是一个梦想，也只能是一个梦，很少人能够实现。但是这位作者他为了养病，他其实曾经到过这个长白山去居住。然后在那里生活了五年的时光，所以这本书里面的记录都是非常的美好，非常纯净，没有被打扰的那种。今天想Angelababy真的吗？为什么不是她不长得好看吗？我虽然这位置很好看的。我要去长白山寻找人参。对，这里面写了人参，就是写到他在长白山里面的那些，还有写了很多的蘑菇，很多很多的蘑菇。然后很多的蘑菇它其实像它的生命是就像浮游一样，它生命很短暂的，很快可能就涨起来了，但是很快它也就凋零了，不知道蘑菇又凋零贴不贴切，大家自己去看吧？布谷鸟不是什么好鸟，把猎物穿在枝条上玩的挺开心。大家都好厉害，我们对动大自然的这个研究了解，我觉得我这方面太欠缺了得多读一读。好吧，西游记啥时候上？西游记等我的视频，没有发视频就说明还没上。好，这个我们就过了，推荐四年级小孩读的书，这个就非常适合,山居四季
再给大家介绍一下，这个是我们人民文学出版社旗下天天出版社出的一套新书，曾经获得过中国好书奖。然后是用图文并茂的形式来介绍大自然的风光，就特别的像瓦尔登湖和昆虫记的结合版。我们不是有很多的孩子们推荐阅读书，就是瓦尔登湖和昆虫记。这个就是我们中国版的瓦尔登湖加昆虫记好吧？然后还有这个手账本，大家如果喜欢可以买皮质的，可以更换内页的一个小手账本，跟它是同埃批的，29块钱给大家包邮。这套书便宜，168的价格，59给大家包邮好吗？大家感兴趣的直接去拍啊。好好好，这个手账本是限量的，卖完即止了，卖完即止。好，然后我们这个就过了。Farmer想说推荐一下红楼梦是吧？然后刚刚有朋友想看一下我与地坛，是不是？那朋友还在不在？在的话给我扣一下呗，红楼梦推荐一下。哪边好好行，那这个我们就过了，过了。然后红楼梦推荐一下我与地坛，需不需要看？需要的话帮我扣一下我与地坛。先给大家推荐一下红楼梦，给你们推荐一个即将没有的版本。对，即将没有的版本就是这一个刷边版的榴弹宅插图的红楼梦。它其实是40周年纪念版红楼梦的一个平替，是40周年纪念版的一个32开的一个版本。然后它是里面前80根陈家后40陈价120回本的红楼梦，这个也叫做红颜锁的浇注本。这个底本这个组合本在业内口碑那是港杠杠的。大家可以随便去问任何一个学文学的老师，或者是学文学的朋友去问红楼梦，看哪个版本买哪个出版社的，他们肯定会推荐人民文学出版社的红岩所校注本。搭配了2100多条的注释，这个注射体量是相当的专业且丰富的那除了文字的内容之外，它还有刘旦宅先生的珍贵的红楼梦插图可以欣赏。大家翻一页看看，我们这个插图印在超感纸上，就能够保证我们插图的色泽鲜丽，还原度很高。然后刘老师的插图是非常的典雅的那一种，它的色彩相对来说比较的浓郁，就是有点像把国画和那种油彩结合起来那种感觉。双姝风里面是一个布面的精装，外面用一个印刷了改起的插图的这个纸把它包装了一下，就是双姝封定价是248。我们最后的三十多套全部都在直播间里。如果大喜欢的话可以拍这个版本，它的侧边喷的也是改起的图。所以这套书其实相当于大家可以欣赏到改起的经典的林黛玉的形象，然后还有刘旦宅先生画的经典的红楼梦插图，248还赠送了大家人物关系表两张。魏涵、婵娟稍等，马上老韩说这个刷边买收到了，很喜欢是吧？感谢老韩的支持，感谢。晚熟的人是短篇小说集吗？对，中短篇小说集,榴弹宅插图的红楼梦（此处可能为“刘旦宅插图的红楼梦”）
我我我刚才孩子说很像蓝猫淘气三千问，真的吗哪一套书，文化苦旅我们没有。好，这个给大家推了，刷边这套没有优惠。对，因为我们刷边的一千多套都是这个价格，我们不能够每次第一波支持我们的粉丝朋友们，所以这个价格一直就很稳定，在1 248好吗？最后三十多套就最后三十多套大家还能够买到。它没有大批量的去印，只是像这种刷边版的，每一次只会印一点点，一千、两千这样的一个数字，卖完就没了。这就成为了历史过往记忆。也许N年以后你会在N年以后，当你在一个二手书店看到刷编版的红楼梦，你会不会想起当时在直播间里看到了这套书，但是没有下单，然后你再定金看它的价格就开始拍大腿，它已经比N年之前要翻了好几番。我套用了一下百年孤独的经典句式来，红楼梦的这套书推荐大家买双边的好吗？248的一个价格各种动物的书是吧？那个那个我倒觉得不像蓝猫淘气，我觉得像像像昆虫记和瓦尔登湖，但里面的插图确实还蛮蛮有意思的。请主播推荐一下初中孩子读的四大名著，四大名著初中孩子读读这个。有声版的全书四千多条的注释，而且如果他真的看不进去了，他还能听。我们这里面是有声音频也给大家赠送的一个版本。这个有声音频单买要二百多块钱，它的标价是三百多，但是现在网上都有折扣，就大概是二百多块钱。我们这一套图书送大家三百多块钱的大礼包，然后我们只收大家179，给大家包邮。这张卡不仅仅是有声书，它里面还有专家学者讲解四大名著的视频课程，也是免费送给大家的，大家终身免费，都可以去听，都可以去看好吧。我们给那个兜里有辣条弹一下红楼梦的刷边链接。然后所有刚进直播间的朋友们也可以打开我们的购物车和购物袋。我们的四大名著刚刚推荐的多个版本都在12号链接往下走，12号到17号链接都是我们的四大名著，都是我们的四大名著。鹦鹉兄没有精装的。孩子想看堂吉诃德就看杨绛翻译堂吉诃德就可以了。如果孩子想看的话，直接买直播间的这个杨绛翻译的就行。杨绛是资深的大翻译家，他翻译的相对来说比较的好读一点好吗？浅上暗影，直接拍就可以了。然后水浒传有吗？有有朋友们，水浒传也在我们13到17号链接，大家点开去翻一番，可以单独去拍。对，然后有朋友问说刷边红楼请介绍一下是吧？行，我们再给大家说一下，大概是刚刚刷到我们对吧？那我们这样这套书我就花十分钟给大家再介绍一下，好吧？所有的学生家长你一次性要买走四大名著的，你就拍这个有声的音频版四大名著12号链接字号,榴弹宅插图的红楼梦（此处可能为“刘旦宅插图的红楼梦”）
这两套书是一样的，都是五号字，这个是正常书籍的字号。如果能看，如果看看书的人看我们这个额尔古纳河右岸，买过额尔古纳河右岸的，然后买过国语地坛的，读完了觉得这个字号是OK的那我们的这个书都能看啊，都能看好吧？字号大家不用担心。然后刷边版的给大家再弹一下链接好吧？248红楼梦如果单买红楼梦的，首推这个刷边版的红楼梦。因为大家再不买就真的没了，好不好？就真的没了。侧边刷的是改起的图，然后我们外封也是改起的图，内页是榴弹宅的图，刘旦宅先生的图。大家在市面上其他的地方，其他的平台是买不到的，只有我们的直播间有啊，只有我们的直播间有。浅上阿姨你稍等，堂吉诃德过十分钟给你讲好不好？来我们给大家弹一下这个链接，定价248，直播间就是248，一千多套的刷边版都是这个价卖出去的。所以我们这个最后30套也不会再降价了，朋友们就是这个价了，就是这个价。大家想要这个颜值高的，内容好的，刷边的红楼梦，咱们就赶紧拍，赶紧下手。西游记导读版没有，我们这里没有，没有导读版。来发一下刷屏辣条，我们不是一直说发着吗？打开购物车。第一个就是刚才也谈了，我们再谈一下，给大家再谈一下，让他们这个好给你弹出来了好吗？给你弹出来了。包邮我们只要是包邮地区，我们都给大家包邮。大家放心，48小时之内就能发货，而且给大家做包邮。里面有彩图吗？我们这个是前80根成加后嗣，是陈甲的组合，120回本。我看到有朋友说陈甲本程乙本根本不值得读。也不是说不值得读，只是说它的文字内容可能不像跟成本或者其他的本子那么的优秀。但是有后40回的这个版本中，比较优秀的可能也就是陈甲苯了，尘甲苯和陈乙苯了。然后早年间陈乙本也是被推崇过的，也是一代读书人的记忆。当时就是红学家认为陈一本的本子相对来说比较的优质。所以从50年代开始，一直到可能80年代，这一段时间大家熟悉的阅读的其实都是陈一本。但是确实这个本子跟我们现在82年之后的红岩所校注本，它的内容文字各方面它是有区别的那我们也是经过众多红学家们的潜心研究，发现了在古抄本系列中那根成本。这个本子，它又保留了更多的之批，并且它的文字内容相对来说更接近曹雪芹的那个版本。这就是为什么我们从82年开始就给大家做前80根陈加后四十陈甲的一个本子,榴弹宅插图的红楼梦（此处可能为“刘旦宅插图的红楼梦”）
为什么前八十用了跟程，为什么后四十没有用跟程？因为人家跟程就没有120回，人家跟程其实就是残的78回有两回，我们应该是从期续本的本子补充的，所以前八是跟陈，后四是陈架组合120回本，然后这个本子，它也有一个别名叫做红颜所的教著本，就是中国艺术研究院红楼梦研究所的那些专家们、学者们为大家做的叫著。所以人民文学出版社出版图书是相当严谨和专业的，且内容质量非常的高。再给大家打开看看，典藏和这版本区别就是刷边吗？然后还有就是里面的插图不一样，文字内容是一样的。给大家看一下图，这个是刘旦宅先生的图，有二十多幅的内容。大家可以喜欢欣赏图的。我们在这套书里面是可以看到的，可以看到一些刘老师的插图。那在市面上也是很难看到这些插图，大部分的出版社都没有用刘老师的插图，刘老师的这个红楼梦插图只给到了人民文学出版社这一家，也是我们的独家版权。这个是二印的刷边版2印的刷边版。最后三十多套卖完即止，应该不会再硬了。对，下单有邮费说明不是包邮地区的朋友们，那就非常的抱歉了，好不好？和珍藏版的区别就是插图不一样，开本不一样，字号不一样。珍藏版的字号是小4插图者是刘是戴敦邦。这套书的字号是五号插图者，是刘旦宅，而且是刷边版的。我们珍藏版就是一普通的书籍，他没有做任何的刷边。有成套四大名著彩色刷边版吗？我们其他四大名著都没有做刷边，暂时都没有做刷边，只有这一套红楼梦做了一个刷边版。因为确确实实在四大名著中拥有更多读者的是我们的红楼梦，所以只用红楼梦来出了一个刷边的一个版本，好吗？朋友们，然后中国通史稍等，中国通史我这之前还排了好多的书。中通直接拍，这个是半价的数。对我有40周年纪念版，就不用买这个了。时辰阅读机除非你特别喜欢，除非你特别喜欢，你特别喜欢这个刷边的你再买。如果没有特别喜欢，其实不用买了。因为这个你都已经有一个高配版了，你没有必要再去买一个平替版，就是将心比心，很很诚实的跟您说，您不用再买这个了，内容都是一样。对，就是你有那个40周年纪念版，它里面的内容各方面质量更好。你不用买这个了，这个就是给那些。对，比如说40周年纪念版的内容特别喜欢，但是我觉得价格很高。我们给大家推荐一下这个248的，248的这套刷片是248，刚刚好。你怎么会看不到呢？这不是弹出来一直在这儿的链接吗？248 13号链接，刚刚好。音频版内容也是无删减的，音频版内容是完整的四大名著有声书,榴弹宅插图的红楼梦（此处可能为“刘旦宅插图的红楼梦”）
跟大家再说一遍，这套有声版的四大名著是唯一一套搭配音频的，其他的四大名著都不搭配音频。你们要有声版的就去买四大名著有声版。你们觉得音频无所谓的，再去关注别的版本。这里面有插图，这个179的没有任何插图好吗？有声版的文字内容和这个都是一模一样的，一模一样的。好，拍了记得给我打已拍。拍了记得打已拍40周年纪念版，我们暂时没有。对，哈利波特还贵，哈利波特我们直播间都是给大家打半折的对，再跟大家说一下，我们哈利波特系列产品是严格控价的。如果你发现在其他的平台，哈利波特比我们直播间价格低的就是离谱了，肯定是盗版，肯定是盗版。可以这么跟大家说，人家因为哈利波特书籍盗版现象还是挺严重的。虽然一直都在打击盗版，但是这个东西制止不了。因为天下是什么？天下攘攘皆为利往，就是有利益可图的地方，它就是会有买卖，对吧？所以没有办法，如果你你看到其他的平台，哇塞这个什么差大几十大几百，你就绷一根弦，那个肯定大概率是一个盗版。哈利波特的英汉对照，我们一直都是半价在给大家做福利，在推广。387.5块就是一个半价。然后我们那个彩绘的书，它的它也要大几百3 400的一个价格。所以你真的太便宜了，你们就考虑一下，好好想想，不要轻易下单好吗？别的名著都没有刷口版，对，盗版真的非常的多，十几块钱一本，我真不建议大家在什么某多多平台去买盗版，除非对昨天我们在那儿搜很多书说，哇塞这个书怎么十几块钱就买到了，这正常吗？都一看都都没见过的什么什么，刷边的只有红楼梦吗？对，刷编的那个版本的只有红楼梦，只有红楼梦。讲讲我们的哈吉诃德或者讲讲我与地坛来吧，我与地坛一只顶1万句在我们的小黄车里自己去拍就可以了。我与地坛，然后唐吉诃德这个都是大家想听的书，我给大家说一下。对，给大家介绍一下两个版本的不同。我们直播间挂了两个版本，这两个版本内容85%的重合率，还有15%的是不一样的。这本银色的物语地毯，它是一个纪念版。纪念版全部都是散文，全部都是史铁生的散文。什么合欢树、我与地坛，我21岁那年，我的梦想给予印象全部都是他的散文。这一本蓝色封皮的是西西弗的定制版。这个定制版它除了有一些散文，十几篇的散文，他加了两篇是史铁生非常重要的小说，我的遥远的清平湾，这个是他在文坛崭露头角的可以说是非常重要的一篇作品。然后还有奶奶的星星，她回忆自己的奶奶祖母的一篇作品，好吧，两本书,榴弹宅插图的红楼梦（此处可能为“刘旦宅插图的红楼梦”）
如果大家想要一个质量各方面纸张更厚实的，然后又想看它的伞，又想看他的小说，你就买这个版本。这个版本定价就是59。西西弗书店给自己的会员卖也是卖59，所以我们这边没有办法破他们的价格，也是59售卖，宁可精装这个纸这个书柜也是因为它的纸张选了更厚的，选了更厚的，然后包括它的包装也是更厚实一点的。然后这个纪念版就是一个像市面上普及的一个版本，它定价才29块钱，也是我们早几年前做的一本书了。所以22年不对，21年，应该是21年、22年左右做的一本书了。它的定价就是几年前的一个定价。纸张没有这么厚，但是也是OK的，也是OK的那大家看自己喜欢，好吧，看自己喜欢石铁生的作品还是非常值得看的。也是因为他的不同于常人的经历，所以他对生命的感悟是不太一样的。他能够更加关注到生命的一个本质，就是人活在这个世上的一个意义到底是什么？在失去了双腿，在什么也干不了，在成为一个废人的时候，你活在这个世界上还有没有意义？其实这也是他很长一段时间在思考的内容。这样的一些内容通过他的整理，然后也通过他对一些哲学书籍的阅读和思考提炼了出来，幻化成了非常美的一些文字，希望大家都可以去读一读好吗？希望我们八月份，八月份具体几号我不清楚。对，上个岁月刷边板可以。对，三月山河岁月给你看，稍等。西游纪念版我没有发视频，就说明直播间还没有上架，好吗？朋友们你们就去看主页有没有发视频，没有发视频说明还没上架。好，这个我们就过了，这个我们就过了，那更不知道。65号唐诗璇想看看是吧？行，催稍等，稍稍稍等，然后刚刚好你问的这个问题不可能改纸的网格本儿。你不喜欢网格本系列，你就关注名著名译和中国翻译家译丛系列就可以了。网格本儿这个纸张我们是不会改的，就是一直是轻型纸。红楼梦有吗？有，在我们的小黄车12号往下走都是四大名著。我们比较推荐大家去购买15号链接刷边版的红楼梦，刷边版的这个红楼梦。好，堂吉诃德来吧。刚刚是不是有朋友问他说什么我们直播间的版本和店里挂车的不太一样，是吧？这个堂吉诃德它其实就是中国翻译家译丛的那个版本。你可能看到其他的平台有网格本的，然后有那个红色封皮的杨绛译的堂吉诃德。但是内容是一模一样的，好吧，内容都是一模一样的，就是不同的装帧，不同的设计，不同的开本，它针对的是不同的人群。我们中国翻译家译丛的这个版本是大楷本，它相对来说比较适合放在书架上胶版纸印刷,榴弹宅插图的红楼梦（此处可能为“刘旦宅插图的红楼梦”）
然后这个书封虽然非常的卡哇伊，但是它的里面是完整的，没有删减的内容，是全本全本无删，就是杨绛先生着手翻译的唐吉诃的内容，还配了插。它因为是十六开，所以整体看上去可能会觉得排版非常的舒朗，看上去赏心悦目。纸张也是胶版纸，拿在手上会有一定的分量。可能很多朋友都是比较喜欢有分量的书，对吧？那这个版本的外国文学就比较适合大家。定价是93块钱，全2册直播间的话不到60。59.9块是吗？还是53.9块？我记得59，59块钱，不到60块钱给大家包邮。上下册全本无山，杨绛先生的翻译。然后小朋友买的话，买这个版本也可就可以了。对你拍感谢支持，感谢支持，然后大朋友也可以买这个版本，它是一个圆柱，没有任何删减。红星照耀中国我们已经没有库存了，云儿我们那个导读版没有库存了。好，这个我们就过了可以吗？然后晚熟的人，刚刚是有朋友想听一下是不是还有中国通史？西游的纪念版我们八月份七月底八月份我们就会上了。然后水浒的纪念版要等到明年，我们这个纪念版也不是随随便便出的，它都是整数的周年祭。明年才是我们人民文学出版社出版水浒传的整数周年暨70周年。所以明年的时候大家在关注信息。我们目前已经出了红楼的纪念、三国的纪念和西游的纪念了。很多朋友都已经收了好几套，对吧？然后还有朋友还不知道这个信息，大家不知道的，也可以多多关注一下我们人民文学出版社官方平台的一些账号，一些视频，好吗？来我们的这个晚熟的人晚熟的人给大家说一下，这个书是一本莫言老师的中短篇小说集。我觉得这个书名起的确实很好。你读完了这里面所有的作品，你会发现这里面都是写的那些晚熟的人。什么是晚熟的人呢？我看一下我翻不翻得到，我有没有做记录衍生什么什么云管和Y和那个W不是一个键吗？眼熟的人谁谁？他就打错了是吗？好吧，我找不到，一直找不到。晚熟的人就是指那些相对于早熟的人来讲，就是晚熟的人。这个熟字是什么意思呢？其实莫言老师是用一种比较中性的一个词来去包装那种精明市侩的，然后以自我为中心的，自私自利的，然后被现代的这种文明。这种文明是什么文明呢？就是一切向钱看的文明深深影响的这样的一波人。晚熟的人，你去看这里面的故事基本上都是这样的。他想探讨的我觉得就提炼出一个主题的话，都是现代文明的冲击，或者说这种商品经济的发展下，让那些曾经淳朴的人不再淳朴了让曾经木讷的人也变得精明了起来,晚熟的人
其实他跟骆驼祥子，跟老舍先生写的骆驼祥子想讲的是一件事，就是这个时代给人民带来了什么。起码我读到的是这样，就是时代和人的命运是紧密的联系在一起的。然后这里面其实有很多不太方便在镜头前跟大家讲的东西。因为这里面的很多故事，它发生的背景都是在60到70年代。大家可能没有经历过，也听说过。那个年代是有一点点就是我们现在谈之则色变，然后有一点点奇怪、诡异、暴力这样的一个年代，然后大家一腔的热血，但是就很容易走极端的一个年代。在这里面就写了很多生活在那个年代的人，他们被这个时代影响，他们也忍受着饥饿、贫穷落后，封建，然后他们很容易被煽动情绪。那在这样的一个情绪情况下，他们会成长为一个什么样的人？他们又会发生什么样的故事？婉淑的人这里面多篇的作品其实都是讲这样的一个方面，写的也是比较的精炼。然后大家如果说没有读过莫言老师的作品，或者读过的，也可以把这一本他获得诺贝尔文学奖之后再创作的，以他的山东老乡为主要原型来去写的作品买回去看一看。直播间是半价给大家包邮，半价给大家包邮。半价完之后就是不到30块钱，29.5块，29.5块。宁取其才德，不取其入味。社会有个词叫圆润。对对对，圆润这里面晚出的人指的就是那些圆润的人。对，确实是就是被在这个社会看多了一些事情之后，然后了解了这个世界是怎么运作的，然后我怎么去遵守它的规则，甚至是制定那个规则，然后让自己过得更好，打引号的更好，可能是违背道德的。但是你在物质方面，条件方面可能就会比别人过得好，这个就是晚熟的人，这就是晚熟的人。说这本书给我的感觉就是给我印象深刻的倒不是莫言老师在这个书里有多少的金句。其实这本书里面它更多的应该是它的故事性和那个时代给人的冲击感。60到70年代这个时代，这些人到底发生了什么？然后为什么会这样？这个是我在阅读这本书的时候一直在思考的一个问题。还是蛮值得推荐的，29.5块好吗？等待摩西，对，等待摩西。然后还有那个红唇、绿嘴、火把与口口哨，这些篇目我觉得都还蛮推荐的。然后地主的眼神也是地主的眼神，就是当年还是有地主的。然后后面我们不是讲要讲什么社会主义，走集体化的道路，就没有地主了。然后这些人何去何从？为什么这些人他会心里有怨恨？就是有一些人心里会有怨恨，为什么为什么他们迟迟不肯接受社会主义？这个就是时代给个人的影响，在这本书里面都有写到,晚熟的人
312拍我们暂时还没有，我们暂时我们因为出了一个大字的版本，然后我们直播间的朋友们是更喜欢大字版的。但是那个大字版312排还没有出齐，我在等它出齐了之后，拿到直播间里来给大家放福利。所以邱臻你再等一段时间好吗？这本书我前一版的那你真棒。官方正版吗？咱们这个抖音号山高水长，您不妨点开我们的主页视频头像看看，都是一些什么咖位的人在给我们录视频，你可以去看一看。有怀疑很正常。但是您可以去去证实一下。是对，我们这个应该是有蓝V的。点开头像能看到蓝V对，蓝色有个勾勾，官方认证的。好，山河岁月刷边我们来给大家看一下吧。主播这么漂亮，非要做你女朋友，怎么记得了？我也不是非要做你的女朋友。哈蒙你放心，放100个心在肚子里，一定不会让你为难的。来山河岁月刷边本长亭，久等了，久等了。这个刷边本的刷边给大家看一下，寓意着祥和安康、幸福美满的敦煌卷草文会这本书是我们的新书，是我们的新书。这个是正儿八经的林徽因的传记的故事，比市面上那些用八卦、用情感史来博人眼球的要正同不少。作者是林徽因的亲外孙女于葵老师。这本书在今年这个时间点上市，也是因为今年是林徽因的诞辰120周年。今年好像还是蛮多名人的一个纪念年的。除了林徽因，我记得好像还是契诃夫，还有杨绛。对对对，还是挺多名人的一个纪念年的。大家都可以多多关注一下这些名人的书籍，好吧？您多多关注一下人民文学出版社。这本书里面还有很多非常优秀的内容，然后都是第一次出版，比如说他的珍贵的影像资料，比如说梁启超、林长鸣，梁思成的父亲和林徽因的父亲写给他们的一些书信。这些都是首次的披露，首次的公开发表公开的出版物。林徽因这位大才女，她其实不仅仅是感情史非常的灿烂，非常的辉煌。那他对中国建筑史这方面所做的一些贡献，然后包括他本人的一些坚韧的精神，他本人求学的一些故事，其实也非常值得我们大家去了解。你了解了之后就会发现，林徽因这个瘦弱的身躯，这个小小的身体里有非常大的能量。它既能够作为这个普通的家庭主妇，照顾好自己的家里，不仅仅是自己的小家庭，然后还有她在林家其实也是长长姐长姐如母。他在曾经父亲母亲都不在自己身边的时候，承担起了照顾全家人的责任。然后除了非常常人化的这一面，他还有舌战群儒的这一方面，这说明他聪慧过人，能言善道。还有就是他的知识量很博学，很庞大,山河岁月（林徽因传记）
不然为什么那些大才子们辩不过她呢？一方面是有出于对女性的尊重，另一方面也确确实实是林徽因很能说，说的也是让人无可指摘，无法反驳。还有一方面就是他身上那种坚持，他坚持要去学建筑师，哪怕当时世界上都没有女建筑师，她也要去做这第一个人。她身上有太多的故事是值得我们去学习和了解的。了解了他之后，你就知道为什么世人都偏爱林徽因了。定价148。刷边版和模版的区别就是在我们的三边，我们普通版的就是没有任何的刷口。如果大家只是单纯做阅读的书籍，那普通版就可以了。如果说大家对于书籍是有收藏或者对颜值是有要求的，建议大家去买这个一版一印，限量2000册的刷边版。因为它很珍贵，我们我们大概率只用这一次，我们大概率只用这一次。但如果继续印了刷边的二印，那也是二印的了，好吧，也是二印的了。但是这个是一版一印的刷边，我们现在大家买到的非刷边的都是二印的了。因为一印的非刷边版1万册早就已经卖完了，早就已经卖完了。我们印刷三阳二拍，霸王别姬。那一套早就做升级了，很多东西它旧了，它就升级了。对，我们还在印芙蓉镇。芙蓉镇芙蓉镇又是一个讲60、70年代的故事。帽子能上链接吗？帽子你去环球影城去买去这个帽子是环球影城的侏罗纪公园里面的那个帽子。你看后面还有小恐龙，还有我们的小恐龙，好吧？长亭如果您拍了的话，记得给我打个已拍，让我知道一下好不好，了解一下，荒野上的大师，我们没有。好漂亮的手啊，真的吗？怎么会有人夸我的手好看？你真的看清楚了吗？来吧，讲我与地坛，我与地坛刚刚讲完了，刚刚讲完了，想听听彼得兔这个彼得兔的故事是吧？这个Peter rabbit可以给大家说一下，这个也是非常适合孩子们去读的一本书。它是世界儿童文学长廊里一颗璀璨的明珠，一只名叫Peter的rabbit。那只小兔子它非常的调皮，它就跟我们小朋友一样，就是五六岁七八岁的小孩一样，他有自己的世界。他妈妈告诉他不许做什么，他就偏偏要去做什么。然后有一次在逃到在跑去邻居家花园的时候，正好碰上了那个花园的主人，就是两个人。然后那两个人一见到兔子就就很就很暴力，就想要抓那个兔兔。然后Peter就是在这种慌乱之下，把自己的小鞋子也跑掉了，把衣服也跑掉了，然后跑回家里面，然后他妈妈就知道了。你又逃出去乱玩，跟你说的不能去邻居家的花园，你偏去。但是他也在这样的一些冒险过程中结识了非常多的朋友。比如说什么小鼹鼠、猫头鹰等等等等,山河岁月（林徽因传记）
这个故事它是非常经典的，可以算是动物小说吧。一百多年了，这个出版问世已经一百多年了，深受全世界范围内的小孩的喜欢。我们人民文学也出了这样的一个版本，是带top的版本，而且赠送了大家一份磁吸的拼图。这个书封和这书封上是有磁铁的。然后我们的这个磁吸拼图就吸在我们的书上，它的背面有一些英文，然后正面是这个图案的设计，可以买回去跟孩子一起玩，好吧，一起去拼一拼我们的这个小兔子内页用的是纯质纸印刷，有非常漂亮的彩色插图。我们的字号是五号字，排版输了，定价是199，直播间不到100块钱给大家包邮。大家如果要买彼得兔的故事，这个版本确实是比较不错的一个版本，也非常适合送礼。大家拍了的话就打已拍好吗？拍了再打已拍。逢春的事情四大名著几个版本能介绍一下吗？稍等一下好不好？爱丽丝，对，其实就是开本大小和插头区别没错。你拍下一个安徒生童话，有吗？我们先上了吗？二十号唐诗三百首。好，20号链接，去看20号链接。好吧，20号链接我们的安徒生童话。好，已拍，感谢朋友们的支持。彼得说这版本大人，对，其实我真的觉得有很多的童书是很适合大人的，大人未必不能看那些童书。我们人民文学出版社就咱们这个直播间给大家推荐的一些童书，其实不是那种低龄的，就不是很幼稚的那种低幼的。是其实像娜娜尼亚传奇，像哈利波特，像刚刚我讲的那个彼得兔的故事，甚至像我给大家推荐过的什么男孩的冒险书，然后还有那个儿童百科全书，我觉得大人也可以翻一翻，我敢保证很多东西大家都不知道，然后这都是面向儿童的一些科普。然后他因为是面向儿童，面向青少年，他就会写的很有趣，他就有很多的图，那大人接受起来是相当的简单的，那人简单一番怎么很快的对，是的，确实是。好吧，除了20号的安徒生，暂时没有其他的安徒生童话了，好吧，只有这个版本。如果你要安徒生全集的话，我们暂时只出了这个版本，其他的版本的安徒生都是选集。流水草木好不好？直接拍这个就可以了。行，呼兰河传不用说了，呼兰河传直接去拍就可以了，直接想看呼兰河传的拍拍回去看就行了。然后乡土中国这个书也是一本，它是带详细解析的。因为乡土中国其实没有那么好读懂，所以给大家选了一个详细解析版，有名师的指导。红楼梦珍藏是假成本吗？不是，假成本有这个本子吗？是手抄系列中的一个吗？我们的珍藏版，我们给大家说一下四大名著的版本，对吧？版本给你们说一下。那个伞确实是上不了，是吧，好好的,山河岁月（林徽因传记）
这个珍藏本是前80根尘后四是陈甲的一个本前80根尘后四是陈甲的一个本子。它的学名叫做有一个简称叫做红颜所校注本是红楼梦研究所的二十多位专家集体做注释，集体做焦点，打造的一个本子，也是学界业界的天花板的一个版本。就现在考试试卷，然后学生们学习的红楼梦的选段，均出自人民文学出版社的这个版本。这个版本是人文社的独家版权，其他出版社都出不了这版本。为什么是top跟大家解释一下，在红楼梦的这个系统中有两大系统，一个是手抄系统，一个是排印系统。排印系统就是陈甲、陈乙，这个叫排印系统。手抄系统的版本就太多了。我们红学家有一个很重要的责任和一工作，就是在这些系统之中选出更加优秀的，更贴近曹雪芹先生原著的。然后结合志愿斋的批注或者是前人的一些研究来为大家整理出版。这个版本就是在这样的情况下诞生的，它是从1982年开始就存在的一个本子好吗？这个珍藏本我们给大家打造的是16开的硬合金装，用了布面的套盒和布面的装帧设计。里面搭配了戴敦邦老师的图，而且还赠送了大家两张人物关系表，方便大家去理解这里面的人物关系。字体字号宋体小四的字号排版印刷各方面更加的舒朗。折扣方面给大家5折再包邮。大家如果说想要一个字号大一点的那这个版本是我们现在挂出的四大名著中字号相对来说大一点点的。考试是考过红楼梦的，他可能不是说拿红楼梦里面的一个选段拿出来，他是考红楼梦里面的一个细节。比如说他告诉你，他有个题目叫你是怎么看待刘姥姥进大观园这件事儿的？你是怎么请你分析一下金陵十二钗的性格，在金陵十二钗中你最喜欢谁？他会这样考你那他考你，你要答得出来，你首先得阅读红楼梦，对吧？如果你连金陵十二钗是谁都不知道，如果你连他们几个人发生什么故事都不知道，你怎么去谈你喜欢谁，对不对？所以各个版本他们的故事走向是不一样的。就比如说红楼梦的陈甲陈乙和庚辰本的本子，然后期续本的本子，对于尤三姐、尤二姐、王熙凤等人的描写他就不太一样。然后还有就是一些细节了，就是一些细节了，比如说对林黛玉的一些外貌的一个描写，是写他一双似泣含似泣非泣含露目，还是另外一种描写。这个是各个版本都不一样的。但是我们的这个红颜索的教主本，它给大家呈现的是更加贴近曹雪芹先生原著的一个内容。知己没有什么可惜不可惜的，大家不要人云亦云。这个执戟，我第一次看到这个书的时候，我是惊叹他的颜值。我觉得这种纸加上布的一个结合，非常的典雅和雅致,山河岁月（林徽因传记）
我们的纸巾你不去摔它是没有任何问题的。朋友们如果说大家觉得自己非常的脆弱，那我们在装的时候你把自己冲里装不就好了。你可以把纸给处理装这个套盒为什么给大家配了，也是保护我们书籍的一个作用。现在介绍的这个红楼珍藏本有四大名著全套的吗？有Alice请你点开我们的小黄车，我们这套书在14号链接吧，14到17号应该是请大家点开小黄车好不好？点开小黄车，点开车你就会发现我介绍的书在车里都有，你们想要的书在车里也都有啊，我感觉书写的很浮夸。人家古人就是这样生活的，人家古代的大家庭，我跟你说这叫什么贫穷限制了我们的想象。我们从来没有什么就吃一顿饭，花费好几万块钱。然后每一道菜它都有N道工序，二十几道工序是吧？这个水喝一个茶，这个水得是去年冬天画的，这个雪水存在什么坛子里，这个坛子又埋在地下，然后今年又把它什么用蒸馏水就是煮沸了之后，通过蒸馏出来的那个水，那个露珠给你泡的这个茶。我们没有这样生活过，所以你会觉得有点浮夸。但是这个可能是很正常的封建社会大家族的一种生活常态。所以为什么说它是我们中国封建社会的百科全书，就是因为这样。用ipad看不香吗？不香，当然不香了。没有就是没有这种触摸纸质书籍，阅读纸质书籍，拿到一本书拆开包装去闻它的墨香习惯的朋友们，你们当然不知道纸质书是有多香。从小生活在电子产品的这个时代，然后觉得电子产品的这种生活便利了你们生活的。你们当然不知道书籍在我们喜欢触摸纸质书籍的人心中是有多么大的分量。所以所以这个东西就真的是没办法，好吧，萝卜白菜各有所爱。国人的想象力和奢华真的是我们比不了的。看红楼梦也是能感受得到他们的那种业余生活，课外生活很丰富，读书、写字、对诗、猜灯谜、吃鹿肉、自己烧烤、喝酒，然后等等等等。这样的一些生活。因为我们现在已经没有了，我们现在在干嘛？打游戏、看电视、看电影，不过也很丰富了，也很丰富。买书能送帽子吗？不行，这个帽子是我自己的帽子。你真服了，还想送点啥？对，薛宝钗的那味药就是冷香丸。那个冷香丸。然后还有很多这里面有很多的知识，中医学，国然后绘画、国画、书法、茶文化，还有他们的礼仪，还有他们的节日文化，还有他们的服饰文化，还有封建大家庭里面的那种人情世故，中国人的那种礼尚往来这方面的文化就比比皆是,山河岁月（林徽因传记）
真的也可以，这可以就从这个角度也可以发现曹雪芹我们这位作者确实是博学多才，他很他懂很多的东西，好吧，四大名著全考了，对吧？青岛小学五年级四大名著全考了。对，你看所以没有考四大名著不代表别人不会考，不代表你的孩子不会考。朋友们，李白的诗意境真是想不到。送一签名照吗？不送送不了一点点。行来再看看刷边版本刷片的什么四大名著吗？刷编版本的什么四大名著吗？我们这空调还是有的，这个，条件还是还可以的。红楼梦行，红楼梦的这刷边再给大家看一下。来吧，推荐一下初中必读书，初中的必读书给我书单，给我书单。其实初中生可以就是鲁郭茅巴老曹的书随便读，古典文学也可以读。刚刚是不是有朋友想看看唐诗选来着？来这个书啊哈哈哈，王熙凤的西子。这个双边的再给大家看一再给大家看一下，刷边刷的是改起的图，领口和底口都是喷的纯颜色的，红色就是这个红色。然后侧面喷的改企画的林黛玉，跟我们的书封上面的图是一样的。这书封上也是改企画的林黛玉，然后里面是楼段窄的图。它的内容跟我刚刚介绍的珍藏版的红楼梦是一模一样的，也跟我们有声版的四大名著是一模一样的，也是搭配了两千多条注释，然后也是我们红岩所教主本的那个本子，这个内容都是非常优质的，都是非常优质的。朋友们西游记应该购买哪个版本？大家要是觉得直播间挂出的珍藏版的西游记价格是可以勉强接受的，你就买这个珍藏版。如果说接受不了，就可以关注我们直播间，挂出179的四大名著有声版。如果觉得我想要更高端的版本，就等到7月底我们会有一个西游记的天花板的版本。那个是我们的光边的西游记纪念版的，纪念版光边的锈迹。行，这个我们就过了。西西弗的狂人日记里收录的是呐喊小说的所有的作品，呐喊集资里所有的作品。这个我买了，感谢朋友们的支持。对，然后每一个平台有每一个平台西游记的开售时间。那我们我们这个直播间，包括我们人文社的其他官方平台，统一的上架时间应该都是要到7月底了。这都是领导的安排好吗？你问我，我也不知道领导为什么作何安排，人家可能有全局思维，全局思维打造一个不同平台的差异化。所以你问我，我只能告诉大家，我们这里上架的时间是七月底到8月初。大家如果等不了了，你们可以去别的平台去拍去，都是我们人文社的正版图书好吗？朋友们，来这套书，今天上的新书也非常推荐大家去读，让每个平台各种手账本，每个平台各送五本儿。这个手账本是皮质的，里面是可以更换的，更换的小本子,山河岁月（林徽因传记）
这个已经卖完十个了，每个平台只剩五本了，只剩五本了，29块钱给大家包邮，非常精致的一个小本子。它上面印的这个小松鼠的图案，其实是来源于我们这一套山居四季的书。这个书是自然作家，自然文学作家胡冬林老师，曾经在长白山地区生活了五年。然后在那五年他基本上每天都会去到森林，去带着他的相机去观察里面的野物，去观察里面的这个珍稀的植物、动物它们的习性，去感受他们的生活，然后在自然中治愈了自己。这本书这一套书吧做的是一个软精装，用日记的形式来给大家写。你看比如说来给大家描绘非常优美的没有被打扰的自然风光，夕阳下的金色湖面，然后写冬眠的花栗鼠冬眠的花栗鼠，然后凤头麦鸡，这是什么鸡？还有大自然的多样性，总之这本书读起来就会觉得非常的治愈。然后整个人的时间都慢了下来，不再会被世间的纷纷扰扰所所所打扰，不会在为世间的这些烦恼所烦恼，就会让人觉得这个世界上在我们国家东北有一个地区，那里的小森林茁壮成长，自由无忧无虑绿，然后那里的空气每一口都是纯净的，这个氧含氧含量非常的高，就是会觉得很向往那样的一个平台和环境。这套书也是我们出给所有的小朋友大朋友的一本治愈之书和认识动植物的书籍。他也曾经获得过中国好书奖。用日记的形式可以去看一看长白山的春夏秋冬。如果有机会到长白山去，也可以去那里带着这本书去那里认识一下这里面的动植物，好吧。手账本就是跟这个是同款，29块钱再给大家看一下。内页有牛皮纸，然后有这个有这种横线的本子，横线本子，然后也有空白纸。他们送了一个袋子，前面送了一个，这叫什么卡夹是吧？卡夹可以更换，就是把这个本子从这个线里面弄出来就可以更换了。你用完之后是可以更换的。朋友们，皮质的上面有个特别可爱的小松鼠，这套书很便宜，其实定价才定价168，直播间才59块钱给他包邮。这个本子也是给大家打过折的，我们只剩下不到10本了，对吧？两边加起来不到10本了，29块钱一本儿。买书买回去送朋友也可以，好吗？四大名著还得看人民学出版社。是的，感谢金华学院的推荐。唐诗三百首，唐诗三百首可以，稍等马上好不好？没有人文社logo，这个本子就没有人文社logo了。这个书是有的，人民文学出版社天天出版社。人文社旗下天天出版社出的，但这个本子也是我们做的，放心，这是我们自己做的本，虽然没有做那个人文社logo。对，好，这个我们就过了，这个我们就过了。主播为什么要扣个帽子？这是我的造型。对，姐妹今天戴帽子,山居四季
唐诗三百首是详细的版本，是不是？详细版我放哪了？我咋又找不着了呢？唐诗三百首详细版。在这儿来吧，杏花微雨万历15年没有。这个详细版的唐诗三百首，它也是人民文学出版社的人文传统经典系列的一本书。这个系列的书真的出的挺好的，我觉得特别适合对古典文学感兴趣的朋友们去入门。唐诗三百其实是清朝的时候就存在的，一本诗选，一本书是由清朝的横唐退市去选编。从五万首唐诗里精选了300首。这三百首是我们一定要去会背的，而且是好背的这样的一些诗集。这个版本的特色在于我们对每一首诗做了注释，对每一位诗人做了一个小小的小篆介绍，还有对每一首诗进行了一个解析，是帮助大家去理解诗，真的是学生的一本入门书了，所有的学习资源都非常的到位。大家如果想要读透唐诗三百，想要知道这个诗的背后有些什么的情感和故事，这个诗到底写的哪里好。他从文学的角度，从这个诗的背景知识这方面进行了一个拓展。相对来说比较适合初学者，定价是58，直播间的话应该是34.8块，给大家包邮。大家希望大家喜欢，好吧，希望大家喜欢。雪国稍等鹏稍等。然后长乐长安稍等。四大名著的这个版本。对，其实我们直播间挂的任何一个版本内容都是一样的，文字内容都一样，就是颜值、收藏性、纸张、插图的区别。您总结的非常好，确实是这样。然后推荐大家读红楼梦，选择优先选择人民文学出版社的版本，不仅仅是红楼梦，就是四大名著也是这样的。四号车是什么书？林徽因是吧？来好看，感谢朋友们比心。新华微语我讲完了，我不知道您还在不在？在的话给我一个反馈，拍了的话就给我打个已拍好吗？给我打个已拍，这个我们就过了。然后林徽因和我们的四大名著是吧？行，再给大家说一下。看来四大名著的诸多版本把大家都绕进去了，赶紧把它给卖了。我们跟大家说一下，我们的四大名著是其他的任何出版社都没有拿到的版本和资源。首先我们的四大名著的版本整理工作就花了好几年的时间。而且我们是优中选有去对去校对这些版本，去整理这些版本。不光红楼梦有很多的版本，西游记也有很多版本，三国也有很多版本，水浒也有很多版本。因为这一些作品其实从元明时期它就已经存在，是脱胎于元明时期说话人的话本。当时讲话它不是像我们这种直白的说话，它其实是一种艺术，是民间老百姓的一个游艺的娱乐活动。然后这些故事，也是脱胎于很多前日前朝的一些书籍也好，一些流传的故事也好，属于一个民间口头文学。然后慢慢衍生成为了我们的这种小说文学，所以他版本很多,唐诗三百首（人文传统经典系列）
那我们怎么去选择优质的版本呢？这个就需要很多的人力物力和财力去做这样的一件事情。人民文学出版社在整理四大名著方面，是做的top早的，而且也是获得过中中国古籍国家的古籍整理大奖的那多个版本都是人民文学出版社的独家版本。就比如说我们的红楼梦，这个是最具代表性的，前八是跟陈家后嗣是陈甲的这个组合本。它有个别名叫做红岩所教住本。这个红岩所教主本它的全称叫做中国艺术研究院红楼梦研究所的版本，人民文学出版社独家。没错，最早四大名著也是我们提出来的。因为我们在六大名著之中，哪六大？除了这四部，还加上儒林外史和聊斋志异，这个是文学史上的六大名著。我们从这六部名著中，优先选了这四部长篇白话文小说的长篇来去进行整理。所以现在大家都知道四大名著，你们都不知道六大名著了也是因为人文社在50年代就推出了四大名著，长达几十年，大家都是接受四大名著的这个概念好吗？所以四大名著为什么要看人民文学出版社家的？首先我们是文学出版社，我们出的最早，我们出的非常的专业，非常的全某威。我们内容质量足够好，我们经受了读者学界业界的认可。现在考试考的学生要学的选段也好，内容也好，均出自人民文学出版社的这个版本。我们直播间给大家挂的这些版本，刚刚我们有朋友总结的非常好啊，文字内容都一样，但是插图装帧、颜值、收藏性完全不一样。如果说朋友是要买给自己的孩子，我买一个便宜的，我们就买这个有声版就可以。它也是我们唯一一套搭配有声音频的版本。这个音频和里面对四大名著的讲解视频课，是大家可以终身免费去看的，免费去听的。这个完全送给大家好吗？完全送给大家。四大名著典藏版，然后四大名著的珍藏版，还有我们刷编的红楼梦的那个版本。如果喜欢高颜值的可以去对比一下。那两个版本更喜欢带盾包的图，还是更喜欢榴弹宅的图。喜欢带盾邦的图就去拍14号到17号链接的珍藏版。喜欢字体字号大一点的，我们也去拍珍藏版，好不好？雪国社其他出版社的朋友稍等一下，等我一下。新中国的文学出版事业从这里开始。对，没错，梅子听小曲儿这是我们的slogan。人民文学出版社也是出版级的国家队，国家队给到大家的资源肯定是非常厉害的，是其他出版社没有的。杯子没有链接，帽子没有链接，口红没有链接。这也不是手链，这是我的一个发圈，也没有链接，就大家自己去某某宝或者抖音上面去搜去。对，索性买个天花板。天花板是什么呢？天花板其实是我们的纪念版，是我们的纪念版,废话
然后长乐长安如果您是刚来的朋友，您可以关注一下七月底的直播。七月底我们会给大家上纪念版的，也就是四大名著的天花板的版本。如果大家喜欢喜欢四大名著，但是可能觉得纪念版的价格有一点儿太贵了。我们买个珍藏版的，其实就可以，珍藏版的415半价还给大家包邮。长乐长安，你可以去我们的抖店或者其他平台搜一下三国演义纪念版，红楼梦纪念版就能看到了。好，我们这个就过了。主播有没有链接？主播没有链接，主播不是物品，你又在物化我了，谈谈。飞向太空港我们暂时没有，这个我们就过了，可以吗？四大名著我们可以过了吗？雪国需要说吗？简单说一下。对，雪国不是我们人文社的，而且只有这边有。雪国那个书，你找一找。雪窝那个书。这个可能被物化的都是优秀的那不一定。来介绍一下我们舍友蛮多版本都还挺好的。我直播间一直给大家挂着这个赵伯韬老师的聊斋志异。我真的觉得从内容上来说，可以说是吴某迪好吗？我真的非常推荐，我都推荐烂了。这个赵博涛老师的一会儿给你说一下，我来这里。然后还有一个更专业版的，任笃行老师的聊斋志异，我也很好。这两个版本它是走的不同的路线。我一会儿先给大家讲那个聊斋志异好吗？手上捧着明珠是吧？这个好这个好，来雪国，雪国刚刚那朋友好像也不在了。这个是行，简单说一下，这个是定价108，直播间有优惠，抖音平台才有。它是南海出版社出版的一本书精选，川川康城top出名或者top有代表性的一些作品。像雪国、伊豆的舞女、母亲的初恋、千羽鹤，这些都是她特别有代表性的一些作品。川端的文字，你从他的文字里面就能看到大和民族的那种文化和民族的气味，民族的特色。但是有一点丧丧的，然后有点阴柔，那种淡淡的哀伤，读完之后淡淡的哀伤，然后自然风光非常的秀美，人物的感情非常的内敛，这个就是川丹康城笔下的人物和故事的一个整体的风貌。这个版本是一个典藏纪念版，它有套盒，并且现在应该还是逆境的，应该还是一我们给大家赠送了一个川端自己画的人物画像，他自己的自画像。这是一个小小的参数票，还有一份川端手写的雪国第一句话的一个书法的影印版，印在这种特种纸上，可以把它裱起来作为一个小小的装饰物。这个也是正儿八经的收藏品。我们南海出版公司的编辑老师们在打造这套书的时候，就是专门拜访了这个藏品的收藏者，然后跟他说我们印一些作为一版一印的读者，他的一个小小的礼物。那从二一开始，这一份书法作品就再也没有了，还会有这个小巷，但是这个书法就没有了,雪国（南海出版社典藏纪念版）
我们这个是做了一个套盒，套盒版打完折也就才48块钱的一个价格。在这样的酷暑天大热天，读一读川关的文字，读一读它对于雪国的刻画，让我们整个可以清凉下来。好吧，雪国不知道不理解想说啥是吧？很多的文学作品其实大家不用去追求它到底想说什么，感受他的文字就可以。就比如说很多王尔德的作品，然后还有一些意识流的作品，你真的能从里面读到一些什么吗？可能也就是不同的读者对他的理解。不一定，所有的读者都能够读出一些什么内容。但是其实文学就像我昨天跟大家说的一样，它是艺术的一种形式。文学如果能让大家感到放松，能够让大家在这种现实的生活中暂时逃离出来，然后能够让大家对一个更理想的世界抱有幻想和期待，我觉得文学的作用就已经达到了。真的很多的文学作品它是没有意义的，就是文学它也是艺术的一种，它也是无意义的一种意义。你说去博物馆去欣赏那些现代派的画作有什么意义吗？你说那些作品你能够看出作者想要传达什么吗？你不一定能够看得出来，但是我相信总会遇到自己和自己对位的，能够让自己震撼住的一些作品。文学也是需要和大家相遇的，你为了遇到你的那个文学，你为了能够遇到和你能够产生共鸣的一些艺术，你肯定是要去看一些可能暂时没有办法引起共鸣的一些内容。所以就是去欣赏就好了，去看就好了，慢慢来好吗？假以时日，我都快要退出直播间了，我感觉我估计我等不到这一天了。百年孤独就不太看得懂，百年孤独其实很好理解的，它其实就是一个家族的故事，只是那些人物的命运特别的相似，或者是那些人物的名字特别相似，让大家绕进去了而已。但其实百年孤独它就是用一个家族这种永远也摆脱不了这个家族命运的这种相似性，在告诉大家每个人生而是孤独的。他其实也是通过这个家族的历史在讲，拉美的文化和拉美的历史其实还是相对来说好懂的。我觉得反正孤独在这种跟其他的作品比起来的话。有朋友说你的声音很磁性，林徽因，好，林徽因来给你们说一下。为什么要退出，坚持不下去了，快要崩溃了，每天都游走在崩溃的边缘。来，林徽因给我们这位写金生介绍一下。这么着急不让我扯闲篇，在这帮领导监督我工作是吧？两个版本都给你们看一下，想要没有对书籍有任何收藏需求的，你们拍一个88块多的就可以了。他们俩的内容是完全一样的。如果说大家对于人民文学出版社一版一印刷边限量版有执着有追求，或者是特别喜欢我们这个刷边的颜值，觉得它寓意很好，团你就不团结美满是吧？这幸福和平这个安康吉祥，觉得寓意特别好,林徽因（相关版本图书，但未明确具体版本名称相关表述，根据前文推测）
然后我想买一本放在家里面，颜值也很高，欣赏。就是翻完它的内页之后，和尚放在书架上仍然觉得它非常的好看，想多看几，那你就买这一本。这一本的话比我们非刷边的要贵20块钱，因为确实这个刷边很复杂，它的工艺成本还是在那里的，定价都是148。内容都是林徽因的亲外孙女于葵老师亲自为自己的外祖母做的一个传记。把林徽因从童年、少年、青年，然后中年，从他求学然后到成家立业，这个一辈子也不算特别长。好像离婚也是四十多还是五十多就已经去世了。这一辈子把它描写出来，刻画出来，并且给大家展示了非常多它珍贵的影像资料和非常私密的一些书信的那我们欢迎大家买这本书好吧？对林徽因感兴趣的朋友们都可以看看，都可以看看这本书。有朋友已经买了，已经收到了，非常好看，对不对？确实读完林徽因的故事，你才能够理解那么多人喜欢林徽因的原因。它里面的图片好，我对刷边有兴趣，但对包装有顾虑。那所有买过刷边版的朋友们，你们告诉一下尖家这个包装怎么样如何好吗？看一下里面的照片，这里面的照片非常多，有点翻不完。我这么大概给您翻一翻，你发现这个照片的体量还是非常的大的，然后还有一些书信的一个影印版。都是一些旧照片，我们也是用了修复的技术，所以这些照片这么的清晰。哈哈一和唐王兄是好搭档，唐王兄是我们的编外人员，他不是人文社的职工，他是非常热心的粉丝，非常非常热心的粉丝。对，聊斋志异马上给大家介绍好吧？然后我们的这个哇塞你再问一下，你再说一下你说了个什么？前提是知识渊博。然后前面那一句话我就没看见了，夸了你一句没理，夸了我一句没理他。然后五号链接是动漫吗？能不能看看内页？五号链接不是动漫，它是一本图文并茂的书。花艺生活你稍微等我一下，因为那个是我刚刚讲完，刚刚讲完，我们先给大家讲一下聊斋志异，然后讲我们五号链接的这个长白山的这一套好不好？装帧非常精美，值得入，感谢。他想想，对很多人对林徽因和梁思成是有误解的。真的可以看一看，这里面也有记录很多林徽因和梁思成恋爱的一些细节和美好。这样的一对神仙眷侣，他们也不是没有冲突的，他们也曾经差一点点就分道扬镳了。然后大家也知道，在这个过程之中，徐志摩也对林徽因产生了一些感情。当时徐志摩也是结婚了，娶的是一个自己并不喜欢的女人，这也是父母之命，媒妁之言。然后他就对这种有新思想的，热烈的像火一样绽放的这样的林徽因感兴趣，但是回望自己家里面取的是一个裹小脚的旧思想的女人,山河岁月（林徽因传记）
所以对于徐志摩来说，他肯定会被林徽因深深的吸引。但是他又有婚约在身，所以就会发生很多浪漫的故事，没办法再喜欢别人了。但是林徽因在在这个过程中，她也是毅然决然的就知道了徐志摩有妻子之后，他也是主动的很勇敢的退出了这段感情。他还写了一首诗，那首诗写的就是他就是拒绝徐志摩，大家可以去看一下他的这个传记，好吧？聊斋志异我都买了几十本书了，没有一本是磕碰的。感谢朋友们的反馈，大家放心，我们会对会乱弄的就可以联系我们客服再换。湿巾是有的。杨树，26、14、64号链接点进去，进去可以选诗经、楚辞、论语、孟子，这些经典都有。对，这个运输确实是跟快递有关系的。先跟你说海豹君，那是一本特价书，三五折的慈禧太后的传记，一会儿再跟你们说。好，来这个聊斋志异，我真的非常推荐大家。如果你让我去评哪一套聊斋志异，好的话，包括外设的一起评，我真的非常强推这一套。赵柏豪老师的聊斋志异，就是这一套的内容和它的知识性，你放在市面上和任何一套聊斋这一次比，我相信都是啊都是能够比得过的。很想说无敌手就真的很能打。聊斋志异是近400篇近500篇的文言文小说。这一套书长达266万字，有可能六千多字的，六千多页了，还是四千多页？我看一下，四三千多页记错了，三千多页266万字，定价420，直播间半价210。它为什么这么多？不是这个文言文故事有266万字，而是我们赵博涛老师他花了十几年的功夫为每一篇做注释。这个注释的体量，你放到任何一家出版社的聊斋志异跟同款去比都是能打的。朱志强特别的大，大家简单看看好吧。具体到里面出现的一些人物人物，然后生僻的字词，一些方言，对都有。而且生僻字或者多音字我们会标一个拼音。除了注释的体量，我们还有一个内容非常厉害，就是赵老师他的他这个毕生绝学。好吧，毕生的这个学问都在他的简评里面。这个简评不仅仅是对每一篇聊斋故事内容主题背景的一个介绍和分析，他还把在文学上，然后这个故事里面提到的一些社会学的现象，一些物理学、天文学等等这些学科的内容都给大家串联起来了。所以我们有读者买了这套书回去之后，就把它誉为聊斋志异的百科全书。你要想读懂聊斋志异背后的故事文化，以及更多的一些信息，把很庞杂的一个知识串联在一起的话，就买这套书,赵柏豪老师的《聊斋志异》
我们很多资深的读者，什么百条河，最近也没看到他了是吧？百条河，然后我们这个韩一总，这都是我们一些资深读者常年流流窜到流窜于各个直播间的，都在等这套书，都非常喜欢这套书，并且也都买了这套书。所以大家可以跟着他们的选择去做选择。对，赵老师的点评真的很给力，就是我也是看了赵老师的这套书的点评才知道。然后他至于背后有那么大的学问，就是每一篇他不能够当成简简单单的虎尾花的故事来去讲的，来去看的。也不仅不是简简单单的爱情故事这么的简单的。它后面有很多的社会风俗，有很多蒲松龄想要传达出来的一些东西。我们可以去看那个简评，这套书真的非常好。三千多亿266万次定价就是410。直播间的话是半价2 420，定价是420，直播间210给大家包邮好吧？最喜欢的书就是聊斋和红楼是吧？刚刚要我讲这套书的朋友，你还在不在？在的话在的话拍了记得跟我说一下，已拍好吗？小胖读书日记又在问四大名著了，是不是？来这个我们就过了，全套的毛线，我们没有。山之四季我们那个本子还有多少？三套哪边行？OK这个还有最后的三个链接。这个是我们的一个手账本，外面是皮质的，里面是可更换的。这个手账本的内页非常漂亮，然后为什么给大家推这个手账本呢？因为这个手账本的打造来源于我们这套书，就是我们刚刚有朋友问到的山居四季。他是人民文学出版社旗下天天出版社出版的一套书，是我们的自然文学作家胡冬林老师。曾经在长白山地区他住了五年，在那里养病。每一天都会去到森林里面去走一走，带着他的相机然后去拍那些小动物们，去拍那些植物们。比如说有蘑菇，然后还有什么长白山，还有什么那些野生的什么人参那些东西去发现。对，就是这一套动植物的笔记，然后也是他本人的日记。你在里面就能看到很多，就是从春夏秋冬四季的变换，然后春夏秋冬不同的季节，这些小动物们它们的习性，有非常漂亮的插图。这个是这个画的应该是山猫。山猫比我们家猫体型要大，而且山猫的动作更加的敏捷。有我记得有一次胡老师去到森林里面去看山猫的时候，他发现那个山猫远远的就发现两条冰冷的光线在照他。他顺着这光线一看，一只体型硕大的山猫正蹲在树枝上，然后盯着他。好，就在看，就在观察他到底要干什么，就很好玩，就特别有意思。这里面记录的一些动物、一些植物，我敢保证是大家都有见过的。对于一些生僻的字词，我没有注意啊，它的排版各方面非常的舒朗。对，还有狍子，袍子是不是也是东北的特产，新疆没有办法配送，非常抱歉,赵柏豪老师的《聊斋志异》
书局的聊斋志异他可能他应该是个权重权益的一个版本是吧？他们是不是有翻译？我没有太看过书局的聊斋志异，说实话。但是文学类的书朋友们，我们为什么叫做人民文学出版社？就是我们专注于文学出版的这一块。大家如果说买过人文社的书，又买过其他出版社书，你对比就会发现，人文社的文学的内容确实是做的会比其他的出版社好啊。我们就说文学这筷子，文学给到大家的，就比如说我们的赵伯韬老师。聊斋志异这个注释的体量和这个点评。我相信中华书局的那一套是没有的，好吧，是没有的，也不能说书局的那套聊斋不好，就是他们有他们的一个卖点，就是他们有译文，我们是没有一本的。人文社也靠直播吃饭了，悲哀，为什么悲哀？为什么大家看这个问题总是看到不好的这一面呢？可以看到好的那一面，人文社他也紧跟潮流和时尚，对吧？他也是想要跟人民站在一起，跟我们的读者近距离的接触，对不对？事物是有正反的，every coin has two sides，我们要look at the bright side，不要老是只看到不好的那一面，那不好的那一面肯定还有好的那一面。太阳的暗面就地球的暗面，背过去就是阳面。买书送本子吗？本子不送，本子要卖的。朋友们，这是我们的文创，这特别便宜，定价是168，直播间才59。这个文创其实是打了折的，给到我们直播间的折扣是一个市场的低价，是一个其他平台都没有的一个价格。我们最后就剩三本了，这本子还蛮受欢迎的。还蛮受欢迎的，29块钱。对，你说的也是大实话。我们现在文学确实没有80年代那么的繁盛了。80年代那是一个小高潮。现在确确实实因为大家的注意力被很多的别的东西吸引，再加上也是因为为什么80年代是个高潮，因为60年代70年代无书可读，60年代70年代的那些人他们经历了些什么？好吧，我不能再说了，就是那些事就80年代之前的人读一本书是很困难的，然后大家的也没有那么多的好书可以读，所以80年代有了一个小高潮。然后80年代也成长出来了很多的或者他们对于那个年代他们经历的事情很有感悟，所以写出了很多刻画人性的很深邃的一些内容。我们现在大家都在疲于奔命，没有太多的人真的沉下心来去思考，人到底就活在这个世界上，到底需要什么？文学的没落，这个是很正常的一件事情,赵柏豪老师的《聊斋志异》
但是我们也希望大家为了让文学不没落，我们还是把书捡起来，好吧？把文学捡起来我们可以多读，就靠大家的传播了，好不好？靠一个人、两个人，光靠一个出版社的官方直播平台可能能力有限。就是靠大家的推动和带动了。你们对纸质书籍有多支持，我们这个文学就能够有多繁荣。如果大家都不支持指数了，大家都有别的渠道了，支持别的渠道的一些电子的一些产品了，那那可能这个就只能没落下去，就是这样了。印刷一些电视剧原著，我们有啊马上要上映的亚瑟王亚瑟的这个电视剧。然后包括已经在上映的庆余年，包括曾经上映过的三生三世十里桃花回想，然后还有那个那个叫什么来着？如懿传，我缥缈缥缈录，我们都有出面埋伏，十面埋伏也会上对大奉打更人哈利波特哪买哪个版本好呢？小孩十岁，您的孩子爱不爱读书？如果爱读书的话，直接买中英双语。如果还对书籍有一些畏惧的，买彩绘，买彩绘。为啥我家小黄车里有别的出版社？书图书行业必须要团结起来，如果不团结起来，我们只卖人文社科书，那慢慢也会被大家抛弃的好吗？图书行业必须要整体团结起来，我们才能够冲出这种困难。现在只靠某一家国企是很难去唤起大家对书籍的热爱的。所以我们要在自己的直播间也推荐一些其他同行的好书，好吧，行吗？这个回复你满意吗？怪异的帽子，这帽子这么帅，怎么是怪异的帽子？我是今天不想做做造型了，又不想扎头发，这个马尾扎多了，这容易突。我都已经快秃了，所以我戴个帽子好吧，戴个帽子。58号链接的白鹿原是51版，是97年获得茅盾文学奖的那个版本。你想看的德明，他们买不到。好，有什么好看的书推荐没？好看的书那太多了，天天在推荐。有朋友说这个日记看看那页是吧？对不起，杨叔看看给你看看没看见，看一下内页排版，然后看看它的插图，它这个插图真的很漂亮，还有一些实拍，这些实拍都是胡东林老师在长白山拍下了，然后有长白山的知识手册，就是给大家科普长白山的动物们、植物们。这个就是凤头麦鸡，好可爱。凤头麦鸡它是鸟纲，长白山乡民叫它赖鸡毛子，它的声音是枝嘎沙根，这是吱嘎沙根，好好玩，山楂海棠。对，看好了吗？除了这些实拍图，它还有一些插图，插图。再给大家说一下，这个本子29块钱笔记本也看一下。好，戴帽子也秃，就是该凸都会凸，是吧？脱发这个问题真的是。不知道咋整，这本子是可以更换内页的，把这个本子从这个绳子里面拿出来就行了。然后你再买一个新的，再套回去就可以了,废话
赠送了一个卡夹，还有一个你可以放笔，放一点什么这个便利贴的地方好吗？就是这样的一个门子，它外面是皮的。新书，我们的新书哲学人生没有然后下周有西游记吗？下周末周五周六下周五下周六。有什么事不要卖，别人家书也没有。我们上的我们上了也有很多中国出版集团的书，而且真的说实话我们出版社有很多的限制，其实有很多的好的题材我们出不了，我个人就觉得这方面很遗憾，所以就会为大家补充一些。这个题材真的挺好的，这个内容也是非常优质的。然后我们没有出别的出版社出了一些书，我就为大家补充一下。你如果真的不喜欢可以不买，但是如果你不买，你可能会错过很多的好书。但是书这个东西有版权，你在上面的数据也没有。我真的觉得很多的书它都是有存在的意义的，它只是很遗憾我们人文社没有签到这个版权而已。说实话商务就只卖自家的书。好好的去他们那买对，中华数据的历史书厉害。对，你看中华数据就只有历史书。你想去他那儿买个五大盒。对，刚刚是不是有朋友想让我介绍一下商务印书馆的古汉语字典和他的新的那一个书，叫什么来着？活着这本书有的，这本书小朋友可以看吗？这本书主要是出给青少年看的，就是让他们爱大自然，热爱大自然，然后学习大自然的一些怎么去描写，怎么去写景，怎么去状物。而且给大家科普很多长白山的动物植物知识。给大家看一下，我们这个出版社就是人民文学出版社旗下的天天出版社，它就是专注于青少年儿童文学的出版工作。所以他们家的书都是非常适合孩子们去读的那这套书不仅仅孩子们可以读，大人也可以读的，很好读。日记的形式来去写春夏秋冬四季的变换。长白山上有什么？夕阳下的金色湖面，这个多美。还有这个带大家认识，什么椒聊，椒聊啥玩意儿，大家认识吗？交流他就是他就是胡东林老师，就是这个书的作者。去到长白山的观察日记，59也很便宜，定价168还做了一个软精装。长恨歌我们没有那个版本文化常识词典，对吧？张老师帮大家弹下链接吧，本子和书一起买好的，欢迎。这个50 58还是59？这29 3这本子还有两本，最后两本买到就买到，没买到就没了好吗？没了，我们也不上了。对，后面没了什么就没了，没了就没了。直截了当，你觉得我们的书价格不亲民，那你是没有关注过其他出版社的书，你也没有关注过其他出版社的这个折扣。像生物老师他们这个书就是八五折，你看我们的书就是五折。对，这个书定价39.9块，然后大家打给大家打一个85折,废话
对，跟大家说一下我们的那个古汉语常用字字典，然后还有文化常识词典，都给大家更新了最新的版本。文化常识词典和古汉语常用词典它是互补的，是商务印书馆最近新出的一个一本书。这本书里面可能针对的更多的是文言文的字，就在文言文的一些作品里面，那个字是什么意思？然后那个文化常识的词典可能给大家科普更多古典文学的常识，跟王丽老师之前给大家卖过的那个古代文化常识那本书有一点点像有点类似。但是它的体量更庞大更庞大。某当都比我们便宜是吗？你说的是某当的人文社官网吗？还是某当的其他的书店？你说哪个书便宜，你告诉我，给我发截图好吧？我们也争取去争取好，对，别提了，昨天我和运营小哥哥在这儿查那个其他平台的价格，没把我气死了。我们我们自己官方平台就不说了，有一些其他的品牌，也不知道是什么店铺，也不知道跟我们有没有合作关系，那个价就是非常的乱。反正还是那句话，价格差的太多的。大家擦亮眼睛，你们千万不要买到盗版了，你们买到盗版，其实我们的工作也很难做，因为你们买到了盗版，但是你们能够查到人民文学出版社的电话，直接就给我们打电话了，然后让我们处理。但是朋友们这个不是就在哪儿买你找谁？如果不是从我们官方平台出去的，我们是没有办法去去处理的。你可以自费对你自费把书邮过来，我们给你鉴定这是不是假书。鉴定完假书之后，我们再给你们邮回去，但是我们没有办法给大家做更换的这个我所以大家不要盲目的去为了那几块钱，为了那几十块钱买了一个盗版书，然后买的全身都膈应，好吧，朋友们还是要支持正版的官方渠道。如果说官方渠道其他的平台便宜的没关系，那你就去那里买，反正都是人文社的。然后你可以过来告诉我一声，然后我就去截图给我们领导看，说领导你看人家比我们便宜，我们卖不掉是因为价格不好，我这天天给别人做嫁衣，好吧，你们也告诉我一声，你告诉我一声，发现就是比我们这便宜的，你给我们最近钱的对，就什么五块钱以下的就算了吧。这个东西脚趾头都知道这个是假的，好吧，都不用大脑思考了。链接在哪里？兜里有有辣条，你问的什么这个舒适吗？弹一下链接，111号，110 100 2111112。咱如果说最近凡尔纳作品有什么，出了一出了几本新的凡尔纳的书。咱们恋爱吧，太可爱了，你们都。年龄偏大的那个主播，其实曾经演过0.33元毛流浪记的那个三毛就是脸有点圆圆的，人家还是个名人类,废话
谈谈就中华书局的那位老师，你可以去问一下，你说您是不是演过三毛张张记？4553能帮把聊天记录或者订单发给我们吗？我们非常合适。再跟大家强调一下，我们西游记的纪念版什么时候上架，好吗？下周五6，下周五6，我们直播间会上架西游记的纪念版，欢迎大家到直播间选购。然后八月份有毛边的西游记，但是具体几号我不清楚，领导只是跟我说了八月份。对，然后4553把你那个截图发我一下，发就发我们人文社的这个号就行，或者你可以发一一的抖音的那个号也可以。没有，暂时没有字典的链接。111号和112号辣条，111和112110110和111110和111，109。对，中国古代文化常识词典这个是新出的。他们新出的就是39块钱好吗？这本书第六版的古汉语常用字字典39块钱。咋39了好吧？好的，那就是39了好吗？第四版的红楼梦去买珍藏版，或者买刷边红楼都可以。金瓶梅正版我们不卖，不像我们的读者卖。发我抖音上也可以，你发我抖音上，发人民文学出版社的号上都可以，把这个订单的截图给我们发一下。对，文化常识词典已拍，感谢老韩。开心快乐问了个什么？没有单侧的吗？哈利波特是有的，哈利波特是有的。在我们小黄车里，哈利波特不单侧卖，哈利波特不单侧卖，我们只能全套卖，开心快乐全套卖。那套古典小说会不会当福利特价上小黄车哪一套？你说的是小小32开的那一套吗？不会，暂时不会。为什么金瓶梅正版不向读者卖？不然您去问一下中某宣部门，我们收到规定就不能，就是不能要研究，没有性质，买了扣500疋，感谢比心支持。路漫漫其修远兮，是这叫什么买书如山倒，读书如抽丝。有了500的积电，还怕买不了5000的书吗？对，私信我就行了。你私信我或者你点头像给我们发个信息点头像，然后点头像就还发不了信息。不然你就关注一一的抖音，你给我发，你给我发也行好吗？一一的抖音是什么？就是一一的抖音，就是一一的投影。然后反正就是订单我们看一下，对还用问吗？电影穿少了都不让播。对，是啊，没毛病，考虑出一些性质。没有，我们会有一些文创，但文创好像暂时没有性质。好吧，我们今天就到这儿了。然后凡尔纳最近出了几本新的，回头如果有机会我们拿到直播间里来给大家介绍一下凡尔纳的作品。王明的心学，王阳明的全集有，王阳明的全集是有的。好了，我们今天就到这儿了。都买了，那就新出的你也买了是吗？那就没有，好像我也不太清楚，还有没有后续的出版计划。不客气，感谢朋友们的支持和陪伴,废话
我们明天我明天明天我可能要休息一天，我这个可能要休息一天，到时候看吧，明天要是没有直播，就是我在休息好吗？朋友们，感谢峰哥支持，你真要退出直播间吗？我不知道我还能坚持到什么时候，但是我的性格里也有一部分不服输输不服输的那个在。但是我不知道我我这个能量，我的这个理想还能够支撑我走到哪一步。反正走到哪一步算哪一步，我觉得我已经很厉害了，我已经很满足了。其实就到这儿了好吗？朋友们，我们下次直播再见，别忘了早上八点半到十点半我的直播时间，好吧？拜拜，播一天我就废了，妈咪播一天我就废掉了，拜拜，加油。,废话
