﻿original,result
围城也是有的，您稍等一下，一中间件给您上架到193号，您可以看一下，一中金建193，围城给您上架到194围在194，人世间没有货，不好意思，人世间没有。您看一下需不需要找别的？找书的朋友们可以打书名就可以了。朋友们，主播给你们搜书上架了，您不用担心说怕上当受骗，说买到假的。朋友们不会的。因为每一本书的前面或者后面都有条形码，您可以查询的是真是假，是好是坏，你一眼就看出来了。把那个字去掉，咱只卖正版新书。朋友们，我骗不到您，也忽悠不到您的。因为每一本书的前面或者后面都有条形码的，您可以查询的是真是假，是好是坏，你一眼就看出来。如果是不好或假推广，对不对？说朋友们您放心拍就可以了，正版全新的书籍。小学生必读书籍在三跟47号，小学生的您可以看一下，初中生的都在61号链接。来欢迎所有直播间的朋友们，找出的朋友们可以打书名就可以了。朋友们，主播给你们搜书上架了1到182号链接。朋友们各类图书都有的，都是正版新因素，有质量保证受保证的朋友们，还有气垫门前这些我没有必要去骗您，也没有必要去忽悠您的。反正您可以拍回去自己看。法医前面没有货，不好意思，法医前面没有货，您看一下需不需要找别的了。您在书店买一本的价格，朋友们咱的直播间可以买很多本的，1到180多号链接，各类图书都有的。盗墓笔记也没有，不好意思，盗墓笔记也没有。找出的朋友们可以打书名就可以了。朋友们，主播给你们搜书上架了1到180多号链接，各类图书都有的，都是正版新因素。您在书店是怎么样？朋友们咱的直播间也是这样的，我没有必要去骗您，也没有必要去忽悠您的。因为每一本书的前面或者后面都有条形码，您可以查询的。像这个三五块1本的，真的是倒贴几毛钱，图的就是挣一个人气价的了。小说的朋友们可以打书名就可以了。活着在104号，余华老师的活着，余华老师的活着在小黄车的104号链接，您可以看一下。嗨书的朋友们，感谢您的支持。今天下单，明天发出的，咱家都是现货速发的。找书的朋友们可以打书名就可以了。朋友们，主播给您搜书上架了，看书的朋友们感谢的支持。小学生必读书籍在三跟47号链接，小学生的初和初中的都在61号，高中的在109号链接。欢迎所有直播间的朋友们，找书的朋友们可以打书名就可以了。朋友们主播给没说书上架了，或小黄车里也可以去挑选一下了。1到180多号朋友们，各类图书都有的,《围城》
小朋友大朋友初中、高中的国学经典、历史、文学、科学、生活、小说朋友们，这书籍都有的，都是正版新书。我没有必要去骗你，也没有必要去忽悠您的。因为每一本书的前面或者后面都有这个条形码的，您可以查询的是真是假，是好是坏，你一眼就看出来了。如果是不好或假退款，对不对？说朋友们您放心拍就可以了。每一本书都是新书，有封书膜的，纸张字迹什么的都是杠杠的。您可以看一下，纸张字迹什么的都正版。新书1到180多号链接，各类图书都有的。找书的朋友们打书名就可以了。小学生必读书籍在三跟47号链接，小学生的、初中生的都在61号，高中生的109号链接。石野生老师的书12号跟139 12号链接，有他的卧地毯，139号有他的必心碎笔什么的。您可以看一下，您不用担心说怕上当受骗，说买到假的，朋友们不会的。因为每一本书的前面或者后面都有条形码，您可以查询的。拍书的朋友们，感谢的支持。今天下单，明天发出的，咱家都是现货速发的，1到180多号链接，朋友们各类图书都有的。小朋友大朋友初中、高中的国学经典，历史、文学、科学、生活、小说的书道德都是正版新书。我没有必要去骗你，也没有必要去忽悠您的。反正您可以拍回去自己看是真是假，是好是坏，你一眼就看出来了。如果是不好或者退对小朋友们，你放心拍就可以了。每一本书都是新书，有封书模的小学生必读书籍在三更47号链接。1至6年级的话都在小黄车的47号，初中生的都在61号链接7八九年级必读书籍，小黄车的61号，高中生的在109号链接余华老师的书，103、104跟105号链接。余华老师的103有一本它的十年杂文，我们生活在巨大的差距。在小黄车的103号链接，还有他的活着完成第七天去中呐喊兄弟卖血记什么的。在小黄车的104、105有他那一本18岁出门演习。您可以看一下，找书的朋友们打书名就可以了。欢迎所有的朋友们，感谢您的支持。木星的现在没有货了，不好意思，木星的要等阵子了，现在卖完了，您看一下需不需要找别的了。朋友们1到180多号各类图书都有的，都是正版新书。您在书店看到是怎么样的，朋友们，咱的直播间也是怎么样的。但是您在书店买一本的价格，咱的直播间可以买很多本的，都是正版新书。每一本书的前面或者后面都有这个条形码的，您可以查询的是真是假，是好是坏，你一眼就看出来。如果是不好获奖退给我，对吧？所以朋友们你放心拍就可以了。小学生必读书籍在三更47号，小学生的狂人日记,「废话」
有的狂人日记我看一下几号链接。狂人日记的话在那个是呐喊。在185号链接，狂人日记185号文轩回路没有货了。不好意思，这个卖完了，要等一阵子了，看一下需不需要找别的了。找书的朋友们可以打书名就可以了。朋友们主播给没搜书上架了，或小黄车里面也可以去挑选一下。1到180多号各类图书到的小朋友大朋友初中、高中的国学经典、历史、文学、科学、生活、小说，这书籍到的都是正版新作。我没有必要去骗你，也没有必要去忽悠您的，反正您可以拍回去自己看。每一本书的前面或者后面都有这个条形码，您可以查询的。是真是假，说实话一眼就看出来了。如果是不好或者退给我，纸张字迹什么的都是杠杠的。您可以拍回去自己看。余华老师的书，在103、104跟105号。余华老师的他的活着完成第七天细雨中呐喊兄弟卖血记什么的。在小黄车的104、105，还有他那个18岁出门远行。石铁生老师的书在12号跟139号链接。石铁生老师的12号链接有他的卧底塔，139有他的病兮碎笔什么的，您可以看一下。石建老师的书，在十七号古纳河右岸什么的，还有小黄车的17号链接，找到狂人记的。好的，感谢您的支持，感谢你的支持。185号链接，那个狂人记正版新书，朋友们有质量保证说保障还有欺骗某人险，这些您不用担心说，您不用担心说怕上当受骗，说买到假的，朋友们不会的。您是书名叫祝福，是吗？您稍等一下，我给你找一下。如果书名叫做祝福的话，没有书名叫祝福，没有，不好意思，书名叫做祝福，没有，有他的呐喊，呐喊就有。呐喊在48号，也是鲁迅的那个呐喊48号链接。爱读书的朋友们可以打书名就可以了。朋友们，主播给你们搜书上架了1到180多号各类图书。到的朋友们咱正版新书有质量保证，受保障的还有七点蒙选这些我没有必要去骗您，也没有必要去忽悠您的。反正您可以拍回去自己看小说的话，言情、恐怖、探悬疑，你喜欢什么类型的，跟我说一下。人间恐怖、探案、悬疑咱都有，你是喜欢什么类型的？拍书的朋友们，感谢的支持。言情小说在77跟78号，您可以看一下，言情小说77跟78号链接。渔具顶玩具190号链接，刘震云老师的渔具顶玩具，在小黄车的190号链接，您可以看一下。找书的朋友们，可以打书名就可以了。朋友们，主播给没搜书上架了，您不用担心说怕上当受骗，说买到假的。朋友们不会的。因为每一本书的前面或者后面都有这个条形码的，您可以查询的是真是假，是好是坏，你一眼就看出来,《狂人日记》
如果是不好或者退的，对不对？小朋友们你放心拍就可以了。小学生必读书籍在三跟47号，小学生的、初中生的都在61号链接。7八九年级必读书籍小黄车的61号链接，高中生的在109，木心的现在没有货了，不好意思，木芯的要等一阵子了，现在没有货了。找书的朋友们打苏宁就可以了。朋友们主播给你们搜书上架了。他可能是没有包邮的。您这一个狂热期，可能这一个可能单本的可能没有包邮的。他可能是没有包邮的，他有些个别三四块的比较远的，他就没有包邮，我给您看一下。对的哈他这一个没有他这一个单本的那个狂人记是没有包邮的。不好意思，它的单本是没有的。拍的书的朋友们，感谢的支持。今天下单，明天发出的。咱家都是现货速发的，1到180多号链接。朋友们，各类图书都有的，都正版新书。您不用担心说怕上当受骗，说买到假的。朋友们不会的。因为每一本书的前面或者后面都有条形码，您可以查询的。云边小卖部在78号，小卖部小黄车的78号链接有，您可以看一下。拍书的朋友们，感谢的支持，朋友们今天下单，明天发出的。他那个言情小说的话不止的，言小说79号链接里面很多本的。言情小说它79号链接里面很多本，您可以看一下。然后78号链接里面是有四本的哈他是一个张佳佳老师的云边小卖部。天堂旅行团，从你全世界路过，让我留在你身边，都在78号链接，您可以看一下。拍书的朋友们，感谢的支持。今天下单，明天发出的，咱家都是现货速发的，都是正版新因素。您更不用担心说怕上当受骗，说买到假的，不会的。因为每一本书的前面或者后面都有这个条形码的，您可以查询是真是假。是啊，实话你一眼就看出来。如果是不好货想退货对不对？说朋友们您放心拍就可以了，目前的现在没有货了，不好意思。余华老师的书103、104跟105号那本十年杂文在那个103号链接，我们生活在巨大的差距。小黄车103、104里面有他的活着文成第七天细雨中呐喊兄弟卖血记什么的。在小黄车的104号链接找书的朋友们可以打书名就可以了。朋友们主播给你修书上架了，小黄车里面也可以去逛一下，1到180多号各类图书都有的。黄帝内经在31号链接，黄帝内经小黄车的31号链接有您可以看一下，您在咱的直播间买书，朋友们就跟书店买书是没什么区别的。因为本身咱就是书店主播，现在是转到线上来了。我的阿勒泰已经是个跌板价格了，没有券的，不好意思，咱家是没有券。因为这些书已经是个走量的一个形式了，所以都要比书店快很多的,《云边有个小卖部》
169号链接，李娟老师的书都在169号。像那个我的阿勒泰的话，你去书店买的话是四十多张。咱正版新书您可以拍我，您可以去书店对比一下，同样的书，同样的出版社，如果说什么跟书店像几块钱，朋友们可以把书退给我的。拍了书的朋友们，感谢您的支持。今天下单，明天发出的，咱家都是现货。木心的现在卖完了，不好意思，木芯的要等一阵子了，现在没有货了。找书的朋友们可以打书名就可以了。小学生必读书籍在三更47号，小学生的、初中生的都在61号链接，高中生的在109号链接。高一、高2、高三那些名著，都在小黄车109号链接。石铁生老师的书12号跟139 12号链接，有他的博爱地毯，139有他的病息税比什么的，您可以看一下。来欢迎所有直播间的朋友们，找书的朋友们可以打书名就可以了。朋友们主播给你们搜书上架了，或小黄车里面也可以去挑选一下，1到180多号各类图书都有的。小朋友大朋友初中高中啥的，国学经典、历史、文学、科学、生活、小说，朋友们，这书籍都有的，都是正版新书。您在书店看到是怎么样的？朋友们咱的直播间也是怎么样的。但是您在书店买一本的价格，咱的直播间可以买很多本的小学生必读书籍。在三跟47号，小学生的、初中生的都在61号链接，高中生的在109号链接，您可以看一下。那找书中的朋友们，可以打书名就可以了。朋友们，主播给你们搜书上架了，或小黄车里面也可以去挑选一下了，1到180的号。朋友们各类图书都有的，都是正版新书，您不用担心说怕上当受骗，说买到假的。朋友们不会的。因为每一本书的前面或者后面都有条形码的，您可以查询的。是真是假，是好是坏，你一眼就看出来了。如果是不好或假退给我，所以朋友们你放心拍就可以了。正版未拆封的每一本书都是新书，有封书模的了，小学生必读书籍，在三更47号金榜题名之后，我给你找一下。这个书没有，不好意思，金榜题名之后，这个书咱家没有，不好意思，您看一下需不需要找别的了。找书的朋友们可以打书名就可以了。朋友们，主播给您搜书上架了，您在书店看到是怎么样的？朋友们，咱的直播间也是怎么样的，都是正版新书。你当像鸟飞往的山没有货，不好意思，这个是没有货了。还有砂石这个鸟的，都没有货了，您看一下需不需要找别的。余华老师的书在103、104跟105号。余华老师的他的活着完成第七天细雨中呐喊兄弟卖血记什么的。在小黄车的104号链。拍出的朋友们，感谢的支持,「废话」
今天下单，明天发出的朋友们，咱都是现货速发的，1到180多号链接。朋友们各类图书都有的，都是正版新书。您不用担心说怕上当受骗，说买到假的，朋友们不会的。因为每一本书的前面或者后面都有条形码的，您可以查询的是真是假，色是坏，你一眼就看出来了。如果是不好或者退货的对手，朋友们您放心拍就可以了。找书的朋友们可以打书名就可以了。小学生必读书籍在三跟47号，初中生都在61号链接，高中生的在109号链接。您可以看一下，您在咱的直播间买书，朋友们就跟书店买书是没什么区别的。本身咱就是书店卖的了都是正版新书。欢迎收到朋友们，感谢您的支持。朋友们今天下单，明天发出的，咱家都是现货速发的。您在书店看到是怎么样？朋友们咱的直播间也是怎么样的。但是您在书店买一本的价格，咱的直播间可以买很多本的。我没有必要去骗您，也没有必要去忽悠您的。因为每一本书的前面或者后面都有这个条形码的，您可以查询的是真是假，是好是坏，你一眼就看出来了。如果是不好或假退货，对不对？说朋友们您放心拍就可以了。正版新书，小学生必读书籍在三更47号。小学生的、初中生的都在61号链接，写高中生的在109号链接。您可以看一下，找书的朋友们，打书名就可以了。余华老师的书，103、104跟105号链接。余华老师的他的活着文成第七天细雨中呐喊兄弟卖血记什么的，在小黄车的104。莫言老师的书在105 106号链接里面有他的晚熟的人生死疲劳什么的。小黄车的106号链接您可以看一下。上诉人朋友们打书名就可以了。朋友们，主播给没搜书上架了，咱都正版新书。您在书店看到是怎么样的？朋友们咱的直播间也是怎么样。但是您在书店买一本的价格，咱的直播间可以买很多本的。我没有必要去骗你，也没有必要去忽悠您的，反正您可以拍回去自己看。活着在104那个余华老师的活着，小黄车的104号链接，您可以看一下。朋友们1到180的号，各类图书都有的，都是正版新书。小学生必读书籍在三跟47号，小学生的、初中生的都在61号链接。7八九年级的，小黄车的61号链接。史铁生老师的书在12号跟139号链接。12号链接有他的卧地毯，139有他的病息税比什么的，您可以看。找书的朋友们，可以打书名就可以了。朋友们，主播给你们搜书上架了，您不用担心说怕上当受骗，说买到假的。朋友们不会的。因为每一本书的前面或者后面都有条形码，您可以查询的是真是假，说实话一眼就看出来,《活着》
如果是不好，货假退给我了，纸张字迹什么的都是杠杠的。您在书店看到是怎么样？朋友们咱的直播间也是怎么样的。但是您在书店买一本的价格，咱的直播间可以买很多本，找书的朋友们打书名就可以了。余华老师的书在103、104跟105号。余华老师的他的活着文成第七天细雨中呐喊兄弟卖血什么的，在小黄车的104号链接您可以看一下，红楼梦的单本的话在102。来这个红楼梦在102，您可以看一下，精装硬壳无删减，单本的成人版的无删减的。二战时样板书不在我这里，不好意思，二战的那个样板书不在我这里，您可以看一下详情页，详情页有单独介绍，因为我这书桌就这么大，有些样板书在我这里，样板书不在我这里的，不好意思，你也可以拍回去自己看。没关系的，您收到货可以自己看你要是觉得不满意啥的，不喜欢您直接退给我就可以了。找书的朋友们可以打书名就可以了。小学生必读书籍在三跟47号。小学生的、初中生的都在61号链接，高中生的在109号链接，您可以看一下。然后欢迎所有直播间的朋友们找出的朋友们可以打书名就可以了。朋友们主播给你们搜索上架了，或小黄车里面也可以去挑选一下。1到180多号朋友们，各类图书都有的，都是正版新书。视频突击没有，不好意思，士兵突击这个系列素材都没有了，还有类似我的团长我的团这些都没有货，您看一下需不需要找别的了。朋友们，1到180多号，各类图书都有的。找书的朋友们可以打书名就可以了。小学生必读书籍在三跟47号链接，小学生的、初中生的都在61号，高中生的在109号链接，您可以看一下。好，欢迎所有直播间的朋友们，找书的朋友们打数字就可以了。朋友们主播给你们搜出上架的或小黄车里面也可以去挑选一下的。1到180的号，各类图书到的都是正版新书。您在书店看到是怎么样的，朋友们，咱的直播间也是怎么样的。但是您在书店买一本的价格，咱的直播间买很多本的，1到180多号链接。朋友们各类图书都有的，找书的朋友们可以打书名就可以了。朋友们，主播给明叔书上架了木星的，现在没有货了，不好意思，木芯的您看一下，需不需要找别的了。余华老师的书，103、104跟105号，余华老师的他的活着完成第七天细雨中呐喊兄弟卖血记什么的，在小黄车的104，知更鸟的没有货，不好意思，砂石知更鸟的没有货，您看一下需不需要找别的了。知更鸟的现在没有货了。来欢迎所有直播间的朋友们，找书的朋友们可以打书名就可以了,《红楼梦》
朋友们，主播给你们搜书上架了1到180多号链接。朋友们各类图书到的多正版新因素，您在书店看到是怎么样的？朋友们咱的直播间也是怎么样的？但是您在书店买一本的价格，咱的直播间可以买很多本的。像这个三五块1本的书，您不用质疑，一样都是正版的。主播这个书咱是不正确的，涂的就是这一个冷气架的了。每一本书都是新书，有风书模的。小学生必读书籍在三更47号，小学生的、初中生的都在61号链接。7八九年级必读书籍在小黄车的106号链109号链接。基本都有的基本都有的，你找什么书打书名就可以了。成人的基本都成人的。除去这些，这个1到180的话，基本上都承认的。您可以看一下，每个链接里面的都很多书的。像余华老师他们的书在103、104跟105号，余华老师的、莫言老师的书在106。然后白先勇细说红楼梦，您稍等一下，我给你找一下细说红楼梦的。细说红楼梦没有了，不好意思。这个细说红楼梦没有，您看一下需不需要找别的了，找书的朋友们打书名就可以了。咱正版新书，您不用担心说怕上当受骗，说买到假的。朋友们不会的。因为每一本书的前面或者后面，都有这个条形码的，您可以查询的是真是假，是好是坏，你一眼就看出来。如果是不好或者推广的对手，朋友们，您放心拍就可以了。小学生必读书籍在三分47号链接，小学生的、初中生的都在61号，7八九年级的书都在61号链接。石铁生老师的书在12号跟139号链接。12号有他的卧底盘，139，有他的必须碎笔什么的。您可以看一下，您在咱的直播间播间买书，朋友们真的就跟书店买书是没什么区别的。本身咱就是书店卖的了，都是正版新书。我没有必要去骗你，也没有必要去忽悠您的。您可以拍回去，你自己看是真是假，说老实话，你一眼就看出来了。如果是不好获奖推广，对不对？都是正版新书，纸张字迹什么的都是杠杠的。您可以看一下，本身咱之前是书店卖的，我现在是转到线上来了。这个书本都是工厂直接发出的申请，租金店铺人工方面这一块，所以书本的价格也就降下来，都是正版新书。找书的朋友们打书名就可以了。朋友们，主播给你搜书上架了。拍书的朋友们，感谢的支持。朋友们今天下单，明天发出的，咱家都是现货速发的，1到180多号，各类图书都有的。小朋友大朋友初中、高中啥的，国学经典、历史、文学、科学、生活、小说，朋友们这书籍道德都是正版新。我没有必要去骗您，也没有必要去忽悠您的。反正您可以拍回去自己看，觉得物有所值，咱就留,「废话」
觉得买亏了，朋友们没有关系，把这书推给我就可以了。每一本书的前面或者后面都有条形码的，您可以查询的。是真是假是老实话，你一眼就看出来了。如果是不好货假退款的对，所以朋友们你放心拍就可以了。余华老师的书103、104跟105号。余华老师的他的活着文成第七天细雨中呐喊兄弟卖血记什么的。在小黄车的104号链接，您可以看一下。好的，您稍等一下，我给你找一下这个大潮口诀的。大潮口诀这本书没有，不好意思，大草口诀没有，您看一下需不需要找别的了。朋友们，咱正版新书有质量保证，说保证还有气垫保险这些我没有必要去骗您，也没有必要去忽悠您的。因为每一本书的前面或者后面都有条形码，您可以查询是真是假，是好是坏，你一眼就看出来了。如果是不好或假退口的对说朋友们您放心拍就可以了。1到180多号链接，各类图书都有的。,《活着》
