﻿original,result
支持今天下单，明天发出的，咱家都是现货速发的。您在书店买一本的价格，咱的直播间可以买很多本的。活动在104号，余华老师的活着小黄车的104号链接，你当像鸟飞往山没有货。黄帝内经在31号，黄帝内经小黄车31。朋友们您不用担心说怕上当受骗，说买到假的。朋友们不会的。因为每一本书的前面或者后面都有条形码，您可以查询的深度关系。有的您稍等几秒钟，而且纸张字迹什么的，朋友们都是杠杠的。您放心，天风八百遍才知是人间，你稍等一下，还有天风八百遍才知是人间。没有来这个深度关系，深度关系在195号，深度关系，195号链接风吹哪页读哪页，在162，风吹哪页读哪页，在162。安的您稍等一下，哈德米安的好像是在108号链接吧。108号链接有哈德米安的，108号链接。盗墓笔记没有，南派三叔和天下霸唱的书都没有货，您看一下，不需要找别的了。朋友们，1到180多号各类图书都有的。小朋友大朋友初中、高中啥的，国学经典、历史、文学、科学、生活、小说的书籍都有的，都是正版新书。我没有必要去骗您，也没有必要去忽悠您的。反正您可以拍回去自己看，觉得物有所值咱就留。觉得买亏了，朋友们没有关系，把这书退给我就可以了。像这个三五块1本的，真的是倒贴几毛钱，图的就是这一个人气价的。小学生必读书籍在三跟47号。1至6年级的书都在47号链接，初中生的都在61号，7八九年级的在61号链接，高中生的在109号链接。渔具顶玩具没有货，不好意思，渔具顶玩具没有货，您看一下需不需要找别的了。成人的书，小黄车1到180多人，基本都成人的。您可以去逛一下，每个链接里面都很多书，你可以去逛一下。大连心脏有的龙族没有货，哈龙族、哈利波特都没有。您看一下，虚构下早没的了。来这个大人心脏，你稍等一下，道德故事集我给你找一下。来大人心脏给您上架到最底下。小黄车的193号，进来盗墓笔记都没有，不好意思，进来盗墓笔记都没有。看书的朋友们，感谢的支持。今天下单，明天发出的，咱家都是现货速发的。这个道德故事，道德故事集，道德故事集没有，不好意思，这个书人家没有。您看一下需不想找别的朋友们，您不用担心说怕上当受骗，说买到假的。朋友们不会的。聊斋的在172号，然后在172。花花，您稍等几秒钟，我给你找一下红墙大事，你稍等一下。看书的朋友们，感谢你们支持刘振宇老师的书没有，花花你要的书没有，花花你要的书没有，您看一下书，一下草莓的了,余华《活着》
红墙大事给您上架到194红墙大事，194号链接拍的出的朋友们，感谢您的支持。今天下单，明天发出的，咱家都是现货速发的。您不用担心说怕上当受骗，说买到假的，不会的。因为每一本书的前面或者后面都有条形码，您可以查询的是真是假，是好是坏，你一眼就看出来了。如果是不好获奖退给我了，说朋友们您放心拍就可以了。刘振宇老师的书没有，不好意思，刘振宇老师的书没有，您看一下需不需要找别的了。是说新语有的，你稍等一下。世说新语给您上架到195号。这个世说新语说心语小黄车的195号链接，您可以看一下，找书的朋友们可以打书名就可以了。咱正版新书有质量保证，受保障的还有七点保险赠险。是的，小黄车195号链接，而且朋友们每一本书的前面或者后面都有条形码，您可以查询的是真是假，是事实的话，你一眼就看出来了。如果是不好获奖退给我了，所以朋友们您放心拍就可以了。版型这个红墙图字我看一下，您稍等几秒钟。余华老师的书都在103、104跟105号。余华老师的红墙土。我的图兹有的，您稍等一下，这本书我给您上架。这本书没货了，不好意思，红枪图志没有，不好意思，不好意思，东野的书不卖了，东野书不卖了，陌生藏里没有货，不好意思。这个二次成长我要下架了，还有深度关系我要下架了，还大人心脏，这个我要下架了。没有拍到的朋友跟我说一声，我重新给您上架。朋友们1到180多号各类图书都有的，都是正版新因素。平凡世界没有，不好意思，平凡世界没有了。您看一下需不需要找别的了。小学生必读书籍在三更47号链接。初中生的都在100，初中生都在61号链接。四级英语，你稍等几秒钟，百年孤独没货，要明天了，百年孤独卖完了，要明天的。是金玉闪过，这个闪过没有，这个闪过没有，只有。闪过闪过还有我说错了。来这个司机闪过，来，我给您上架，给您看一下。193号小黄车，193号链接，40英语闪过193号链接，自身室内没有货，不好意思，自身室内没有货，红墙大事我要下架了。中国近代史在小黄车的169号，中国近代史169号链接。沃地毯在12号，史铁生老师的卧地毯，小黄车12号链接。军方说普通心理学没有，不好意思，您看一下需不需要找别的了。拍出的朋友们，感谢您的支持。朋友们今天下单，明天发出的，咱家都是现货速发1到180多号链接，各类图书都有的。小朋友、大朋友，初中、高中的朋友们，国学经典、历史、文学、科学、生活、小说的书籍都有的，都是正版新书,红墙大事
您不用担心说怕上当受骗，说买到假的。朋友们不会的。因为每一本书的前面或者后面都有条形码的，您可以查询的是真是假。是啊，实话你一眼就看出来了，如果是不好或假退给我了，而且像这个纸张字迹什么的都是杠杠的，您放心。正版新数1到180多号，各类图书到的小学生必读书籍在三跟47号。初中生的都在61号链接，高中生的在109号链接。您可以看一下。看了书的朋友们，感谢您的支持，今天下单，明天发出的都是现货速发的。三体在80号链接，刘慈欣老师三体在80号。您可以看一下，找书的朋友们可以打书名就可以了。朋友们，主播给魅搜书上架了，您在书店看到是怎么样的？朋友们咱的直播间也是怎么样的。但是您在书店买一本的价格，咱的直播间可以买很多本的，都是现货速发的。余华老师的书，103、104跟105号。余华老师的他的活着文成第七篇戏中呐喊兄弟卖血记什么的。在104号链接生活整理，我给你找一下，你稍等一下。索罗是关联器没有，不好意思，索罗是关联器没有然后生活整理也没有，不好意思。那个红楼梦在102号，红楼梦102，我没有说盗墓笔记，盗墓笔记没有货，盗墓笔记没有货。看了书的朋友们，感谢您的支持，今天下单，明天发出的，咱家都是现货速发的。您在书店看到是怎么样的，朋友们，咱的直播间也是怎么样的。但是您在书店买一本的价格，咱的直播间可以买很多本的。我没有必要去骗您，也没有必要去忽悠您的。反正您可以拍回去自己看，觉得物有所值，咱就留。觉得买亏了，朋友们没有关系，把这书退给我就可以了。1到180多号链接，朋友们各类图书都有的。毛选没有货，不好意思，毛犬没有货。视频剪辑的有的您稍等一下，剪辑的书给您上架到来视频剪辑的给您上架到小黄车的191号，您可以看一下，视频剪辑100 191号链接，朋友们您不用担心说怕上当受骗，说买到假的，不会的，因为每一本书的前面或者后面都有条码，您可以查询是真是假。是啊，实话你一眼就看出来了。如果是不好获奖推给我了，说朋友们您放心拍就可以了。下单了我地毯，感谢朋友们支持，今天下单，明天发出的，咱家都是现货，速发，感谢你的支持。云溪里湾区没有货，朋友们于区里玩具没货，都是有风书膜的。都是每一本书它都是有封书膜的，都是有风塑膜，我们放心。正版新书渔具鲤玩具没有货，不好意思，渔具里玩具没有货。刘振宇老师的书都没有了，您看一下虚无下长辈的了，拍书的朋友们，感谢您的支持,刘慈欣《三体》
小学生必读书籍在三跟47号，初中生的都在61号链接，高中的在109号链接。您可以看一下，爱看书的朋友们不要错过了。26岁女房客没有，不好意思，26岁女房客没有，您看一下需不需要找别的了。五年级的书在47号，五年级的，五年级的书都在47号链接。您可以看一下，找书的朋友们可以打书名就可以了。朋友们，主播给你们搜书上架了，您在书店看到是怎么样的，朋友们咱的直播间也是怎么样的。但是您在书店买一本的价格，咱的直播间可以买很多本的。三天半子在40号链接，您可以看一下，三年半指。找出的朋友们可以打书名就可以了。朋友们主播里面搜书上架了，或小黄车里面也可以去挑选一下了。中国经济的你稍等一下，我给你找一下。我给你找一下，看这个有没有中国经济解释与重建。这本书没有，不好意思，这个书咱家没有。您看一下需不需要找别的了。朋友们1到180多哈，朋友们各类图书都有的。小朋友、大朋友初中、高中啥的，国学经典、历史、文学、科学、生活、小说等书籍都有的。您的是什么书？草纸的您的是什么书？我这边没有看到。你的书名可能被信用屏蔽了，比如说南京大屠杀、上升史书毛你做的是打不出来，你可以把你的书名换成拼音，二年级的话看47号，二年级的书，三号跟47都是适合二年级，您可以看一下，朋友们，咱都正版协议书，有质量保证受保证的，还有七天无纹前在线。我没有没必要去骗您，也没有必要去忽悠您的。因为每一本书的前面或者后面都有条形码的，您可以查询的人类简史、未来简史，只有人类简史。有没有那个草纸？我没有看到你的书名，我没有看到你的书名。人类简史在151号，人类简史在151，未来简史，未来简史就没有货，人类简史在151号链接超车，你可以把你的书名换成拼音，把你的书名换成拼音，因为有些书籍它会被系统屏蔽的。看了书的朋友们，感谢您的支持。小学生必读书籍在三跟47号，初中生的都在61号链接，高中生的在109号链接。您可以看一下，您不用担心说怕上当受骗，说买到假的。朋友们不会的。因为每一本书的前面或者后面都有条形码的，您可以查询的是真是假。是啊，坏一眼就看出来了。如果是不好获奖退给我了，说朋友们您放心拍就可以了。小学生必读书籍在三跟47号链接，余华老师的书在103、104跟105号。余华老师的好了活着完成第七天戏中呐喊兄弟买血迹什么的，在小黄车的104号链接,尤瓦尔·赫拉利《人类简史》
人类简史在151号人类简史151，国之脊梁在小黄车的111号，国之脊梁111人类简史在151。您可以看一下，朋友们，咱正版因素有质量保证，受保障的朋友们还有七点风险，这些您不用担心，说怕上当受骗，说买到假的朋友，我们不会的。因为每一本书的前面或者后面都有条形码，您可以查询的。哈利波特没有货，不好意思，哈利波特没有货。您看一下需不需要找别的了，找书的朋友们可以打书名就可以了。朋友们，主播给你们搜书上架了。哈利波特可能不卖了，都断货好久了。什么时候有我也不知道，因为这个补货了，这个是什么时候有，是补货人员才知道，我并不知道。历史的温度没有，明朝跟汉平凡世界都没有。不好意思，您看一下修一下照片的朋友们，咱正版新因素有质量保证，说保证的还有气垫防风险这些的，不会是发不了的话，是因为地区问题。朋友们比如说新疆、内蒙向这边地区比较偏远，是发不了货的。不好意思，看了书的朋友们，感谢您的支持。今天下单明天发出的，咱家都是现货速发的。1到180多号朋友们，各类图书都有的。小朋友、大朋友，初中高中啥的，已拍的朋友们，感谢您的支持。今天下单明天发出，都是现货速发。圣殿班子在40号，链接圣殿班子，小黄车的40号，你可以看一下，找书的朋友们可以打书名就可以了。朋友们，主播给你们搜书上架了电器类的工具，您稍等一下，电器的工具书我给你找一下。我看一下有没有。电线工具书的话，现在给您看一下，只有一个。来，现在给您看一下小黄车最底下192号，您看一下合适不小？黄车的192号链接，您看一下合适吗？如果不合适的话，那就没有了。介绍历史方面的书，您可以看一下历史方面的书，28、29、三十都是历史的，还有四十多号也有历史的。您可以看一下历史方面书很多的，还有一个170 10号链接，有一本历史的遗憾，你可以看一下，就是三十多号左右，170号有一本历史遗憾，你可以看一下这几个链接。小学生必读书籍在三更四十7，初中生的都在61号，高中生的在109号。链接，小学四年级我也给你给我给你找一下。文学回炉没有货了，不好意思，文学回炉卖完了，要等几天了。文言文的来自地狱，女的没有，不好意思，来自地狱女的，没有。文言文的，我看一下。爱书的朋友们，感谢您的支持，今天下单，明天发出的。中华上下5000年5，您是几号链接？您说说的是您说的是几号链接？来这个文言文的话，给您上架到小黄车的最底下,尤瓦尔·赫拉利《人类简史》
小学四年级的，小学四年级的文言文给您上架到193号山海经。在六号链接，山海经六号，然后我地毯在12 5号地毯。小黄车12。朋友们，咱正版新技术您不用担心说怕上当受骗，说买到假的。朋友们不会的，我30天咱家只有插带插画的，只有带插画的，没有纯文字的。不好意思，没有纯文字，只有都是这种带图文的。乡土中国在25号，乡土中国，25号链接于具体玩具没有货，不好意思，于具体玩具没有货，您看一下需不需要找别的了。朋友们1到180多号链接，各类图书都有的。小朋友大朋友初中高中的国学经典、历史文学、科学生活小说或者书籍都有的。安东尼的没有，不好意思，安东尼的一直都没有货。拍书的朋友们，感谢您的支持，今天下单，明天发出的，咱家都是现货速发的。小学生必读书籍，在三跟47号，您可以看一下，初中生的都在61号链接，高中生的在109号链接。拍书的朋友们，感谢您的支持。朋友们今天下单，明天发出的，咱家都是现货速发的。您不用担心说怕上当受骗，说买到假的，朋友们不会的。因为每一本书的前面或者后面都有条形码，您可以查询的是真是假，是好是坏，你一眼就看出来了。如果是不好获奖推广对不对？所以朋友们您放心拍就可以了。每一本书的前面或者后面都有条形码，您可以查询的是真是假，是老实话，一眼就看出来。如果是不好，或者退给我了，说朋友们您放心拍就可以了。木星的没有货了，木星现在卖完要等几天的。小学生必读书籍在三跟47号，小学生的、初中生的都在61号链接。十点生老师的书在12号跟139。已拍的朋友们，感谢您的支持，今天下单，明天发出的，咱家都是现货速发的。找书的朋友们可以打书名就可以了。朋友们，主播给你们搜书上架了。来这个编辑的我要下架，这个剪辑的我要下架了。这个剪辑的。找书的朋友们可以打书名就可以了。朋友们，主播给你们搜书上架了1到180多号各类图书都有的，都是正版无删减的书。您在书店看到是怎么样的？朋友们咱的直播也是怎么样的？红楼梦的话就是高一的红楼梦在25号，然后成人版的红楼梦在102号。二叔跟102都是个红楼梦兄弟，在104，余华老舍兄弟，104号链接您可以看一下。拍的书的朋友们，感谢您的支持，个体崛起。好的，您稍等一下，我给你找一下。找书的朋友们可以打书名就可以了。朋友们，主播给你们说书上架了，个体崛起这个书没有。不好意思，这个书咱家没有，您看一下需不需要找别的了,《山海经》
平凡世界没有货了，不好意思，平凡世界现在没有货了，您看一下需不需要找别的了，找书的朋友们可以打书名就可以了。朋友们，主播给你们搜书上架了1到180的号。朋友们各类图书到的红楼梦25号跟102号，红楼梦25号链接是高一的，102是成人版的，您可以看一下，102是成人版的的。把时间当做朋友，你稍等一下，我给你找一下。看书的朋友们，感谢的支持。今天下单，明天发出的，咱家都是现货速发的。把时间当做朋友没有，不好意思，这本书没有，不好意思，有一本把先登录朋友的来，我们先给您看一下，看漏了，刚刚来这个版型登录朋友的，给您上架到小黄车的最底下，您看一下合适不在？192号把身的朋友192点链接。爱书的朋友们，感谢你的支持。他这一本是别把我当朋友，我看错了。红那个没有，红墙图册没有，不好意思，红墙图册没有。高中版的四大名著在102号链接，高中版的那个四大名著102。25号链接没有红楼梦吗？你没有点进去吗？我看一下它怎么下架了，您稍等一下。这里面不是有那个红楼梦吗？它里面有那个红楼梦的。25号链接有的，你要点进去，您不要只看到那个链接，你要点进去，因为每个链接里面它是很多书的，每个链接里面都很多书的，它不是只有说一本的。看书的朋友们，感谢的支持，今天下单，明天发出的。云边小卖部在78号链接，张佳佳老师云边小卖部在78号，您可以看一下。好，我们1到180多号各类图书都有的。中药类的书可以看一下，31跟32中药类的书，小黄车的31跟32号链接，您可以看一下三月季，您稍等一下，三月季找书的朋友们可以打书名就可以了。三月季给您上架到191号。来这个三月季，三月季在小黄车的191号链接已经给您上架了。朋友们您不用担心说怕上当受骗，说买到假的，不会的。因为每一本书的前面或者后面都有条形码的，您可以查询的是真是假，少是坏，你一眼就看出来了。如果是不好获奖退给我了，说朋友们你放心拍就可以了，正版1到180多号，各类图书都有的。小学生必读书籍在三分四十七，初中生的在61号，高中生的在109号。链接您可以看一下。来四大名著，我这里只有一本红楼梦，你可以看一下，就是102号链接的。我这本红楼梦它是一个精装硬壳无删减的。100 0号链接里面说它都是个精装硬壳的，你可以看一下，都是精装一盒的，是一样的,张嘉佳《云边有个小卖部》
你看一下都是无删减的小学生必读书籍，在三更四十七，君不见没有，不好意思，君不见没有货，您看一下虚无一下长辈的了。余华老师的书103、104跟105号，余华老师的莫言老师的书在106号链接里面有他晚熟的人，生死疲劳什么的，都在106号链接。您可以看一下，您不用担心说怕上当受骗，说买到假的，朋友们不会的。漫长旅途您稍等几秒钟。明朝那些事没有，不好意思，明朝的没有漫长旅途。卢思浩的那个漫长旅途，您稍等等一下。看书的朋友们，感谢您支持。今天下单，明天发出的，咱家都是现货速发的。来这个漫长旅途给您上架到小黄车的193号炉四号的这一个。小黄车193您可以看一下，已经给您上架了。爱书的朋友们，感谢您的支持。朋友们今天下单，明天发出的1到180多号链接，朋友们各类图书都有的。小朋友大朋友初中、高中的国学经典、历史、文学、科学、生活、小说和书籍等等。国之脊梁在111号链接，您可以看一下。国之脊梁小黄车111号百年孤独没有货了，要明天了。百年孤独现在没有货了。早说的朋友们可以打书名就可以了。朋友们，主播给您搜书上架了1到186号链接，各类图书都有的。小朋友大朋友，初中、高中啥的，博学经典、历史、文学、科学、生活、小说等书籍道德都是正版新书。您不用担心说怕上当受骗，说买到假的。朋友们不会的。因为每一本书的前面或者后面都有条形码的，您可以查询的是真是假，是老师的话，你一眼就看出来了。如果是不好货再退给我，对不对？红颜没有货了，不好意思，红颜没有货。这个三月季我要下架了，三月季我要下架了。小学生必读书籍在3 47号，初中生的都在61号链接，高中生的在109号链接。您可以看一下四季花开，您您的弹幕我没有看到，你的书名我没有看到，可能被系统屏蔽了。比如说南京大屠杀相声史书毛烜作者他是打不出来，他会被系统屏蔽。你就可以把你的书名换成拼音，不是正版。当然的，朋友们，正版新书，我们一本书的前面或者后面都有条形码，您可以查询的。是真是假，是好是坏，你一眼就看出来了。如果是不好或者退给我了，说朋友们您放心拍就可以了。正版无删减的小学生必读书籍在山根47号，您可以看一下，初中生的都在61号链接，高中生的在109。寻宝记您稍等一下，寻宝记我给您上架到192号大中华寻宝记是吧？来这个寻宝记，给您上架到192号，您可以看一下，已经给您上架了寻宝记，找书的朋友们可以打书名就可以了,莫言《晚熟的人》
朋友们，主播给你们搜书上架了1到180多号链接。朋友们各类图书都有的，都是正版无删减的书，您不用担心说怕上当，说买到假的。朋友们不会的，小学生必读书籍在三跟47号，小学生的初衷的在60号链接。西藏生死书是吧？没有货，不好意思，那个西藏生死书没有货，不好意思，天空之城也没有青鸟，有的青鸟的话您稍等一下。来这个青鸟的话，给您上架到小黄车的最底下，青鸟在小黄车的那个193号，青鸟小黄车的193号链接，您可以看一下。找书的朋友们可以打苏宁就可以了。朋友们，主播给民生书上架了。蓝另一种蓝。好的，您稍等一下，我给你找一下您这一个蓝另一种蓝的，我看一下有没有。这本书没有，蓝另一种蓝这个书咱家没有。不好意思，您看一下需不需要找别的了。朋友们，咱正版新书有质量保证，受保证的朋友们，还有漆面蒙选这些您在咱的直播间买书，就跟书店买书是没什么区别的。本身咱就是书店卖的，主要现在是转到线上的。书本都是工厂直接发出的，省去了租金、店铺人工同方面这一块，所以书本的价格也就降下来了。香水您稍等几秒钟，我给您找一下拍的书的朋友们，感谢您的支持。来这个香水我看一下香水。没有，不好意思，书名叫香水的也没有，不好意思。石铁生老师的书在12号跟139号链接，12号链接有他的卧地毯，139有他的病息税比什么的。您可以看一下，您在咱的直播间买书，朋友们就跟书店买书是没什么区别的。本身咱就是书店卖的摆渡人，您稍等几秒钟，摆渡人，摆渡人没有货了，不好意思，摆渡人现在没有货，您看一下需不需要找别的了，找书的朋友们可以打书名就可以了。朋友们，主播给没搜书上架了，您在书店看到是怎么样的？朋友们咱的直播间也是怎么样的。但是您在书店买一本的价格，咱的直播间可以买很多本的。小学生必读书籍，三跟47号链接，初中生的都在61号，高中生的在109号链接，您可以看一下。来拍书的朋友们，感谢您的支持。朋友们今天下单，明天发出的，咱家都是现货速发的。1到180多号。朋友们各类图书都有的。小学生必读书籍在三更四十7，初中生的都在61号，高中生109号链接，7八九年级必读名著那些都在61号链接。朋友们您不用担心说怕上当受骗，说买到假的，不会的。因为每一本书的前面或者后面都有条形码的，您可以查询的。是真是假，说实话你一眼就看出来了。如果是获奖推给我了儿童心理学的书，在小黄车166号，儿童心理学的小黄车的166号，您可以看一下,「废话」
这个寻宝记我要下架了，寻宝记我要下架了。没有拍到的朋友可以跟我说一声，我重新给您上架。爱看书的朋友们不要错过了。正版新因素，每一本书都是新因素。有枫树膜的您在咱的直播间买书，朋友们就跟书店买书是没什么区别。本身咱就是书店买的神农本草经，有的您稍等一下，第七天在104号，第七天104。然后神农本草经你稍等一下，百年孤独明朝都没有货了。百年古代明天神农本草经在183号，神农本草在183。您可以看一下，拍了书的朋友们，感谢您的支持。今天下单，明天发出的，咱家都是现货速发的。于欢老师的书103、104跟105号，于欢老师的莫言老师的书在106号链接里面有他晚熟的人，生死疲劳什么的，您可以看一下。书本是多大？有32，也有16开的。有32开，有16开，这个不一定的。要看什么书？倾城之恋有的。三国演义的话，在那个100 023国演义，在102倾城之恋给您上架到那个191倾城之恋，在191号链接，您可以看一下，已经给您上架了，找书的朋友们可以打书名就可以了。朋友们，主播给您搜书上架了，您在书店看到是怎么样的？朋友们咱的直播间也是怎么样的。但是您在书店买一本的价格，咱的直播间可以很多本的。小学生必读书籍在三分四十七，初中生的都在61号，高中生的在109号。链接您可以看一下。找书的朋友们，可以打书名就可以了。朋友们，主播给你们搜书上架了，您在书店看的是怎么样的？朋友们咱的直播间也是怎么样的。但是您在书店买一本的价格，咱的直播间可以买很多本的。小学生必读书籍在三分47号链接，初中生的都在61号，高中生的在109号链接。朋友们您不用担心说怕上当受骗，说买到假的，不会的，皇帝烂金有的您稍等一下，巴西南京有的马上给你上架，给您上架到192号，您可以看一下81难金的话，小黄车的192号链接，您可以看一下，已经给您上架了，找书的朋友们可以打书名就可以了。朋友们，主播给你们搜索上架的，您在书店看到是怎么样的？朋友们咱的直播间也是怎么样的？但是您在书店买一本的价格，咱的直播间可以买很多本的。余华老师的书在103、104跟105号，余华老师的莫言老师的书在106，活着在104。余华老师的活着小黄车的104号链接，您可以看一下。看了书的朋友们，感谢您的支持。今天下单，明天发出的，咱家都是现货速发的。您不用担心说怕上当受骗，说买到假的。朋友们不会的。因为每一本书的前面或者后面都有条形码的,余华《活着》
红楼梦在102号，红楼梦160号链接有，它是一个精装硬壳的，你可以看一下，我手上这一个就是102的精装硬。和无删减的正版新因素有质量保证受保证的朋友们，还有欺骗毛毛钱这些，反正您可以拍回去自己看，觉得物有所值咱就留。觉得买亏了朋友们没有关系，把这书推给我就可以了哈，正版无删减的。张爱玲的这个倾城之恋我要下架了，倾城之恋我下架了。没有拍到的朋友跟我说一下，史铁生老师的书，在12号跟139史铁生老师的。十号链接有它的卧地毯，139号链接有它的并西碎笔什么的。您可以看一下，您在咱的直播间买书，朋友们就跟书店买书是没什么区别的。本身咱就是书店卖的了，主要现在书店不干了，转到线上了。这个书本都是工厂直接发出的，省去了租金、店铺人工方面这一块，所以书本的价格也就降下来。正版新书，每一本书都是新书。有枫树膜的小学生必读书籍，三更四气，初中生的都在61号链接。而高中语单词有的，您稍等一下，马上给您上架，给您下降到192。这个高中英语单词的。小黄车的那个小黄车192号，时光不老已经给您上架了，192号您可以看一下。爱书的朋友们，感谢您的支持。今天下单，明天发出的，咱家都是现货速发的。找书的朋友们可以打书名就可以了。朋友们，主播给您搜书上架了，天才在左疯子在右的，您稍等一下。天才在左疯子在右给您上架到193。来这个天才的话在193号你可以看一下，已经给您上架了，你可以看一下，找书的朋友们可以打书名就可以了。朋友们，主播给你们搜收藏家的红星照中国，在90 15号链接，您可以看一下红星照中国，95号链接有毛选没有货，不好意思，毛选没有货，您看一下需不需要找别的了。找书的朋友们可以打书名就可以了。朋友们，主播给没搜书上架了1到180多号各类图书，道德都是正版全新的书籍。您在书店看到是怎么样的？朋友们咱的直播间也是怎么样的？雪中悍刀行没有货，不好意思，雪中悍刀行剑来都没有。不好意思，不好意思，朋友们，您更不用担心说怕上当受骗，说买到假的。因为每一本书的前面或者后面都有条形码的，您可以查询的是真是假，是好是坏，你一眼就看出来了。如果是不好获奖退购对不对？所以朋友们您放心拍就可以了。正版未拆封的1到180多号链接各类图书到的小学生必读书籍，在三更47号这个皇帝发行烂鸡，我要下架了。没有拍到的朋友跟我说一声，史铁生老师的书在12号跟139号链接,天才在左疯子在右
12号链接有他的52D盘，139有他的必须碎笔什么的，您可以看一下。嗨书的朋友们，感谢的支持。朋友们今天下单，明天发出的，咱家都是现货速发的。这高中英语我要下架了，这个高中语的我要下架了。没有拍到的朋友可以跟我说一声，我重新给您上架。找书的朋友们打书名就可以了。朋友们，主播给您搜书上架了，您在书店看到是怎么样的朋友，咱的直播间也是怎么样的。但是您在书店买一本的价格，咱的直播间可以买很多本的。小学生必读书籍在三更47号，暮色将近。有的你稍等一下，目测将近给您上架到193号，您可以看一下。来暮色将近，在小黄车的193已经给您上架了。您可以看一下，拍了书的朋友们，感谢您的支持。今天下单，明天发出的，咱家都是现货速发的。您不用担心说怕上当受骗，说买到假的朋友们不会的。因为每一本书的前面或者后面都有条形码的，您可以查询的是真是假，说实话你一眼就看出来了。黄昏里的男孩，我给你找一下黄昏里的男孩。黄昏的男孩没有，不好意思，余华老师他的那个黄昏的男孩没有，您看一下需不需要找别的了，找书的朋友们可以打书名就可以了。拍出的朋友们，感谢您的支持。朋友们今天下单，明天发出的，咱家都是现货速发的1到180多号链接。朋友们各类图书到的是正版吗？把那个字去掉，您放新。朋友们咱正版新书有质量保证送保证的，某保险七天都会给您安排上。我没有必要去骗您，也没有必要去忽悠您的。因为每一本书的前面或者后面都有条形码，您可以查询的是真是假。是啊，实话你一眼就看出来了，如果是不好获奖退给我就对，小朋友们你放心拍就可以了。正版新书，小学生必读书籍在三跟47号。初中生的都在61号链接，高中生的在109号链接，您可以看一下。莫伟老师输在106，里面有他的晚熟的人，生死疲劳什么的。在小黄车的106号链接拍书的朋友们，感谢您的支持。今天下单，明天发出的这高中英语的我要下架了，天才在左，疯子在的，我要下架了。还有这个暮色将近的木星的没有货了，不好意思，木芯的现在没有货了，您看一下需不需要找别的了。找书的朋友们可以打书名就可以了。朋友们，主播给你们搜书上架了1到180多号。朋友们各类图书到的都是正版未拆封的，有质量保证。说保证的朋友们还有欺骗毛文祥这些我没有必要去骗您，也没有必要去忽悠您的。因为每一本书的前面或者后面都有条形码，您可以查询惨世界，您稍等几秒钟，悲惨世界，悲惨世界给您上架到191号来，这个悲惨世界,《暮色将近》
悲惨世界191已经给您上架了，您可以看一下。小学生必读书籍在三跟47号，小学生的、初中的都在61号链接，高中生的在109号链接。您可以看一下，您不用担心说怕上当受骗，说买到假的。朋友们不会的，因为每一本书的前面或者后面都有条形码，您可以查询是真是假，是好是坏，你一眼就看出来了。如果是不好或者推广对不对？纸张字迹什么的都是杠杠的。您在书店看到是怎么样，咱的直播间也是怎么样的。但是您在书店买一本的价格，咱的直播间可以买很多本的。找出的朋友们可以打书名就可以了。朋友们，主播给你们搜书上架了，就非常世界，等一下我要下架了。没有拍到的朋友可以跟我说一声，我重新给您上架。于欢老师的书在103、104跟105号。于欢老师的他的活着完成第七天细雨中的喊兄弟卖血记什么的，在小黄车的104号链接。105有他的一个18岁出远行，103号链接有他那本十年杂文，我们生活在巨大的差距。在103号链接。朋友们都正版新书，您不用担心说怕上当受骗，说买到假的，不会的。因为每一本书的前面或者后面都有条形码，您可以查询的。是真是假，是好是坏，你一眼就看出来了。如果是不好获奖退给我，对不对？说朋友们您放心拍就可以了。找书的朋友们可以打书名就可以了。书通过传的话，186号链接有李玉堂版本的。苏东坡传186知行合一那本书叫王明在五号链接，王明那个知行合一在小黄车的五号，您可以去看一下。悲惨世界我要下架了，这个悲惨世界没有拍到的朋友可以跟我说一声，我重新给您上架。找书的朋友们可以打书名就可以了。朋友们，主播给你们搜书上架了1到180多号各类图书，到的小朋友大朋友初中、高中的国学经典、历史、文学、科学、生活、小说，这书籍都有的，都是正版新书。您不用担心说怕上当受骗，说买到假的，朋友们不会的，因为每一本书的前面或者后面都有条形码，您可以查询是真是假，说实话你一眼就看出来了。如果是不好获奖退稿，对不对？所以朋友们您放心拍就可以了。小学生必读书籍在三跟47号链接。石铁生老师的书在12号跟139 12号链接有他的卧底塔，139号链接有它的辨析碎笔什么的，您可以看一下。暮色将近，有的您稍等一下啊。来到暮色将近，给您上架到191号，暮色将近。目测将近191，我没那么好，也没那么糟。你稍等一下，先送一笔记，我给你找一下，看这两本书有没有。我没那么好，也没那么糟。这本书是有的。还有新摄影笔记，我给您看一下,《悲惨世界》
新摄影笔记就没有，只有这一本，这一个我没那么好，也没那么糟。给您上架到那个192，您可以看一下，已经给您上架了小黄车192号链接。您可以看一下余华老师的书，在103、104跟105号。余华老师的103有他那一本十年杂文，我们生活在巨大的差距里。娱乐知识没有，不好意思，娱乐知识没有。您看一下需不需要找别的了。看的书的朋友们，感谢您的支持，白色橄榄树没有货了。乌合之众在41号，乌合之众小黄车的41小学生必读书籍在三更41号。初中是7 47小学生的话13更47初中生的都在61号链接，7八九年级必读名著在61号，高中生的在109号链接，您可以看一下。找书的朋友们，可以打书名就可以了。朋友们，主播给魅搜书上架了1到180多号链接，朋友们各类图书都有的。小朋友大朋友初中、高中啥的国学经典、历史、文学、科学、生活、小说这书籍都有的。朋友们，咱正版新书有质量保证，受保障的朋友们还有七天毛孔险。这些我没有必要去骗您，也没有必要去忽悠您的。反正您可以拍回去自己看，觉得物有所值，咱就留。觉得买亏了，朋友们没有关系，把这书退给我就可以了。1到180多号，各类图书都有的。小学生必读书籍在三更四十7，初中生的都在61号，高中生的在109号。链接您可以看一下，您在书店看到是怎么样的。朋友们，咱的直播间也是怎么样的，文宣回路没有货了，不好意思，文轩回路现在没有货了。您看一下需不需要找别人了，找书的朋友们可以打书名就可以了。暮色将近的我要下架了，暮色将近我要下架了，没有拍到的朋友可以跟我说一声，我重新给您上架。中国哲学史在96号，冯友兰老师那一本在小黄车的那个96号链接。我在九十七说错了，在九十七中国中国哲学史小黄车97号。你可以看一下服务员老师的小黄车97号链接。找书的朋友们可以打书名就可以了。朋友们主播给你们搜书藏家了，或小黄车里面也可以去挑选一下。三毛的没有货，达芬奇密码也没有。不好意思，您看一下需不需要找别的了，三毛跟达芬奇的都没有找出的朋友们可以打苏宁就可以了。有的，太白金星有点烦，还有长安的荔枝都有，您稍等一下，马上给您上架。来这个长安的荔枝，太白金星有点烦。来给您上架到191，您可以看一下，在191号卡夫卡的，您稍等一下，卡夫卡的给您上架到192，卡夫卡的192有他的那个城堡什么的，还有变形记，来自卡夫卡192跟193号链接。明朝的没有，不好意思，明朝的没有。拍书的朋友们，感谢的支持,乌合之众
今天下单，明天发出的，咱家都是现货速发的装置，您稍等几秒钟。只有书名叫庄子，但是这个是有带注解的桩子，它这个是有带注解的，在194，您看下合适不？如果不合适就没有了。庄子194，你看下合适不？故事你稍等一下，我给你找一下。故事平凡的世界没有货，不好意思，平凡世界没有货，故事没有，不好意思，故事没有，平凡的世界没有了。爱书的朋友们，感谢的支持。今天下单，明天发出的都是正版新书，1到180的，各类图书都有的，都是正版无删减的数。您在书店看到是怎么样的，朋友们，咱的直播间也是怎么样的。但是您在书店买一本的价格，咱的直播间可以买很多本的小学生必读书籍。三更四气，初中生的都在61号，高中生的在109号。链接您可以看一下7八九年级必读书籍，都在小黄车的109号链接。找书的朋友们可以打书名就可以了。朋友们，主播给您搜书上架了，您在书店看的是怎么样的？朋友们咱的直播间也是怎么样的。但是您在书店买一本的价格，咱的直播间可以买很多本的。我没有必要去骗您，也没有必要去忽悠您的。因为每一本书的前面或者后面都有条形码的。成果那一本是那个好的孤独是吧？好的孤独没有货，不好意思，成果那个好的孤独没有货，您看一下需不需要找别的了。长安的荔枝什么我要下架了，我不用长安荔枝，我下架了。来，朋友们，主播现在洗手间马上回来，找书的朋友们稍等一下，主播马上回来。然后欢迎所有直播间的朋友们，找书的朋友们可以打书名就可以了。朋友们，主播给本搜书上架了，木星回路没有货了，不好意思，木芯的没有货了，找书的朋友们可以打书名就可以了。朋友们，主播给你们搜书上架了。您不用担心说怕上当受骗，说买到假的。朋友们不会的。因为每一本书的前面或者后面都有条形码的，您可以查询的是真是假，说实话就看出来了。如果是不好获奖推广，对不对？所以朋友们您放心拍就可以了。每一本书都是新书，有封书膜的。我没有必要去骗您，也没有必要去忽悠您的。反正您可以拍回去自己看是真是假，说实话你一眼就看出来了。如果是不好或者退给我了，说朋友们您放心拍就可以了，你当像鸟飞往的山没有货，不好意思，你当像鸟飞往山没有货，你看一下需不需要找别的了，找书的朋友们可以打说明就可以了,《庄子》
余华老师的书在103、104跟105号，余华老师的莫言老师的书在106号链接，106号链接有它的里面有他晚熟的人，生死疲劳什么的，您可以看一下，您在咱的直播间买书，朋友们就跟书店买书是没什么区别的。本身咱就是书店卖的都是正版全新的书籍。爱书的朋友们，感谢您的支持。今天下明天发出的史铁生老师的书，在12跟139 12号链接，有他的卧地毯，139有他的丙烯碎笔什么您可以看一下。朋友们您不用担心说怕上当受骗，说买到假的，不会的。因为每一本书的前面或者后面都有条形码的，您可以查询的。是真是假，说实话一眼就看出来了。如果是不好获奖推广对不对？所以朋友们你放心拍就可以了，能多拍两本的可以多拍两本，拿回去筛选一下了，满意的留，不喜欢直接退就可以了。小学生必读书籍在三更47号，初中生的都在61号链接，高中生的在109号链接，您可以看一下。欢迎所有直播间的朋友们，找书的朋友们可以打书名就可以了。朋友们主播改名搜书，上架了1到180多号，各类图书都有的，都是正版全新的书籍。木星的没有货了，小学生必读书籍在山根47号。朋友们这个纸张字迹什么的都是杠杠的。您在书店看到是怎么样的，朋友们咱的直播间也是怎么样的。但是您在书店买一本的价格，咱的直播间可以买很多本的，能多拍两本的可以多拍两本，拿回去筛选一下，满意的留，不喜欢直接退就可以了。1到180多号，各类图书都有的。胜天半子在小黄车的40号链接，胜天半子号小黄车的40号于欢老师的书，103、104跟105号。于欢老师的他的活着完成第七天细雨中他喊兄弟卖血记什么的，在104，张爱玲的有的，张爱玲的给您上架到193号来。这个张爱玲的。张爱玲的话给您上架到193，已经给您上架了。您可以看一下193号链接。欢迎所有朋友们，感谢您的支持。朋友们今天下单，明天发出的，咱家都是现货速发的。您在书店看到是怎么？朋友们咱的直播间也是怎么样的。但是您在书店买一本的价格，咱的直播间可以买很多本的。我没有必要去骗您，也没有必要去忽悠您的。您不信的朋友们可以书店对比一下，同样的书，同样的出版社。如果说什么跟书店相几块钱可以把书退给我的话。看了书的朋友们，感谢您的支持。小学生必读书籍在三跟47号，初中生的都在61号链接，高中生的在109号链接。这桩子我要下架了，这个桩子没有拍到的朋友可以跟我说一声，我重新给您上架,张爱玲（未明确具体作品，按照要求无法准确给出书名，判定为）「废话」
爱看书的朋友们不要错过了，能多拍两本的可以多拍两本，拿回去筛选一下满意的不喜欢直接退就可以了。像这个三五换一本的朋友们，真的是倒贴几毛钱，图的就是赚一个人气价的了。好，欢迎所有直播间的朋友们，找书的朋友们可以打书名就可以了。朋友们，主播给你们搜书上架了小学生必读书籍，在三更47 1至6年级的书籍都在47号，初中生的都在61号链接，7八九年级的61号链接。陈果老师的书没有货了哈他好的，孤独什么的没有货了，您看一下需不需要找别的了。像余华老师的书在103、104跟105号，俞骅老师的103有他那一本十年杂文，我们生活在巨大的差距里。在103号链接，104有他的活着完成第七篇细雨中呐喊兄弟卖血记什么的。在小黄车的104号链接，105有他的18岁出门行，您可以看一下。找书的朋友们可以打书名就可以了。朋友们，主播改名搜书，上架了1到180多号，各类图书都有的，都是正版全新的书。您在书店看到是怎么样的，朋友们咱的直播间也是怎么样的。但是您在书店买一本的价格，朋友们咱的直播间可以买很多本的，都是正版新书。投资起在111号链接，您可以看一下，国之脊梁小黄车的那个111号，您可以看一下，找书的朋友们可以打书名就可以了。朋友们，主播给您搜书上架了，您在书店看到是怎么样的，咱的直播间也是怎么样的。但是您在书店买一本的价格，咱的直播间可以买很多本的，找书的朋友们可以打说明就可以了。许三睾脉血迹在104，于余华老师的在104。明月我给你找一下，明月城到小从山看一下这个书没有，不好意思，明月曾照小琼山这个书没有，您看一下需不需要找别的了。找书的朋友们可以打书名就可以了。不客气，不客气，朋友们说谢谢太重要了。只要各位朋友们能找到你想要的书，价格优惠美丽的就可以了。孙子兵法在21还是20号？您可以看一下，孙子兵法不是在21，就在20。,余华《活着》
