﻿original,result
感谢您的支持，今天下单，明天发出的，咱家都是现货速发的1到180多号朋友们，各类图书到的小朋友大朋友初中、高中的国学经典、历史、文学、科学、生活、小说等书籍都有的。挪威的森林没有货，不好意思，挪威森林没有货。一书的话可以看一下31跟32 1书，31跟32号链接您可以看一下，大象躲在蚊子背后，大象在187号躲在蚊子后面，大象在187号链接，您可以看一下。小学生必读书籍在三更四十七刘邦传，您稍等一下，我给你找一下。刘邦传我看一下狼图腾没有，不好意思，狼图腾没有刘邦传，刘邦传是有的，您稍等一下，马上给您上架。来个刘邦传给您，上架到192号，刘邦钻192号链接，您可以看一下。两包装192已经给您上架了，您可以看一下，找书的朋友们可以打书名就可以了。朋友们，主播给你们搜索上架了，您在书店看到是怎么样的？朋友们咱的直播间也是怎么样的。但是您在书店买一本的价格，咱的直播间可以买很多本的古文观止。在87号链接有，您可以看一下。古文观止，小黄车的87号链接，有中国古古代文化常识，没有货，不好意思，中国古代文化常识没有货，您看一下需不需要找别的了。拍了书的朋友们，感谢您的支持，今天下单，明天发出。九阳神功没有，不好意思，还有九阴真经也是没有的。金庸、古龙、梁羽生那些武侠小说，都没有货，不好意思。找书的朋友们可以打书名就可以了。朋友们，主播给你们搜书上架了1到180多号各类图书。到的小朋友、大朋友、初中、高中啥的，国学经典、历史、文学、科学、生活、小说，朋友们这书籍都有的，都是正版全新的书籍。四大中医四大名著，你的只有中医五大名著了，没有四大名著，只有五大名著。要不我现在给您看一下，都是无删减。你放心，都是无删减的，咱只有那个五本装的。书法类的是吗？书法类的书有的，书法类的129跟1 130，129跟130，书法类的书法的就没有，只有书法的，只有中医五大名著。来，我现在给您看一下，有一个中医五大名著，在小黄车的193号中医五大名著，193号链接您可以看一下。朋友们，咱正版新因素有质量保证受保障的，还有气垫防风险，这些您不用担心。说怕上当受骗，说买到假的，朋友们不会的。因为每一本书的前面或者后面都有条形码，您可以查询的是真是假，是好是坏，你一眼就看出来了。如果是不好获奖退给对不对？所以朋友们你放心拍就可以了。正版无删减的书，小学生必读书籍在三跟47号链接,刘邦传
1至6年级必读的话都在47号，初中生的都在61号链接7八九年级的小黄车61号链接，高中生的在109。咱正版无删减的，每一本书的前面或者后面都有条形码的，您可以查询的是真是假，是好是坏，你一眼就看出来了。如果是不好或者退给我，对不对？对，所有朋友们您放心拍就可以了。能多拍两本的可以多拍两本，拿回去筛选一下，满意的留，不喜欢直接退就可以了。这个刘邦钻我要下架了，刘邦钻我要下架了。找书的朋友们可以打书名就可以了。朋友们，主播给你们搜书上架了，每一本书都是新书，有封书膜的。爱书的朋友们，感谢您的支持，朋友们今天下单，明天发出了。紧挨在98号链接，您可以看一下简爱，小黄车的98号链接有，您可以看一下。爱书的朋友们，感谢您的支持，今天下单，明天发出的，咱家都是现货，速发的一声吉祥，您稍等几秒钟，我给您找一下。一生吉祥，一声吉祥。有的，木星的没有货了，不好意思，一声吉祥给您上架到小黄车的193号，您可以看一下，一生吉祥193。然后那个木星的没有货了。于华老师的书在103、104跟105号。余华老师的、莫言老师的书在106号链接里面。他晚熟的人生死疲劳什么的，在106号链接。不知道看什么书的朋友们，可以看一下12号或者17号链接，那些获奖的书籍16或者17号链接。小学生必读书籍在三更47号，你可以看一下。朋友们您不用担心说怕上当受骗，说买到假的，不会的。因为每一本书的前面或者后面都有条形码的，您可以查询的是真是假，是好是坏，你一眼就看出来了。如果是不好获奖退款，对不对？说朋友们您放心拍就可以了。小学生必读书籍在三根47号链接，初中生必读的都在初中的。小黄车的61号7八九年级必读书籍在61号链接，高中生的在109号链接。您可以看一下，您在咱的直播间买书，朋友们就跟书店买书是没什么区别的，本身咱就是书店卖的了。明朝还是没有货，不好意思，明朝的没有货，您看一下需不需要找别的了。好书的朋友们可以打书名就可以了。朋友们，主播给名搜书上架了这个中医五大名著，我要下架了，中五大名著下架了。拍了书的朋友们，感谢您的支持，今天下单，明天发出的。咱家都是现火速，盗墓笔记没有货了，南派三叔的书都没有。无人生还，你稍等一下，无人生还给您上架到192，阿加莎的无人生还，小黄车的190 52号链接您可以看一下，已经给您上架了，找出的朋友们可以打说明就可以了,简爱
朋友们，主播给你们搜书上架了，您不用担心说怕上当受骗，说买到假的。朋友们不会的。因为每一本书的前面或者后面都有条形码，您可以查询的。平凡世界没有货，不好意思，平凡的世界没有货。余华老师的书103、104跟105号，于欢老师的、莫言老师的书在106号链接里面有他晚熟的人生死疲劳什么的。您可以看一下，您在咱的直播间买书，朋友们就跟书店买书是没什么区别的。本身咱就是书店卖的了，都是正版无删减的数。这个狼王梦我要下架了这个狼王梦我要下架了，没有拍到的朋友可以跟我说一声。躲在蚊子后面的大象在187号链接，10.3老师的书在12号跟139 12号链接有他的卧底塔，139有它的病息税比什么的。您可以看一下，您在书店看到是怎么样的，朋友们，咱的直播间也是怎么样的。但是您在书店买一本的价格，咱的直播间可以买很多本的。找书的朋友们可以打书名就可以了。小学生必读书籍在三跟四期，小学生的、初中生的都在61号，高中生的在109号。链接您可以看一下，朋友们您在书店买一本的价格，咱的直播间可以买很多本的。龙哥的红书吧，看到黑书没有，他的黑书没有然后救世主，咱都没有这个书，你哪的谣言救世主，咱家这个肴酒饲主没有货，你哪来的那个你哪里找的？你哪里找的那个洋酒是主咱家的，咱家都没有这个书了。嗨说的朋友们，感谢您的支持。今天下单，明天发出的，咱家都是现货速发的。您不用担心说怕上当受骗，说买到假的朋友们不会的。因为每一本书的前面或者后面都有条形码，杨绛传在15号链接，您可以看一下。杨绛传小黄车的15号小学生必读书籍在三分四十7，1至6年级的书都在47号，初中生的在61号链接，7八九年级的小黄车的61号链接。朋友们，每一本书都是新书，有封书膜的，我没有必要去骗你，也没有必要去忽悠您的，反正您可以拍回去自己看。他的话，杨您稍等一下，平凡世界没有货了，不好意思，平凡世界没有货，他是那种灰色装的一个是吧，他那个阳江钻。您稍等一下，飘有的，阳江仲裁只剩15号链接的，只剩15号链接的。飘给您上架到192。来这个飘小黄车的192号链接已经给您上架。爱书的朋友们，感谢的支持。今天下单，明天发出的，咱家都是现货速发的。编程在14号链接编程小黄车十四红楼梦的话，25号链接有它那个高一的，20号链接有高一的，102有那个102有那个成人版的。红楼梦你可以看一下，25号跟102不变便利店，我给你找一下不变的便利店,杨绛传
这个书没有，不好意思。然后盗墓笔记跟明朝都没有，不好意思，盗墓笔记跟明朝都没有，您看一下需不需要找别的了。拍了书的朋友们，感谢您的支持。活着在104号，余华老师的活着，小黄车的104号链接，你们可以看一下。看了书的朋，我们感谢您的支持，正版无删减的书，养兰花之类的。好的，我给你找一下，您稍等一下。您稍等一下，我给你找一下派出的朋友们，感谢你们支持。今天下单，明天发出的，咱家都是现货速发的。二胡曲谱的话，我看一下。只有这个二胡曲谱，养兰花的就没有。不好意思，养兰花的就没有。来二胡曲谱，我给您上架到那个193 2胡曲谱，193亚瑟跟木心都没有。那个亚瑟木心的卖完等几天了，二胡的在193号。你可以看一下如何赢得朋友影响，还有他影响，我看一下这个书有没有。这个书没有，如何赢得朋友与他人影影响他的这个书的没有，您看一下需不需要找别的了。朋友们，您不用担心说怕上当受骗，说买到假的。因为每一本书的前面或者后面都有条形码，您可以查询的。像这个三五块的书，真的是倒贴几毛钱，图的就是这一个冷气架的了。卖血记在104余华老师卖血记，小黄车104木星的没有货了，不好意思，您看一下需不需要别的。拍了书的朋友们，感谢您的支持。叔本华的话，您可以看一下153号哈苏本华，你看一下153号链接合适不？153号链接有找书的朋友们可以打书名就可以了。朋友们，主播给你们搜书上架了，您在书店看到是怎么样的？朋友们，咱的直播间也是怎么样的？木星回路没有货，不好意思，木星回路现在没有货了，您看一下需不需要找别的了，找书的朋友们可以打说明就可以了。朋友们，主播给没搜书上架了，您在书店看到是怎么样？朋友们咱的直播间也是怎么样的。但是您在书店买一本的价格，咱的直播间可以买很多本的小学生必读书籍。在三跟47号链接，神秘的狼王梦都有的。您稍等一下。都有，您稍等几秒钟，马上给您上架。狼王梦给您上架到193号，这个狼王梦193号链接，神秘岛，神秘岛给您上架到194。神秘岛在小黄车194，您可以看一下，已经给您上架了。朋友们您不用担心说怕上当受骗，说买到假的。因为每一本书的前面或者后面都有条形码的，您可以查询的是真是假，是好是坏，你一眼就看出来了。如果是不好或者退货对不对？所以朋友们您放心拍就可以了。小学生必读书籍在三跟47号链接。你到香港费用的山没有货。没有包邮的话是会地区问题,活着
朋友们比如说新疆、内蒙、西藏这边地区比较偏远，是没有包的。如果说您是属于偏远地区的话，那我就不建议您拍。因为新疆、内蒙像这边没有包邮的话是不划算的，它的费用可能超出一个书本价格了的。二胡曲谱我要下架了，这个二胡曲谱我要下架了，中国哲学史在97号链接，冯友兰老师的，小黄车97号，你可以看一下。您的是河北应该是包邮的。您是说哪个链接？您是日本是有些个别单本3.9块，它是没有的。就好比这个瓦尔登湖单本这个瓦尔登湖是没有的。但是两本装以上的这个他选项它都是包邮的。如果说你选的是有只选了三本3.9块的话，您可以选一个两本装以上的，两本装以上的书都是包邮的。除去说比较地区比较偏远的话，不然的话它都是包邮的。南京大屠杀有的，张纯老师的给您上架到194南京大屠杀。您可以看一下小黄车的那个194号链接，您可以看一下。拍了书的朋友们，感谢您的支持。今天下单，明天发出的，咱家都是现货速发的。您更不用担心说怕上当受骗，说买到假的。朋友们不会的。因为每一本书的前面或者后面都有条形码，您可以查询的是真是假。是啊，实话你一眼就看出来了。如果是不好获奖退货对不对？所以朋友们您放心拍就可以了。正版无删减的数。这个没有了，白色这一个没有了。不好意思，毛选没有货，不好意思，毛选没有货。毛选没有货，您看一下需不需要找别的了，找书的朋友们可以打书名就可以了。红红墙图字没有货了，不好意思，红墙图纸没有货了，您看一下需不需要找别的了，找书的朋友们可以打书名就可以了。朋友们，主播给你们搜书上架了，每一本书都是新书，有封书膜的朋友们，有质量保证受保证的朋友们，还有漆面蒙前在线，您在书店看到是怎么样的，朋友们咱的直播间也是怎么样的。但是您在书店买一本的价格，咱的直播间可以买很多本的。追似水年华没有，不好意思，追似水年华没有。那您就是男孩，可能是这个仓库可能过来比较远，您可以选例外的。每个链接里面都很多书，您可以看一下别的仓库的给你一颗子弹，我给你找一下。因为咱这个线下很多省都断仓库，它是哪里有货哪里发，哪里方便哪里发的。可能就是刚好你这个仓库，你这边比较远，可能才没有的，不然的话都是包邮的。给你一颗子弹，这个书没有，不好意思，这本书咱们没有。不好意思，雪山大地没有货了。十一届的茅盾文学奖都没有货了，十一届茅盾文文学奖那五本书都没有货了,南京大屠杀
余欢老师的书在103、104跟105号，余欢老师的他的活着文成第七天细雨中呐喊兄弟卖血记什么的，在104号链接。莫言老师说在106号链接里面有他晚熟的人生死疲劳什么？你可以看一下这个神秘岛我要下架了，神秘岛还有南京大屠杀的，我要下架了。没有拍到可以跟我说一声，我重新给您上架。您在书店看到是怎么样？朋友们，咱的直播间也是这样的，纸张字迹什么的都是杠杠的。您放心，都是杠杠的，有质量保证受保障，还有轻便保温险。这些我没有必要去骗你，也没有必要去忽悠您的。反正您可以拍回去自己看，觉得物有所值咱就留。觉得买亏了，朋友们没有关系，把这书退给我就可以了。爱书的朋友们，感谢您的支持。张爱玲的书有的，张爱玲的你稍等一下，来这个张爱玲的话给您上架到192号。来这个张爱玲的。张爱玲的192号链接，您可以看一下，已经给您上架了。找书的朋友们可以打书名就可以了。朋友们，主播给你们搜书上架了1到180多号各类图书，到的都是正版新因素，您放心拍，放心买就可以了。东野的书不卖了，不好意思，东野书现在不卖了，因为他的书都没有货了，没补了。小学生必读书籍在三跟47号链接，初中生的在6 61号，高中生的在109号链接。朋友们您不用担心说怕上当受骗，说买到假的，不会的，因为每一本书的前面或者后面都有条形码的，您可以查询的。是真是假是老实话，你一眼就看出来。如果是不好获奖退稿对不对？所以朋友们你放心拍就可以了。张佳佳老师的已经是个地板价格了，都要比书店很多的。你去书店买的话，你看一下都是四五十起的。你看下这个云边小卖部什么的，纸张字迹什么的都是杠杠的。您放心，正版新书不是盗版书籍。朋友们有些书籍客单价比较高，收藏版权比较贵，但是都要比书店更多。您不信的朋友们可以书店对比一下，同样的书，同样的出版社，如果说什么跟书店相几块钱可以把书推给我的。拍了书的朋友们，感谢你的支持。木星的现在没有货了，木星因为发的视频很多出纳来，现在没有货了。找书的朋友们可以打书名就可以了。读者在122号链接，您可以看一下，读者小黄车122号，找书的朋友们可以打书名就可以了。朋友们，主播给你们搜书上架了，您在书店看的是怎么样的，咱的直播间也是怎么样的。但是您在书店买一本的价格，咱的直播间可以买很多本的，1到180多号，各类图书都有的。找书的朋友们打书名就可以了。小学生必读书籍在三更47号，小学生的、初中生的都在61号链接,张爱玲的书（未明确具体书名，根据文本只能确定为张爱玲所著书籍）
初中的7八九年级秘鲁名著于欢老师的书103 104跟105号于欢老师的103，有他那一本十年杂文，我们生活在巨大的差距里。104里面有他的活着，文成第七天细雨、中南海兄弟卖血记什么的。在104平凡的世界没有货，不好意思，平凡的世界没有货，您看一下需不需要找别的了。宅门有的宅门，我看一下在。咱们在114号，您可以看一下宅门小黄车的114号链接。蛤蟆先生看心理医生在116，您可以看一下咱正版无删减的。朋友们，您不用担心说怕上当受骗，说买到假的。因为每一本书的前面或者后面都有挑选均码，您可以查询的。是真是假，说实话你一眼就看出来了。如果是不好获奖推广，对不对？朋友们您放心拍就可以了。正版未拆封的每一本书都是新书，有封书膜的。找书的朋友们可以打书名就可以了。东野的书没有货，不好意思，生死疲劳在106，莫言老师的生死疲劳，小黄车的106号链接。东野的书不卖了，不好意思。东野书可能以后都不会有了，他的动物好久了，应该是不补了。他的那个早书的朋友们可以打书名就可以了。朋友们，主播给你们搜书上架了，您在书店看到是怎么样的？朋友们咱的直播间也是怎么样的。罗生门在四号链接有，罗生门的话小黄车的四号链接有，您可以看一下基督山伯爵在119号，你可以看一下基督山伯爵小黄车的119，找书的朋友们可以打书名就可以了。朋友们，主播给你们搜书上架了，或小黄车里面也可以去挑选一下，1到180多号各类图书都有的。小朋友大朋友初中、高中的国学经典、历史、文学、科学、生活、小说朋友们，这书籍都有的，都是正版新书。您不用担心说怕上当受骗，说买到假的。朋友们不会的，因为每一本书的前面或者后面都有条形码，您可以查询的大圆满我给你找一下，飘雨你稍等几秒钟。科学的航航天的话只有类似于小孩看的，成人版的就没有了，成人版的好像没有货了。来这个大圆满前行给您上架到192。飘雨你要的书，小黄车的192，你可以看一下。拍了书的朋友们，感谢的支持。今天下单，明天发出的。医学方面的在31个32，医学方面的30个32，航天类的我看一下。航天类的话还真的是只有小孩子看的，只有小孩子看那些航天的，你可能是找成人版的，成人版的就没有了，成人看那些航天的就没有。不好意思，买拍的书的朋友们，感谢的支持。咱家都是现货速发的，1到180多号链接。朋友们各类图书都有的,蛤蟆先生去看心理医生
小朋友大朋友初中、高中的国学经典、历史、文学、科学、生活、小说，这书籍都有的，都是正版无删减的书籍。金庸没有货了，金庸、古龙、梁羽生他们说都没有货。朋友们您更不用担心说怕上当受骗，说买到假的。因为每一本书的前面或者后面都有条形码，您可以查询昨天的云，我给您找一下昨天的云。昨天的云您稍等一下，我看一下这本书没有。不好意思，昨天的云这本书人家没有，不好意思。您看一下需不需要找别的了，找书的朋友们可以打书名就可以了。这阿加莎的无人生还，等一下往下加了。没有拍到的朋友可以跟我说一声，我重新给您上架。朋友们，1到180多号各类图书都有的，都是正版无删减的书。不客气，朋友们，不客气说谢谢。太重了，只要各位朋友们能找到你想要的书，价格优惠，满意的就可以了。三毛的书没有货了，不好意思，三毛的书没有货，您看一下需不需要找别的了。找书的朋友们可以打书名就可以了。朋友们，主播给你们搜书上架了，您在书店看到是怎么样的？朋友们咱的直播间也是怎么样的。我们生活在巨大差距在104，103。说错了，于花老师这一个在103，我们生活在巨大的差距里。103号链接尼采自传的话，您稍等一下。迷彩制作没有了。在但是153号链接有个迷彩的书，153有那个尼彩的，但是他自传就没有了。苏东坡传187苏东坡传187，有林语堂版本的，您看一下合适不？三毛没有货，不好意思，三毛没有货，您看一下需不需要找别的了。快乐书的朋友们，感谢您的支持。今天下单，明天发出的，咱家都是现货速发的。您不用担心说怕上当受骗，说买到假的。朋友们不会的，他知道风哪个方向来，这个书没有货了，不好意思。了凡四训的话应该是在了凡四训在89号。对的，了凡视讯在89号，您可以看一下了，樊视讯89号链接。亲爱的三毛我知道，这本书好像是没有，你稍等一下，我看一下。我亲爱的三毛我这本书是没有。不好意思，亲爱的，上方这本书是没有，哈罗资金没有，只有罗兹，只有罗兹罗志金解析。新书朋友们，正版新书我们放心，都有封书膜的。您在书店看到是怎么样，咱的直播间也是怎么样的，纸张字迹什么的都是杠杠的。您放心，正版无删减的。您在书店买一本的价格，咱的直播间可以买很多本的小学生必读书籍。三根四十七，初中生的都在61号，高中生的在109号。链接您可以看。每一本书都是新书，有蜂枢魔的，爱看书的朋友们不要错过了。您不用担心说怕上当受骗，说买到假的，朋友们不会的,苏东坡传
因为每一本书的前面或者后面都有这个条形码，您可以查询的是真是假，是好是坏，你一眼就看出来了。如果是不好或者退回，对不对？所以朋友们您放心拍就可以了。小学生必读书籍在三跟47号，初中生的都在6 61号链接。7八九年级的话，那些必读名著在61号链接，高中生的在109号链接。活着在104，活着小黄车104打这个80。我看一下哈利波特没有，不好意思，哈利波特没有80。这个有的，这本书给您上架到小黄车的最底下。您可以看一下那个小黄车的192，已经给您上架了。鱼在我这里，您可以看一下，192号链接找书的朋友们可以打书名就可以了。您在书店看到是怎么样的，朋友们，咱的直播间也是怎样的，纸张字迹什么的都是杠杠的。您可以看一下渔具顶玩具没有货。不好意思，刘振宇老师的书都没有货了，您看一下需不需要找别的了。一地鸡毛没有，不好意思，一地鸡毛没有找书的朋友们可以打书名就可以了。朋友们，主播给你们搜书上架了，您在书店看到是怎么样，咱的直播间也是怎么样的。东野的书不卖了，不好意思，东野书没有货，他的书不卖了。余华老师的书在103、104跟105号，余华老师的莫言老师的书在106号链接里面。他晚熟的人生死疲劳什么的，平凡世界跟毛选都没有货。不好意思，他们的都没有。爱书的朋友们，感谢您的支持，今天下单，明天发出的，咱家都是现货速发的1到180多号链接，朋友们各类图书都有的。十点生老师的病息税比在139号，必须对比。小黄车的139，您可以看一下。嗨所有的朋友们，感谢的支持。今天下单，明天发出的，咱家都是现货速发的。您不用担心说怕上当受骗，说买到假的朋友们不会的。因为每一本书的前面或者后面都有条形码的。像这个三五块1本的，真的是倒贴几毛钱，图的就是这一个人机价的了。小学生必读书籍在三更四十7，初中生的都在61号，高中生的在109号。链接多正版无删减的书，余华老师的书103，104跟105号。余华老师的103有他那一本十年杂文，我们生活在巨大的差距里。104有他的那个活着文成第七篇细雨中呐喊什么的，在小黄车104、105他那一本18岁出免行。莫言老师的书在106号链接，有他的那个晚熟的人生死疲劳什么，您可以看一下，您在咱的直播间买书，朋友们就跟书店买书是没什么区别的。因为本身咱就是书店卖的，主要现在是书店转到线上来，这书本都是工厂直接发出的，省去了租金店铺人工方面这一块，所以书本的价格也就降下来,活着
读书的朋友们，感谢您的支持。郭德老师的刚刚好是，您稍等一下。郭德纲，好吧，他的刚刚好。是过得刚好，郭老师的他的还是刚刚，应该是过得刚好。刚刚好，您稍等一下。拍书的朋友们，感谢支持，今天下单，明天发出的。这个过得刚好的话，您稍等一下。过得刚好，于具体玩具没有货，不好意思，于具体玩具没有货，过的刚好是有的。来这个郭德纲好，盗墓笔记没有，盗墓笔记龙族都没有。来郭德纲老师的郭德纲好，给您上架到192，您可以看一下，192号链接找书的朋友们可以打书名就可以了。朋友们，主播给你们搜书上架了，或小黄车里面也可以去挑选一下了，1到180多号各类图书都有的。小朋友大朋友初中、高中的国学经典、历史、文学、科学、生活、小说，这书籍到的活着在104，余华老师的活着，小黄车的104。这个没有，这个神这个神的没有，不好意思，这个书咱家没有，您看一下需不需要找别的了。看书的朋友们，感谢您的支持。小学生必读书籍在三根47号，1至6年级必读书在47号。链接摇摇救世主给您上架到193。来这个摇就是主，193言情小说，78跟79言情小说，78跟79号链接。紫烟温暖，你要的书没有，你要的书没有，您看一下，需不需要找别的了？千门八将没有，不好意思。千门八将没，百年孤独要明天了，百年孤独明天的话卖完了，今天没有货了。余华老师的书103、104跟105号链接，余华老师的墨位老师在106。朋友们，咱正版新书，史铁生老师的书在12跟139，文成在104号，余华老师的文乘104。朋友们您不用担心说怕上当受骗，说买到假的。因为每一本书的前面或者后面都有条形码的，您可以查询的是真是假，是好是坏，一眼就看出来。如果是不好获奖退给我了。长相思没有，不好意思，童话老师的长相思没有货，找书的朋友们可以打书名就可以了。胜天半子在40号链接有。胜天半子找书的朋友们可以打书名就可以了。您在书店买一本的价格，朋友们咱的直播间可以买很多本的。我没有必不要去骗您，也没有必要去忽悠您的。您可以拍回去自己看，盲选七天都会给安排上12号正版吗？朋友们，咱家所有的是正版的，您放心，所有书是正版的，只卖正版新数被套。勇气在小黄车的84号，这个传说中的大海怪，我给你找一下，勇气在84号链接。折出大海，怪我看一下。强者思维您稍等一下，传说中的大海怪这个树没有什么时候发货。朋友们今天下单明天发。咱家都是现货速发的，今天下单明天发出,过得刚好
拍书的朋友们，感谢您的支持，如是说有的您稍等一下，这个强者思维没有了，不好意思，强者思维没有如是说我给您上架到小黄车的193号来，这个如是说。迷彩的这个如是说，在193号已经给您上架了。您可以看一下拍的书的朋友们，感谢您的支持。今天下单，明天发出的，咱家都是现货速发的，1到180多号链接，各类图书都有的。小朋友大朋友初中、高中的国学经典、历史、文学、科学、生活、小说的书籍都有的，都是正版无删减的文化苦旅。有的给您上架到194。来这个文化苦旅，小黄车的194号链接。文化苦旅194已经给您上架了，你可以看一下。夜幕之下没有不好意思，夜幕之下没有。大学进阶英语我给你找一下，偷偷藏不住没有，类似于这些小说都没有，偷偷藏不住撒野这些都没有，不好意思。刀锋有的，你稍等一下。大学进阶英语综合的，不好意思，大学英语的没有了，不好意思，不好意思，刀锋给你上架到194，来这个刀锋。高峰，小黄车194号链接，治愈率的话，你可以看二号链接，治愈方面书可以看一下。小黄车二号链接，高空194，您可以看一下厚黑学，有的给您上架到195号厚黑学。小黄车的195号链接，您可以看一下发展心理学，我给你找一下。毛血没有货，不好意思，毛血没有货，发展心理学。发展心理学没有，不好意思，发展心理学没有艺术概论，给你找一下。艺术概论毛选没有，不好意思，毛选没有，艺术概论也没有。不好意思，艺术概论这本书咱家也没有，您看一下需不需要找别的了。朋友们，正版新书我看一下，纽约摄影的，我看一下有没有，您稍等一下。不好意思，这本书也没有，不好意思，疾风你要的书也没有。你看一下虚无，想找别的老派了书的朋友们，感谢你们支持。咱正版新书您不用担心说怕上当受骗，说买到假的朋友们不会的。因为每一本书的前面或者后面都有条形码，您可以查询六组弹性。您稍等一下，马上给您上架六组谭晶，六组谭晶给您上架到小黄车195号，您可以看一下。六祖坛经在190号链接，南渡北归没有货，不好意思，南渡北归没有货。地理方面的书在27号，您可以看一下。地理方面的书咱家只有27号链接的，如果不合适的话就没有了，只有27号链接的。朋友们1到180多号链接，各类图书都有的。小朋友、大朋友初中、高中啥的，国学经典、历史、文学、科学、生活、小说朋友们，这书籍都有的，都是正版全新的书籍。每一本书的前面或者后面都有条形码的，您可以查询的是真是假，是好是坏，你一眼就看出来了,文化苦旅
如果是不好获奖退给我，对不对？说朋友们您放心拍就可以了。正版无删减的书，外国美术简史，您稍等一下，外国美术简史我给你找一下。没有，不好意思，外国美术简史这个书咱家没有，不好意思，您看一下需不需要找别的了。拍了书的朋友们，感谢您的支持。今天下单，明天发出的，咱家都是现货速发。欢迎你的高维智慧，我给你找一下，您稍等几秒钟。开启你的高维智慧，这本书有的，这本书您稍等一下，马上给您上架。买这本书给您上架到195号。河西走廊您稍等几秒钟，开启高维智慧，在195号长阳嘉错有的。长安嘉措您稍等一下，河西走廊196，河西走廊在196号链接。然后仓央嘉措的话在197，您可以看一下，徜徉嘉措的197号链接。朋友们，咱正版新书有质量保证，受保障的，还有七年保险。这些您不用担心说怕上当受骗，说买到假的，朋友们不会的。因为每一本书都是新书，有封书膜的这三部曲您稍等一下，马上给你上架这个刀锋，我要下伽罗，刀锋还有这个阿加莎的无人生还，我要下架了。没有拍到的朋友跟我说一声，豆豆三部曲的书，我给您豆豆三部曲的，给您上架到196豆豆三部曲的，196号链接您可以看一下。朋友们，咱正版新书有质量保证，受保障的朋友们，还有七年保险，这些您放心拍就可以了。因为每一本书的前面或者后面都有条形码的，您不用担心说怕上当受骗，说买到假的，您可以查询的是真是假，是好是坏，你一眼就看出来。如果是不好或者退货对不对？所以朋友们您放心拍就可以了。纸张字迹什么的都是杠杠。您在书店看的是怎么样的？咱的直播间也是怎么样的？丁立梅老师的书没有了，不好意思，丁立梅老师的书没有了，您看一下需不需要找别的了。开心的高维智慧我要下架了，还有这个六组谭晶我要下架了，河西走廊我要下架了。没有拍到的朋友跟我说一声，我重新给您上架。151换一个，161换不了的，不好意思，它链接选项是怎么样的，他就怎么样的，我这边换不了的，不好意思，不好意思。换这个只有工作人员才可以，但是时间是换不了的。他的是怎么样，他就发的怎么样的，不好意思，不好意思。于欢老师的书在103、104跟105号，余欢老师的莫言老师的书在106，莫言老师的富爸爸穷爸爸有的，明朝的没有货，不好意思，明朝没有货。来这个富爸爸穷爸爸的，给您上架到194号。富爸爸穷爸爸的小黄车的194，您可以看一下。拍了书的朋友们，感谢您的支持。今天下单，明天发出的每一本书都是新书，有封书膜的,开启你的高维智慧
您不用担心说怕上当受骗，说买到假的朋友们不会的。因为每一本书的前面或者后面都有条形码，您可以查询的。是真是假，是好是坏，你一眼就看出来了。如果是不好获奖推广，对不对？说朋友们你放心拍就可以了。天龙八部没有，不好意思，天龙八部没有。金庸、古龙、梁羽生他们的书都没有，不好意思，您看一下需不需要找别的了。找书的朋友们可以打书名就可以了。朋友们，主播给名称书上架了1到180多号链接各类图书到的都是正版全新的书籍。您在书店看到是怎么样的？朋友们咱的直播间也是怎么样的？但是您在书店买一本的价格，咱的直播间可以买很多本的。星球散步有的尘埃落定没有了，尘埃落定，尘埃落定，你稍等一下，我给你找一下，看下补货没有。来星期六散步的，星期天散步的话，在193号星期六散步，193您可以看一下，然后尘埃落定，我看下补货没有。余华老师的书，103、104跟105号长安落定是没有，长安落定是没有货了。不好意思，中国折叠是在97，冯友兰老师的在小黄车的97号，您可以看一下，明朝没有货，不好意思，明朝的没有货。小学生必读书籍在三跟47号，初中生的都在61号链接，活着在104号，余华老师的活着104。刘彤老是新书在189，179号，刘通老师新书179号链接追忆似水年华没有，不好意思，追似水莲花没有然后那个韩非子有的，您稍等一下。韩非子给您上加到那个194，韩非子给您上架到194号链接，您可以看一下。拍的书的朋友们，感谢您的支持。今天下单，明天发出的，咱家都是现货速发的。亲密关系在117号，亲密关系117。然后巴士飞机有的，万年历也是有。您稍等一下，马上给你们上架八次危机，给您上架到195号，八次危机，八次危机，195万年历给您上架到196。是的，194那个韩飞只在194万年历给您上架到那个196号链接。万年历196已经给您上架了，鬼谷子在26号，鬼谷子小黄车26，不要挑战人性，您稍等一下，我给你找一下。不要挑战人性，不要挑战人性这本书它是一跟二的，有的，您稍等一下，不要挑战人性。他是两本的，您稍等一下，马上给你上架后黑雪我要下架了，厚黑学我要下架了，不要挑战人性。给您上加到小黄车的195号，不要挑战人性，195号链接。红楼梦的话高中的红楼梦在25号，高中看的红楼梦25，成人版的红楼梦在102，成人版的精装一盒的话在102,韩非子
你看一下正版无删减王明心理学五号链接，王明的小黄车五好朋友们，咱正版新书有质量保证送保障，门前七天都会给安排上。您不用担心说怕上当受骗，说买到假的。不会的，因为每一本书的前面或者后面都有条形码的，您可以查询的。第七天在104，第七天104，汪曾祺老师的书给您上架到196号，汪曾祺的天文方面的书没有货了，不好意思，天文方面书没有货。来汪曾祺196 3页两拍有的，三两拍有的。这个挺好，你要是输没有，不好意思，挺好。你要的书没有三一两拍给您上架到197号，您可以看一下。三言两拍小黄车197，它是一个，这个是精装硬壳的。197号链接。朋友们，咱正版新书您不用担心说怕上当受骗，说买到假的，不会的。因为每一本书的前面或者后面都有这个条形码，您可以查询是真是假，说实话你一眼就看出来。如果是不好获奖，退给我了。放牛去没有，不好意思，纸张字迹什么的都是杠杠的，你们放心。纸张字迹什么的您可以拍回去自己看。觉得物有所值，咱就留。觉得买亏了没有关系，退给我就可以了。好，下单了，感谢朋友们支持。今天下单，明天发货，咱家都是现货数发的。余华老师的书，103、104跟105号。余华老师的104里面有他的活着文成第七天细雨中呐喊兄弟卖血记什么的。在104号链接，105有他那一本18岁出门行风流区没有，不好意思哈他这本书咱家没有，有的话我就给您上架了。亚瑟没有货，不好意思，亚瑟没有货。找书的朋友们可以打书名就可以了。咱正版新数小学生必读书籍在三跟47号，初中生的都在61，高中生的109。不客气，不客气。朋友们说谢谢太久了，只要各位朋友们能找到你想要的书，价格优惠美的就可以了。都是正版新书。这个仓央加措的我要下架了，仓央加措的下架。瓦尔登湖正在讲解当中，瓦尔登湖这本书正在讲解当中，就是瓦尔登湖毛选没有货，不好意思，毛血没有货，你看一下需不需要找别的了。于欢老师的书103、104跟105号，俞骅老师的数，103有他的103号，有他时时间杂文，我只要今天下单，明天发，朋友们都是基本上都是只要是不出意外的话，都是今天下单明天发出的。人家都是现货速发的。很多书它其实它都已经是包装好的。咱家每天都发几万单的，都是已经包装好了，他就差哪一个单出来了，就贴上去的，下单的完美。好的，感谢朋友们支持，今天下单，明天发出，感谢您的支持。朋友们，咱正版新书您不用担心说怕上当受骗，说买到假的,汪曾祺的书（未明确具体书名，根据文本只能确定为汪曾祺所著书籍）
因为每一本书的前面或者后面都有条形码，您可以查询同步作文。有的注意似水莲花没有。同步作你是要小学的，还是初中的？如果是小学的话，1至6年级的同步作文在59号，1至6年级的在59号。如果是初中的话，我就给您上架小学的，是吧？在59，九号链接，1至6链接在59号。朋友们，纸张这些什么的都是杠杠的，您放心，都杠杠的。人教版的是吧？好的，收到，您稍等一下，我给你找一下人教版的大妈，这种休息有的，你稍等一下。同大妈是休息，您稍等一下。还有同步作文，人教版的。爱书的朋友们，感谢您的支持，今天下单，明天发出的。同步作文人教版的话，好像人教版的就二年级的，只有二年不，还有346年级的。您稍等一下，来同步做作文的。同步作文的话给您上架到194，同步作文194。当妈是一种修行，你稍等一下，奇迹课堂。好的，你稍等一下。当妈是一种修行，在195号，当妈是种修行。195号链接睡前故事，有的你稍等一下。奇迹课堂睡前故事，睡前故事给您上架到196，您可以看一下，睡前故事196号。然后奇迹课堂的，您稍等一下，我给您看一下。奇迹课堂也是人教版的，是吧？你也是找那个人教版是吗？奇迹课堂的话我看一下。奇迹课堂人教版的没有了，不好意思，乌合之众在41号，乌合之众小黄车41号链接。奇迹课堂的没有货了，不好意思，您看一下需不需要找别的了。拍了书的朋友，感谢的支持。今天下单，明天发出的，咱家都是现货速发的。您不用担心说怕上当受骗，说买到假的。朋友们不会的。因为每一本书的前面或者后面都有条形码，您可以查询是真是假，是好是坏，你一眼就看出来。如果是不好或者退给我了，肯定没有。不好意思，这个书没有，您看一下，虚不下咱们的了。韩非子往下架了，韩非子还有万历15年我要下架。万历历万年历我要下架了，没有拍到可以说一声，我重新给您上架。余华老师的书在103、104跟105号，余华老师的，莫言老师的书在106号。链接有他的那个晚熟人生死什么的，新疆的发不了，不好意思。新疆内蒙像这边大多数都发不了，只有离得比较近的，它是能发。如果说离得比较远是发不了的。您可以试着下单看一下。如果说您新疆内蒙，像这边如果没有包邮的话，那我也不建议您拍。因为新江乡那边，内蒙这边如果没有包邮的话，其实不划算。它的费用可能超出了书本价格了的。兰花金老师的书没有货，不好意思，兰花镜老师的园林有近，我给您找一下，您稍等几秒钟,同步作文
园林有近园林有尽没有，不好意思，园林有尽这本书咱家没有中国传统色彩，疏远的书都没有货了，不好意思，疏远的书没有我传统色彩也没有，不好意思，传统色传统色彩有的，我说错了。来这个传统色彩我给您上架到194。传统色彩这个二号跟百年过渡没有货，百年过渡要明天了，百年过渡要明天。传统色彩在194号飘，给您上架到195飘是有上下两侧的，它这个无删减的数是它这个飘是无删减的，上下两侧195号链接您可以看一下，飘在195号已经给您上架了，它还是个精装硬壳的。肖申克的救赎没有货，不好意思，肖申克的救赎没有货，您看一下需不需要找别的朋友们，咱正版新书哲学史哲学简史在97页，冯友兰老师的，在小黄车的97号，您可以看一下。找书的朋友们可以打书名就可以了。朋友们，主播给您搜书上架了1到180多号链接，各类图书都有的。四季三部曲没有螺丝号的，有的螺丝号的话，给您上架到195号卢思浩的，195 4大名著原著的，您稍等一下，原著的话我给你找一下。原著精装版的，有的言情小说在那个78跟7十9，言情小说78跟7十九，天空之城，还有这个国家都没有。不好意思，四大名著原著的，来精装硬壳原著的，来给您上架到196 4大名著，原著在196号，您可以看一下崩溃没有，不好意思，我给你找一下朋友们，咱正版新书有质量保证送保障保险险七天都会给您安排上。而且每一本书的前面或者后面都有条形码的。午夜之子没有，不好意思，午夜之子没有。哲学类的话你可以看一下97跟153号，哲学的话97跟153。天空的城没有不好意思，崩溃没有，不好意思，崩溃没有正版八把那个八字去掉，这是一点。朋友们，咱家只卖正版书，我骗不到你，也忽悠不到您的。因为每一本书的前面或者后面都有条形码的，您可以查询到的。是真是假，是好是坏，一眼就看出来。如果是不好或者出轨了，鲁滨漂流记有的曾国藩家书在那个曾国藩家书152号，曾国藩家书152鲁滨漂流记给您上架到195号，卡拉玛辅佐兄弟，有的，您稍等几秒钟，来这个鲁滨漂流记195号链接，您可以看一下鲁滨漂流记，195号大语文我给你找一下。来卡拉玛夫左兄弟，给您上架到196，您可以看一下飘开了。好的，感谢你们支持，今天下单，明天发出，感谢你的支持。盛天绊子在40号链接，胜天半40号卡拉玛五九兄弟在196号链接已经给您上架了。朋友们，咱正版新书您不用担心说怕上当受骗，说买到假的，朋友们不会的,飘
大语文没有，不好意思，大语文没有书名叫做大语文的话就没有百年过渡，没有货，百年过渡要明天了，今天卖完了，六七点的时候卖完百年孤独，现在要等明天了。朋友们，每一本书的前面或者后面都有条形码，您可以查询的。是真是假是老实话，你一眼就看出来了。如果是不好或者退给我了，说朋友们您放心拍就可以了。正版新拍了，感谢朋友们支持，今天下单，明天发出的，感谢你们支持。傲慢与偏见有的，傲慢与偏见的46，傲慢与偏见46，经济学没有了，焦虑心理学您稍等一下，焦虑心理学的你稍等一下。拍了书的朋友们，感谢你们支持，都是现货速发的小学生必读书籍。在山根47号焦虑心理学，焦虑心理学给您上架到小黄车的195号焦虑心理学。195正版吗？把那个字去掉，你放心。朋友们咱家只卖正版书，只卖正版书。每一本书的前面或者后面都有条形码，您可以查询的。苏东坡传在100 186，苏东坡传186。大卫的，大卫在那个我看一下，大卫在174，大卫在144。基层女性跟平凡世界没有货了，不好意思，朋友们你放心，正版新书纸张字迹什么的都是杠杠的。您在书店看到是在咱的直播间，也是怎么样的？金刚您说什么跟诡秘之主都没有货，不好意思，您看一下需不需要找别的了。于欢老师的书在103、104跟105号。于欢老师的莫言老师的书在106，莫言老师的他的晚熟的人生死疲劳什么的，在106号链接。南花金老师书都没有货，不好意思，南花金老师的金刚经解密，金刚经解密是南花金老师的吗？我给你找一下，你稍等一下。爱与自由，我看一下爱与自由，有的，您稍等一下，暮色将近没有货了。云边小卖部在78号，云边小卖部78。来爱与自由，爱与自由195号，爱与自由195塔木德在177塔木德，177号金刚经解密，我给你找一下，飘飘在191号，它飘在191，您可以看一下，它是一个精装硬壳，上下两侧的金刚经解密，书名叫做金刚经解密，就有没有。但是咱家有金刚经，金刚经你需要不？107号链接里面有金刚经，心经，还有地上菩萨经，还有谈经什么的。这么便宜，就是因为现在转到线上来的书，书店转到线上来省去租金。店铺人工方面，这书本都是工厂直接发出，像三五块的书，朋友们是倒贴几毛钱。我没有骗您的，图的就是这一单支架，山海经全的十八卷。您放心，这个就是六号链接。山海经它是全集十八卷，白话文带注解，彩色印刷，图文共绘的。你可以看一下通俗易懂的,傲慢与偏见
这么厚的一本全集18卷的hello书的朋友们，感谢你们支持，纸张字迹什么的都是杠杠的。朋友们您不用担心说怕上当受骗，说买到假的。因为每一本书的前面或者后面都有条形码，您可以查询答案之书，样板书不在我这里。我给您看一下答案之书，答案之书的话，样板书不在我这里，不好意思，可以看详情，详情有单独介绍了。因为我不是所有样板书在我在我这里我输出这么大，有些样板书在我这，有样板书不在我这里，不好意思。小学课后会读书，在三号跟47小学课外读书。三号是国外名著，1至6年级的必读课。读书在47号。你可以看一下三更47小说，有的言情、恐怖、太案、悬疑。你喜欢什么类型小说跟我说一下。红楼梦在红楼梦小黄车的109号，红楼梦你看一下，红楼梦在102，红楼梦102，是我这一个精装硬壳无删减。你看一下这么厚的一本，这么厚的一本经，那个红楼梦102，智通鉴在30号链接，53减的在30号链接。您可以看一下资治通鉴30号。卡拉玛夫子兄弟，我要下架了哈卡拉玛兄弟，我下架了。没有拍到的朋友跟我说一声，我重新给您上架。找书的朋友们可以打书名就可以了。咱正版新韵书有质量保证，售保帐篷前七天都会给您安排上言情小说，在78号跟79，您可以看一下言情小说，78跟79号链接。这个爱与自由我要下架了，爱与自由没有拍到。朋友跟我说一声，我重新给你上架。白色橄榄树没有货了，不好意思，白色橄榄树没有货。您看一下需不需要找别的了，找书的朋友们可以打书名就可以了。1到180多号，各类图书都有的。小朋友、大朋友，初中、高中的国学经典、历史、文学、科学、生活、小说朋友们，这书籍都有的，都是正版全新的书籍。刘震云老师的书没有货，不好意思，他的渔具顶玩具什么的都没有货。一个陌生人来信，您稍等几秒钟，我给你找一下，找书的朋友们可以打书名就可以。一个陌生的来信，我给你找一下。余欢老师的书，在103、104跟105号。于欢老师的一个陌生男性有的。这本书给您上架到小黄车的192，您可以看一下，师娘在192号链接已经给您上架了。小学生必读书籍在三跟47号，1至6年级必读书籍在47号链接，初中生的都在61号，7八九年级必读的在61号链接，高终身的在109,一个陌生男性（此处疑似为《一个陌生女人的来信》，但文本表述存在一定错误）
您可以看一下石铁生老师的书，12号跟139号，12号链接有他的卧底塔，139有他的必须碎笔什么的，您可以看一下咱正版新有质量保证，说网上还有七点盲文前在线非暴力沟通，有的您稍等一下，非暴力沟通给您上架到193号，非暴力沟通已经给您上架喽。飞报的沟通193号链接你可以看一下。而且诺马少年是有的，还有天才家族风筝也是局外人在143，你可以看一下，局外人143或者144，有那个局外人新怒马少年时给您上架到那个新数码少年时，193号天才在左疯子在右，194您可以去看一下天才的，194西游记在102，西游记102言情小说，78跟79言情小说。明朝那一次没有货了。郭德纲老师的话，他的书很多，要不我跟商家看他的新书怎么样？他的刚刚说过，郭德纲老师的刚刚说过，郭老师刚刚说过，在那个195号链接红书没有了。瓦尔登本瓦尔登湖是没有包邮的。不好意思，这一个瓦尔登湖单本它是没有包邮的，您可以选择两本装，两本装以它都是有包邮的。百年孤独没有货了，要明天了。百年孤独现今天卖完了，要明天了。我地毯在五号，地台在12号，五号地毯12号链接跟您在书店花了三四十买的是一模一样的。您不信，您可以拍回去看一下，您拍回去看一下。那个沃地毯你可以拍回去看一下，纸张字迹什么的都是一样的，毛线没有货，毛线没有货。魔地毯在12号链接，您可以看一下。朋友们，咱正版新书有质量保证送保障。我没有必要去骗你，也忽悠不到您的。因为每一本书的前面或者后面都有条形码，您可以查询的。拍了，感谢你们，我点了看不懂是吧？他获奖的时候，你也要耐心去看一下。爱书的朋友们，感谢您的支持。韩寒的书没有货，不好意思，韩寒书没有货。余华老师的书都在103、104跟105号。余华老师的书103有他的十年杂文，我们生活在巨大的差距。它这个十年杂文还有它的活着，文成第七天什么的，在104。天道没有货，天道哈利波特都没有，明朝的可能都没有了，明朝可能不卖了，可能是等他等了好久了。沈石溪的您稍等一下，沈石溪马上给您上架他的动物小说，还有琅王梦什么，我给您上架，您稍等一下，沈石溪的，我给您上架一个他动物小说，还有一个狼王梦。来小黄车最底下沈石溪的您可以看一下，在194跟195号，莫言老师在106，莫言老师的106，基本包邮。朋友们，它这个如果说您是属于新疆内蒙，像这边基本上都没有包邮的，地区比较偏远的地区是没有包邮的,非暴力沟通
如果说你是属于新疆内蒙，像这边没有包邮的话，那我就不建议你拍。因为偏远地区不包邮的话，它的费用可能超出了书本价格了，所以我不建议你拍拍了十多本。感谢朋友们支持，感谢您的支持，感谢您的支持。明天都会安排给您快马加鞭给您安排发出的都是正版新书。您收到货，您可以自己看，不喜欢不买，直接推给我就可以了。纸张质地什么的都是杠杠的。您可以看一下，您在书店看到是在咱的直播间，也是看到本身咱之前就是书店卖，我现在就是转到线上来了。这个书本都是工厂直接发出，省去了租金店铺人工方面这一块，所以书本价格也就降下来。像这个三五块的书，咱是倒贴几毛钱，图的是挣一个人气价。爱看书的朋友们不要错，这些数码少年时我要下架了，天才在左，疯子在，我要下架了。没有拍到的朋友跟我说一声，我重新给您上架。小学生必读书籍在三更47号，小学生的、初中生的都在60号。链接四大名著原著的话，您稍等一下，它原著的102是白话文的102。然后这个圆柱的话，来四大名著原著，给您上架到194，您可以看一下。原著在194 1间属于自己的房间，在182 1间属于自己的房间。哈182，天津天星十二穴。这个书没有，不好意思，花月你要的书没有。中国哲学史在97宏远老师的在小黄车97号。智通鉴在白话文的，白话文无删减。在31号链接，智通鉴智通健在30号链接，它那个就是白话文的，白话文丹珠姐的三体，在80号3体，小黄车的80号链接。朋友们，咱都正版新韵书有质量保证受保障的，还有气垫保温险这些。国王鞠躬没有，不好意思，您的这本书人家没有，不好意思，您看一下，需不需要找别的了？朋友们1到180多号，各类图书都有的。追忆似水年华没有，不好意思，追忆似水年华没有，您看一下需不需要找别的了。小学生必读书籍三跟47必须碎笔，在137 139。史铁生老师的必须碎笔，在139号，您可以看一下。爱看书的朋友们不要错过了，能多拍两本的可以多拍两本，拿回去筛选一下，满意的留，不喜欢直接退就可以了。您在书店看到是怎么样的，咱的直播间也是怎么样的这几张字迹什么的都是杠杠的，你可以看一下，纸张字迹什么的都是杠杠的。拍了书的朋友们，感谢你的支持。小学生必读书籍在三跟47号，初中生的都在61号链接，高中生的在109号链接。您可以看一下，每一本书的前面或者后面都有条形码的，您可以查询的是真是假，说实话一眼就看出来了。如果是不好获奖推广，对不对？小朋友们你放心拍就可以了,一间属于自己的房间
沈石溪的我要下架了，他的动物小说，还有狼王梦，我要下架了。没有拍到的朋友跟我说一声，我重新给您上架第三版的新华字典。没有，不好意思，第三版的新华字典没有。余华老师的书在103、104跟105号，余华老师的莫言老师的书在106号。链接里面有他晚熟的人生死疲劳什么的，您可以看一下小学生必读书籍在3到47页，初中生的都在61号，高中生的在109号。链接你可以看一下。石铁生老师的书，12号跟139号链接，林清玄有的，您稍等一下。林清玄老师给您上架到193号，您可以看一下林清玄老师的话，193已经给您上架了，你可以看一下。看了书的朋友们，感谢您的支持，今天下单，明天发出的，咱家都是现货速发的。古镇了没有？不好意思，古筝了没有？这个小说没有，您看一下需不需要找别的了。这个票我要下架了，这个飘等一下我要下架了。来欢迎所有直播间的朋友们，找书的朋友们可以打书名就可以了。朋友们，主播给你们搜书上架了。不见花海，你稍等一下。你这个书我给你找一下。小学生必读书籍都在三跟47号，初中生的都在61号链接。不好意思，不见花海，你要的书没有？小学生的书在3跟47，小学生的三跟47号狂飙，有的狂飙，您稍等一下。40号链接是1至6年级必读书籍，都在47号。来这个狂飙给您上架到小黄车的最底下。不见花海，你要的书没有，因为你这本书我不能说出来，我怕被那个抖腕弹窗，我怕被弹被他弹窗，我不能说。然后这个狂飙在194，狂飙在194。看书的朋友们，感谢您的支持。咱家都是现货速发的。您在书店看到是怎么样？朋友们咱的直播间也是怎么样？但是您在书店买一本的价格，咱的直播间可买很多本的。我没有必要去骗您，也没有必要去忽悠您的。反正您可以拍回去看，可以自己看一下。往古纳河右岸，在17号，是金老师的，在17号链接我们只张字迹什么的都是杠杠的。您在书店看到是怎么样，咱的直播间也是这样。但是您在书店买一本的价格，咱的直播间可以买很多本的。纸张字迹什么的，你们放心，都是杠杠的，满减七天都会有的。山海经有插图的山海经有有插图的，你看一下，图文公会把白话文耽注解的。没有包邮的话，是不是地区问题？朋友们，比如说新疆、内蒙、西藏这边，地区比较偏远的，是没有包的。如果说您是属于偏远地区的话，那我就不建议您拍。像新疆、内蒙、西藏、海南，还有甘肃这边没有包邮的话，就不建议你们拍，因为它的费用可能超出一个书本价格了,林清玄的书（未明确具体书名，根据文本只能确定为林清玄所著书籍）
偏远地区的朋友们，不建议您拍。来林清玄老师说我下架了，林清泉老师说我下架了，没有拍到。朋友跟我们说先弄的少林寺已经是个地板价格了，广东的包邮的。您是说哪，您是指的哪个链接？苦瓜如果说您是有个别还还有个别单本3.9块没有包邮的话，你可以选择两本装。像这个单本瓦尔登湖，它是没有的，你就可以选到两本装，选到两本装，两本装以上的，它都是有包邮的。认知觉醒在84还是83？我认知觉醒在83号链接有，你可以看一下认知觉醒83号链接有。现在怒马少林寺已经是个地板价格了。你去书店买的话，49的。咱正版新书，朋友们不是盗版的书籍。朝花夕拾在11号，朝花夕拾小黄车11号链接。朋友们有些书籍客单价比较高，所以它的版权比较贵，但是都要比书店便很多的。宁波新的朋友们可以书店对比一下，同样的书，同样的出版社，如果说什么跟书店相几块钱，您可以把书退的。云边小卖部在78号云边小卖部，小黄车的78号链接，您可以看一下，爱读书的朋友们可以打书名就可以了。孟国山一生没有，不好意思，莫泊桑一生没有古文观止，在87号古文观止。小黄车的87白色橄榄树没有货，不好意思，白色橄榄树没有货，找出的朋友们可以打书名就可以了。朋友们，主播搜书上架了1到180多号，各类图书都有的。盗墓笔记没有货，不好意思，盗墓笔记没有货。冰剑在52，不，152号。那个曾国藩，曾国藩那个冰剑在152，您可以看一下。那种有的，每个链接都很多书的。那个就是你要一个选项，很多书对吧？就是每个链接里面都很多书，它有个总的链接，比如说十本的或者八本的，你可以看一下，每个链接都很多书的，你可以选七八本的那个选项，选一个选项的话就有七八本的书的。你可以看一下，每个链接里面都很多书的。拍了书的朋友们，感谢的支持。今天下单，明天发出七天留言。没有，不好意思，七天留言，没有活在洪武时代，我给你找一下。东野的书不卖了，不好意思，东野书不卖了，我在洪武时代，这个书有的来这本书获得，咱也不想查询的是真是假。42是180多号，各类图书都有的，找书的。,朝花夕拾
