﻿original,result
说如果你想让人民幸福，你需要让一个孩子觉得自己很优秀。我们今天好多的家长真的贬损起自己的孩子来，他不会对任何人说那样的话，但是他会把这些话放到自己的孩子上，甚至有时候批评自己的孩子笨、蠢、不听话、调皮、捣蛋，甚至是打孩子。跟说对待孩子就像对待敌人一样，跟孩子沟通的时候像秋风扫落叶一样。然后希望孩子将来长大之后幸福，怎么可能呢？这样的事情，读过罗素幸福之路的人就不会去犯这样的错误了。我以前不知道罗素的写过这样一本书，我知道罗素是通过王小波。那时候我在读中学高中的时候，我很喜欢看王小波的散文杂文，他就老在引用罗素的话。那么参差不齐，参差百态乃幸福的本源。我就记住了罗素这个名字。直到若干年之后我才知道，原来罗素之所以那么厉害，是因为他看了幸福之路。没有一个家长说，我就是希望我的孩子将来不幸福的，但他不知道怎么去对孩子。罗斯在这本书里告诉你，如果你希望你的孩子幸福，你一定要让你的孩子觉得自己是优秀的。因为为什么？因为等你的孩子将来长大了，走进社会之后，有太多的人去批评他了，太多的人去质疑他了。他需要一个盔甲，这个盔甲是什么？就是你在他小的时候对他的鼓励，所以这本书赶紧去拍我是没有钱，我要有钱，比如我现在有足够的钱，我就会把这本书给我们所有的全中国的家长人手一册，让他们去读一下这本书。而读书永远不晚，朝闻道夕死可矣。这就是很多的书读的过程，就是觉识迷途其未远，觉今世而昨非，就是这套书。好，给大家上了吗？给大家刚拍完。为什么让大家上快一点，然后把它加满？为什么我让你们去拍我手上的这个幸福制度？如果你平时在日常生活中，你真的非常的焦虑，然后精神内卷，甚至在某种上无所事事很不开心。那么这本书强烈推荐，这是我最近一直在推荐的。我们上海闵行区政协三百多位政协委员，这个月在共同读一本书，就是在读这本幸福之路。每一个人都在读，我看到大量的人在说读这本书的过程中相见恨晚，花晨一会儿给你上。好了，我这样，我把这个幸福之路，今天晚上拍到幸福之路的朋友，请帮我打四个字，叫我有幸福。因为打出来的心愿更容易成真，请帮我打上我有幸福四个字。凡是你今天晚上拍的这本幸福之路的上面全部都盖了一个手板手印章，再加印。我们在8月10号左右，这本书要开始第二次印刷。那么第二次印刷的，大家注意下，这个章就没有了。这个章不是机器印刷上去的，我甚至都不能用手用力去搓，因为这个是人工一个一个的盖上去的,《幸福之路》
看到没有你等到2刷的时候，你说再来一个手板手印的章，这个就没有了。所以为什么我跟大家讲，不要犹豫，直接去拍，来十秒钟，这个没有拍到的是你自己吃亏。因为这个时候我们从签约到最后做出来，大概用了将近三年。那么三年的时间，19.9块的时候，作家帮赚多少钱呢？一本书的利润大概是在按10%打底来算，10%就是1.9块钱，听懂没有？就1.9块钱。但是为什么我今天花这么长的时间来讲幸福之路？就是因为我太后悔了。曾经没有一个人耳提面命的告诉我说，花儿你一定要去读一下罗素的幸福之路，这本书写的有多好多好，没有这样的契机。直到有一天我自己发现了这本书，我们作家长要出这本书，我一字一句的把它读完，我才是强烈的发愿。这个发愿是什么？我要让那些在现实生活中他有焦虑、有迷茫，希望自己幸福，希望自己孩子幸福的人，一定要去看一下罗素的幸福之路。因为这样的书人人都可得，都可读，而且人人都读得懂。它是我们人类共同的思想的精髓。它里面说到，不管你有没有工作，不管你做了什么工作，比没有工作你都要快乐。这本书推荐给大家好吧。还有你看我们的小人物说已经读完了。我现在公开的说，你不是小人物，你是大人物，你都得了罗素的幸福之路了，你还是小人物，你是大人物。下次如果你你跟别人聊的时候，我希望怎么样呢？你一定要把这种你读书的感受传送给你身边的朋友，哪怕你就影响了一个人，你都让这个世界变得更美好了一点点，超越自己。说喜欢地下自行人，推荐大家看看OK。我想问一下有谁没有拍到地下紫禁城的吗？把地下紫禁城加十单。好了，跟所有的朋友们说一下，今天我们晚上的一个畅销的爆品，地下紫禁城小学456初1、初二、初三的孩子闭眼去拍，闭眼去入，这是一个激发孩子想象力的中国奇幻制作，好评如潮的一本书。而且今天的价全三册给大家的价格非常的划算，希望你可以拍到加了十单吗？加了十单，直接加了十单。是的，之前是68是吧？是的，现在在别的很多平台还是68的价格。花的智慧有我们自己链接吗？有的，有两个链接，一个链接正在预售，一个链接没有预售。我现在想给大家发的是没有预售的。这是作家版刚刚新发的花的智慧价格上涨了一点是吧？是的，但是跟大家说一下，58我们这个价格以及内容涨了一点点了。因为作家网的书是这样的，熟悉作家网的朋友都知道，我们在首发的时候价格是超优惠的，你闭眼拍闭眼入就好了。但过了首发那几天，那么价格就会慢慢的恢复到正常,《幸福之路》
如果你说我还能不能有首发价？有可能，但是要等到一个月才有一次的。作业网的跟王芳老师的专场合作，你可能便宜几块钱。那我们在日常的这个直播，一般来讲就是一个正常价格。花的智慧我认为是小学三年级往上可以去读花的智慧。究竟什么是花的智慧？你们知道吗？来，知道的请帮我打在屏幕上。什么是花的智慧？想着女儿开始读第三遍了，把欢喜的打上去。好的，欢喜，你女儿读花的智慧读第三遍吗？花的智慧，把第二层给小花猫加一下。欢喜，我不知道你女儿叫什么名字，你一定给我说一下。你说小王子爷爷爷爷不对，说小王子哥哥，那不行，也装嫩。说小王子叔叔，小王子叔叔在直播间为他点赞，他居然把花的智慧已经看了三次。刚才说小王子爷爷是这个口误，花的智慧已经发货了。来先帮我花的智慧。上一轮我来跟大家讲一下，为什么说一定要去看花的智慧。我最近在看花的智慧的时候，真的是惊心动魄。这本书的作者是谁呢？是你们非常轻喜欢的青鸟的作者梅特林克的一个作品。当年梅特林克在法国的一个镇子上，法国的那个镇子是一个以产盛产鲜花和香水著称的地方。你可以设想一下，现在让你去旅游，你就这么想，让你去旅游，然后住在法国的一个小镇上，这个小镇上到处都是鲜花，然后他在这个镇上呆了将近四个月。如果让你四个月的时间去写一个作品，你会写什么？他居然写出了一本花的智慧，花的智慧是什么呢？就是说花所有的花或者植物，它有一个天然的命运，这个天然的命运就是它不能移动。你们注意到这个细节没有？在自然界里面的花和植物它是不能移动的。就是如果这颗种子掉在了肥沃的土壤里面，他的天生环境就好。如果他是掉在那个岩石缝里面，它又没有办法动。所以这就是花的智慧。他一定要怎么破土而出，向阳而生，脱胎换骨，它才能最终变成一朵花。当它变成一朵花的时候，它已经脱胎换骨了。你看到的任何一朵花，还有在生活中，我当时我就痛恨自己的愚蠢，我说我从来没有这么去思考过这个问题。当我总是这个花太美了去赞美那个花，但是我忽略了当我们看到任何一朵花的时候，你都要知道那个花付出了多少的努力，他最终才变成一朵花。它的种子在地底下，他要从黑暗的地方积蓄所有的力量，他才能破土而出。而我们今天有多少的孩子喜欢抱怨，甚至有的孩子觉得父母已经付出了自己所有的努力了，有的时候孩子还不满意，甚至有的孩子做事极没有耐心。但是花呢，它需要那么长的时间在地下积蓄力量，然后冲出来,《花的智慧》
所以这本书强烈推荐给大家，三年级以上闭眼拍边入，给所有那些做事儿容易抱怨，然后容易没有耐心的孩子去看一下诺奖得主梅特林克的传世之作花的智慧。今天每个朋友拍的都是手板手印。这个就是做地板的花的智慧，不要上那个预售链接，给大家直接上现货链接。目前给大家上的是现货链接，现在给大家上的是手一张加藏书票加。好的，子豪，我看到了，今天拍的全部都送藏书票，全部都送藏书票，送明信片。是的，绵绵冰，谢谢你。我女儿就是因为小王子爱上了读书，做地方的每一本书都喜欢收藏，多幸福。你孩子以后长大之后，他一定会感谢你。追梦说明信片特别美，有同感的吗？觉得这张明信片，觉得这个明信片好不好看？给大家补库存一号链接来这是他的内封。后来我们送了一张这样的明信片给大家。这个明信片是我女儿画的，是我女儿的一幅画他有一次我刚好我们在做花的智慧，他从学校回来，他说我画了一幅画，说爸爸你看一下，我一看我说我说你画的这个画能不能授权给我们？他怎么授权呢？我说把它授权给我们我们把它做成一张明信片放在花的智慧里面，可不可以？他同意了，同意之后，你看我们的编辑还把他的名字放在这，这是他的一个自己lily，把他的名字放在这里，那这本书我们也没有占他的便宜。跟大家说一下，这套书首印印了15000册，我们也付了他稿费，同寿无期我们也付了他的稿费。付了多少钱？你猜整个印了15000张的明信片，150块，妈呀给了版权费。汤圆举贤不避亲，但是也不能克扣他。付了他600块钱，大家觉得多还是少来？帮我打在屏幕上，我们的手印总共印了15000套的幸福之路付了他600块钱，还让他签字确定签收，获得了这笔稿费。稳稳的幸福说太少了，可以了，我至少没有说，来来来给老爸用一下，我没有这样，我首先是做了三个工作，第一，你愿不愿意授权给我们，他说他愿意。第二我说我们按照这个15000印了15000个。我让更多人认识你的话，是不是也帮你做了宣传？他听懵了，他听懵了。第三，我说那我们就付600块钱的劳务费已经给他了。今天下午给他的时候自己在那签字。我确认收到了这个大型文化付给我的600块钱的劳务费，付款丽丽。最后他就把这个作品收藏给我们了啊。但是妈妈问他600块钱怎么用，他在攒钱。因为他他们学校有一个活动，大概是8月6号，他们一帮同学要去夏令营，不让父母跟着,《花的智慧》
不让父母跟着的情况下，他自己特别想买一个手表，这手表得一千多块钱，他跟我说了一个多月，我都没有给他买。我不知道，我把我的做法跟你分享一下，想听的请帮我打一个想听，所有想听的打一个想听。就是当孩子说他想要什么东西的时候。我是怎么做的这只是我个人的做法。他说他有一块手表，是他三四岁的时候我给他买的。那个手表买的是一个华为的一个品牌，华为三什么华为3 pro还是什么之类的，好多年前的买的一个手表，他现在经常带着。那手表的续航能力不行，因为买来已经有到现在。你想他现在九岁了，买64买了有四五年了。确确实实是要更新换代了，因为现在孩子用的东西更新换代特别快。在这种情况下，他跟我说，他说爸爸我特别想买一个手表。我说可以，我非常赞成。因为你有一个手表，我随时随地可以联系到你，你也随时随地，爸爸在上班的时候你可以给我发信息。我但是你要自己先去努力一下。他说我怎么努力呢？我说你会写作，你会画画。我说如果当你自己努力之后，你通过你的稿费攒你的稿费去买的时候多好啊。你不够的情况下，我说爸爸可以来给你补贴。所以在过去的一个多月，他就拼命的不断的写各种各样的东西。而在过去的一年他写了一本世界。最近就一直说把世界改到了他改的改不动为止。我看完之后我也非常的震惊，他写了一本新的叫世界。那个时候有可能最终有可能会在我们直播间跟大家见面。他塑造了五个不同的世界，现在他已经攒了600块钱。上海书展的时候，他准备要去摆摊。这个时候当他自己攒到一定的时候，比如攒到1200 1300块钱的时候，这时候我给他补贴300块钱，带他可以自己去买，九岁，所以我总是让他自己先努力，当他付出了不亚于任何人的努力之后，这个时候去试一下。这笔稿费是第一笔款，不是去年是去年吗？他写过一本书，当时在我们直播间限量签收了100本，那是他的第一笔稿费，他非常珍惜，到现在为止还存着呢。抠的不行，自己的钱都放在存钱罐里面，不用有时候出去玩什么之类的。所以你自己买一个玩具，你这么想他我的钱那么少，我一买就没有了。好抠，不吃就饿着。小王子，我明天我家老二过生日，能不能中个福袋？你不需要种福袋，你回头你告诉我你的这个孩子叫什么名字，想要作业版的什么书，发一发一个私信来，我送送你的孩子生日礼物好吧？你看马上就破除了我们直播间对我抠门的标签。这就叫迅速的用事实证明，对。在这里感谢冰若，冰若现在我们直播间在这里我要感谢冰若上次我们的这个花的智慧,《花的智慧》
我知道你们非常喜欢做这样的书，有的时候真的是把作业版的书当自己的孩子一样。那最多版的书是不是百分百完美的呢？不是，有时候里面也有个别错字，因为笑对如秋风扫落叶边扫边生，真的是这样。但是我们很多的读者非常的热心，上次就像这个花的智慧一样，我们发的那个视频里面这边多了一横，谁都没有发现，很多人都没有发现。那是我们的数码打样的时候，当时多了一横，结果病弱看到了，他说小伙子你们这是是怎么想的？怎么会多一横的那个智慧的智？我一看，我说抱歉，我们错了，这就是个错字。后来正式印出来的当然是对的，所以这里要感谢大家的热心。为啥现在没有？我闺女在好书节那天找着我签名是吗？如此珍贵好词好句没有了，真的没有了。我们直播间谁有好词好句，谁家里有作家榜的好词好句，跟我说一下。我看现在还有什么书，跟朋友们说一下。现在花的智慧仅剩五单了，快去拍。亲爱的朋友们，我们的价格聪明的读者发现已经涨了一些了。作家榜只有首版首映首发的那一天，价格是超划算，你闭眼入的。过了那个首发的三四天，价格基本上慢慢的就回到了正常。如果有时候你讲，我还是想要便宜几块钱怎么办？那也没有关系，我告诉你一个方法，每个月我们平均每一个月跟王芳老师有一次大专场合作。那么在他的大专场上，有的书可能会便宜个1块2块的，因为买的人太多了。平时我们日常的话就是我们正常的这个价格。中国科学家的书，乔文森你倒是帮我们推荐出出选题。小青蛇太牛了，小金池昨天把我热爆了，我昨天加班加了一整天班，从早上九点钟一直工作到七点。我们所在的办公室，他的星期六和星期天是不开空调的，如果开空调需要单独去申请，每天8000块钱，我怎么会去申请？我们几个同事来开班加班，我怎么会去申请开空调？我肯定不会去申请开空调，一天8000块钱。我们同事那边就用风扇在扇着，我自己的办公室里没有风扇，我就在那看2025年的好词好句，一句一句的在看在推敲。我推敲的逻辑是什么？我愿不愿意把这句话分享给我的女儿听？就这个逻辑，用父母心去推敲。要满头大汗。但是因为我在聚精会神全神贯注的在看2025年的好造句，所以完全没有知觉，就是感觉头上的汗不停地往下，而且在耳朵旁边就听到滴滴滴嘎嘎嘎嘎嘎嘎嘎，就是那种响声，什么破裂的声音，我就说的，我说什么东西破裂了，我就没有什么印象,《花的智慧》
后来等到我浑身大汗，我工作到一定时候，我非常开心的站起来的时候一看，天哪，我背后的整个一扇玻璃，那个钢化玻璃全部热的爆裂了。有8000块钱去开一天的空调，单独说我还不如把这个钱投到书里面，把这个书做的更好。好，草句现在没有了。还有人说你看鲨鱼说你的头发太长了，剪短一点，拜托。大仙，我这上个星期刚刚剪的，你知道我以前头发到这里来，到这个地方，这刚刚剪的好吧，你们是这个猴子，那个幸福之路没有抢到是吧？来幸福之路，幸之路帮我。不舍得剪头发，连玻璃钢化玻璃都热爆了也不舍得开空调。然后女儿授权绘画给他用，就付800块钱。我看你们很多人今天晚上就拿这三个点不停的在吐槽是吧？来更加验证我的抠门。可能在生活中我是有点抠门，但是在做这些书上是一点都不抠门。在作家榜为了搞出这220部经典，我们总共投公司投了多少钱，你知道吗？一个亿八年你自己要知道，你是公司一员，5.3个亿。就是在做书的时候，真的从来不去思考说这个作品的插画可能要10万20万签字，说这个书可能需要六年的等待时间签字，说这个作品要多少钱，千只。问它是最好的吗？它是天花板的吗？它是TOFP的吗？所以老人有老老是有人在在说说昨天晚上的书，孩子喜欢你们做的真好。我说无他为砸钱，而就是舍得投入时间。首先是舍得投入时间，然后同时舍得花钱，就是这个。这个现在扎不起来，前段时间有可能扎个小辫儿，现在就完全扎不起来了。谢谢大家，做好书是基本的最基本的。来把，所以幸福之路现在给大家了你说这个链接的，来这个链接再给大家二十五单。好的，明天开始不要用这个链接，我们用自己的链接，因为这个链接是赔钱的。跟所有的朋友们说一下，我们现在的幸福之路明天开始没有这个链接了。因为这个链接我所知道的是赔钱的，回头还要给他们签单子，叫什么什么就补贴的。所以今天再上二十五单幸福之路，我们就把这个链接下掉了。如果你没有幸福之路，去闭眼拍便入。此时此刻闲不住，来把那个加一下。好的，给大家加一号链接。我知道他有，我知道他总共它的库存有多少本我心里非常的清晰。所以所有此时此刻在直播间的朋友，如果你没有幸福之路，但是你真的希望自己生活中过得好一点点，你一定要对自己好一点。你为孩子买了那么多的书，你从来没有想到为自己投资，那么把这本书拍过去。必须买上是吧？我看一下，现在你大家可以看这个链接是380本，380本,《幸福之路》
那么我们这个链接的总共的库存是400本，所以它所有的这个链接仅剩最后二十单。如果你没有拍到以后你就看不到这个链接了。有这个链接，因为这个链接你每拍一本，你就相当于是补贴一本。这个链接我必须如实的告诉大家，你们每拍一本作家榜就补贴一本，就是这个链接。还有八单，最后八单是吧？别犹豫，还有八单。谢谢大家的所有，谢谢大家的帮忙。来你们是什么情况？现在此时此刻居然把我们推到了这个书籍榜单的第一名，有看到吗？看到左上角的请帮我发一个小王子，加油。或者发一个作家榜，加油吧。发一个作家榜，加油啊。作家榜加油。此时此刻我们在整个书籍榜单的TOP。这不是我们厉害，是要谢谢大家的，谢谢大家的信任，非常感谢大家的信任。之前的纳尼亚一套都没有了，对吧？对，没有了。人类群众暇时有谁没有拍到过这本书？人类群星闪耀时，14个讲地球上有过多少人，如果我没有记错的话，大概是地球上曾经出现过1000亿人，1000亿。刺猬格这可怕的刺猬格，居然从这1000万人里面选了14个人，写了14个影响我们人类文明的历史瞬间，写了一本书叫人类群星闪耀时。这是为三节精装插图版排名TOP的。最近小米的雷军，他不就是公开发文吗？说他之所以选择造车，当时特别犹豫。但是他看完了人类群星闪烁，他决定去做这个事情。这本书你没有看过，真的是好可惜、好遗憾、好痛心。一定家有儿女的，让家里的宝贝早一点去读人类群星闪耀时。他这里面有一句话的观点对我影响非常深。他说一个人什么是最幸福的，你知道吗？他讲一个人最大的幸福就是在他年富力强的时候找到了自己的人生使命。这个版本的特色在哪里呢？它是抑制于原版原著未删节，而且是把一个社科书做的像文学书一样，这就是它好评率如潮的。你们知道的这些大咖基本上都在推荐作家网这个版本，从王芳老师到俞敏洪老师，全部是推荐的作家网这个版本。这个书就是只要家里孩子认识字的，赶紧让他去看。知识性、历史、地理、励志，全部都在这一本书里面。一叶天才像法国的这个上位里尔，他是怎么样在短短的几个小时就创作了这个弥赛亚的？把它写清楚了。拿破仑作为一代战神，他为什么是会失败？全部写的清词组。这本书是69块钱，今天我们给大家来上链接好了。一号链接34 34.5块。请问大家34.5块在这个时代一杯咖啡，一杯果汁，一顿饭好像34.5块，一顿饭不够,《人类群星闪耀时》
但是你可以拍到这本书，这本书只要家里有孩子的，在这个暑假里面七本书之一，一定要让孩子去读一下。人类群星闪耀时，今天价格真的超爆。它里面这套书包括了地理大发现总共有3篇，战争与自由有5篇，涉及到文学艺术创作的有5篇，新技术发明类的有一篇。而这些历史事件全部源于真实的真人真事。不一样就在于了不起的疯狂的思维格，把它写的像把传记，把历史事件写的像小说一样精彩，可以让我们的孩子看得津津有味。我记得董宇辉老师也推过人类群星闪耀时，基本上大家喜欢的这些朋友都会去推这本书，早读、早拍、早生意。上了链接以上如果你拍到，请你告诉我说我抢到了群星闪耀这本书，只要你听过的我都推荐大家去拍一下。此时此刻在我手上这个版本，因为这个版本鱼龙混杂，山寨版非常多，希望大家一定要记住。现在很多有经验的读者都知道，读经典名著认准作家榜，对吧？那怎么去认准作家榜呢？你看作家榜的标，你们以后要记住，作家榜的书上全部有作家榜的品牌标识。它是一个书签，红色的书签上面有作家榜三个字，是不是超美？这个就是国家注册商标作家榜。你只要记住，凡是经典名著有作家榜这几个字的，它不是个广告语，它是承诺，就只要作者榜，你闭眼入作者榜。没有代表作，他的每一本书都是他的代表作。谢谢我们的龙鱼曦，好久没有见到你了。龙鱼曦是作业帮的一个。超级书友，算是我们的阅读大使级，别的家里面基本上把作业帮集齐了。好了，证书链接再给大家弹一下。好了，还有410号暑假，暑假已经过了一半了，在八月份的时候一定要让家让你们家的宝贝小学3456，初一、初二、初三，如果你们家的宝贝是在这个阶段去读一下，真的闭眼入。不是作家榜有多么了不起，不是的，你们别搞错了，是这些伟大的经典，它如同我们头顶的星辰，一直在那里闪耀，它照亮了无数暗夜行路的人。作家帮做的是什么？作家帮无非是把那些蒙在经典名著上的灰尘给它擦拭干净的。然后你们觉得，做地方太棒了，不是的，做地方就是做了他应该做的工作。不是做地方做的太好了，而是之前真的是有的人做的太差了，所以做的方才远远超越。所以闭眼去拍不算送人的。我有230多本作家榜，太牛了。对，作家榜就是做了把经蒙城的经典，让它重新焕发光彩。来这本书再给大家10秒钟，如果你拍到了，恭喜没有拍到，我们这一轮就没有了。小学三年级以上闭眼入便拍，一定要认准读准人,《人类群星闪耀时》
读人类群星闪耀时，去读这个姚鼐从原版原著里面翻译的，看到没有？俞敏洪、雷军、余华、王芳、李健、高圆圆都爱读人类群星闪耀时。从14 14 14篇历史特写中，暖阳靠着睡觉，你就听着我的这个直播，就当是给你的催眠曲。焕发起码你打中我的七寸，焕发HU换我是有的时候确实就不知道怎么去读和焕发也是的，就读的时候简直自己都会跟自己在那做斗争，好吧，这个给大家了吗？是还有五单一号，还有五单是吧？14.5还有五单。你说相见恨晚。在作家榜的直播间，我们要做的永远不是彼此去说服，而是相知相识。这是黑塞说的话，有好多人确确实实好多读者一旦知道作家榜之后，就开始逢人去推荐，就推荐作家绑。非常的谢谢大家。今天晚上愿大家我不希望大家去买太多书，我希望的是什么呢？你们去买那些，你们真的需要能够激发你们孩子精神成长，能够让你的孩子在未来内心更强大，人格更健全，去读这样的书。来链接再上一下，我们上人类群星闪耀时给大家。再上一轮我们就讲下一本好不好？李诞说你的头发是假发吗？来，这个不能用力敲，用力扯就扯掉了。我如果抓住我的头发，使劲往上一拔，我就能逃离地球，你们信不信？就只要这样抓住往上一提，扯掉的就是假发。对的，到时候露出一个光头出来是吧？想想就很酷，对吗？智慧书还有一点，有吗？有没有智慧书？你看一下来给大家推荐一本实用的书吧。我有些朋友就是不是天天喜欢看书，这个很正常，也没有必要每天每时每刻都在那看书。你一个星期能够读读一本书就很好了，不是天天时时刻刻都在看书。来智慧书吧，绝那个什么版的，有谁没有抢到吗？前几天的王芳老师那里，这个书算是漏网之鱼。没有抢到的朋友告诉我，智慧书这个就是那个马什么的，阿里巴巴的他的枕边书，这本书又被称之为西班牙的自然抢到了是吧？我给大家读一下，这本书里面它其实是有300句永恒永永恒的人性经典。它是要在残酷世界里面，在残酷的世界里面，如何让你活得更好的一本书。这本书特别酷的地方在于，它问世400年，畅销了400年。那个马某马马某马某他很少公开推荐书，但是有一次我们居然发现他在接受媒体采访的时候，他居然推荐了智慧书。我们在这里打出来了，我也不知道大家能不能看得到，马云的一个推荐看到没有？他说智慧书和论语跟中国古代经典一样，是语录体的，就非常的好读。不同的是西方人对人性的描述更加的冷峻无情。他讲没有什么比一个善良的人更容易愚弄,《人类群星闪耀时》
"人应该有鸽子的温柔和毒蛇的狡诈，这样的文字在书里面俯首皆是。商场如战场，其中坏人尤多。这个就很少见到他公开推荐书的。但是这本书它是强烈的推荐，它是非常适合零碎时间读的，来想拍这本书的帮我刷一个666，我们要控制一下单量，因为这个书现货非常少。跟大家说一下，这本书是绝什么版的书，新版出来之后价格老贵了，所以如果你没有拍到的话，赶紧去拍。我很少见到马那个什么云公开推荐书的，但是这本书它是鼎力推荐的。300则为人处事的，这个算是法则式的东西。来上链接吧，小黄车一号链。接上了，快去拍，快去拍。400年啊，想一想多可怕，居然畅销了400年哎。大人孩子都可以读，云一拍了是吧？下次别人问你跟马云有什么共同点，你就说我们都爱看智能。凡是你下次朋友问说你跟马云有什么共同点吗？你说我们都爱看智能，sorry，都爱看智慧书，都爱看这本书。这本书的特征我觉得适合零碎时间读你坐在马桶上都可以读几篇。有一个20岁的女性读者讲说，这本书你适合送给每一个你关心的人，帮助他们找到自己的路，一个30岁的男性读者说，如果你要跟各个领域的人打交道，这本书千万别错过，它可以帮助你处理生活中可能遇到的任何状况。一个50岁的男性读者说，我多么希望我年轻的时候就读过智慧书啊，并且把这本书烂熟于心。来再加一轮，抓紧时间拍，拍一单少一单。我希望我们今天晚上在直播间的朋友，每一个朋友都可以抢到。因为它的价格真的是太划算了，你闭眼去入。而且这一本书，西雅你刚来，赶紧去拍智慧书。所有现在每一个在做这档直播间的朋友，这是我们今天晚上算是给大家的一个超级福利，希望大家可以拍到，没有拍到这本书特别可惜。如果你刚来直播间，一定要去点一下左上角的关注。此时此刻你在意的是作家榜的官方直播间，不是大姐，尤其是那些做生意的，不仅仅是孩子读，这是给我们每一个成年去读。如果你是做生意的，你平时在生活中要跟不同的人打交道，那么这本书一定要去看啊，能看到吗？残酷社会的生存法则。还有两单，仅剩两单了。是的，你今天晚上能给大家多少单？现在五十单没有了。Sorry, sorry, sorry, 这个被大家抢光了。我看马云推荐过两个书，一个是胡雪岩，一个是胡雪岩，一个是智慧书。幸福之路抢光了，来幸福之路加十单。好，幸福之路不是已经没有了吗？幸福之路抱歉，换我们自己链接好吗？好的，幸福之路我们换个链接",《智慧书》
"刚才跟大家说了，前面的链也只能给大家四百单，所以我们现在换一个作家榜自己的链接。好的，把链接换过来。这本书有没有人没有拍到的？Sorry, 智慧书真的是拍一单少一单。所有没有拍到智慧书的朋友们，你们真的是错过了。这是作家网和中心的书，因为我们的新版是和上海书店出的，它出来之后价格会更贵。那么今天晚上我真心建议你去拍一下，因为它现在特别的划算。来再帮我把这位数上一轮好的给他十九八，别犹豫，小莫快去，已经给你上了。智慧书上到了一号链接。所有在现实生活中可能要跟不同的人打交道，尤其是做生意的人，一定要去看一下智慧书。就是你你想得到想不到的各种各样的人性，在这本书里面全部都给你写透了，诞生400年，畅销400年。八岁能看吗？不能看，没必要给八岁的孩子去看，这更多的是给所有的成年人去看那本书。把你的零碎时间用起来，蹲马桶的时间，睡觉之前的十分钟、五分钟去看一看，0碎时间去看一看来把链接加满。今天我们给大家一百单，剩下的留到明天和后天，我们今天就给大家一百单。仙女棒你说什么呢？睡觉前看我直播，睡觉前去看智慧书。你看随便翻开一句，我要忍不住读给你听来帮我们加满。好的，就是你切记成为待人接物中的玻璃人。什么叫玻璃人？听着结交朋友的时候更不能如此，有些人显得极其脆弱，动力受损，自己像个受气包，也让别人难以忍受。这种人仿佛比眼睛的瞳仁还要娇嫩，容不得或真或假的触碰，即使是粉尘也会受让自己受伤。跟这种人打交道，你需要赔尽小心，必须时时刻刻规避他的弱点，迎合他的脾气，稍有不慎，他就会翻脸。这种人往往极其自我，为自己的好恶是从，为自己的面子是尊。我天呐，这说的一定是格拉。",《智慧书》
