﻿original,result
你想要的书可以把书名打出来，主播可以给大家上链接。您说的是哪个链接？这个国学经典。大家下午好哦。如果想要新品静下来，五号链接，是的，它是有原文、译文和注释的。明朝那些事在189号189号链接哦。明朝那些事。如果想要心平静下来，给大家推荐这本瓦尔登湖，是一本可以让人心静下来的好书。你会感受到心灵的纯净，精神的升华。我们应该要适当的为生活做减法，为思想做加法。这本书也是董宇辉老师推荐的，在我们家九号链接。欢迎新进直播间的宝宝们，有喜欢看书的宝宝可以进来看一看。我们家今天给大家准备了很多好书，正版新书、地板价格、历史哲学、中医国学经典名著、经典文学、管理类、销售类、心理学都是有的。大家想找什么书可以发书名，主播可以给大家上链接。云边在81号，你可以去链接里看一下，云边有个小卖部，在81号链接。山海经是一本上古百科全书，里面记载了人文、历史、地理、是寿等非常丰富多彩的奇观意象，是神话传说，也是古人对自然的探索。非常有意思的一本书，小孩大人都可以看到这本山海经在我们家的20号链接哦。喜欢的宝宝可以去看一看。家里面有学生的可以去看这个唐诗三百首，不管是小学、初中、高中都是用得上的。里面每一篇都配有彩图，很精美也很有意境的一本书。这个唐诗在我们家21号小学初中都可以读的。感谢大家的下单支持。小黄车里的书也都是主播给大家精心挑选的好书，各种书都有，大家可以去挑一挑选一选逛一逛。余华老师的活着，许多宝宝看两遍，应该还会看第三遍的书哦。书中的福贵一生都如此的悲惨，但是他还是坚强的活着，他说活着不需要什么特别的意义，活着就是为了活着。富贵就像那种英雄主义，在认清生活的真相后，依然热爱生活。这本书在我们家的15号链接哦。有的，你当像鸟飞往你的山，可以去看一下，稍等一下，我帮您找一下。你当像鸟飞往你的山，可以去看一下我们家的这个。196号链接哦。可以去看一看196号链接。欢迎新进直播间的宝宝们，有喜欢看书的宝宝可以去右下方小黄车逛一下，都是主播给大家做的天米福利好书。前面几个链接都是主播给大家做的个位数好书，大家可以先去浏览一下前十个链接。月亮与六便士这本书告诉我们，人活着不能只为了物质和舒服的日子，还得追求自己真正想要的东西，要有勇气去追求自己的梦想，哪怕这路上会有很多困难。这本月亮与六便士在二号链接哦，喜欢的宝宝可以去看一下。喜欢读心理学的宝宝可以去看这本博弈论，是一本心理类型的书,如果想要心平静下来，给大家推荐这本瓦尔登湖，是一本可以让人心静下来的好书。所以正在介绍的图书是《瓦尔登湖》。
我们一生都是在博弈的过程，生活、工作、与人交际。这本书在七号链接。散文的话您可以去看一下我们家的19号链接，我从未如此眷恋人间。这本书集合了史铁生、汪曾祺、季羡林等作家的散文合集哦。19号链接。也可以去看一下85号链接哦。19号85号。是的哦，都是带塑封包装的正版新书，大家可以放心拍。滚滚红尘，人心浮躁，不妨读一读苏东坡传，感受一下东坡居士的豁达与宁静。人生缘何不快乐，只因未读苏东坡。这本苏东坡传在我们家18号链接哦，喜欢的宝宝可以去看一看，大家有喜欢想要的书也可以把书名打出来，主播可以给大家上链接。欢迎新进直播间的宝宝们，有喜欢看书的宝宝可以进来看一看。我们家今天给大家准备了很多好书，正版新书地板价格哦。历史哲学、中医国学经典名著、经典文学、管理类、销售类、心理学都是有的。大家想找什么书可以发书名，洛克菲勒，在65号，65号链接，洛克菲勒。我们家书都是带塑封包装的正版新书哦，大家可以放心拍。我帮您找一下，稍等一下。梵高的话可以去看一下我们家的。196号链接。196号梵高。小说的话，您可以去看一下我们家的。这个56号，还有86号、90号链接，79号小说。余华老师的活着，许多宝宝看两遍，应该还会看第三遍的书哦。书中的福贵一生都如此的悲惨，但是他还是坚强的活着，他说活着不需要什么特别的意义，活着就是为了活着。富贵就像那种英雄主义，在认清生活的真相后，依然热爱生活。这本书在15号链接哦，喜欢的宝宝可以去看一看。小黄车里的书也都是主播给大家精心挑选的好书，各种书都有，大家可以去挑一挑选一选逛一逛哦。家里面有学生的可以去看这个唐诗三百首，不管是小学、初中、高中都是用得上的。里面每一篇都配有彩图，很精美也很有意境的一本书。这个唐诗在我们家的21号链接，是的，正版新书，大家可以放心拍。我帮您找一下，稍等一下。皮囊有的在我们家的。190 197号链接哦，皮囊。余华老师的活着，您可以去看15号链接，15号链接活着可以去链接里看一下价格都是给大家开好了的。稍等一下，咕噜你要的这个书帮您找一下。这个书有的。这本书的话，您可以去看198号链接，那个估撸。拍下48小时内安排。拍下48小时内安排找书、选书，也可以发书名哦。主播一直都在，可以给大家上链接。喜欢读心理学的宝宝可以去看这本博弈论，是一本心理类型的书。我们一生都是在博弈的过程，生活、工作与人交际,如果想要感受东坡居士的豁达与宁静，可以阅读《苏东坡传》，此段正在介绍的图书为《苏东坡传》。
博弈论里面就是用一些智慧的方式去处理和面对一些问题。这本书在七号链接哦，喜欢的宝宝可以去看一看。现在是北京时间4点50分，欢迎大家来到直播间。有喜欢看书的宝宝可以去右下方小黄车逛一下。稍等一下，这本书我帮您找一下。这本书的话，您可以去看一下我们家的。稍等一下，在我们家的198号，这一本思考198号链接。您可以去小黄车里看一下，小黄车里给大家上了几百个链接，都是精心挑选的好书。您可以先去小黄车里看一看活着在15号链接，15号链接余华老师的活着。你可以先去小黄车里看一看。可以先去小黄车里看一下。可以去看一下这个国学经典，国学经典。巷五号链接，六号链接。还有四大名著。都可以去看一看哦。右下方有一个小黄车。可以去小黄车里看一下。月亮与六便士这本书告诉我们，人活着不能只为了物质和舒服的日子，还得追求自己真正想要的东西，要有勇气去追求自己的梦想，哪怕这路上会有很多困难，这本书在二号链接哦。月亮与六便士。我帮你找一下。这本书的话可以去看一下我们家最后一个链接，南宫。这本书在我们家的。197号链接南宫可以去看一下197号。故事书的话在25 26、27 25、26、27号。红糖，你要的书暂时没有，暂时没有，拍下48小时内安排的，拍下48小时内安排。战争与和平，我帮你上一下链接。可以去听歌识曲一下。感谢大家的下单支持。战争与和平在我们家的28号28号链接哦。鬼谷子鬼谷子，我帮您看一下，稍等一下。这个鬼谷子。稍等一下，我帮您看一下。有的鬼谷子他是有原文译文和注释的，有译文和注释。一句顶1万句在187号哦，187号链接，刘震云的一句顶1万句。可以的，兄弟在15号链接，15号链接，你可以去看一看。这一本玩偶之家暂时没有。有的这本书的话，您可以去看一下我们家最后一个链接。玩偶之家小黄车最后一个链接，是的，价格已经是开好了的，喜欢可以直接拍的哦。在196号玩偶之家。喜欢看张嘉佳老师的书，可以去看81号链接。像它的云边有个小卖部，天堂旅行团都可以去看一看。二次成长在197号197号。二次成长在197号。找书选书也可以发书名，主播一直都在，可以给大家上链接哦。王阳明在一号链接，王阳明心学百年孤独在我们家的144号，144号，百年孤独。小王子，是的，小王子。在我们家13号链接，您可以去看一下小王子,由于此段文本中没有重点突出某一本书的详细介绍内容，只是罗列了很多书及其对应的链接，所以为「废话」。
山海经是一本上古百科全书，里面记载了人文、历史、地理、神兽等非常丰富多彩的奇观意象，是神话传说，也是古人对自然的探索，非常有意思的一本书，小孩大人都可以看哦。这本书在20号链接。如果想要心平静下来，给大家推荐这本瓦尔登湖，是一本可以让人心静下来的好书。你会感受到心灵的纯净，精神的升华。我们应该要适当的为生活做减法，为思想做加法。这本书也是董宇辉老师推荐的，在我们家九号链接。欢迎新进直播间的宝宝们，有喜欢看书的宝宝可以去右下方小黄车逛一下，都是主播给大家做的甜蜜福利好书。前面几个链接都是主播给大家做的个位数好书，大家可以先去浏览一下前十个链接，百年孤独在144号，144号，百年孤独。乡土中国在190号，可以去看一下190号链接。我们家书品类齐全，历史、文学、散文、哲学、心理学、学生课内外的书都有。大家有喜欢想要的书，可以把书名打出来，主播可以给大家上链接。都说读孙子兵法，品启强人生，孙子兵法是一本智慧谋略之书。在我们家六号链接，我的奋斗暂时没有。儿童心理学，我帮您看一下，稍等一下。儿童心理学可以去看一下小黄车的最后一个链接哦。儿童心理学在这个196号。这本你做梦时，我帮您看一下。这本书有的，你做梦时总有人在努力，在197号链接小黄车197号，可以去看一下。用户7324，稍等一下，你要的这个书我帮您找一下，稍等一下。这个书的话在我们家的198号链接，用户7324，你要的这个书在197号，198号可以去看一下。十宗罪暂时没有，暂时没有。想要提升口才和情商的宝宝，可以去看这本高情商聊天，教你如何在各种场合巧妙的对话、接话、与人沟通，避免一些尬聊会高情商聊天也会让你在人际交往和职场走的更远。这本书在我们家的四号链接，喜欢的宝宝可以去看一下人生笔记，有的稍等一下。这本书在199号，人生笔记199号链接。稍等一下，这本张居正，我帮您看一下。这个的话，张居正暂时没有你要的这个作者的，暂时没有熊兆镇的。现在是北京时间5点10分，欢迎大家来到直播间。有喜欢看书的宝宝可以进来看一看，我们家今天给大家准备了很多好书，正版新书、地板价格、历史哲学、中医国学经典名著、经典文学、管理类、销售类、心理学都是有的。大家想找什么书可以发书名。主播可以给大家上链接，我帮您看一下，稍等一下。熊毅的书有他的这个。资治通鉴王阳明。欢迎宁静致远。张爱玲的这一本有的，稍等一下，我给您上一下链接,此段开始重点介绍了《山海经》，包括其内容特色等，所以正在介绍的图书是《山海经》。
张爱玲的这一本书，你可以去看一下我们家的最后一个链接哦。在这个197号，张爱玲。大家下午好，王阳明，你是要王阳明全集吗？王阳明心学在一号链接。王阳明的全集在我们家的。我帮您上一下链接，熊毅的王阳明。熊毅的王阳明在小黄车的。198号链接，王阳明小黄车198号。好的，小雨，稍等一下，您要的这两本书，我帮您找一下，稍等一下。资治通鉴，我帮您看一下。资治通鉴在49号，49号链接，资治通鉴小雨，你要的这个书在199号，199号。三国志在200号200号链接哦。欢迎新进直播间的宝宝们。有喜欢看书的宝宝可以进来看一看，我们家今天给大家准备了很多好书，正版新书、地板价格、历史哲学、中医国学经典名著、经典文学、管理类、销售类、心理学都是有的。大家想找什么书可以发说明，主播可以给大家上链接。百年孤独在144号。一句顶1万句在187号链接哦。滚滚红尘，人心浮躁，不妨读一读苏东坡传，感受一下东坡居士的豁达与宁静。人生缘何不快乐，只因未读苏东坡。这本苏东坡传在我们家18号链接，喜欢的宝宝可以去看一看。小孩看的书，大人看的书，课内课外的书都有，大家想要什么书可以发书名，也可以去下方小黄车看一看，挑一挑，价格都给大家开好了吗？不客气，没事。稍等一下，这本富兰克林帮你看一下，没事的，感谢大家支持。谁知道答案，我帮您找一下，稍等一下。可以去看一下我们家的这个198号，水知道答案198号链接。富兰克林，我帮您找一下，稍等一下。富兰克林在199号链接，可以去看一看。小孩看的书，大人看的书，课内课外的书都有。大家想要什么书可以发书名，也可以去下方小黄车看一看，挑一挑。价格都给大家开好了吗？活着在15号链接，15号链接余华老师的活着。稍等一下，帮您找一下。有的，这本书可以去看一下我们家的200号链接。这本控糖200号。小黄车里的书也都是主播给大家精心挑选的好书，各种书都有，大家可以去挑一挑选一选逛一逛。找书选书也可以发书名哦，主播一直都在，可以给大家上链接。喜欢读心理学的宝宝可以去看这本博弈论，是一本心理类型的书。我们一生都是在博弈的过程，生活、工作与人交际。博弈论里面就是用一些智慧的方式去处理和面对一些问题。这本书在七号链接哦，喜欢的宝宝可以去看一看。家里面有学生的可以去看这个唐诗三百首，不管是小学、初中、高中都是用得上的。里面每一篇都配有彩图，很精美也很有意境的一本书。这个唐诗在我们家的21号链接,此段中重点提到了如果想要感受东坡居士的豁达与宁静，可以阅读《苏东坡传》，所以正在介绍的图书是《苏东坡传》。
飞鸟集，稍等一下。飞鸟集在我们家的十号链接，里面有很多优美的散文、散文诗句，提升文采的一本书。欢迎新进直播间的宝宝们，有喜欢看书的宝宝可以去右下方小黄车逛一下，都是主播给大家做的甜蜜福利好书。前面几个链接都是主播给大家做的个位数好书，大家可以先去浏览一下前十个链接。山海经是一本上古百科全书，里面记载了人文、历史、地理、神兽等非常丰富多彩的奇观意象，是神话传说，也是古人对自然的探索。非常有意思的一本书，小孩大人都可以看的哦。这本山海经在20号链接。月亮与六便士。在我们家二号链接。余华老师的活着，许多宝宝看两遍，应该还会看第三遍的书。书中的福贵一生都如此的悲惨，但是他还是坚强的活着，他说活着不需要什么特别的意义，活着就是为了活着。富贵就像那种英雄主义，在认清生活的真相后，依然热爱生活。这本书在我们家15号链接哦。我们江苏品类齐全，历史、文学、散文、哲学、心理学、学生课内外的书都有。大家有喜欢想要的书，可以把书名打出来，主播可以给大家上链接。欢迎晴天，欢迎用户。想要提升口才和情商的宝宝，可以去看这本高情商聊天，教你如何在各种场合巧妙的对话、接话、与人沟通，避免一些尬聊会高情商聊天也会让你在人际交往和职场走得更远。这本书在我们家四号链接哦。喜欢的宝宝可以去看一看，感谢大家的下单支持。稍等一下，这本书我帮您找一下。刘震云的书在187号，187号。你要的这一本长风暂时没有这本书。张爱玲的书，我帮你上一下链接。张爱玲在196号196号链接哦。欢迎新进直播间的宝宝们，有喜欢看书的宝宝可以进来看一看。我们家今天给大家准备了很多好书，正版新书、地板价格、历史哲学、中医国学经典名著、经典文学、管理类、销售类、心理学都是有的。大家想找什么书可以发说明，主播可以给大家上链接，毛选在188号，188号，毛选。那个是78号链接，你可以去看一下对应的链接，在78号，明朝那些事在189号，189号链接，明朝那些事。如果想要心平静下来，给大家推荐这本瓦尔登湖，是一本可以让人心静下来的好书，你会感受到心灵的纯净，精神的升华。我们应该要适当的为生活做减法，为思想做加法。这本书在九号链接哦，喜欢的宝宝可以去看一看。小孩看的书，大人看的书，课内课外的书都有。大家想要什么书可以发书名，也可以去下方小黄车看一看，挑一挑，价格都给大家开好了。小黄车里给大家上了几百个链接，都是精心挑选的好书，大家可以耐心逛一逛,此段开始详细介绍了《飞鸟集》，提到了里面有优美的散文诗句，能提升文采，所以正在介绍的图书是《飞鸟集》。
喜欢看张嘉佳老师的书，可以去看81号链接。像它的云边有个小卖部，天堂旅行团让我留在你身边，都可以去看81号。月亮与六便士这本书告诉我们。人活着不能只为了舒服和物质的日子，还得去追求自己真正想要的东西，要有勇气去追求自己的梦想，哪怕这路上会有很多困难。这本书在二号链接，月亮与六便士。找书选书也可以发书名，主播可以给大家上链接。都说读孙子兵法，品启强人生。孙子兵法是一本智慧谋略之书，可以去感受一下古人的智慧和哲学，也是在各个方面都很有帮助的一本书。孙子兵法在我们家的六号链接哦，喜欢的宝宝可以去看一看。感谢大家的下单支持。欢迎新进直播间的宝宝们。有喜欢看书的宝宝可以进来看一看，我们家今天给大家准备了很多好书，正版新书、地板价格、历史哲学、中医国学经典名著、经典文学、管理类、销售类、心理学都是有的。大家想找什么书可以发书名，主播可以给大家上链接。家里面有学生的可以去看这个唐诗三百首，不管是小学、初中、高中都是用得上的。里面每一篇都配有彩图，很精美也很有意境的一本书。这个唐诗在21号。稍等一下，这本亲密关系我帮你上一下链接。在我们家的这个196号，亲密关系。明朝那些事在189号189号链接哦。明朝那些事。想要提升口才和情商的宝宝，可以去看这本高情商聊天，教你如何在各种场合巧妙的对话切换与人沟通，避免一些尬聊会高情商聊天也会让你在人际交往和职场走得更远。这本书在四号链接哦，喜欢的宝宝可以去看一看。欢迎新进直播间的宝宝们。有喜欢看书的宝宝可以去右下方小黄车逛一下，都是主播给大家做的贴米福利好书哦。稍等一下，我给您找一下。这个草书的字帖。您可以去看一下我们家的197号，197号链接草书字帖。价格已经是开好了呢，喜欢可以直接拍的。感谢大家的下单支持，我们家书品类齐全，历史、文学、散文、哲学、心理学、学生课内外的书都有，大家有喜欢想要的书可以把书名打出来，主播可以给大家上链接。喜欢读心理学的宝宝可以去看这本博弈论，是一本心理类型的书。我们一生都是在博弈的过程，生活、工作与人交际。博弈论里面就是用一些智慧的方式去处理和面对一些问题。这本书在我们家的七号链接，暂时没有，暂时没有你要的这本书，可以看一下小黄车里其他的书。儒林外史在71号71号链接哦。滚滚红尘，人心浮躁，不妨读一读苏东坡传，感受一下东坡居士的豁达与宁静。人生缘何不快乐，只因未读苏东坡。这本书在我们家18号链接哦,此段中重点提到如果想要感受东坡居士的豁达与宁静，可以阅读《苏东坡传》，所以正在介绍的图书是《苏东坡传》。
苏东坡传，嗯，不是的哦，不是的。现在是北京时间5点40分，欢迎大家来到直播间，有喜欢看书的宝宝可以进来看一看。我们家今天给大家准备了很多好书，正版新书、地板价格、历史哲学、中医国学经典名著、经典文学、管理类、销售类、心理学都是有的。大家想找什么书可以发书名，主播可以给大家上链接，欢迎洋洋。是的，是的。山海经是一本上古百科全书，里面记载了人文、历史、地理、神兽等非常丰富多彩的奇观意象，是神话传说，也是古人对自然的探索。非常有意思的一本书，小孩大人都可以看的哦。山海经在我们家20号链接，喜欢的宝宝可以去看一看。小孩看的书，大人看的书，课内课外的书都有。大家想要什么书可以发说明哦，也可以去下方小黄车看一看，挑一挑，价格都给大家开好了吗？小黄车里的书也都是主播给大家精心挑选的好书，各种书都有，大家可以去挑一挑选一选逛一逛哦。余华老师的活着，许多宝宝看两遍，应该还会看第三遍的书。书中的福贵一生都如此的悲惨，但是他还是坚强的活着，他说活着不需要什么特别的意义，活着就是为了活着。富贵就像那种英雄主义，在认清生活的真相后，依然热爱生活。这本书在我们家的15号链接哦。找书选书也可以发书名，主播一直都在，可以给大家上链接。如果想要心平静下来，给大家推荐这本瓦尔登湖，是一本可以让人心静下来的好书。你会感受到心灵的纯净，精神的升华。我们应该要适当的为生活做减法，为思想做加法。这本书也是董宇辉老师推荐的，在我们家的九号链接。好的，感谢下单支持，已经帮大家备注安排了。欢迎新进直播间的宝宝们，有喜欢看书的宝宝可以去右下方小黄车一下，都是主播给大家做的天米福利好书。前面几个链接都是主播给大家做的个位数好书，大家可以先去浏览一下前十个链接。月亮与六便士这本书告诉我们，人活着不能只为了物质和舒服的日子，还得追求自己真正想要的东西，要有勇气去追求自己的梦想，哪怕这路上会有很多困难，这本书在二号链接哦。月亮与六便士。欢迎用户，欢迎妞妞。我的阿勒泰在104号哦，可以去看一下104号链接。我的阿勒泰。我们江苏品类齐全，历史、文学、散文、哲学、心理学、学生课内外的书都有。大家有喜欢想要的书，可以把书名打出来，主播可以给大家上链接。滚滚红尘，人心浮躁，不妨读一读苏东坡传，感受一下东坡居士的豁达与宁静。人生缘何不快乐，只因未读苏东坡。这本书在18号链接哦。现在是北京时间5点47分，欢迎大家来到直播间,此段重点介绍了《我的阿勒泰》，提到了它在104号链接，所以正在介绍的图书是《我的阿勒泰》。
有喜欢看书的宝宝可以进来看一看，我们家今天给大家准备了很多好书，正版新书、地板价格、历史哲学、中医国学经典名著、经典文学、管理类、销售类、心理学都是有的。大家想找什么书可以发说明，主播可以给大家上链接。小黄车里给大家上了几百个链接，都是精心挑选的好书，大家可以耐心逛一逛哦。喜欢看张嘉佳老师的书，可以去看81号链接。像它的云边有个小卖部，天堂旅行团让我留在你身边，都可以去看一看。稍等一下，我给您找一下。有的，您可以去看一下我们家的这个196、197号，那个衣服的书，196、197号链接。狼图腾，稍等一下。狼图腾在我们家的。这个198号，198号狼图腾。一中金建有的追风筝的人，你可以去链接里看一下，可以去链接里看一下这本书的话。这本书暂时不在主播身边哦，你可以去链接里看一下。追风筝的人在我们家的。遥远的救世主在140号，140号。遥远的救世主。一中金建的话。我帮您上一下链接，稍等一下。这个一宗金鉴在我们家的。199号，无删减版的199号链接。平凡的世界在154号，154号哦。平凡的世界。不客气，小孩看的书，大人看的书，课内课外的书都有。大家想要什么书可以发书名，也可以去下方小黄车看一看，挑一挑，价格都给大家开好了吗？喜欢读心理学的宝宝可以去看这本博弈论，是一本心理类型的书。我们一生都是在博弈的过程，生活、工作与人交际。博弈论里面就是用一些智慧的方式去处理和面对一些问题。这本书在七号链接，红岩在128号，128号，红颜。找书选书也可以发书名，主播一直都在，可以给大家上链接。都说读孙子兵法，品启强人生。孙子兵法是一本智慧谋略之书，可以去感受一下古人的智慧和哲学，也是在各个方面都很有帮助的一本书。孙子兵法在六号链接。是的，正版新书都是带塑封包装的正版新书，大家可以放心拍拍下48小时内安排，拍下48小时内安排。我们家有好几个仓库，他是就近安排的。你是说一中金建吗？你是要单本的还是那种四车的，一中金建。四车的，我帮您看一下。这个一中金建的话，有的。它有两侧的，我给您上一下链接，您可以去看一下。4册的暂时没有，只有小黄车的6册的，还有两侧的。天才在左，在我们家的。天才在左，在176号，176号链接。176号，暂时没有3册的，三册的暂时没有。昆虫记在71号链接，71号昆虫记这个一宗金鉴两侧的，您可以去看一下，在我们家的197号链接。欢迎新进直播间的宝宝们。有的穷爸爸富爸爸在我们家的,此段没有重点介绍某一本书，只是罗列了很多书及其对应的链接，所以为「废话」。
稍等一下，我帮您上一下链接。穷爸爸富爸爸在我们家的190 198号198号链接。小狗钱钱在199号。是的，正版新书。您可以去看一下198、199号链接，这两本书。有喜欢看书的宝宝可以去右下方小黄车逛一下，都是主播给大家做的甜蜜福利好书。认知觉醒有的在145号，145号认知觉醒。红楼梦在190号链接，红楼梦是78号，78号链接可以去看一下。被讨厌的勇气在我们家82号82号链接哦。被讨厌的勇气。我们家书品类齐全，历史、文学、散文、哲学、心理学、学生课内外的书都有。大家有喜欢想要的书，可以把书名打出来，主播可以给大家上链接。好的，不客气的，感谢下单支持。稍等一下，是的，正版新书，正版新书我们生活在巨大的差距里，在我们家的这个85号，我们生活在巨大的差距里。85号链接。这本回家，我帮您找一下，稍等一下。只有回家，有的这本回家稍等一下，可以去看一下我们家的最后一个链接。我也可以给您重新上一个链接，您不要这个版本的话。回家在198号链接。欢迎大家来到咱们直播间，小黄车里面有很多的书，有很多个位数，就可以带回家一些好书。呼吸比自己有的宝去看我们家小黄车的最后一个链接，不知笔记的话，去看我们家小黄车的最后一个链接。我们现在我们家的196号宝宝录取笔记，去看196号。好，你去看一看简介，钝感力有的，情感动感力，我看一下。书名是情感动感力吗？情感钝感力这本书的话暂时没有。富爸爸去看我们家小黄车的最后一个链接。我这边帮你上了，刷新一下小黄车的最后一个链接。你看一下我们家197号宝宝。帮你上在我们家197号链接。小黄车里面有很多的书，有很多个位数，就可以带回家一些好书，大家都可以去看一看。想要提升口才还有情商的宝宝，可以去看一看四号链接的这本高情商聊天书，教你如何在各种场合巧妙对话、接话、与人沟通，避免一些尬聊位，高情商的聊天也会让你在人际交往职场走得更远，大家都可以去看一看。农家书品类齐全，历史、文学、小说、散文、心理类、儿童类书籍都有的。,此段中重点介绍了《认知觉醒》，提到它在145号链接，所以正在介绍的图书是《认知觉醒》。
