﻿original,result
我们家书品类齐全，历史、文学、散文、哲学、心理学、学生课内外的书都有。大家有喜欢想要的书，可以把书名打出来，主播可以给大家上链接。都说读孙子兵法，品启强人生，孙子兵法是一本智慧谋略之书，可以去感受一下古人的智慧和哲学，也是在各个方面都很有帮助的一本书。孙子兵法在我们家的六号链接，云边有个小卖部，在81号，可以去看一下81号，明朝那些是有的。明朝那些事在我们家的189号，189号链接，明朝那些事。感谢大家的下单支持，欢迎新进直播间的宝宝们。有喜欢看书的宝宝可以进来看一看，我们家今天给大家准备了很多好书，正版新书、地板价格、历史哲学、中医国学经典名著、经典文学、管理类、销售类、心理学都是有的。大家想找什么书，可以发书名哦，主播可以给大家上链接。小黄车里给大家上了几百个链接，都是精心挑选的好书，大家可以耐心逛一逛哦。想要提升口才和情商的宝宝，可以去看这本高情商聊天，教你如何在各种场合巧妙的对话、接话、与人沟通，避免一些尬聊。为高情商聊天也会让你在人际交往和职场走得更远。这本书在我们家的四号链接哦，喜欢的宝宝可以去看一看。稍等一下，这本书的话帮您找一下。你这个是书名吗？有这一类型的书，可以去看一下我们家的197号链接。包大人可以去看一下197号。山海经是一本上古百科全书，里面记载了人文、历史、地理、神兽等非常丰富多彩的奇观意象，是神话传说，也是古人对自然的探索。非常有意思的一本书，小孩大人都可以看的。这本山海经在我们家的20 20号链接，喜欢的宝宝可以去看一下，亚瑟，我帮你找一下。有的，这个您可以去看一下我们家的198号，亚瑟198号链接。这本书在我们家的199号。罗姐这本失落的，您可以去看199号链接。如果想要心平静下来，给大家推荐这本瓦尔登湖，是一本可以让人心静下来的好书，你会感受到心灵的纯净，精神的升华。我们应该要适当的为生活做减法，为思想做加法。这本书在我们家九号链接哦，喜欢的宝宝可以去看一看。小孩看的书，大人看的书，课内课外的书都有，大家想要什么书可以发书名，也可以去下方小黄车看一看，挑一挑，价格都给大家开好了吗？小黄车里的书也都是主播给大家精心挑选的好书，各种书都有，大家可以去挑一挑选一选逛一逛。家里面有学生的可以去看这个唐诗三百首，不管是小学、初中、高中都是用得上的。里面每一篇都配有彩图，很精美也很有意境的一本书。这个唐诗在21号链接。感谢大家的下单支持哦,孙子兵法
找书选书也可以发书名，主播一直都在，可以给大家上链接。喜欢看张嘉佳老师的书，可以去看81号链接。像它的云边有个小卖部，天堂旅行团让我留在你身边，都可以去看一看81号。被讨厌的勇气在我们家的82号82号链接。被讨厌的勇气。小说有的小说可以去看79号、81号，还有90号链接。79 81。90号链接，还有86号都可以去看一看小说。六年级的话，你可以去看一下我们家的25、26、27号，小学1到6年级，25、26、27号小学。稍等一下，这本书的话帮你找一下。暂时没有你要的这本书。小琪，你要的这个书暂时没有。无忧，稍等一下，我帮您找一下。无忧，你要的书暂时没有，进来有的。进来，我帮你上一下链接，稍等一下。进来，在我们家的小黄车的最后一个链接。在这个196号借来。平凡的世界在154号，154号哦。平凡的世界。这个进来的话也有，我给您重新上一个链接。进来您可以去看196号，给您重新上了一个链接，这个是36到42册。哈利波特在197号。哈利波特197号链接哦。说话之道，帮您看一下，稍等一下。暂时没有，说话之道暂时没有。是的哦，都是带塑封包装的正版新书，大家可以放心拍，稍等一下哦。有的，这本书，我帮您上一下链接。感谢大家的下单支持哦。小琪，你要的书，我帮你找一下，稍等一下。这本书在56号小齐。这本书在56号链接哦，这本言情小说。冰心冰心有的。我帮您上一下链接，冰心的话，您可以去看一下我们家的。小黄车198号冰心。在198号，你可以去链接里看一下。史铁生老师的书在14号14号链接哦。史铁生老师的书。晚熟的人有的。晚熟的人在192号。192号链接，晚熟的人。现在是北京时间3点57分，欢迎大家来到直播间。有喜欢看书的宝宝可以去右下方小黄车逛一下，都是主播给大家做的甜蜜福利好书哦。前面几个链接都是主播给大家做的个位数好书，大家可以先去浏览一下前十个链接哦。我帮您找一下，这个心理学。你要的这个作者的心理学，暂时没有心理学的话，你可以去看一下我们家的这个。58、59号链接哦。乡土中国在190号高中看的190号链接哦。月亮与六便士这本书告诉我们，人活着不能只为了物质和舒服的日子，还得追求自己真正想要的东西，要有勇气去追求自己的梦想，哪怕这路上会有很多困难。这本书在二号链接，王阳明在一号链接，一号链接，王阳明云边有个小卖部，在81号云边有个小卖部,云边有个小卖部
可以去链接里看一下，在我们家78号链接，78号链接，可以去看一下对应的链接。国之脊梁在170号，170号链接哦。王阳明是一本修身正己的书，王阳明可以去看一下一号链接。欢迎新进直播间的宝宝们，有喜欢看书的宝宝可以去右下方小黄车逛一下，都是主播给大家做的贴米福利好书。前面几个链接都是主播给大家做的个位数好书，大家可以先去浏览一下前十个链接。建来在196号链接，进来。您可以去听歌识曲一下哦。我们家书品类齐全，历史、文学、散文、哲学、心理学、学生课内外的书都有。大家有喜欢想要的书，可以把书名打出来，主播可以给大家上链接。鬼谷子帮您看一下，11号链接，鬼谷子11号。福尔摩斯在小黄车的30号。30号链接，福尔摩斯。喜欢读心理学的宝宝可以去看这本博弈论，是一本心理类型的书。我们一生都是在博弈的过程，生活、工作与人交际。博弈论里面就是用一些智慧的方式去处理和面对一些问题。这本书在七号链接，博弈论毛选在188号，188号毛选。长安的荔枝，我帮您看一下。长安的荔枝在我们家的197号哦，197号。长安的荔枝。喜欢看张嘉佳老师的书，可以去看一下81号链接。像他的云边有个小卖部，天堂旅行团让我留在你身边，都可以去看一看。余华老师的活着，许多宝宝看两遍，应该还会看第三遍的书哦。书中的福贵一生都如此的悲惨，但是他还是坚强的活着，他说活着不需要什么特别的意义，活着就是为了活着。富贵就像那种英雄主义，在认清生活的真相后，依然热爱生活。这本书在15号链接，余华老师的书。滚滚红尘，人心浮躁，不妨读一读苏东坡传，感受一下东坡居士的豁达与宁静。人生缘何不快乐，只因未读苏东坡。这本书在18号链接哦苏东坡传。欢迎新进直播间的宝宝们，史铁生老师的书在14号链接。史铁生老师的书。这本书的话帮你找一下，稍等一下。茉莉和森克在小黄车的最后一个链接，您可以去看一下。在我们家的这个197号链接，茉莉和森克。这个磁极我帮你找一下，稍等一下。暂时没有他的词集，暂时没有。哈利波特，我帮您看一下，哈利波特有的。哈利波特与魔法石在198号。198号哈利波特。福尔摩斯，小学生看的，我帮你找一下，稍等一下哦。福尔摩斯小朋友看的有的。稍等一下，十宗罪暂时没有名家小说，可以去看一下。14、15、16号，14号、15号、16。小鹏要我看的福尔摩斯在我们家的。199号链接，199号。是的，都是带塑封包装的正版新书，大家可以放心拍,云边有个小卖部
非暴力沟通在70号链接，非暴力沟通。小说的话，你可以去看一下142号、79号、56号小说。这个数学的，我帮您看一下，稍等一下。数学的这个书，你可以去看一下我们家的最后一个链接，200号链接。那个YWX可以去看200号链接。等一切风平浪静，帮您找一下，稍等一下。等一切风平浪静，我帮您上一下链接，稍等一下，118号链接我帮您看一下。等一切风平浪静，在198号，刘同。118号，我帮您看一下，稍等一下。是的，118号，它是5册的，5册的。毛选在188号188号。善善若水，您可以去看一下我们家的，我帮您上一下链接，这一类的小说。可以去看148，148号。还有我们家的这个。199号，198、148和198这一类的小说。都是给大家做的贴米福利好书。可以去小黄车里看一下，一斤在五号链接，五号链接，一斤。你也可以去看一下周易，在116号。五号116号。你稍等一下，这本书我帮你找一下。可以去看一下我们家的200号链接哦。199号雷才军，你要的这两本书在199号链接，可以去看一下。追风者的人在我们家的。137号137号追风者的人。稍等一下，我帮你找一下。好的，感谢下单支持。我们家书都是带塑封包装的正版新书，大家可以放心拍。这个书有的，您可以去看一下我们家的。小黄车200号链接，微笑，你要的这个书在200号。家里面有学生的可以去看这个唐诗三百首，不管是小学、初中、高中都是用得上的。里面每一篇都配有彩图，很精美也很有意境的一本书。这个书在21号链接，昆虫记在71号，71号昆虫记。欢迎新进直播间的宝宝们，有喜欢看书的宝宝可以去右下方小黄车逛一下，都是主播给大家做的贴米福利好书。前面几个链接都是主播给大家做的个位数好书，大家可以先去浏览一下前十个链接哦。滚滚红尘，人心浮躁，不妨读一读苏东坡传，感受一下东坡居士的豁达与静。人生缘何不快乐，只因未读苏东坡。这本书在我们家的18号链接，苏东坡传。欢迎新进直播间的宝宝们。喜欢读心理学的宝宝可以去看这本博弈论，是一本心理类型的书。我们一生都是在博弈的过程，生活、工作与人交际。博弈论里面就是用一些智慧的方式去处理和面对一些问题。这本书在七号链接，博弈论。感谢大家的下单支持。我们家书品类齐全，历史、文学、散文、哲学、心理学、学生课内外的书都有。大家有喜欢想要的书，可以把书名打出来，主播可以给大家上链接,苏东坡传
月亮与六便士这本书告诉我们，人活着不能只为了物质和舒服的日子，还得追求自己真正想要的东西，要有勇气去追求自己的梦想，哪怕这路上会有很多困难。这本书在二号链接哦，月亮与六便士喜欢的宝宝可以去看一看。山海经是一本上古百科全书，里面记载了人文、历史、地理、神兽等非常丰富多彩的奇观意象，是神话传说，也是古人对自然的探索。非常有意思的一本书，小孩大人都可以读的哦。这本山海经在我们家20号。你当像鸟，稍等一下。你当像鸟飞往你的山，可以去看一下我们家的。196号196号链接。现在是北京时间4点23分，欢迎大家来到直播间。有喜欢看书的宝宝可以去进来看一看。我们家今天给大家准备了很多好书，正版新书、地板价格、历史哲学、中医国学经典名著、经典文学、管理类、销售类、心理学都是有的。大家想找什么书可以发说明，主播可以给大家上链接。大概三天左右。大概三天左右到。如果想要心平静下来，给大家推荐这本瓦尔登湖，是一本可以让人心静下来的好书。你会感受到心灵的纯净，精神的升华。我们应该要适当的为生活做减法，为思想做加法。这本书在九号链接，昆虫记在71号，71号链接昆虫记。小孩看的书，大人看的书，课内课外的书都有。大家想要什么书可以发书名哦，也可以去下方小黄车看一看，挑一挑，价格都给大家开好了吗？小黄车里的书也是给大家精心挑选的好书，各种书都有，大家可以去挑一挑选一选逛一逛。都说读孙子兵法，品启强人生。孙子兵法是一本智慧谋略之书，可以去感受一下古人的智慧和哲学，也是在各个方面都很有帮助的一本书。孙子兵法在我们家的六号链接，喜欢的宝宝可以去看一下。稍等一下，我帮你找一下。暂时没有你要的这个书，暂时没有。找书选书可以发书名哦，主播一直都在，可以给大家上链接。想要提升口才和情商的宝宝，可以去看这本高情商聊天，教你如何在各种场合巧妙的对话、接话、与人沟通，避免一些尬聊会高情商聊天也会让你在人际交往和职场走得更远。这本书在我们家的四号链接哦，喜欢的宝宝可以去看一看。,月亮与六便士
