﻿original,result
打出来香料之后，你本来大家都没有看到你们一打香料，好家伙这下子所有人都知道了，你的你一会儿你们一起，你的压力就大了。我跟你说你的手速就得非常的快了。来五四这个没有了，我再给大家，会不会把一半窗口鸭放出去？现在给大家十一本，刚才没有抢到的朋友直接去拍，你心中是瑕疵的到手22。行了，这是真的只剩个3分之1了，只剩3分之1了。那现在不用打字了，直接去拍，赶紧去，赶紧去。看一下那个，对，我们今天还有一个文艺复兴的套装，今天是为啥要这么着激动呢？因为我们这次之前都只有三本的那这次的话终于就是第四本的新出的文艺复兴时期的罗马艺术出来了。我是拍到了，如果如果拍到了就可以一碗离放。哪里能懂我意思吗？我能懂，满意你就走。来，开始了后半场了。我听好了，大家开始后半场了。五四已经三分之，现在都不到三分之，现在就只剩4分之1的库存了。4分之1的库存给晚了的朋友留了，最后的4分之1的库存晚了，朋友真的说就是说没了，没了没了没了，4分之1的库存，只剩4分之1。来个单，对，24分之1的库存来这是叫什么来着？文艺复兴来给我冲文艺复兴上文艺复兴四色的。这是我们有一个做了一个系列叫文艺复兴艺术学术艺术研究系列的。它是目前已经给大家把这四本的都给大家出全了。因为其实那个罗马艺术是近期刚上的新新新书，刚刚有现货，给大家也做到这个套装里面了，直接就是大家到手是四号的对，南京人文史需要有文复兴一单是吧？对，就文艺复兴。对对对，就是这个四色的套装，四册的。一起在12点之前下班，我不想搞到一点。然后完之后下班直接就看巴黎奥运会的开幕式。我不行，我要回家，躺在沙发上看，我不在，我不要在路上看。我也不像这四本，全彩的全彩印刷，这四套简直了。他的城市遗产里面超级多的这种就是文艺复兴时期对吧？尤其你像那个佛罗伦萨，那简直了。拉斐尔跟那个谁达芬奇，他们天天在那个广场上争执，这真的是只有文艺复兴时期才能看到的盛况是吧？他是加在了中世纪，不是加在中加在了这个古典时代和现代时代之间的有一座桥梁，文艺复兴。我今天咱们今天耳饰也是特别致敬咱们文艺复兴的威尼斯艺术，还有这本新新出的罗马艺术。你看永恒之城的艺术家与赞助人，包括有宫廷艺术愉悦权利，什么与艺术愉悦与权利自测定价是562，562，测定价562。我们今天的话日常560，因为里面包含了一本非常之心的。我们日常的话应该是280几、280、290这个样子,文艺复兴艺术学术艺术研究系列（四册套装）
290，因为里面有本新书刚出版的，如果要算上这个的话，就290 300左右。但是我们今天的话，直接给大家看到我们大促能做到的极限词219是219.2块的基础上看到了日常就是开不到的。因为里面包含了一本新出版的这个系列，一共就五本。我们现在已经出了四本了，包含一本新的这个罗马艺术，文艺复兴时期的罗马艺术之外，又给大家送了啥呢？这套中的简直太好了，给你们看啊，送了一本。你看一下赠品是不是？宁教授对吧？赠了一本的，这边都是意大利文艺复兴时期的。给大家对，给大家赠了一本新西班牙文艺复兴时期的一本小说，而且是根据甄真事改编的。女教授这也是顶精装定价78的，还赠了一本凯尔特神话，还赠了一本彩色经典图书馆的。这个达芬奇那边也是价值68，而且铜版纸全彩印刷。你说怎么能不说达芬奇呢？你有拉斐尔怎么能不提达芬奇呢？尤其是又提到了佛罗伦萨，然后还得去讲价值52给大家送一本。我们可以坦然接受不可控而尽力而为是吧？对的，有的话是相当于是4加1，本来着4加5，然后直接4加5本，九本到手是九本。没有地儿下脚，我们现在就是属于给大家还赠了一本。就是我拿的是北欧神话，但是一样的装帧，凯尔特神话一个系列，凯尔特神话给大家赠了五本。他们在读，我们几点下播？上上准备好了吗？准备好了的话，先给大家上个其他可以了，来倒计时321刷新去拍。在22号链接文艺复兴四件套，而且里面包含了最新的文艺复兴时期的罗马艺术。全四本都是精装优质铜版纸的全彩印刷。不仅给大家开到了我们直接大促，平常他要三百出头这个样子，我们今天直接给大家开到了我们大促能做到的219.2块，无瑕好说吧，19.2块的基础上还给大家赠了吧？一本凯尔特神话是类似的装帧就一样的，只是拿的日本、北欧，但是给大家赠的凯尔特？怎么就是咱们往欧洲那边，往往北欧那边搞一搞吧？整个凯尔特神话还给大家送了一本的西班牙的文艺复兴时期的女教授一个小说，但是送的是微瑕，但是这个价值也非常之多了。以及西方音乐史十奖还送了一个我们可以坦然接受不可控并尽力而为。超级喜欢这本书。这是我们有一个小的哲学系列的，就是叫我们可以坦然接受不可控并尽力而为。还给大家送了一本。就是说当然文艺复兴必须要有达芬奇、拉斐尔是吧？你今天就给大家整了一个拉达芬奇彩色费顿的一个出版了四十多年的彩色经典图书馆系列的达芬奇。好吧，优质铜版纸的全彩印刷已经给大家放了七套了,文艺复兴艺术学术艺术研究系列（四册套装）
我看全没了，没了怎么办？在一共多少？一共30 0 400，再给大家再上个11套，好吧，再上个11套。好，给大家又补好了。22号链接到手的话，是123456送过来了。九百你自己去看吧，九百，然后先算一下咱送的价值，你拿着你的手机，当你说六十八，68加49块809点8加52，56 56还是68，我忘了。这个可能因为不同的定价给大家赠的，还有吗？313.8块给大家赠的价值是300 300多，价值是三百多，又给大家上了七套，七套之后我们就只剩一半了。文艺复兴四件套，现在大家拿到是包含了其中欣欣出版的这本罗马艺术，永恒之城的艺术家与赞助人全都在这里边了。看啊，现在就只剩最后一本北方文艺复兴艺术了也不知道他何年猴年马月能上来。里面都是优质特种纸，比铜板纸要更细腻，然后更加我好喜欢这张图，比铜版纸更加的细腻，以及比铜版纸更加的更好的还原这个画作本身的原作的颜色，以及更加的护眼的特种纸。优质特种纸是比铜版纸还要再贵一些的优质特种纸，再给大家弹一下讲解。好的，还有四套。对，就是特种纸，牙粉纸，差不多是牙粉纸的概念，但我不确定它全部都是因为它，反正如果不出意外它就是芽粉质，不出意外它是牙粉质，所以我就是比较那个啥一点。我就是特种纸，是比铜板纸要不反光，然后更护眼，然后更加的细腻，以及画作呈现效果更好的。你不觉得他那种非常悲悯的那种悲悯众人的那种感觉吗？玛利亚的那张是非常有文艺复兴特色的。来，咱们就说这个是意大利文艺复兴四件套的，全四套的，而且是包含最新的，之前都只有3册的。之前因为那个文艺罗马那本就只有预售，我们今天终于有现货了，所以给大家直接搞了四套，还剩下大概最后的三套这个样子，航天员在五号链接直接拍就可以了。五号意大利文艺复兴这四本的全优精装的优质铜板，优质透明纸的全彩印刷。并且还给大家赠了西班牙文艺复兴时期的一个真实的一个贵族女性，给大家整了一本西方音乐史实讲，赠了一本文艺复兴时期的一个系列，其中的达芬奇以及一个凯尔特神话。往北欧那边扩一扩，爱尔兰那边扩一扩，对吧？不要光在意大利那边看，是吧，咱们就是让他们在四周扩一扩，然后以前的一本人生哲学一个小书，这也是一个精装的。我们可以坦然接受不可控，并尽力而为。大家直接你们就赏心悦目去看吧。在我们目前的二十几来着，23号链接，23号链接。对，23号链接往前一点，往前一点给他前面。如果有空的话，可以往前十来十几号,文艺复兴艺术学术艺术研究系列（四册套装）
大开本的那个意大利文艺复兴史，那个的话是今天没有，好吧，那个是今天没有，那未来可以给大家整一下。我知道你说的那个，我超级喜欢那个那个包括这个其实都是这种的，就给大家还原一下，一个天才辈出的黄金时代，就真的是文艺复兴时期。这套也是一样的，就是基本上是意大利文艺复兴的百科全书式的呈现了。就给大家梳理了一下意大利文艺复兴的发展的全脉络，各种高清精美的图片，多委屈的给大家去呈现出来的各种建筑的平面图，然后包括各种什么绘画雕塑全有好吧。这是咱们的意大利文艺复兴4册的里边的，好吧，到手的话是九本，到手是九本书，到手是九本书，这是我特别喜欢的一套，所以我提前刚刚从上面给大家提前开了这个。好，下一个是烛光室，烛光室来了，烛光室来喽。烛光是再来发一个，烛光是来了8点53，主要是来了今天节奏还可以，没有很慢，没有拖拖拉拉。珠光是光是刚刚谁在问我是单本的是吗？是单个的对，这个库存分好一些。但是咱们那个套装里边，咱们不是特装，咱们套装全套还拿全套里面给大家也赠了装饰了。如果说你已经买了瀚清堂全套，其实比如刚刚，比如说有一位朋友他已经买了的话，你就不用买这本烛光是了。因为你充满大洋的烛光是你可以看到吗？我们这边今天给大家就是在我们今天这么一个大放血的时代是吧？我看它它的成本是基本上将近20，一个盒子20。现在你说是你们你们敢信你们敢信吗？这一个这个盒子就是单个的成本就这么贵，你们还说这说定价咋着的？烛光室是谁的呢？刚刚想要烛光室的朋友们，你们就我给你们个暗号，把烛光是的作者的名给我打出来，不然的话不放我又开始了，别给我还有吗？把他的作者的名字打出来，你别来打作者名，不是打手秒。对，幽默小子你一定要拍到。幽默小子一共几套？一共15套，15套。我的嘴开光了，我就说你一定能拍到，希望你能抢到大洋是吧，送给大洋是吧。给大家呈现一个确实和以往你看乒乓啥的那种松本大洋自画像里面不太一样的。松本大洋非常诗意且超脱的。时代剧的感觉，这个珠光是我们这个简装版的话用纸，包括整个的这个着色，然后包括它的这个画像呈现，这都超棒的作品。大成本松本来给大家上个七套七套，七套来准备倒计时了，3321给大家上好了，封底定价548的。你看我们今天给大家赠的就是我们今天就是这么一个疯狂的一个场子，是吧？给大家直接开到了微瑕，还开还得一百多。这书确实很贵，因为这书平常就是300左右，好像是300左右,文艺复兴艺术学术艺术研究系列（四册套装）
买到了，买到了那个什么小子你买到了，我说我嘴开过光了，你肯定要买到，你别跟我说你没买到。真的我就说好，又有自信了，他要跟我说没拍到，我跟你讲我就完了，大丢颜面看我就说我的嘴开光了，对吧？你给我打书名，不是不打书名，打烛光市的作者的名，漫画家的名打一下。后面还有松本大洋送花香来着，而且还有一个是啊，但这是微瑕版本的这是微瑕的。不睡觉，现在都睡觉这么早的吗？你们今天竟然都不等开幕式吗？都打算一睁眼，然后去看复看什么打这么大洋。对，好的，打最后的七号是吧？八套最后的八套给你们全放了，最后的八套准备了，倒计时了。好，321给大家加好了。我现在看就有一个朋友，刚刚有个朋友占了单了，但这是微瑕版本的对，微瑕默认没有盒子。为啥默认没有盒子的，为啥默认没有盒子？盒子有盒子可能也破破烂烂的，反正就是瑕疵的，所以不要拍。没错，有一个朋友占单，珠光是啊。你别来，你再来干啥呢？你说你就该干嘛去了，你这干嘛呢？真的是过来又该开始催了，怎么着了别催我，别催我跟你说。烛光是已经给大家放了，下一个往事与随想。你们看过逐光式的能跟我说两句吗？咱往事一随想开了，直接开了，为啥是吗？直接开是吧？往事与随想的微笑，往事与随想，我好想直接开，有多少库存，你告诉我三个买，现在给大家上个十一本，好吧？来倒计时321，可能是已经制单了。对，一般好像是周五晚上就会早一点发货就快一点。埃及努比亚能开，但是埃及努比亚还没到，不要着急。往事一随想，往事一随想，我们一会儿看一下烛光是有没有占单的。我刚刚好像目测了一下，有一个朋友占单了，我看一眼。对，有一个朋友在江南，有一个朋友啊，你不如你自己取消啊不要让我们踢，因为我们踢的话还得去可麻烦了。感觉今天书超沉，就今天买到的朋友都超级的啥了。往事与随想，我们今天的话，我要从本大洋的啥也去放了，没有占单位，没占到是吧？下了，你在我们直播间拍了好几套九十多的，110几的都有啊，也有个89的，但是这个是微瑕，今天给大家直接开到47，但这是微瑕。这套书我要说一下，王世谊随想书超级好。赫尔岑的一生当然是以及整个19世纪非常群星灿烂的璀璨的20 19世纪的俄国和欧洲的思想文学史。记住就是真的是句铸，一般情况下咱不敢用句这个词。这130多万字，1500多页，而且是向前老师翻译的全中文译本，是巴金先生都没有做到,往事与随想
"并且巴金先生盛赞超爱是巴金先生超爱的往事与随想，以及巴金先生盛赞的这个赫尔岑的全中文译本的。其实这个版权也已经不在我们这儿了，已经到期了。就是下一个出版方。感谢，每次上都得感谢我们，感谢一下下一个主板的话，现在还让我们继续上着。微瑕咱们直接是到手瑕疵版本的这套是精装清醒纸，轻型纸。对，轻型纸，清醒纸，清醒纸。所以清醒纸你们介意的朋友，尤其是微瑕，又是清醒纸又是轻，微瑕可以说buff叠满，除非你特别需要一个性价比高的一个阅读版本的，就是你正常情况下就不要搞这个，不要拍好吧？四十七微瑕的，但是是瑕疵版本的，瑕疵版本的。这是一个福利大博弈。三大叫什么来着？瑕疵的别就跟大家都跟那个SPTSD了一样，我发现大家现在都是PTSD了，不要被刺，这是瑕疵的宝贝，而且是清醒者的，清醒者的瑕疵，buff叠满，所以你们之前六十多拍到的好书的都超级棒了。这是瑕疵的，有瑕疵的版本好吗？不要PPSD。刚刚听到了那些一开始哭，然后后来发现那个啥的话回应珠光是没有了，主要是现在想有的话就遮瑕有多侠，就是侠到不行。拿4版本的，你不要拿好书，正常的好书有塑封，而且是八角尖尖的好书去跟又破，然后又烂完之后还有磨损，完了之后还有灰尘的那个瑕疵版本的笔。那行，我天哪，但是是网是你最想说你如果说喜欢那个瑕疵版本的话，那你也就阅读比性价比很高。当然好说我们有很好的福利好吧。咱们下一个是啥来着？你说福利大博弈，福利大博弈三连的微信，我都已经说了，往事与随想是瑕疵的。对你真的是毛坯房，你跟什么精装的你能一样吗？这个比较可以的，但也没有那么大的强烈的对比。有虫鼠咬，有封皮破损，有塑没有塑封。下一个就已经给大家放了，我们就不多说了。下一个就是一基础艺术史，基础艺术史的这套的危险。对，这套一共只有十来套，也是全的。我们目前出版的这个眼镜的这套，他是技术艺术史系列的。Yes, 你看还得是你就我都不敢，我都不敢提那个，我就不提那个吗？是一个12月党人的坚定的拥趸者，是一个明明是一个贵族，虽然说是一个贵族的私生子，但是他非要像托尔斯泰一样，就是非要走这种体恤，想心系众生的这种路，非要去跟沙皇去闹革命，去要推广沙皇。是一个文学剧过来人，和托斯耶夫斯基同时代。来，这是咱们几号？25号链，25号链接。这是我们后浪引进的，目前的全期测的，分别有而且达芬奇、维拉斯凯兹。对，今天咱们西班牙的一个宫廷画是维拉斯凯兹",往事与随想
咱们家有意大利文艺复兴，包括应该是有马奈，包括包括这个拓朴，包括自画像。这四本的话，我们平常好书都是控价的，平常好书都是控价7折。这个书是属于实打实的，没有任何的一个地方，没有任何一个人，没有任何一个平台就破过这个价的。这个他建筑艺术系系列是来自德国的touch艺术出版，就是来自德国的touch出版社塔森。我们目前的他神系列的话引进了三本。这四本的话一直常年单本控价在130多，不是130 100 0几，相当于这本定价每本定价128，它控价一直毫升就一百零几，相当于本身的话这三本的话好书拍下来要四百多。并且目前我们出版的就是这他是这个系列的。他也是已经从20世纪80年代出版到今天了，已经有大概小二百万种了。然后我们目前是引进了七本，包括这个自画像，一些艾舍尔和克莱因。这七套的话直接今天微侠给大家，因为这个四本有控价到7折左右，七八折，所以微瑕的性价比会很高。你今天直接给大家开到了多少呢？七本到时候只要183.4块，就是你这买了七本的微瑕的价格，你去买好书，那四本都买不下来。我们也一共只有11套是吧？这个18的只有18套，就是一单都做不出来，因为确实这个也比较少。他真的这个系列的，先给大家上个五套，好吧？好的，确实费顿的也很经典。一说属于费顿属于当然它内容本身很好，而且费顿也很会营销。他是的话就是你可以看到其实隧道的那些艺术史，他们都是从全世界往如来的各种学者。其实他是的话基本上就是他们德国的一些德国的学者们去分析这些欧洲的这些艺术史的这些艺术家和他们的这些作品。就会有德国的一些学者的一些独特的一些态度和观点。所以其实确实和很多的艺术史不太一样。这也是他能够真的是说在一堆西方艺术史的出版方，然后包括出版的这个系列里边，就是说一下子出版的。他从20世纪80年代当时出版的那个毕加索那本开始出版的第一本这个他神系列，一直到今天已经被全世界翻译成了二十多种语言。已经将近有200本书，200个主题了。我们现在引进的是这个中文版本的，就是引目前只引进的这七本。尤其是维拉斯凯斯、达芬奇、马奈和霍普那四本是严格买零级在售，任何大促价他都不参与的。我们今天这个是瑕疵版本的，直接到手相当于这四本。平常买好书，三本四本都要四百多。然后我们今天到手的话，七本而且是我们引进的这个他是系列的，这个全七本的，只要183.4块，只要183.4块,「废话」
而且是主要是我很喜欢他的这个系列，是因为他的这个图真的非常的爽，看图非常爽。并且的话确实你能感受一下德国的一些艺术史学者，他的一种不同的态度。没了的话，再还有多少本？还有18点53本，还有13套。现在有大概三个，有两个朋友占单，再给大家，那就全放完。好的，好吧，全放完我们就不留了，就是拍完即止，拍完就下了。是他是艺术史的最后的基本的库存全给大家放了，全册的定价128点，到后面你看都涨价了，后面前四本当时还128来着，当年的那个成本还是128。到后面这三本的话，定价都因为不同的年份，它的定价就全都到了涨到了135。所以你想想128乘4加上135乘三是多少来着？100就是定价，这四本的基本的定价，基本的定价就是九百多，就九百多定价是914的。然后我们今天直接，而且平常前四本的那个达芬奇那四本的话是控价在100，控价在单本一百零几，四本都是要四百多的。我们今天直接七本，还不是四本，是七本的微瑕佺。七本的到手的话一网打尽183.4。Passion这艺术时期就是非常低调，低调的奢华，就是我用他的话说就是非常低调的奢华的。这个passion技术艺术时期是德国的一家出版社，里面的图很大，这个是比很多非洲的，也不能这么说，就是说比很多艺术史的书来说，就是它的排版上来说更加的不也是也看中图，也看中这个整个的这种文字的排版都有。而且我们是把所有库存，还剩最后大概个位数的库存全给大家放进去了。你可以看到基本上是七点半，埃及努比亚一会儿我们看啊，一会儿看一下埃及努比亚可能库存也不多一会儿不行，就直接一次性放。五四还有留下的话，最后几本了就给大家放这儿了。那放这儿，最后还有九本拿最后的九套，最后的九套全基本的，最后的九套，而且还包邮。光说我就觉得今天这个运费，这七套的这个基本的库存真的沉到，你看我现在已经就不停的在甩了，再给大家来一个。全放出去了，一会儿如果没了，就是完全补不上的。下一个是决斗场团组走了图兰朵。对，这是三年的一本微瑕。这本就是这个样子是吧？就是歌剧殿堂众神的黄昏，你也可以看到整个黄金一代的艺术传奇。封底是98的，这个的微瑕它日常应该是将近70，因为它日常是六七十这个样子。然后我们今天直接微瑕是37.24块，这个是一个微瑕，你看有整分的37.24块，给大家看一下。好的，全开了，直接给大家开了。单本还包邮，也是一本精装的，来自三联的这么一本,「废话」
里边你像这个北岛、余华，包括昆西都有去亲情推荐过的这本，角头长的图兰朵。增长今天有惊喜，但是这个惊喜的话是给大家赠一本。你猜不到吧？好，这个已经给大家开了，我们下一个是经济学的思维方式，经济学的思维方式的威胁是吧？好书带东西。来说一下，那你觉得作业方式多的是啥？因为时间太多了，我有些我都已经记不住。现实应用品，让大家一次性凑齐是吧？凑齐了，来这给大家经济学的思维方式好吧。索维尔自由主义经济学大师托马斯索维尔，他在写给美国国民的一个经济学读本，他是自由主义经济学大师，他就是信奉自由主义经济学的。你如果不信奉那一套，比如说你跟亚当斯密你俩就是相反的观点，你就不要看托马斯作为了，好吧？他是他坚定的拥趸者。所以就是你先看一下这是什么世界的本质。然后在这里边你看全都是文字，没有图表，没有公式，没有难懂的。这些拗口的理论和晦涩的文字，全都是贴近日常生活中普通人的案例去写的。他的托马斯索维尔，这是芝加哥经济学派的代表人物，领头军领头羊？以及给大家赠了一本他的同样的他的书，然后也是他经济学思维方式的现实应用片，让大家直接就是说框架和现实应用片一次性到。这是这本封底定价，这本是八十八的，我们日常这本书都要44。但是我们今天直接给大家开到了我们大促34.3块的基础上，又怎么着你们猜又给大家赠了一本他的这个思维方式的现实应用篇，这本价值都要60。我的天，真的就是白送，白送真的是白补贴。现在今天大一本好书，一本为啥都只要34.3块就简直了。你一共有多少本？你先给大家上个多少本呢？今天上来上个十三本，好吧，上了13套，倒计时大家到手是两本，一本无暇好书，一本微瑕送。在这里面有赠品链接，这个赠品链接的。好，给大家开好了26号链接。对，34.3块到手的话，十三本的这个已经全给大家放出去了，滚出去了。一号链接说书名有有走女王与苏丹汉天堂那本女王与苏丹和我没有什么恐怖。新来的朋友啊，如果说你不懂，那如果说你不知道我们今天有些哪一些，你可以去看。咱们比如说一号链接，你不是有问题吗？你就看这个看讲解，你点一下一号链接的看讲解，你就能看到我刚刚说的时候了。都拍不着的话，你们就得给我打托马斯。这套书真的所有尤其想不费力气。你就只能说托马斯索威尔这本的思维方经济学思维方式，确实让大家可以不费力气。最起码如果你特别讨厌公式，你特别讨厌那些活动。埃及努比亚，你进去，你可以查一下，好像库存不多，如果库存少，努比亚,经济学的思维方式
不要打没了你就打托马斯，没有拍到的话打一下托马斯。你不要说没抢到，你就说托马斯打起来。我看看大家，我已经开始了那个小火车托马斯的感觉。你知道你看过这个吗？托马斯看过。经济学是买一本经济学思维方式赠一本威胁的现实应用篇。同样都是托马斯索维尔的著作，也是自由主义经济学大师。就是极有可能会获得诺贝尔经济学奖的。而且是最近这三四十年来，整个当代的这一批经济学家里面非常杰出的一位。他的一本写给美国读者普通人的一个国民经济学读对，然后以及一个现实应用篇，现实用篇，它就是在经济学思维方式框架下，然后去给大家解。,经济学的思维方式
