﻿original,result
经典了我也不多说了，它有瓶装有精装，只能说这个精装的这种厚重感，这种质感，确实是瓶装不可能比拟的。尤其是这本书，我们到手之后大家就能知道，如果说这本书又超级经典，你们要是需要收藏或者是送人，需要一个非常豪华版的装置，那就是这一本就送人要送精装版本的，而且它确实是一个目前也是一个动向，因为他们也就复活了大概一千多本这个样子，反正就是最后的几百本。是的，而且现在外面二手车可能溢价买多溢价买。对，相当于都就不要买那种二手的了。他既然复活了，你们就去买一手的，就OK。而且十年从来没有变过的价格就是100，十年不变，全都是到手价100。这是精装版本的，精装版的有瓶装的。我要跟大家说这是有瓶装的。但是我们今天给大家上的是他们断板十年之后复活的这个精装版本的。来来，现在给大家过16号链接，国家地理来好，节后十分之后，那个20本这个VID的这个20本到时候只要89。这是济南舒适的一个特殊的一个价格。真没想到我们一直以为哪个盒没有盒是吧？有盒天哪，来给大家看最后的15本了，最后15本加一下，他不一定在线一下。对，可以问一下来，我猜也不一定在线，已经中午晚上了。来这是咱们一共是二十本，这个就是属于胶版纸，不是铜版纸。但是胶版纸他也给大家做了彩查。从如果说你对纸张要求不高，对吧？你就是尤其这时候其实胶版纸它会很沉，但是铜板纸很沉，胶版纸就是比较轻一点，就相对更便携一点。十本中国的，各个地方的这种百科全书。然后十本是各大洲的，相当于到手一共二十本。而且也是只有这两天有这个价格，到时候只要89还包邮，还赠送运费及运费险。而且我们现在后台显示只有15套，这个只有15套了，然后多余的都没有了。15号链，15号链接先给大家放好吧？全放了，到手80 95号链接最后15套，最后15套到手是这20份，20份就是中国的。你这一套在手，你全世界就全地球上都有，整个地球你都有。行，那最后的15套库存，它89到手。一开始我们以为它是到手十本。对，以为说十本八十九就已经，这里面是到手29。结果这个好家伙，最后我们当时上链接发现20本就10加10，然后到手的话是80 90 90加十到手是89。对，再给大家弹一下，而且15套全给大家上了。无价好说，这基本上每一本到时候只要四块来钱了。这个是中国家地理的百科全书，有咱们中国的十本，然后世界各大洲的十十本，一共是二十本，一共是二十本，确实是白菜价了,《中国国家地理百科全书》
来给大家看一下，最后15本直接一次性给大家放好了，全放。它主要包括我们的国家，我们国家一个地理，我们国家一些城市，就是各种地理、人文地理、私人地理。就算是我们是河北、内蒙古，然后里面有一些普及读物。是的，是普及读物。里面有按行政区划划分，里面给大家地理知识的一些储备，知识储备，然后多方面的介绍。相当于美食这中国的十本以及世界的十本加在一起，每一个相当于涵盖了一共加在一起一万本一万个知识点。因为各每每十本都是5000个，相当于加在一起一万个知识点。里面插了四千多张插图，然后去给大家去还原的就是这种地理知识的同时自然地理知识的同时，有一些人文地理、社会风情全都在里边了。是的，经济社会都是有的，包括你旅游带着一本小册子也是完全没有问题的。来这个还剩最后的。对，是胶版纸，不是铜版纸。但是胶版纸它相对来说就像铜版纸，我们之前给大家上那套沉的要命。我跟你讲，那次每次只要搬，就直接整个人就不行了。但这是20本的话，还好没有那么的沉。因为它是胶版纸，它不是铜板纸。每本到时候只要四块多钱，最后的七套就是四块钱。我跟大家说胶版纸他都就是说他能印半本书吗？他说最后的五套库存，五套这个五套卖完，这五套就是一套都没有。因为这个价格真的89，它只能舒适这两个的一个价格。那那这两天之后也是没有了。对，现在不确定能不能补上库存，就我们自己最后的五套。他主要讲我们中午好好十套加外国的十对，一共89套的。五套也不多说了，反正就给有需要的拍，就把这个放回去。来下一个是周卫东，全套26册。什么时候出版的是吧？我给大家看一下，它这个出版年份的话，我手里的样书是2016年116年。但是你们自己你们到手的书是第几次印刷，就是以到手为准。首版是2016年。来，我们继续往下吧。下一个16号是周一公全套的智慧宫全套这个今天也是只有四套。因为我们就是那种的啥家族，是绝某版的这么一本微家族往事。这个价格整个这出是折射出来整个20世纪俄罗斯的历史家族往事。俄罗斯20世纪的历史相当于用个人家族的故事、朋友的故事，身边的人的故事去给大家还原一下。还没到八点，每一个人的故事不要着急。来16号链接只有四套三套，全套1到26，包括那个控价的。而且我们给大家说，平常这封顶定价这一套是封底定价是1800 1800 26本里边有教化有这个增长，而且文书这些的无暇好书28本全一次性给大家放出去,《中国国家地理百科全书》
我们今天那个智慧公权的三两千全风景天下2300的，风景天下两千3写1下。而且我们里边有好多书其实都是控价的，就是增长那种的是吧。今天直接给大家开到了935，就是我们大促能做到的不赠书的基础上也就935。然后今天又额外给大家送了一本。对，这个主要是日本家族往事很牛。这本家族往事的话之前我们旧书都是都是都很难有的。家族往事这本书是已经也是绝版老久了的。家族往事的微瑕你可以去查一下，他现在二手溢价到多少。大家就是直接给大家种在这里检查下，我刚才查的200 300多都有是吧？之前我给大家上那个英语版驿站很严格。对，因为有有一段时间就让人就是我特别喜欢，然后中文版又没有，就只能给大家上那个英语版的。英语版的好多朋友都特别喜欢，就直接哐哐哐的。好，我们看一下，现在就是三百多，就刚才查的。能捂上是不是都在家族往事上定位的，好吧？对，但是我们也只有四个，就全放了。我们因为后面还有好多，就不耽误这个时间。然后以及归公全套26本的封底定价是1 2300是的2300的。然后我们今天直接给大家开到了935.5块的金额，三百多的这个家族往事，是讲述俄罗斯百年家族悲欢的，就有点类似于这种俄罗斯版的。百年孤独的感觉了。对对对，贾总是已经给大家开了，而且我们一共有四套。有今天只有四套，四套之后也就都是935这个样子。是的，只有四套，然后你就往下了。来，刚才14号链接那个鲜血观止没有占的，直接鲜血观止下掉了，鲜血观止下掉了。这罗马3000年是一个好书，罗马三罗马3000年的无效好书，罗马3000年来了，3 flower说怎么没有回复，你问什么了？没有看到，没有看到你，你再打一下，有可能被吞屏了。我这边没有看见你个大的消息。辛弃疾刚刚说八点上是吗？还有多少我看一下。刚才放了十五本，在两块像是可以。那再来上十三本，十三本。对，来十三本星期几给大家直接上了，也不谈讲解了好吧，就还谈吗？来谈了之后，你们先找着，你们先找着，我们就不谈了。七号链接，朋友们，七号链接你们自己去。还是弹了，可能是形成肌肉记忆了，就肌肉惯性了，只要上了就对，那就弹也行来十三本，倒计时3321，川亚洲腹地还有库存吗？川亚洲腹地还有川亚洲腹地是有的，还有多少个？那也是应该给大家放一个手机。我们看一下拆亚洲腹地的，我给大家上个十一本，好吧？拆亚洲腹地上十一本还是全放了吗？全放了吧，全放了,《家族往事》
好吧，穿越亚洲附近全放了，全亚洲附近所有的库存全给大家放了。倒计时，321，来六号链接直接去拍就可以。看一下刚才给大家放了没有了，新机没有给大家放了，现在给大家放穿亚洲腹地，穿越罗孚第20款，20款全放了，全放了。真的是给大家晚来的朋友一点都不耐留的这是一点都不考虑晚来同学，就等着晚来朋友骂我们的了，所以一定要拍到。你就是说这个是真的是属于，那同时真的是就是都给你放好吧，你不要再打辛弃疾了，放了。最后的九本辛弃疾就给最后版了。你不能说辛弃疾和川夏洛芙第一本都不给别人留？川下周府里已经全放了，然后我们来给大家上这个罗马3000年了，罗马3000年来正在谈的这个讲解就是16号链接，也是个无暇好书。罗马属于一个非常弱势且渺小的开端，因为他一开始就是一个小村庄，他后来就成长为一个非常庞大的体量，横跨三大洲的一个大地图。他这3000年你真的你要想去了解罗马的形态的整体的发展？它的本身的历史的变迁，包括它的建筑各种就有点类似于咱们那个鸟汉骨面的感觉，是真的是说从各种古至今的城市的自画像里面就给大家全展开出来了。来封底定价是158的，然后我们今天直接给大家开到了无瑕好书，是吗？这个确定是的，47.4块也是特殊折扣的一个申请。是的，OKOK罗马3000年，无暇好书无瑕好说，一共是有20万字，十六开。但是这个开门发货库存，3211罗马给大家先上是一本，罗马给大家提供了无尽的各种各样的素材，然后让你去感慨说命运无常。整个罗马对他，当然我们常常说罗马从一个小村庄发展成为三大国，三大洲的一个大帝国。它其实战争是隐形，但是，它整个的，他各种各样的形态，包括它的城市，它的什么，就是包括他的这个赵某志。全都是非常的粲，给人类留下了非常灿烂的这种文明遗产。罗马3000年，这里面全都有啊，就是给大家看一下罗马从一个非常弱小的一个开端，想能养成网为一个大的一个强大的一个大帝国的体量。的分体定价是158，而且是全精装的，里面是胶版纸的全彩印刷。胶版纸不是铜板纸，是胶版纸。给大家直接开到了47.4块，日常它应该是79日常是79。在我们直播间可以单本包邮，并且赠送运费险。但是今天给大家直减了，在我们的30到手是49.9块。无暇好书，而且是无暇好书，非常有值得一提的这是无暇好书五号链接，来上上给大家上了，今天显示直接给大家做80个，因为只有是80，只有80万的现货，来再给大家加11百32,《罗马3000年》
对所有早期阶段的发展和它较晚的时间段就是并存。罗马城本身就是一个非常令人惊艳且给人无限启发的这么一个主题。这个城市他就是像咱们说君士坦丁堡这些什么之类的，反正整个去给大家去看一下，他是整个的从弱小的开端到后来发展成为庞大体量的一个全历程。那么3000年打开了，封底定价是1 358，线下书店就是358的线下买。我们今天不仅在我们日常49的基础上，给大家只减了30，之后还给大家还包邮赠送运费险，运费险而且是无暇好处。这是在咱们的这个链接五号直接去拍就可以，这个扣你三百多。今天我不想说给你做到47.4块，说实话这个我们是用微下的价格卖。你好，说五号链接是就是五号链接，五号链接，五号链接又给大家上了十一本，咱们就是不多说，五号链接给大家上了十一本，又给大家上了十一本。对，又给大家上了十一本。具体的直接去拍就可以。确定我又不想，我也好的，这个是属于是真的，就是都要再去再再回过头，反正五号链接反正就已经很靠前了。如果说反正就是很容易被看到，如果有问题那就下了，就是直接就下了，太靠前了。好，下一个黑心侠2战套组，还有二战套组。我们加速一点，好吧，加速一点，二战的套装。就是说这场直播就真的很像我体，因为我们的书都都要动，就我们新大博弈证书，好像新加坡一般203还有复合体质。是啊，你说鸽子给他一正，你这是不仅有二战了，还有一战了，是吗？就是考虑的一下子给你二战买二战，把二战一战都一网打尽了。但是今天只有35套，也就是说今天到手七本书只需要158，只有35套，只有35套，一个都得不了。35套之后还可以继续一样的机制，因为这个价格本身就这样。给大家说一下这套作命运攸关的抉择，因为他又重新加一个新版本的，不是先用老版本，就最后的个最后的36个，他定价是88这个价。最后的我们36本这个老版的就是像大家我们这个套装里面的命运攸关的抉择是最后的36本老版本的。未来大家再次买到的全都是全新，就是定价110的那个了。那个名人有关的抉择了，就要就给大家按照我们非常低的这个定价来去就就只有36个。来，这还说吗？反正就是二战主题，明月月光角色1940到1941对吧？包括飞虎队，就陈纳德飞虎队，还有说说的，还有丘吉尔支持的。这些不讲非典型的英国军官，非典型的绅士型军官。然后你这个二战必须研究的这个欧洲的轰炸战，这本书最厚这四本的定价就是404，404。对，定价404,《命运攸关的抉择》
然后我们今天的话无暇好处正常的话应该是202的。我们今天直接给大家看到大促能做到的158的精准，而且我们大促没有证书的，618什么双十一其实没有赠送的，是吧？然后直接给大家开到了那个价格的基础上，又给大家白白的补贴了手。三本书，一个是凡尔登荣耀凡尔登战役一战的，还有一本新大本，也是一战结束之后的。相当于这个套装现在大家买到之后，其实就是直接到手是七本书，还赠了一本复合体是吧？均是如何入侵我们的日常生活的，给大家赠了七本书，都只要你618双十一也不赠书的情况下，也只能开到的158。没错，但今天我们直接给大家开到150，而且给大家赠送三本微瑕。对，而且因为我们这个命运，我的角因为加印了之后，所以不是说偷摸涨价，是说整个的成本就是你印厂也要整成本的，你纸张也要成本的。基本上现在所有的书，因为它都是好多年前的定价了，所以你只要一加印一定要涨价的那我们就最后的36个是定价是80的，相信大家今天买到的就是非常划算的。最后的定价是对36个，来先给大家精装的。是的，先给大家加十单库存，十本。那倒计时32 16号链接给大家加好了，直接刷新去拍就可以了。也是最后的36本库存是只放这一波。朋友们最后的16号链接，大家到手的话是4加3 7本，其中有四本好读。三本问老板的命运攸关的抉择只剩26本了，未来的命运攸关的抉择全都是崭新的命月关都要下次我们再给大家。七圈二十七圈二就裂开了，裂了让裂开来的更猛些。你今天来再给大家16号链接，16号链接，这是十本还是3分之1的库存？来这个目前没有了，6号16号链接二件套的这个没有了，再给大家加五本好吧，五本就过下一个，然后再大家上再上七本。好的，来32 16号链接，七号链接给大家加。好，基本库存给大家加好了。二三套组封顶价格是404，今天直接给大家开到158，并且还给大家赠送价值超过300的那个证书，是微瑕的。有我们的一战套组、凡尔登战役和新大博弈，还有我们一个复合体。16号链接直接去拍就可以赠三本文胸。你158到手是七本书，四本的关于二战的书，然后两本的关于一战的书，一本的关于战争的书，好吧？16号链接直接去拍就可以。ZXK是个啥鬼？这是缩写什么意思？什么叫ZXK你们谁叫ZXK呢？又开始在那打哑谜了,《命运攸关的抉择》
这是谁对象来了，谁对象？真的是你们俩谁对象？这不是我对象，你对象吗？家属团是吧？来这个二战的套装，来还有最后的三套库存，我们二战套装直接去拍就可以了，这个是到手七份数。朋友们，飞虎队和陈纳德无数电影作品中都是无数的这种论文，包括什么这个著作，全都是关于他他是不是一味的颂扬。当然飞虎队和他的陈纳德和他的飞虎队确实给抗战争反法西斯战争做出了非常杰出的贡献。这主要是在亚洲战场上的，1940到1941年影响了二战的这个终局的。在这儿，是这一年之内做的这个，然后丘吉尔飞车战争是当沙场破坏行动，然后去做开发高效武器，去做出给反法西战争胜利做出卓越贡献的。以及这个欧洲轰炸战，如果说只看就是说第一次，而且这本书它是第一次完整的叙述了一下轰炸战他的权利历程，就是说算是一部关于轰炸机的一个大作，大作就是说全某位，而且说是可能说是整个21世纪，这是二十一，就是这个世纪咱们这个世纪2000年之后出版的，是21世纪的时候。如果说可能是说关于轰炸战为某一的一本权威的著作，极限词就非常的就是100定价158的这套的定价是多少来着？百04 404定价是404，我们正常是202的线上推广价。今天的话不仅给大家直接开到了我们大促618双十一才能开到的158的基础上，又给大家开了，又给大家送了啥呢？三本书，而且鸽子非常贴心的。就是我我觉得他贴心到我都不忍心把这里面两本任何一本书去掉。因为我觉得大家一起，他才是很完整的了，一战二战全有了。是的，这么一本关于驿站的一本新大博弈。一战之后老的大博弈过去了，新大博弈如我在中亚那边暗搓搓的起来了，这边也是瀚清堂正的，这边也是瀚清堂，而且汉卿就完全都给大家是实打实的白赠。这些价格本身就是不我们的证书是完全不含在你的任何的这个什么书本身里边的。给大家真的一次狂欢了，一次狂欢了，然后包括赠了一本凡尔登战役凡尔登的荣耀，让大家加点库存。力战史上非常血腥的一战，大家可能不看历史的人都知道凡尔登绞肉机，对吧？这里就在凡尔登战役里边赠了两本，是真的是相当于哥哥子给你们选的这套赠书，你们知道吗？一下子就是六本。还有这本就相当于把瀚清堂的一战二战的基本上给大家一下子囊括完了，又给你们赠了一本。叫军事如何入侵我们日常的生活。给大家展示一下今日与日常生活的一切的可能，一切的联系。大家到手的话是4 157本。是的，七本158，单独3加2 3不到30块钱一本，一百白买的。来还有三单库存,《命运攸关的抉择》
这个我给大家，你们看着是你看到我们给大家赠的含香糖全套，我给大家今天赠的又有002，又有金丝卷，都是他之前买的。他给大家赠了191的话，你赠了三千多块钱的书，价值太合适了，对吧？剩两套了，最后两套了是吧？因为那个丝绸之路星矢没有了，我们这里也没有了。来这个二件套的还是做两单库存，直接给大家放这儿。对，二战套装最后两套了的最后一套。因为里面赠书有微瑕，所以赠完之后我们就确实微瑕的赠书就没有了。但是一样延续我们大促的价格，就是这个目前正在给他开发开到的价格。可以这么说，我们今天所有的证书全都是白赠白补贴。真的给大家来一次，咱们说冲奥来着，就是冲奥奇，咱们西游一下，后面还有好多，所以我们就今天速度稍微快一点。来，接下来给大家过下一个不确定宣言，肯定是不确定宣言必须要有法国相关的。后面的235再给大家补一遍，2335再给大家上个七本，再补个漆套，然后来给大家挪到11号链接，无限定宣言在我们的17号链接，不确定宣言的危险，但是不确定现在是危险吗？不确定宣言这是欧洲相当于对46套欧洲史上，最后一位知识分子。本雅明等一下找一下书，你今天说就是多的不。对，在这儿，就是樊亚明。他在巴黎，在伊比萨岛以及在逃亡费亚明，他是一个犹太人，他想要去逃离纳粹的追捕，包括他是欧洲的最后一位知识分子，他一生颠沛流离。他留下的作品可以说非常的构筑传奇的一生。所以本雅明的命运就被他完全置身在欧洲的一个当时的危机里边。整个是可以看到二战的时候，当时的这种文是欧洲的文化圈，以及当时反正也是一本反浪漫的浪漫主义小说，图像小说，大家直接给大家里面了，就是融合了写作、绘画、版画于一体。这一套的话微瑕直接给大家开到了三本34.2块，玩一下，就玩一下。因为这本书平常三本书要180才能买到，大家先开15单库存好吧。来，倒计时还包邮，但是是微瑕瑕有瑕疵的，321给大家开好了，直接去拍就可以，微瑕给它做到19折。来来来，给大家上了上了上了上了，给大家上了，来上了十五单库存，直接点去拍一九折的一下，祝朋友们还有最后的三单库存。对，辛弃疾就不用找了，因为辛弃疾的话最后的九本下播的时候给晚来的朋友。因为我们前面好多书是一本都没给晚来的朋友留，所以星期一就给他们稍微勉勉强强的留个九本，好吧，意思一下，不然是真的下播的时候说不过去，给他们把所有的不能放完，这个就放完了,《不确定宣言》
你看我今天所有都是一次性放完，直接拍不确定性就一次性给大家放完了，一次性放完了。来，这是不确定先验，最后所有库存十5本全给大家放了，没有，就我们就全下了。来下一个中国的颜色，这是布鲁诺巴贝的，布鲁诺巴贝先生的中国颜色。是不是现在已经所有库存三十多本全放了，我没有之后我们就下掉了。天就是都是在犄角旮旯里面放我们这些书，真的超多，这个也算是今天双十二的库存。布鲁诺八只有多少？十来本，只有十来本来布鲁诺八倍，再给大家再发一个布鲁诺八倍。大家知道布鲁诺八倍的在路上，那是他的另一部摄影机。中国的颜色的话就是布鲁诺八倍。马格南图片社的一位大师，也是他是坚持一贯秉持了布列松罗伯特卡帕他的好朋友，也是见他的同事他们的这个信仰和这个指向的就是布鲁诺巴贝。他是20世纪70年代的时候，当时跟随当时的法国总统蓬皮杜来华，是算是第一批来华的西方摄影师。他当时用他非常喜欢的这个科达的克罗姆胶片就记录下来1929邀请去拍摄的这些图片，就是相当于20纪70年代的时候那种彩色的图片，用胶片机它记录下来了。反正就是这些图片我觉得大部分可能咱们直播间好多朋友应该是都没有经历过的。大部分都没有经历过胶片。我小时候还是有胶片的，你小时候有胶片，你小时候你你可能你上辈子可能是生活在70年代。真的，小柔还有胶带，全家福真的，他那时候好像已经到27、70年代来洗，你知道吗？对，而且这套书的话里面是去掉外封之后，绒布面精装的，就是马格的图片社的。他后来也是非常长的一段时间，他就是马格兰图片社的主席，然后也是正式成员。里边你看还给大家做这种深蓝色的这种绒布面的精装。但是一共只有多少？只有14套，一共只有14套，然后微瑕一共只有14本，一共只有14本，封底定价是698的。为啥默认没有盒子，为啥默认没有盒子呢？封顶价698对吧？日常的话它应该是350，日常是350。但我们今天的话微瑕就只有14个，给大家直接开到了272块。二来先给大家加优质同班制浅色眼影刷，因为它里边也是特意去还原了一下它的当时的这种胶片的质感。先给大家七个库存，七个，对，一半没了。倒计时332 18号链接，七个库存，直接闭眼去拍就可以，只有七个朋友们是微瑕的，到手272.2块,《中国的颜色》
对，大家可以看到我们后浪这个即时摄影系列里面有非常之多的这些非常牛的马克吕布、布鲁诺巴贝，是吧？阎雷咱们说包括咱们中国的王富军，就刚刚那个火车上的中国人是吧？包括艾略特、厄维特、史蒂夫麦凯瑞，包括这个简报。恩还有咱们说这个久保田不二先生，就真的是给大家把纪实人文摄影领域的这些大师中的佼佼者，大师中的大师就全给大家都囊括了。这是我们其中的这本布鲁诺巴贝马格南图片社的这个在20世纪70年代跟随当时的法国总统蓬皮杜一起访华，而且是观众方邀请和认可去拍摄到的。他是当时是正大光明，一九七几年的时候，73年的时候真的是正大光明的去拍摄到了我的影像机。你讲了咋回事，啥要给大家上的是啥瑕疵，这上写的39的，稍等一下，等一下等一下等一下，等一下，刚有朋友我拍了，你们先等一下，好像出了点问题是无瑕好说还是什么？看一下看一下，检查一下，他写的是美甲，但是你先先先检查一下，先检查一下库，检查一下，检查一下，这个中颜色可能有点问题，先把库存先锁掉，先清掉。然后刚刚有个朋友，刚刚有个朋友的话，你有朋友拍了的话，你们先等一会儿，我们可能这边有点问题，你拍了的话，你先退了，先退了好吧，刚拍的朋友先退了，先退了，刚拍的朋友自己先退。对你先退掉，先退掉，应该是上乘好书，这样给大家看错了，刚才那个直接退掉就可以。退掉是微瑕吗？咱们是有微瑕库存吗？还是说上有微瑕库存？那是微瑕折扣，给写成那个好书的折扣了。行，那个朋友直接退掉就可以退退，退你自己先去退。然后我们给大家，是的，是最后的全给他给全放了。现在是对的是吧？是的，是对。你看我就说好像觉得有点不对劲，为啥直接给大家看到了139.6块？是的，确定吗？这次是确定这个折扣是对的，折扣是对的那就是微瑕现在这个价格是对的了。是微瑕默认没有盒子，好吧？微瑕默认没有盒子。来还有三单，还有一单没有了，刚才给大家放了，把所有的库存都给他放出去。拍了退了，朋友你自己退，那你就把那单也给他补上了，补到这个我补上了。来直接闭眼去拍这个35 8号链接，所有的库存都给它放出去了，是有瑕疵的，这个是瑕疵，是东北定价698。这是纪实摄影界的一位大师，然后也是罗伯特卡帕和布列松的好朋友兼同事。这个是布鲁诺巴贝，他在1973年来华访问，并且去我们祖国大江南北去记录下来,《中国的颜色》
2世纪70年代的时候，大家彩色的，而且是用他自己最挚爱的这个他自己挚爱的这个彩色胶片去给大家拍的，好吧？而且里边的这个纸张我们也是要特选，也是一种特种纸去给大家能还原这种老照片的质感。现在这个是对的了，是的，现在是对的，还都是个位数库存，所有的库存点上不去了。18号链接，所有的库存全给大家放了，已经有点腱鞘炎了，太太重了。我们的书没有别的一个唯一的一个缺点，我觉得就是重，就是纯。但是这个也是一个优点，因为它的纸张就很好，就是特征值，这个也是一个特征值。而且所有的库存全给大家放完了，不能八倍的来。给大家算好了，所有库存全放了，拍完就没了，就下掉了，效率真快，效率。他应该星期几说发货了，应该是给你制，就是应该是制单了，他不一定发货，他应该是制单了，应该是制单。早晨的中国上面显示有一个人已经发货，我说完蛋了，早日中国能踢掉吗？能，没事儿，小黄书我找找，这就是反正就寄托在了，行吧，来18号链接直接去拍就可以了。18号链接，18号链接已经给大家上下一个詹森艺术史。詹森18号的詹森一手水来了，而且这个詹森好像也是赠的是微瑕的沸遁的现代艺术史的大部头。三赠的是20世纪艺术的艺术，20世纪艺术之书也不多是吧？继续看，只有11个，确实我们今天这个库存就只有11个了，因为二十艺术之书只有11个。来，这是这么上詹森了，终于上詹森了是吧？而且这个还不仅是增，还给大家破了一个小架，这是严格控价的。给你刷应该666。是的，对，评论666。就今天，然后咱们艺术博物馆也是。对，平常的话这个定价888，然后我们日常其实要666的。那今天这个而且是给大家发的这个最新版的，没错。这是插图第七版了。已经这个书本身在欧美，在全世界已经60年的历史。从一九六几年的时候，他就开始首版发行，60将近60年了。艺术史三大头就必然就是詹森。但是詹森他确实是很全，就有点那种艺术史词典的感觉了。就真的说是从叙述时间上、门类种类上，然后包括它的插图类别非常之优秀的一个单卷本的艺术史。算是艺术史知识领域的一个标杆之作。这里边也是优质铜版纸全能印刷，这是它的简木。也就是说它整个的话给大家划分了四大部分，古典世界、中世纪，包括文艺复兴到洛可可，以及咱们说现代世界。就八点半了来加速封顶，定价是888的。我们今天直接给大家开到了无瑕好处666的基础上。还赠20世纪艺术之初，二十级艺术之初，也是费顿的,《詹森艺术史》
你看可以看到英国芬顿出版社百年老师他们做的一个真的是属于断代史里面的一个角色，就是大捕头二十艺术之书，去整个的把全景式的去呈现当代艺术史。这也从19世纪60年代往后的这些就是从大概印象主义之后的所有的这些派别，这些知名艺术家的代表作品全给大家放在里边。相当于这一项就给你真的是这两本书本身加上赠书，就真的是从史前一直到当代全都有了。这本书给大家送的书价值就是380，我们平常微瑕去卖的话，也是要个九十多100左右的，给大家直接带来开个十有十一本。是的，给大家先放个五套。来倒计时32 19号链接直接变去拍就可以。先给大家放五套库存，今天是给大家破了一个价，并且还给大家赠送我们的20世纪通知书。对，而且还有两套。对，没去舒展，但是一样的就是说是一样的，就是舒展的一个特殊的一个价格和机制。来了，这是五套了是吧？给大家放了五套。好了，有了不要占单。而且因为给大家赠的这个2世纪艺术之书的话，是非常值。你就单买微瑕都要100左右的。咱们这个21支之中，微瑕单买都要20的。咱们今天100左右的，咱们今天直接给大家赠了，不仅这个价格直接给大家不要666了，直接给大家开到382。说实话，这价格就对，这个价格就真的。再给大家上，再给大家上个七套。好的，那七套就上了，基本上就差这几本了，这样子就给晚了的朋友留一点。这样不然的话，我们就是脑里记着这些。一给大家留一点库存，让詹森严格控价666的，而且什么也不送，今天直接给你看到是382，并且还赠一本微家的20世纪的著之书，给大家还赠了这个，对，101是吧？你算出来了吗？对，好像为啥就是101枚算不出来，没算不过来，咱们就只能100左右，你脑子算不过来三套库存，29号链接真的超沉。你说本来詹森已经优质铜版纸是吧？就已经沉到爆了。光这个运费，咱不说运费，我们给大家包邮赠送运费险，放到11号光州。给大家送的这个就是说光运费你知道这两本书加在一起，我就估摸着，怎么着都得个，我感觉可能这个运费得有个70左右，六七十了。那两本书真的很沉，艺术史大不同，其实都很沉来着。又给大家上了七套，又给大家11号链接，又给大家上了七套，还有送三套。就是说詹森，而且是詹森是无暇好处的，就两套库存，詹森是无暇好处，反正这个也可能好几天,《詹森艺术史》
如果说中间被中途被下掉，大家也不要再问你就是反正放在那闲钱都不是只有今天这个福利才有的对，上次我们上了一下，然后有朋友说明他给我们的团了一波，看看有多少库存，然后都给扒拉过来了，只剩这最后的几套库存了。因为这个也是有点破价，其实也是不太好的。然后不像这个孩子赠书就不上这个，主要是这次我们赠书不是天天有啊，赠书就这一次。就这11号链接中两张，就这周，就这周给大家过。下个有朋友说想要看那个艺术博物馆是吗？那直接这两块开了，好吧，艺术博馆有赠书是吧？是的，艺术博物馆也一起开了，因为艺术博物馆也是给大家赠了两个。确实艺术史其实就是有多沉，大家到手之后就自己都知道。比如说你可以自己没事，你也可以比如说找运费，你下单你试一下那个运费能有多少。先给大家说艺术，博物馆的话他赠的两本是费顿100年里边他们自己都会认为是他们的代表和杠把子的。这个画册调经费顿经典画册系列，我们其实这套画册一共只引进了六本。一会儿我们后面有文艺复兴的4册的套装，所以的定价都是598，相当于给大家赠的这套价值1198。这两本价值都特别强的可怕，直接26 12，然后1200减2，对吧？给大家做的就是微瑕，但是微瑕这个单个的就是微瑕的话，按照我们现在应该是单本也要一百多，一百四五这个样子。而且不会说这个重量真的超重。我真的，我就今天刚拿这几个，我就已经腱鞘炎了。我来拍一下价格，大家对我们这套的话，艺术博物馆定价1600。是的，然后咱们今天现在到手是790，我给你们看一下，我一下等一下给大家开价，然后给大家慢慢的拿一下。我就每次我每次拿这个你们知道吗？我都怕我发出一些非常奇怪的声音。伦勃朗没有库存，我们给大家上的就是赠的是雷诺阿和叫什么来着？雷诺拉和拉拉斐尔。他也就只有个几套，有一个最少的是几本？六套，只有六个，相当于我们这个艺术博馆今天就是顶多了六个。这个，你看这套，就一套。就光是说博物馆本身其实就有一个金毛的，而且是成年金毛的这个重量了。你们如果家里有养金毛的，你就是你这个你你的你的你的阿狗他要是长大了，成年之后你抱着他多沉，你的艺术博物馆就是多沉13斤、20斤、十几斤。来，我可以看一下，保佑你是吧？保佑你的话那就参与下。好，你你保佑你说保佑你我才发现我们有福袋。左上角大家点一下刚来的朋友最后参与一下这个福袋，给大家可以看一下。我这艺术博物馆全都是铜繁殖，还剩四个，还剩一块,《艺术博物馆》
然后一共后面还剩九套，还有四套，还有四只有六套，只有四套了，超大就是大变动，可能就是说就成了。没有别的毛病，就是沉。这个书大家真的是特四看破8破8开侧8开的，超级大，而且里面童话阵营刷的超级大。我记得我们之前放这种书，还有专门一个大书书架，不能书架也是书架也是，人家这个书架是真的也是1600，然后平时也是空的，然后里面真的是也是啥都有你这个就是一座纸上艺术。巴黎，然后伦敦、纽约，你去看那个就是各种的，你就直接就是说你就在家里边，你就把你就是你自己给你自己家弄了一个艺术博物馆。你随时随地，你晚上凌晨三点你睡醒了喝水的时候，你就顺便能翻两下这个艺术博物馆优质承办者全场他相信其实是20斤重是吧？就是一个金毛成年金毛的一个重量。不只是不是收藏，这个就不用收藏了。这个就是说直接你就看吧，你就是一辈子就可以翻阅吧？你自己单身的时候你翻你等到你谈恋爱的时候，跟你对象一起翻完了之后你没有孩子，跟孩子一起玩，放地上当纸板书。没中省钱了是吗？这套封底定价是这个艺术同款是1600的。我们今天直接，而且他也是平常是要八百多的，平常是八百多。我们今天也是给大家小破了一下，到手是790的。同时又给大家送了两个飞动的大画册，一个都是589的，然后两本价格价值1000。这应该特四开的，我现在好像反应过来，这应该特色的这应该是特四开，应该不是打开就张老师的对，是没有那么大个十台超大的对个十开的来，这还有一单40。喜欢艺术的朋友感觉这真的就是必读之书的这艺术博物馆就往家里一放，别的说实话就是说没有对手了，就是这个意思。你说说话，我给大家说，大家都说有品味够牛，家里收藏一本。这个确实，我给大家看一眼，你看我的妈呀，你们看这真的沉到爆了。你看给大家赠的这个星球经典画册，是已经是应该是八开的，就已经够大的了。咱们就说相当于里边这套书它为什么不大？是因为它和艺术史除了有艺术史的功能之外，让你去有这种艺术评论艺术鉴赏之外的话，其实还有一个精品赏析图，兼兼具赏析图，兼具赏析图的这样，这个的话是直接给大家，这本送的是定价是598的。我们直接给大家赠了两本，相当于给大家赠的这个也是价值要2000 1200，1198这个样子。两本的危险，一个是拉斐尔，一个是雷诺拉啥的。有有飞机盒的，有飞机盒我的妈馋死了，看回放就OK，我的妈来，这是给大家收起来了。真的很累，你笑啥累？他知道真的很累。来这个大家看好了，直接去拍就可以,《艺术博物馆》
这个书，朋友们说实话，这个书你放家里一摆，可能别人都没有见过这么大的书。我想买个书架真的太有品位了，腱鞘炎了都可以当腱鞘炎了，你送送人，这套就也就才七百多是吧？你可能送一个啥，还有两本赠书，为啥？送的书你就送的这本危险，你就自己留着。艺术博物馆你要想送人，其实就是倍儿直是吧，倍儿有面是吧。,《艺术博物馆》
