﻿original,result
200个链接也很牛，让我看一百多少个，直接给大家开了。反正后面有一些微瑕的，三连的特别少，所以就直接给大家一次性已经开了。那个是从100我给大家写一下。有一些120号之后的都给大家开好了。有有一些微瑕，三连的微瑕特别少，所以全都在后面，你们可以去自己看一眼，因为没准我们开到的时候就没了。开播啦开播，今天很早，今天还早，我们还说四点，我今天迟到了两个半小时，一天比一天迟到的早是吧？我们这个慢慢来，但是我们所有东西就尽量给大家开快一点。但是今天有超级多的一些个书，反正你们就往下来。然后左上角新来的朋友，左上角可以参与一下。这个我们刚发了一本一个福袋，那福袋里面放的是，哇塞今天这个福袋有点豪横，放了一本瀚清堂的美食与文明，一会儿咱们给大家整了一个世界史的套装，里面也有这么一本。左上角里面福袋里面是这本美食与文明。新来的朋友们，尤其是新朋友如果不知道的话，这里边放了一本超级福袋，里面放了一本书，如果中了的话，大家就拿到了。你不要钱是吧？那我们今天有一个直格局格局大世界史里面当然也有这本书。好巧，而且超多的惊喜，超多的买赠，反正就是给大家哐哐哐，就是让你们。噼里啪啦的眩晕到不行，就是像我们找书一样眩晕到不行，大家也一会一样眩晕到不行。好吧，回应我一下，别光开播了。大家晚上好。我们今天的书好多，我都觉得特别有自信。全套的话好像两套，酷酷消费，酷酷谁，反正就是钱是大家自己的，你们自己理。今天都30的微瑕，有之后的3 120之后。对，当天是微瑕。120号之后的话，它库存都是个位数，特别少的。或者是反正就是你不要等我们开到你再去整，因为可能120号之后开到的时候是已经没了的。来大家各位老六们，我们开播了，你才6。来大家咱们一号链接的话今天特别多，所以我们就不多说，我们开始哐哐哐开了。一号链接是地理与世界霸权，地理世界霸权，而且是那个白色版本的，你们知道吗？大家是不是很少见这一个必然的二战兵器的。有今天的话一会儿开心了就给你上，不开心的话先让我们开完了160多个链接。这个有多少本？这是一本已经绝版多年的。我们当年就是从这本书开始咱们直播间成长起来。有的朋友都是通过这一本书成为我们直播间的第一位认识我们的第一个第一本书？这本地狱世界霸权，然后新来的朋友，我们刚刚开播超级多的好书,一号链接中的《地理与世界霸权》
今天就是各种月末冲啥的，加上舒展，就是整个大家所有的东西，所有的buff点满，就给大家来了一场真的是补贴到爆炸的这么一个书。这本书必须这一本书，而且当时大家第一本他的还是我手里拿的灰色，现在后来大家买的所有瓶装的都是红色的。现在价格好吧，日常售卖价格48，今天到手9.6块，吴微瑕9.6块。地理世界发型就是精简到爆炸的，而且是已经绝版好久，得有个一两年了。这本就是我们现在只有那个红色那个版本的了。今天有41本，一共41本，一共41本，而且是很早的那个白色，就是绝版多年的这个老老版的。地狱世界霸权，但是依然非常之牛。整个100年来无数在读者，包括任正非先生这种，他们认证过的基本就是说视野非常恢宏，格局非常宏大的这么一个世界通史。而且是从地缘政治、地理、历史、政治这三之间就给大家整的，而且一共41本。我们今天好多书都是这样，库存就一次性放完，没有了就无补。因为一共有将近200个链接是吧？这样，四份全给大家放出去。来第一次微瑕，这本微瑕就是微瑕的朋友准备好，来3211号链接给大家开好了，刷新去拍到手9.6块是微瑕的，这个版本之前很少见。29，9.6块，9.6块，而且是40个，我们一次性全放开售，开售，赶紧，可能那会儿十几秒就已经过去了，所以大家赶紧看一下一号链接刚刚开播，这是个微瑕。但是这本书是我们非常早的非常早期的版本。这个版本现在已经市面上已经绝版了，现在都是红色那版的了。但是这本的话，就是我们库房里面整理出来了41本，而且是今天刚开播，就给大家一次性放完了最后的十三本，而且单本还包邮，只是微下。但是这本书视野非常红红你虽然说是老版的那个是吧？你看里边哇塞里边这个图就是铜版纸，然后各种的给大家凑齐一整的。对，这是非常当年早的那个老版本，最后的九本目录，就是九本，大家可以先去拍一下好了。对，这就是我们直播间的很多个读者，应该就是最早的那一个读者在家第一本书。这是我们直播间的第一本书。当年咱们这本书就给大家应该所有应该说的是也算是往事与随想一样，老朋友人手一本的了。对，最后的九本不补了。不是不补，而是说没有库存了，因为这个是已经九月份了，没有了，这个版本已经断了。等大家付完款之后，链接直接给大家下掉。来当时买当时买的时候，哇塞叶君你我怎么感觉你好像你说如果说是小三年前的话，你这三年你基本上只说过这一句话来。这是在一号链接，而且所有的库存全放出去了,《地理与世界霸权》
然后一会儿如果说没有占到，我们就给大家就下掉了。今天链接非常的多，今天好像还有人类群星闪耀时来着，三连的那个版本的。但是我不知道在几号，120号之后，你们自己可以去找我看一直有朋友人类已经往那下边翻了，陆陆续续的有下单提示。我就是确实很多朋友就喜欢土味格，看土雷格第一本，我们今天给大家又上了一点点三连的微瑕，然后他就叫人类寻求闪耀石。但是我不知道库存很少，反正就应该是你自己去找吧。你说122号、120号链接之后的都是微瑕，个位数的库存只有个位数，售完无补。来一号链接直接给大家下掉，一号链接下掉了。然后我们今天也是上一场有好多朋友，比如说微瑕没有拍照，今天我们会给大家各种补贴证书？然后比如说经济学思维方式，虽然说没有危险帝国，棉花帝国也是，这个的话多少美食与文明是一会儿格局大。世界史里面有一本好书，但是我们也给大家就是今天多年的那个老版的，所以我们库房里面最后的五十多本全给大家放了。不过没关系，我们今天链接书超级多，你就不用担心。然后这是咱们的二号链接，棉花帝国，这是一个非常谋篇布局，虽然是写于当代，但是非常有古典史诗般红气质的一本书。这本书的话也是瀚清堂所有的书里面，目前140本书里面阅读数量极限词广的一个一个一本书。这是一个通史，也是一本世界通史。这个今天给大家做到一起，今天有超级多的。对，这是在一号链接。这是斯文贝克特一下给大家封顶是118的，今天也是开播给大家玩一下，而且22.4块，朋友们直接去拍就可以。封底定价是118，正常好处是59及以上。微瑕我们平常也是要大概二十多，30 30左右的样子，但是我们今天是可能微瑕，就因为其实今天就是啥，咱们说马上咱们如果我们今天开完了，没准我们就能赶上下播之后紧接着就看今年的奥运会的开幕了，我希望尽量不要这样，尽量早点开完。朋友们，今天这个棉花帝国微瑕给大家直接做到了是22块319折，但是这是给大家玩一下的，今天确实也是一个不一样的，马上我们来还有五单库存，一点我也不想十单的库存，现在还有五单库存，还有最后五本。整个对是应用全球史方法去解读现代世界起源，尤其是资本主义世界起源的一本杰作。40本已经放了40本了，那应该一半没了。这个不许占单，不许占单，对方点，那就再上个十五本好吧，再上十五本，再上十五本,《棉花帝国》
棉花帝国就是说整个的棉花、棉布、棉纺织产业，尤其是比如说新朋友，比如说近期来的新朋友，你可能还没有买过汉青陶，但是你可能已经被我们听了无数遍了。反正我就告诉大家，目前瀚清堂的所有的书里面，阅读数量最广的一本就是这本棉花帝国。然后如果说你想感受一下，你想感受一下这个明翰和瀚清堂，尤其是它的世界史这块的书，这是一本世界通史，是产业如何推动了什么原始资本积累。然后战争就这个就是说给战争提供了原始。虽然说它是写于当代，但是它整个的气势就是非常之恢宏，完全就像是史诗般的一种世界通史。然后这是在我们的一号链接已经给大家又放了个十五本。这个就是我们今天给大家，相当于我们月末的这么一场不到60本，就是已经我们一半的库存已经给大家放完了，开播就给大家多放一点。老朋友、新朋友，就是新进的老朋友，或者是你没有看过汉天堂，你从这本书，因为这本书是我们今天的一个属于玩一下的一个价格了，所以你们可以从这本书去感受一下，可能成为你焊天堂的第一本书。你可以感受一下汉宁王的书，它到底是一个什么样子的选品风格。薇娜美潮特装大概有二十来本好吧？微瑕那个是微瑕，这个也是微瑕，但是后面还有好多。来，这是咱们的二号一号链接，一号链接没有了。这样，最后一半了，最后一半库存再给大家稍微加一点，然后往下过好吧？行，你今天就是来再给大家再上个十三本，再上十三本，再上十三本。一号链接直接闭眼去入，这个库存不多了，3分之1的库存已经给大家放出去了。而且大家看刚才放了不到5分钟时间，热卖50分。这真的是帝国主义是吧？奴隶制机器生产包括什么？工资、劳动者这些近代社会中一直到现代社会中，就大家传递这些概念、这些名词、这些组织。他这些现象彼此陪伴，像星星一样互相星星和月亮一样互相照耀？作为大家想要了解整个的这一段全球史，尤其是资本主义发展至中世纪开始，他一路经历了多少，我们才到达了今天？整商品社会，500 600年的整个的发展史全都在这里边了，就是人类来在一号链接，一号链接直接给他。主要是我们今天就是给大家做了一个特别的一个玩的一个开播福利。也是因为我们今天就是月末，相当于告别一下七月。八月的份的话又是一个非常新的崭新的一个月份，所以今天就给大家直接作为一个特别款，这是算是一个特别款，反正一百多本之后就没了，你们就下掉了。现在已经给大家放了一半了，已经放了一半，咱不要占单,《棉花帝国》
这是微瑕下120号，120号之后的微瑕都是微瑕，他可能没有写，但三天都是微瑕。大家看一下，上次是首发，今天是帝国之路套装。对，七月份的尾巴，你是狮子座是吗？帝国之路的特装，汉天堂这个月本月份的一本新新特装，是整个去对拿破仑法国历史上如果说你非要找一个说一定就是说所有法国人心中一定会排前三的这么一个人，一定要说两嘴的话，就是他那这这本书拿破仑就是大家对他的这个评价就是各有所见是吧？就是有那这本的话，是他称帝之前，如果说你像贝多芬一样，你就非常看不惯他称帝，然后的这个样子的话，你就是留个你他的前半生美好的话，居然就在这个了。这是我们今天特别做的一个特装版本，是这个月份的，然后一共做了1000 1000本，封底定价是158的。我们所有的汉金堂的特装日常全都是以原价在售的。然后这个月的话也是因为其实大家也知道，这是法国历史上非常重要的一个人物。然后又赶上你说今天对吧？大家知道凌晨一点的时候，如果你们不睡，你们应该有一些事情要做的那所以也是致敬一下这个，所以这次给大家特别做了一个特别的一个特装的大大福利。然后今天到手今天只要99，给大家展示一下。平常我们特装就是原价158的，但是我们今天的这个直接给大家99.8块，而且就是限量1000套，限量1000套。对对对，那给他加好库存了，加13份库。他本身的拿破仑这个人，他的所有的东西，他本身就是他个人的历史，他就已经和法国的历史融融如一一如了，对吧？如此耳熟能详的人，所有的朋友可能都不知道了解不太了解他所有的事迹，不太知道他什么。但是你可能一定都会知道听过他的名字。就是如此耳熟能详的一个人物，还有必要有专门的历史学家去为他立传记吗？这本书就是这样子一个，大家就是说他去给大家去证明了一下当代在即便在当人物传记仍然有其不可撼动的地位，以及他非常重要的史学价值。然后这个的话就是把拿破仑的个人的命运和法国的历史本身进程融入一体。拿破仑称帝之前，他青年时代和少年时代，对包括他如何从科学家岛上的一个穷小是洪流的推动者的，就是历史的长河之中，历史的海浪之中，就是他也这些人，拿破仑以及他这个时代的这些所有的视频大家都是一样的，对吧？特装版本的拿破仑的书千千万，这本的传记的话确实就是我们这本给大家做的这个特装版本。这个传记确实是非常叫什么来着？非常鹤立鸡群的一本。你可以看到是埃及姐设计的对，而且是对埃及姐就是埃及姐的套装给大家操刀去设计的,《帝国之路》
你看这个环境纸都是去给大家上了一下，他当年在埃及在各处的这种征战的这些话传原场面。这是拿破仑帝国之路的这本的这个特装版本的特装版本它平常就是158，我们所有汉金堂的特装书就是原价在售。但是今天我们也是月末，包括他们特别的这个时间节点，然后给大家的这本特妆是给大家致敬了一下。它到手的话只要99 9.5块。它普通版本是没有刷边的，没有这种丝网印的刷边。这个喷绘的工艺也是多重图的叠加，有喷绘，然后有丝网，这是莹莹丝网。莹莹整个的它的天口地口竖口的这个贴纹样的话，大家可以看一下。对，大家可以看一下，你们可以点开这个小黄车往底下拉一下，拉一下就能看到纹样的解析，对吧？它这三个，你看它它每个的里边，它的这个天口地口的纹样大家都可以看到。埃及姐它的设计它是都是有它的原因的。这是在我们的二号链接，给大家看好了最后两单。对，如果说大家是埃及姐是一个设计师，基本上国内的她很厉害的一点就是可以再给大家来一个再发一个。他很厉害的一点就是说他确实所有的所有的书，如果说他接手来去做设计，做做图文的设计的话，他是必须要看完全文的，他必须要看完全文之后，根据他自己的理解，根据他自己的设计理念，然后去给大家把这些纹样，包括各种所有的去给大家。所以他的尤其是他的每次他的所有天口地口侧切口的那个纹样，他都非常值得去看。因为他这些图不是说随随便便为了好看去画纹样解析，出口纹样解析。如果说大家再给大家加点库存，对，这是在几号？这么大不打折瀚清堂的特装。但是这次确实是给这本书，因为大家也都知道，他是法国历史上非常之重要，而且是说所有法国人都会提到的一个人。也是赶上这个发是发行的时间，其实确实为了这本书，之所以这个时间发特装版本的，也就是说为了去喜迎喜迎奥运？所以这本书给大家做了一个特别的一个冲浪的机制。二号链接给大家开好了，就给大家放这里好吧。一个就是我们汉唐新出的一版特征帝国之路。对，就是设计确实特装书，它确实不是为了正常翻看设计的，特装书其实是收藏的属性，包括赠人的属性也很大。我记得上场我们刚给大家首发的时候，就有朋友说来着，说他想送给他一个朋友，觉得要有一眼看上去要足够的有有逼？要显贵，然后要足够的感觉有品。其实这本特装的话，确实本身这个书的质量很好。首先这本书的特装我们不是随随便便去给大家去设计的，封顶是158。然后我们今天的话直接特装版本，平常全都是原价，所有的汉天堂的每一本的特装都是原价去售,《帝国之路》
但是我们今天直接给大家开到了99块，相当于只减了50块钱，五十多五将近60块钱，只减了六十多块钱。这也是确实首发以及这个早鸟福利，并且赶上了喜迎今天晚上凌晨一点的这个大事件？所以特别这个特装版的一个致敬好吗？来下一个，这给大家开好了，直接放这里好吧。因为它这个装也是库存都是有限的，慢热库存就一共全渠道我们一共就印了1100千辆，1000套。之前有朋友问说是限量不限量，我们这个就是确实一千之后的话，大家我们官某方就没有了。那之后大家只能去二手平台上去，怎么说呢？去二手平台上去买别人议价的这些的。来二号链接给大家开好了。来接下来给大家过我们三号穿亚洲腹地是瓶装商品券的。收到了是吗？我的天哪，收到了什么感觉是亚洲无敌肩的，这个价格做的超级棒。对，我们周三哇塞周三的时候，所有第一批拍到的读者朋友们的特妆全都已经收到了是吧？你可以说一下你的喜好，看你们都好简单好简简单点穿穿亚洲福利。这个是一共瓶装版本的，然后41本到手两册31.9块。但是个微瑕，瓶装版本的一共就只有41本。我们今天全场就是只有斯蒂芬的威胁，因为其实微瑕就是能盘多少就是多少，这个样子确实没法抄给大家。封顶168的，今天到手是31.9块，31块9两本，虽然瓶装的，但是两本斯文赫定是吧？他在20世纪初的时候来到了整个在亚洲的第四次冒险旅行。它它整个的那次的三年的探险的日志，他每沿途六千多英里的波澜壮阔全给大家整上了。但是因为这个书特别少，只有400本，我也不多说，给老朋友给大家放21本21本倒计时33213号链接，微瑕到手31.9块，直接闭眼去拍就可以。只有四十本。今天对，目前还有11本，还有五本，后面就是周一的没有了。三号链接其实今天论斤卖都没有我们今天这个划算了。我们就这么说了，爱卖纸都不应该是这个价格的。就是说属于已经我们这个道德，我们已经败坏的这个出版行。爱上的这一代人，我就是已经这样了。但是反正就是月末了，给大家做一个特别的一个月末的一个超级的福利。好吧，也是一起冲一下二了。这是在我们的三号链，三号链接。对，已经放了一半了是吧？是的，一半没了。我们一共只有41本，然后21一本已经给大家全放出去了。来，接下来给大家过下一个西班牙式两侧套组，西班牙给大家开始了，西班牙两本书无暇好书。但是我们今天给大家整了多少呢？今天只有66条，关键是这个给大家赠个啥。你给大家赠了两本非常之优秀，这两本是无暇好书,《亚洲腹地旅行记》
对，有朋友说我不想要微瑕，那必然我们肯定不会让只给大家上微瑕什么，当然要放一些好书的一些W你这套书的话买有买好书还赠美甲。你这样子的话相当于如果你要想送人，你肯定要送好书，那你就可以把这套书送给他。但是送的时候你就可以自己留着了，是吧？没有单卖的。但是你们相信今天两本套装，送你们两本为啥超级绝？本身就是我们今天月末的这个补贴是实打实的，毫不在场老朋友就知道，我们直播间其实已经快三年了，马上就要三年了。其实老朋友们都懂，我们直播间平常大促的是今天给大家开的价格，就是大促也就是这个价。但是我们今天确实给大家就是在七月份最后给大家带来最后七月份的，让你在这炎热的夏天给你带来，最后再给你添把火是吧是吧还没说呢就在上了，还没说呢就在上了。那先给大家给你们看一下，西班牙以及无敌舰队，一个是无敌舰队？其实要先看这本，先看这本西班牙就是正值他冉冉升起大航海时代，它一跃成为全球第一个大帝国，成为日不落帝国，第一个日不落帝国，以及它开始衰落。西班牙无敌舰队开始一系列海战之后，开始要给英国去让道。这两本整个西班牙的就是那几百年的这种兴衰，他眼见他楼行赠书，赠的话给大家赠一本女王与苏丹的微瑕。这本的赠的话价值89及1本什么才是真正的恐怖。没错，这本价值68。给大家赠了两本全精装的书，相当于大家到手是四本是吧？两本好书赠两本的微瑕，但是四本全是精装的。一本是汉天堂的女王与苏丹，正好就是伊丽莎白女王那个时代，正好就和无敌舰队这两本书。但是这俩就是西班牙，这本就是英国，来给大家上个11套好吧？好的，来倒计时，321给大家开好了，直接刷新去拍就可以了。今天这个是只有66套，多一套都没有。朋友们，对，刚刚说在上的朋友已经上了，已经上了，赶紧刷新看一下。但是这个的话确实很少，因为我们的赠书主要也是女王与苏丹特别的少。送完之后同样的价格不赠书。但是同样的价格不赠书也是依然是我们大促的600 18双十一的机制。而且我们6 18双十一其实是来做四套有证书的，同样的价格同还赠了书。这是在我们的四四号链接，在四号链接。对，女王与苏丹是汉天堂的第33本,《西班牙与无敌舰队》
这个是我们给大家赠了一本的微瑕，赠了一本的这个微瑕汉娜第33本，这个是也是当时伊丽莎白女王时代，他当时她英国英格兰和奥斯曼帝国之间的这种交流和互动，以及包括当时基督教伊斯兰教之间的这种各种分歧与西班牙这两本书里面的这个时期的对吧？还给大家赠了一本什么才是真正的恐怖，一本就是其实是关于这个恐怖片儿，就是它里面的各种解析，尤其日式的一些恐怖片里面的两本全是精装的。来，这是在我们的四号链，四号链接已经给大家放了十几套，刚才给大家放了11套，11套有一个朋友占单，有一个朋友占单。你我们一共因为证书完了之后就无证书，但是同样的机制，所以大家不要涨，不要转。来四号链接给大家开好了，直接闭眼去拍就可以。库存现在还剩这三套，还赠两本书的，一本是又给大家上了一本，是什么才是真正的恐怖，对，什么才是真正的恐怖？以及这个女王与苏丹就是相当于这三本书其实是同一个时期。但是为啥我这么什么才是真正的恐怖呢？因为我之前看过一个电影，它是应该是讲西班牙的，一个是西班牙还是捷克的我忘了。因为一提到西班牙，我总会想到那个女伯爵和那个和那个那种很中世纪的感觉，很中世纪的那种什么就是什么吸血那种。所以我就是一提到西班牙，尤其中世纪的话，我总会想到这个恐怖片。所以就给大家赠了一本的精装的，正好他也有库存，给大家赠了一本什么才是真的恐怖，再给大家上11套。好的，来四号链接再给大家上11套的库存。今天也是库存目前还剩48套，再给大家上11套，那就是最后的48套。再但是再给大家上11套就只剩三十来套了。是在我们的三号链接，是在我们的四号链接，四号链接再给大家上，再上再上11套，刚刚没有拍到的朋友再上11套。确实因为赠的书特别的牛，是吧？赠了一本价值80元的女王与苏丹，以及价值68的这个什么才真正的恐怖。而且每一本证书都是有原因的，有理由给大家精挑细选是吧？就是硬硬给大家补贴的。平常我们大促618的时候，不赠这个书，也依然基本情况缩短。所以赠完之后的话，同样的价格，其实同样价格买这两本书已经很划算了。但是我们今天我们精挑细选，都是因为觉得很适合这个主题的。一个是西班牙，一个是无敌舰队，尤其这本是普利策奖得得品，而且这本无力舰队相当于是西班牙和英格兰、英国他两个开始争夺这个就是不能说争夺他们两个开始老的日不落帝国衰落，然后新的日不落帝国冉冉升起,《西班牙与无敌舰队》
以及这个古老的第一个日不落帝国西班牙，他那黄金盛世200年期间所有的所有给大家就这两本，尤其这本舰队两个朋友占单时候，直接给大家踢单。因为这个价格无敌舰队真的很好看。但是这本书西班牙是因为后出的，我们是去年新出的一本。因为无敌舰队出的早一点，还有第十六本，所以很多朋友看过了。而且微信对的无论说是原文还是译文都超级燃。大家使用的都是两个，都是超级一棒的那再给大家再加十一本，我们就只剩一半了，好不好？再上十一本。对，再上十一本。来一号链接给大家加了十一本库存。朋友们刚才没有拍到的，直接去拍就可以。今天也是一半的库存直接给大家放出去了。今天是拍两本套装，然后给大家送两微瑕，到手四本，然后只需要不过百81.9块，直接闭眼去拍就可以。对，给大家赠了女王与苏丹，这本还是汉金草，赠了一本汉卿草，还赠了一本。就是因为我总是想到一提到西班牙，我总会想到吸血鬼，都会想到中世纪里的那种会吸血的那种女伯爵。所以我给大家赠一个什么才真正的恐怖，一本讲恐怖片的我们欢乐电影学院那本书。对，但是微瑕的这两本都是微瑕。好吧，两本都是微瑕。大家到手四本，四本。全精装的只要81.9块，只要81.9块，就是说论斤卖都不应该是这个样子的。有特装书，无敌舰队就是套装三号链接，三号就是无敌舰队，包括我们一会儿还有一点点的，当年已经没了我的围巾在被嘲，但是它是微瑕的。危机南北朝我们看到所有的特装书就是限量或者是限时征订，没了之后就是彻底没了。来来下一个又一个硬货，人数之间这个是赠一秒钟。上次拍完了，这次是捡漏漏，然后从大促从各种库房里捡了八本，八本。尽量一秒钟和人数，可能也是有新挖出来的，以及加上跑单的，所以现在大家所有的朋友不行，我先不说了，为啥？反正不要占单，因为啥库存主要是少，你占了一单你就让有的朋友拍不着。你比如说这种这个也是人数之间和1秒钟是吧？人事中间是好书。你比如说这本这套的这个约翰斯坦贝克，当然两本。如果说他们有个关联的就是他们的绘画，他们的插画都是由法国的绘本天后海贝卡去做的。这本的话是海贝卡，法国的绘本天后海贝卡和诺诺奖得主约翰斯坦贝克，诺贝尔文学奖得主约翰斯和斯坦贝克的这种跨时空跨界的合作。这本书封底是358，这个盒子超贵。我每次跟大家说，我再给大家复活一本书。然后那本书的话现在也是想给大家搞盒子，然后我就知道了有些盒子像这种盒子。这种盒子单个的成本我估计都得30左右,《西班牙与无敌舰队》
给大家平常我们这套书的话定价是358，平常应该是要开到140左右的是吧？是的，170。但是我们今天无暇好处直接给大家开到了大促价139.6块的同时给大家赠送，还给大家赠了一秒钟对吧？其实但是我们一共都只有多少本，一共只有八套送的，因为赠出一秒钟只有八套，先不多上，朋友们你们先放，先给大家放完来倒计时。3215号链接只有八套库存，昨天30套，朋友们没有抢到的快去抢，这八套库存只有八套多，一本都没有。对，有五号链接，直接去拍就可以。五号链接，这个是无暇好书的人数之间的这种绘本版。因为人数之间三套库存是约翰斯坦贝克的代表作，就是大家知道写愤怒的葡萄的约翰斯坦贝克，他去相当于就是约翰斯坦贝克和法国绘本天后的碰撞。这套是轮组之间相当于是一个收藏版本的。给大家赠了一个海贝卡的，另外一个就是巨巨著。海贝卡的话，老朋友知道我们有海贝卡三件套是吧？一秒钟人数时间以及我的没有了，五号链接没有了，没了。对，这书五个就只有八个套是吧？全给大家上了。是的，全上了。赠的这本海贝一秒钟就已经298，虽然说是微瑕，但这本微瑕单买也要八十多。好吧，小说将近200个链接，所以我们就加速的过，好吧，今天就加速的过。大家只要知道我们今天完全没有虚的，全是给大家直接一步到位的补贴比6 18还要各种疯狂，要很有两个占单，有脸看还要踢，所以你们就不要占这个单，好吧，一共就八个，我们没了就下掉。目前这个位数有危险的，买赠的一会儿就直接给大家去掉，因为这个库存真的不等人。来，接下来给大家过星级星钻，星星级星钻。这今天只有40套，还是分拨放好吧？十级星钻来给大家先上个15套，来秭归峡的星期一先转。大学生很开心是吗？可以来倒计时，321给大家上好了。是的，六号链接。朋友们，这是词中的豪放派，也是豪放派地的。你看我都不用说的，我跟你说的。苏东坡、辛弃疾，还有化妆师，再来给大家发个再发个。刚刚谁叫美食与闻名没了，谁占了这个单，不许占单，光光一秒钟还有一个朋友站单跟我朋友踢。今天你不仅大学生开心，大家小学生、中学生、大学生，包括已经老学生们，我们都很开心的一个。这次就是超级的疯狂大补贴来下一个不要多说。来咱们今天就是快过快快快，下一个下来七号链接格局大的世界史格局到了世界史，你们知道这书有多牛叉吗？这套这个套装这套装我们已经换了，我们店铺换了无数多个链接,《格局大的世界史》
但是每一次这个链接，就是说任何一次这个链接被封掉，我就一定要去重新做的一个链接，就是这个汉典藏所有世界史的一个合集，是吧？你说这上面这些书是干啥的呢？你说我不小心没了，这个叫什么？咱们先给大家说吧，这书这套书本身很很商品这么牛吗？有朋友问说基督，对，一下子把基督教室都暴露了，我就跟大叔说这书给大家做的有赠品，做了微瑕的基督教室。刚刚有朋友问我说基督驾驶是不是空价了？是的，而且空机子的教室应该是没有库存了，所以基本上都应该是原价218在售了。但是我们自己也没有库存了，所以我们只有点微瑕的。微瑕今天也给大家放在这儿了是吧？没错的，别一会儿说半天，然后在瞬间的只有25套，只有25套，一个都没有放对微瑕的。光这一个数你218去买你现在就要你去去去买二一，反正我们自己已经没有库存了，我们想上好处都没有，可能就是没有。而且它不加印，不是加印是不让加音，就是上面说不让加音，所以来来来先给大家看啊，我就说今天光这一个赠的这个基督教10，当然还赠了别的，就是已经就已经划算到爆炸了。这样，给大家报报一下好吧。对，整体定价是七百百多是吧？封底定价是819 9还说少了封顶定价，就这七本书是819。是的，封顶价就定价是819。你去线下书店买这八本书，如果你都要买到的话，819一个都不少。然后我们今天当然一会儿给大家看到，直接就是我们不补贴的这种大促价，大促价价格，我们就是不送书，顶格了这套书，而且这套书我们换了这个店铺，就是将近这这将近一这将近两年来这个链接换了无数次，但是每次都会给大家上的一套非常之好的一套世界史。是给大家把汉清堂所有的世界史里面，通史里面的精挑细选的给大家选了。这精选了七本，分别是，美利坚帝国，这是属于整个全球史中的美国现象。它是主要是说美国从全球史中去看美国的它是如何发展，从殖民起源开始一直到今天，整个这几百年间非常短暂。但是他们如何向其他的古老帝国走过的几几大几百年几千年的道路一样，都是走上了这种帝国的这个道路，这是属于美国帝国史的一个典籍之后今天的链接特别多，所以我不多说。以及刚刚说的那个棉花帝国，这是属于非常之牛的，非常之优秀的一本资本主义发展史这近500年的，包括海洋与文明。海洋与文明它是海洋、河流、湖泊对于人类已经着急了,《格局大的世界史》
海洋与文明怎么说呢？就是从海洋的视角下去说，世界通史是世界各个文明的对，已经着急了，我知道想放了是吧？包括这个12年的地球世界史，包括这本美食与文明，这也是一般的世界文明进行兴衰？他们有起有落，你可以分析的方法有很多，其中就有这个美食演变印新版本，大家想拿到都是新版本，新加印版本的那个BBC世界，就是BBC前政治也是写的BBC的纪录片一样的那种质感的。然后包括一个两个世界战争，过去两千多年来，整个就是这两个人类历史上两个大文明，基督教和伊斯兰教，就是这东西方两极之间的永远的冲突，史诗级的大战全都在这200年里面的这这四本这七本的封底定价是809，809，是的，809。线下书店买就是809这七本我们今天的话给大家直接开到了303的基础上，还给大家赠了啥呢？是赠了一本微瑕的这本身确实基督教使现在大家首先我们自己这儿已经确定就是没有库存了，好说完全零库存，他也不让加印，是上面不让加印，非常像0021样，突然间就没了的，对吧？基督教是218的，现在基本上都是卖到有库存的，都卖到218了。给大家赠了，光这本书，就是你们光拿到这个，今天相当于直接买了一本基督教室送了这七本，还有啥呢？还赠了一本名，还赠了一本版本龙一的这个关于音乐即自由坂本龙一的一本传记，这也是价值68。然后还给大家赠了一本汉天堂的天宇林凡，这本价值72，还有一本尼龙。朋友们就相当于今天大家光这几个赠书，你可能相当于今天就属于买了这几本赠书，我还是说给大家赠了这七本的主体的书。那这样，先给大家上11套好吧，你今天买七赠4，而且赠我们已经教的基督教。现在就是我们自己都只有微笑，我都没有说怎么着，就自己只有微瑕了，好爽啊。七号链接给大家先上11套，太少了，我先上九套，一共就只有20套。你这十一套完之后就不到一半了。七号链接给大家上好了，刷新去拍就可以。在七号链接对，大家到手的话是这样七本加这个基督教加坂本龙一的音乐祭司游，是一本精装的。就一套朋友们还有一本，这个天女林凡，还有天女林凡，还有迷龙，什么都不用多说，就这本基督教史就值了。我跟你说绝版，你等未来你就是他已经捐模版了，你就冲这个赠品，我跟你说你花三百多都值。来，不许沾干，没有了，不许詹套，不许占单，尤其是不允许占单的。我们一共这个基督教室就只有二十来本。你就今天这一套，这套书我已经顶格了，就二十来套,《格局大的世界史》
我们才刚开播，已经给大家放了九套，相当于一半确实基本上就已经放出去了，对吧？这个超值，懂的朋友当然就知道说这个是超值的。你看我现在朋友没有我已经三天没有洗头了，知道吗？但是这套就往这一放，我觉得我洗不洗头我就无所谓了，是吧？这已经不影响我的什么了，他的品味和格调就变，真的是我洗我洗头也影响不了我的格调。但是这几套书往这一放，我就觉得这种品质，就不需要用我洗头来证明了。来，这是已经给大家放了九套了，是目前还有一个朋友没有占单，有一个朋友占单是吧？这个钻石你花了二百多，真的，今天你到时候只要303。大家到手的话是这7加4。我刚才看有有每三个朋友一直说没有抢到，再给大家，再给大家再上个位数，好吧？因为只有二十多个，对，只剩五套了。五套，在五套。来3214号链接五套之后，我们就只剩大概六七套了。是的，只剩七套，只剩七套了。这是在我们的七号链接，七号链接。对对对，还剩7，而且也是中国史也有活动，而且中国史是昨天因为这有问题，我是吗？姐有问下了，中间被下掉了，我们放了一半库存，然后就下掉了。我们后来好多朋友没有拍照，完了之后我今天讲完链接，链接上面写着还有四套是你们自己下的，你们自己以为说就练习的太多，我们自己都会懵。我们上场就是说我们以为放完了，后来还说，怎么回事？没有了，就只有九套。然后后来下播之后，我自己发现我少了，就趁着忘放了，怎么找都找不着。我跟你说大家好，这套书已经没了是吧？没有了，只剩多少了。现在我给大家看一下，实时的11个，最后的11个。等一会儿，等下有朋友占了单。现在对，这套书的话是有赠的。光说就赠的这本基督教史就已经直接回本了，就回了大本了。而且就相当于基本上相当于漏出来一单赠书出来了赠书，给大家就是赠了这七本的好书，买了四本的。为啥赠了七本的好书？你就可以这么说，就真的就是属于买椟还珠的。但是哪个哪来这个没有了。接下来给大家过下一个人的局限性也是一个微瑕，我看这有多少库存，人的局限性一次性放，好像也很少是吧？而且这时候好像没有好处，好处没有库存了，就很无语。就是有很多很好的生活就认真的满意，披着我的天，为啥为啥啥是为啥？赛庙约翰塞缪尔约翰逊博士就是整个他的一个一就是他的所有的各种什么在各种报刊上发表的这种专栏的文章，然后包括他的诗歌，他的书信。你可以看到他的人性的善恶？他对于人的意义，包括文学、爱情，然后婚姻、理想社会、理论信仰等等多方面的讨论,《格局大的世界史》
毕竟他是发明英语大词典的这个人，这个约翰塞缪尔约翰逊博士封底是88的，无瑕好用好像就没了，我们只有危险。然后今天也就到时给大家失误玩一次好吧。三十全放满了，倒计时32一直接刷新去拍就可以。在八号链接，这链接已经没有了。不是，还有十五单，人数之间增1秒钟没有了，直接给大家下掉了。因为刚才那是漏出来一单。对，有朋友应该是占了单，然后可能自己退。所以呼吁大家，如果说你们三单，如果说你们就懂，对吧？大家都知道，你们就得表扬。刚刚自己退的那个人数之间刚有，但是已经被拍完了。这种大家真的不要去占单，尤其你占单的话，你千万不要付款。因为你不付款其实我们都还好说，就还可以统计。但是你付款之后，你比如说你再自己退，他不会自己往上，我们还得自己去数。所以就是大家互相的没了是吧？是的，来给大家说一下一百多号之后的那个微瑕都给大家开好了。前面标记三连的都是今天上微瑕，因为它没有写那个微瑕两个字，但我们的评论区已经给大家说了，都是微瑕。现在有一本追寻良知就直接闭眼拍，因为微瑕都是个位数库存，有很多没有样书，大家就喜欢哪本直接去拍，都是微瑕，都已经给大家看好。对，追寻良知，包括有人类群星闪耀时，是茨威格的这个三联这一版本的少，我们就都给大家往后放。是的，法拉米尔还有三单库存的朋友们直接闭眼去入就可以。来接下来我们来不要占单，不要影响我们的进度。大家互相咱们就说咱们都是一个直播间的朋友们，咱们就是有爱一点，咱们做一个有爱的直播间啊不要占别人单，你也不要占咱们的这个进度是吧？这是有一单吗？那漏了一单就一直有人退单，有人落单。这个八号链接，还有三个朋友在占单，这个链接先不给大家下。来下一个，有一个朋友占了单，你看因为这一个朋友没法下架这个链接，所以一个朋友你自己反思一下来下一个生物学的思维方式生物学的思维方式生物学的思维方式。第九版的无暇好书是吧？你都不知道我现在下面就是一片废墟，我现在在一片废墟里面去给大家捞我们的。要说同学的思维方式，在这儿找着了。来无暇好书是吧？但是要补贴，大家补贴了几本书是吧？三本我给你瞅一下，两本、三本、三本书，给大家补贴了三本书是吧？形态经济学究竟是什么？为什么伤心的时候听慢歌？有来，这个是生物学思维方式九次再版的经典之作。然后是整个你可以看到生命的起源，从生命的起源开始，让你一次领略普通生物学的奥秘,「废话」
里边有百上百张的这些全彩的这些模式图去给你比划，给你就是也展现这些生物过程，生物的这些重要的生物过程。优质铜版纸的全彩印刷，而且是已经九次的再版。里边的更多的是这本书，更厉害的是它是授人以鱼，不如它是授人以渔。渝三点水那个鱼的书，它不仅仅给大家有整个生物学的一个全科普，它还有怎么去养成生物学的这种思维方式，生物学的推理的一些能力。包括所有的学科可能都需要具备的演绎推理和演绎推理和归纳推理就给大家整个的话非常之牛的一套数学的思维方式，对吧？封顶定价是5 338的，我们正常这本书好书的话是要169左右。但是无暇好书精华补贴，就是我们今天所有的证书是完全都是在我们大促价格的基础上，直接给大家网上补贴的。直接还有一次，我们给大家直接给大家赠的啥呢？赠的是妈这究竟学究竟是什么是吗？是的，中了一本经济学究竟是什么？定价是一百多，经济学里边非常值，真的便宜的。然后大家这个一本再弄一本理解人体形态，就是巴黎高等美术学院，它实用素描解剖书。这本书在我们所有的这种什么素描类书，整个非常之好。大家如果说是想要了解人体的这种结构构造、骨骼肌肉，然后包括你要素描，包括你可能要去建模各种的这书非常之牛。这本也是价值78，还给大家送了一个为什么伤心的时候听慢歌，对吧？就是这本为什么伤心又听慢歌？就像这本书一样，也都是这种非常多的一些开创性的观点你集中在一起了。为什么上一首听歌。,《生物学的思维方式》
