﻿original,result
对，那种青苹果。对对对，又非常的酸，又带一点甜。但是现在我很难买到那种口感的苹果了，而且现在连青苹果的，我除非到专门的水果店去买，不然一般不卖精品。而且现在有些水果，我不知道是还有一种橘子，以前小时候有一种橘子，这个，以前又便宜又好吃，但现在买不着了，真的买不着了。现在有青苹果，我那天在手上也看到那个青苹果，我以前买过，口感真的跟以前完全不一样，不是那种口感，它有点像海绵的口感。我觉得现在有些水果就长得是跟差不多一样，它没味，不知道有没有味道，它酸也不酸甜也不甜，我也不知道为什么。对，而且以前还有一种橘子，那个橘子也很很神奇，它是一种绿色的，它是绿皮的，但是跟蜜桔长得很像，然后皮又特别薄，然后皮又特别薄，那个橘子真的好好吃，好像现在没有这个品种了，现在那个绿橘子吃起来是甜的。以前那绿子真的有种很神奇的口感，反正我也讲不上来了，可能都是记忆里面的味道。三国史介绍什么？三国史讲的是三国的正史，科瓦契契奇老师，然后他他就是那种在讲三国的正史，然后再逛一下纪念馆。最近半个月都不会出差，因为这里很书很多文选可以看看内容回复回来可以，我把这个三模式给大家看一下目录，给大家讲我的招聘文选行吗？老师们好吧？稍等，想要招聘文选，老师稍等我个一分钟。来，三国史三国史大家看一下，这本三国史的话写的是非常的结构非常清晰，详略得当。然后他觉得他是正史，所以史料选用的非常严谨，而且文笔非常的流畅。而且这本书他用了超过一半的篇幅设置了很多小专题。比如说三国的经济、民族、直观思想、文化科技等等，都在这里面进做出了精准简要的一个评析。然后这一本书里面的话是绝版多年，赵红重新再印的。然后这里面是三国的正史，并不是野史。张明多少钱？看一下小祝，好的，张明待会给大家开一下，稍等。来小注都小注都是一些影印的书，引用的书，引用的书，在这里看到没有？这个是三国史，一号链接拍下是三国史和李白史论。然后想让昭明文选的老师来给你看看昭明文选。张明文选，这是一个非常难得的三全本。张明文选是现在现存的极限词早的一部付诗文的一个选集，它保保存了非常保留了非常多周秦志齐良许多作家的作品。这里面是一个三权全本全注权益再加设，再加平息，再加平息。这个版本是从台湾那边引进的，是前年引进的。引进的版本三全本。然后给大家看一下它的原文的原文，原文的字号很大，注释非常详细，生僻字疑难杂症也非常的。都标全了的,三国史
来看这里，来这是吸金付，来大家看一下吸金赋，吸金赋这是原文，看一下原文字号非常大，吸金付。然后圆了之后，它排版的是什么？排版是注释，注释在这里。你看他有一个偏执，就是告诉你这一篇文章是讲什么的，重点是讲什么。有个简单的总结，然后是注释，注释非常详细。能找到洛神赋吗？我待会儿翻翻看，看一下它注释非常详细，这种生僻字音答复的，带注音带讲解的。然后注释完了之后，你看这注释有十来页，都翻不完。我天来后面这个地方，它就是译文了。看啊，这个地方就是译文了，译文，然后这里面。这里面就是平息，迷糊老师儒林外史，我们要出一个儒林外史的什么版点评版点评还是评我看一下。看一下，然后这一套书全5册16开大开本批评版我们要出个儒林外史的批评本，然后这一整套书定价三百多块钱，将近400。平时是卖199还是两百多，然后今天开的价格159，159块钱。我们一号链接给大家，上一下来321来昭明文选直接给到大家。价格的话是159舒展的最后一天的好价了。好朋友们，死海的微瑕还有五单，辞海微瑕应该还有五单。老师需要讲解的话，你就稍等一下，然后不需要讲解的话，给您开链接，你直接去拍，反正只有5单了。你们那是不是气温可以穿两件衣服？不是，老师气温非常高，40度。老师儒林外史今晚上有吗？没有那个点评版的，批评版的儒林外史还没入库，下应场了应该，但是还没有入库。待会儿我给你们一饱眼福，看一下六全本的论语的样书，帮我把六全本论语样书给我，给我准备一下。我都没在那个柜子里面，我都没看到在那个箱子里面，还是在蓝军那里。那就回去了，我以为他在加班。然后这个的话在你看一下是不是在蓝军那边，我找一下。这个的话在小黄车一号链接，拍的是159块钱，需要老师可以直接去拍。这套书真的很好，三全再加那个文学下单了好多体育学老师。然后他上白班他肯定要跑路了。然后这个的话是三全，字号非常大。论语现在薅养猫的能力越来越强了，挺好的。爆好看爆好，看来既然我们安迪胡老师来了，所以我今天给你上不了U内外史。但是我们这个招聘优选在一号，我们给大家对他也开始上白班了，现在每天晚上就只有我看我的中控小姐姐怎么手，这是谁的手？上了点灰，估计是我来给大家这又变了。对，芬姐欢迎来到直播间，我们先给我接下来给大家看一套样书。这个书今天是上不了链接的，给大家先预约，上不了链接给他预热一下。来吧，大家给大家看一下，大家知道我们六全本出了什么诗经，还出了古文观止,儒林外史
罗宇来了，找了很多店都没结果，再试一下我这里。这本书你查一下这本书是哪个出版社的。好，看我们有机会对接到好吗？621，621老师你可以先点个关注。接下来我给大家看一套，我们是还没有入库的书，但是我们已经收到样书了，是六全本的第三本书论语。要放BB简直不完很好看。啥是六全本全本全注、全译、全彩图、全音频、全赏析、全解析也可以。来首先我们来欣赏一下这套书，来看一下论语。能听应该吧？我大家看看，我还第一次拿这个样书，我给你们看到他的时间是一样的，前面两本是诗经和古文观止。看一下岳路，我觉得岳麓这两个字体好好看。看一下，先看一下这个，看一下侧书口做了烫金，这种深蓝的底蕴好看，颜值还是到位了，对不对？好，然后我们拆开看看里面是平天下，我跟大家讲一下，平天下也非常好看，里面是两次。看一下书的内页，是不是有点聊斋的味儿了？因为这好像是一个编辑出的，我不知道是不是，好像是也好像不是。刷边还没做，特刷还没出。我知道了，我问了编辑老师，三国志要做成什么样子？他说做成聊斋的样子，所以三国志出来应该是这种样子的，他的封面肯定也是一分为二的。等一下，我刚才在查去了，这个版本的招聘文选和其他版本比有什么优点吗？有，这个版本的招聘文选是三全的老师，而且它注释非常详细，而且带疑难杂志在拼音，而且它还加了赏析。对，就会出现一个套系，然后给它打开看看里面。这是能听的吗？这个摸起来好舒服，跟聊斋一样，这孔子太抽象了，真的。我感觉这本书有一点聊斋和和那个。唐朝人唐诗选本叫什么书来着？合约一年级的结合五本。快递有盒子吗？我不知道有没有盒子。上，你接受预售这不太好。那我没入库，我不知道什么时候入库。看一下，真的好看耶，大家看一下这个图好看吗？我跟你讲，我手机分辨率太差了，你们看了会有点泛白，我的书上完全不会简体字，简体字音量多少？这个我还是刚刚第一次碰到他，还没有任何。等我过两天卖的时候，我告诉你，过几天你上夜班，好看吧？我们接下来半个月推的都是社里的数，因为这里有很多新书上新好看。而且这个书的话不会太贵，因为它只有两本，没有之前的，没有之前的六全本，都是三本，会比之前两本要便宜。心动了，啥时候开麦什么时候开麦？老师预约一下我们直播间，要开麦我们可以点点关注。直播相机吗？申请了，然后领导在领导说他在努力中，怎么着我也不能再催了，就想知道能不能听你这个问题问到我了，因为这个事还没有做,论语
腰封，我记得以前那几本书的那个码是在腰封上面，这个书没有腰封，我也不知道他把那个码放在哪里了。还有函套吗？对，是不是在韩套函套上面也没有，有吗？我不知道能不能听见，我找一下，大家稍等。这书我也是第一次拿到，这是个样书，这是样书。对，应该是个样书，因为还没入库。那这个肯定是样书。那可能是不是也要盖岳麓首发的章子？我天哪，哇哦这个公开岳麓首发的章子老师，你真的完全都不不心疼一下我们的吗？也有可能我这个是样书，所以我不知道我不知道，我不知道。所以这个书具体能不能听音频，要等我过两天，是实际的样数到了，我再去看看，然后去做一下资料好不好？体验一次就是盖章未知如虎了。有一点几十克的纸，价钱大概几十块钱，不会超过100的。这个纸张挺厚的，几十块钱。这纸张挺厚的，大家回家可以去摸摸看，这个纸张还是挺厚的。这个版本就可以撸一套，这个书真的很好看。然后看一下下册，有没有音频现在不能确定。我记得以前是印在那个上面的70克，真的我这个是我这个是我你们头一次看见他，我也是头一次看到他这个书的定价168。论语现在还没有入库，过几天下周直播间开卖，下周直播间开卖字号多大字号？跟之前上两本36全本的字号一样大，跟上两本的上两本六全的字号一样大。不知道大家有没有买过六全的湿巾和6全的古文观止跟那个字号是一样大的，排版也是一样的。你觉得唐诗三百首还没有下，正准备下一场首发，有没有优惠什么之类的，大家能期待一下，等一下。上两本字号是多大字号，我真回答不上来。因为我记得我有一次把大家如果老粉应该知道，我都把我们编辑拉到直播间来了。然后有人在直播问编辑老师说字号是多大的，编辑老师的回答不上来。所以我回答不上来的话，应该也不算一个很大的错误。首发双张，你们太过分了，首发双张好害怕，我改不过来，我先看一下到时候他的机制是什么。你之前已经买了辞海，这次推荐同事来买。谢谢五星之星老师。对，编辑当时被我们留下来直播间了，他都回答不上来什么。这应该是六权的，全本全注权益、全彩图、全导读去。我不知道有没有音频，我先不敢乱宣传了，我没有翻到它，我不知道有没有音频，然后音频待定。朋友们，现在样书没到手，我们具体不太清楚。黄帝内经今天没有黄帝内经，我不知道有没有音频，因为我不去，因为我已经问了问了我们领导了，领导说这个书还没有入库，但是没有入库，我们这里居然有一本书，所以我有有理由怀疑它应该是一套样书，全就是更丰富更详细,论语
对对对，是的，就是完整，全就是完整的。所以我有理由怀疑它是一套样书，并不是我们实际收到书。可能会有一点点差差距，差差差距。因为我记得每次我们这边拿到样书，一定是要入库了，我们才能拿得到样书的。但是这次还没有入库，我们就能看到样书。所以我觉得这应该是编辑老师打样的书，打样的书差不多长这样。想要这个书的预约直播间点好关注，大概下周就能上了。应该而且正好聊到自己设立的书了，就是跟大家讲一下接下来我们这里有什么书。对，这个书还没有上架，还没有入库，应该在下周首发，下周首发大家可以锁定直播间，直播间肯定会有特别机制的，可以，肯定有特别机制的对，对，但大差不差了。左攻是繁体竖排吗？不是，我们接下来一个是这个六全的论语，论语还会有个六全的唐诗三百首。然后是全新逸吗？还是从旧本内容翻新的？等到时候我给他卖的时候，给大家介绍，好不好？因为我现在没做功课，我这个书也是刚刚拿到手，我都没翻看过里面的。然后一个是六全本的论语，六全本的唐诗三百首，然后还有周璐冯老师的平天下，讲曾国藩的宋词三百首会做吗？我觉得唐诗300首作的宋词300首应该不会太远，也许这是我的猜测。然后还有三全的三国志，然后还有批评本的儒林外史，批评本的聊斋志异，然后还有谁不说儒林外史，聊斋我刚算的有七本书，我这还多算了一本书都没有我还我不知道把什么书落下了，忘记了。然后左左传也正在做的，但是左传会比三国志左传会比三国志要晚很久才出，因为左传还在审稿子。三国志的话估计三国志肯定还没有下映场，但是已经到收尾阶段了。三国实验来了，三全的三国志大概八月底，保守1.8月底，因为他还没有下硬场，好像三国志本来应该是这个月底就能卖了，好像是因为审稿的时候出了一点什么问题，然后最后又重新拿去校对去了。战国策我们不知道，能中个奖不期待一下，参与一下。然后这个张明优选一号链接，再加点库存。他们在这里抽奖，这里有个福袋，昭明文选是三全本，然后加赏析。来昭明文选给大家上车了，三全的汉书和那个没有三全汉书，后汉书没出，三国志也没出。对，最近长沙40度老师特别热。这个昭明文选是今天的好价了，过节就是1199了，没有159这个价格了。然后还有就是辞海，帮我们再拿了一下辞海，还有几单？四单还是五单？看一下死海还有四单。来吧，我们把这死海四单卖了，死海的微瑕，还有最后四单来。我觉你我觉得你可以立在这，真的吗？就那么刚好来，主要是他软，每天热火朝天都去了,论语
对，特别热。我跟大家讲真的很热。我觉得我这几天大家去凉快一点的地方旅游，比如说什么内蒙古、新疆、西藏、云南、贵州，对不对？去歇凉快的地方旅游。这两天大雨，还都想去海边吧来了吃菌子。对，云南我觉得云南现在旅游，这我觉得云南其实一年四季都适合旅游，这真的温度都大差不差？无本辞海就是一个大幅的高度，真的假的？这词还多高？我怎么着也得有六个词还高。我给你比一下，不用了，谢谢您。来讲下辞海，辞海是什么？是一个家家户户都必备的一本工具书，家家户户都必备一个。其实我才一米3，你信不信？读史悟道这个没有，辞海是一本，然后是皮面的一个纪念版。纪念版三个字，这里面有个纪念的章子。辞海的话是应该是当年教员下令让大家一起做的。所以为了出辞海，然后特意成立一家出版社，是出了一家出版社，然后叫上海自书出版社。然后这个辞海是个刷边的平面版本，这封面脏了，你擦擦都没问题。这个词海的微瑕就是封面会有脏污，会有折痕。然后这个刷边的，你看像我这一本就会有很多划痕，可能现在你们看的不明显些，还有很多划痕。但书的里面，但是书的里面是完全不影响的，书的里面是完全不影响的。然后这个辞海的话定价是980块钱，然后辞海的话是昭明文选是五本，辞海是一本。然后辞海是个缩印本，辞海是字典加词典加百科全书，字典加词典加百科全书，所以家家户户都需要。而且你有时候会去查度娘，度娘有点东有一些东西不仅能查得到，而且对于度娘来说有一些东西是错误的，有些东西是错误的，是人为编撰的。然后这个辞海定价980，我们之前新书是卖399，对不对？对的，我们今天微瑕卖的是1999，非常划算，卖的是199。而且199你不仅能拿走一本3400多页的工具书，大本点子，然后还有一个这个码，这个码你拿回家去扫，你知道吗？199不仅有这本书，你还有两年网上死海的会员，就相当于你199买了两年的再加一本这个书。没货，有货，这个书的话只有四单了，这个微瑕就没有了。来一号链接直接给他开。来3321，来辞海的微瑕给他上了，他最后四单库存。对，最后自然库存他给我的库存就卖完了。至于明天如果大家想要到底还有没有呢？我明天去问一下他们，他们发完货还有没有微瑕的？有微瑕我还会接着再推的，没有微瑕的话就算了吧。强烈推荐大家去买，因为你不知道为啥有多香，为啥是真的香这个词，为啥是真的香？想买的朋友可以直接去买，拍下的话咱48小时内就发走了,辞海
但是这是微瑕，所以大家要不要，不介意品相可以去买。但是对于工具来说，工具书来说，你本来就是一个损耗品，你本来就是翻来翻去去查阅字典的。所以其实我觉得就是外面有点磕碰，有些那啥反而不心疼了，对不对？就是你见过很便宜的了是吧？就没有见过比这个还便宜的了，是不是？对，这个词还很大。16开的大开本是最后两单了，一最后一单了，最后一单。拍到的朋友跟大家说一下，这个是微瑕。对，这个是微瑕，喜欢的能够接受的朋友再去拍一号链接，最后一单库存。学生必须的工具书里面就有辞海，辞海没有卖完了。好，今晚上剩余的四海为啥就售罄了？如果没有拍到4海为啥，那就点关注，看我明天后天开播有没有，有的话再来买，没有的话大家就只能买新书了，399的了。然后没付款的朋友可以抓紧啊不要占单了。这个价格我跟你讲非常抗打，哪里都比不过包厢，真的很香，很多朋友我建议卖这个，他们都来说了399。对，有点重的，这个有有重量。朋友们不是轻飘飘的一本书，不是轻飘飘的一本书，3400多页。好好，对，3400多页，而且里面还带图的缩印本，里面是缩印本，带图的内容是完全全的。哪里都比不过，就是哪里的价格都比不过这里。没错的是吧？对的，这个价格真的极限词便宜嘎嘎好，所以占单的朋友尽快付款了。今天就没有了，我们也不去找老师了，还有几位别找了，我叫老师，估计也睡了，他们今晚开播了吗？你看看要没开播就问问，开播的话就不要。如果他们没开播的话，就不要去打扰他们，他们要开播的话就问问他们没开播随时还在这开播。你好吧，那算了，这个微瑕今天的微瑕就卖完了，现在没了。今天微侠没有了，今天这个微瑕就没有了。对，如果你还想要这微瑕，但是没有拍到的话，你点关注。我明天白天等他发完货，我去问他们还有没有了，有的话就在哪里来卖，没有的话就，到此为止了，来谈总。文选是去年那套吗？对的，那套三全本的文选，全本全注全译全5册的文选，全5册的文学。看词汇之后你把物理过了。天哪，要不是你的真实经历，我都不敢相信老师看词还把物理看过了，大家敢相信。来这个也是舒展的价格，因为我之前肯定是199，不然也得200以上。然后今天这个舒展价格做到159全5册，也就是30块钱，三十多块，30块钱，多一本30块钱一本，然后包邮发里面是三全本全本、全注全译，而且还加那个。赏析对，还加赏析对吧？他讲他看辞海，我过了物理，我都觉得阿妹姐不可思议,辞海
在一号链接，赵明文选159，我们之前应该都是卖199的。咱们今天的话是舒展的最后一天，好假了，朋友们可以冲一冲。番茄不能用了。不可以用券了号牌吗？番茄不能用了，宝子你岳麓福袋无缘，怎么会又来一个了？朋友们参与福袋之后，不要离开直播间，不要离开直播间，离开直播间就没了。朋友们您可以看一下，您参与福袋之后，下面会有一行小小的字儿，就是参与请勿离开直播间，否则什么什么失效。朋友们哪个哪个哪个金庸的那个金庸的武侠世界那个书。记录武侠世界，我不知道有没有，你得去看一看。静音的无显示器。那个书你查一下erp还有没有瓶装的新书了。金庸的，大家怎么都没中过别种十几次菠菜，都我们拿个例子来说倒影吗？波塞冬你每天都来直播间，每天都互动，他已经中过十几次了，中到他已经不想再理了。虽然这很凡尔赛，但是这就是事实。他的数说什么我看一下，商品文学不是岳麓出版社的。可不可以参与完之后再逛？那那好像不行，他都懒看，明显雨后也是种的太多了，他都懒得点了。所以说这两个书友都是我们直播间的重度互动者。来来来来迟了次还没了。对，辞海没有了。那个老师应该睡了，也不好再打扰人家。十点了，要不好加库什么，我想问一下，不好意思，我听到你们了，实不接得住。幻书，我直播间只是上的是一个系列的书。但是每次大家看书名这个系列的书，我山海经、颜氏家训、大学中庸，然后还有什么周易，然后还有什么这系列的，就有一些已经发的，已经仓库没货了，所以就给大家换了一本书。这个系列你是看封面一样，我就换了起码78种了。大家每次不要只看封面，要看字。我想问一下，多少想要拍死海归侠的？有我现在直播间有多少朋友想拍茨海？为啥没有库存？没有拍着的，大家能不能跟我互动一下，能不能跟我互动一下，让我看一下有多少个，就一个老师是吗？好，就一个老师多的话，我们就去打扰一下老师，看睡了没有？新课阅读我觉得你明天你你我明天开播，后天开播，你明天或后天来，我觉得他们那为啥我觉得再有个二十多单应该是没有问题的。我觉得他们发这批货之后，下次好不好？你明天去问一下那个库存的问题。好，主要是现在十点了，如果现在是八点钟，我肯定会去问他。好，然后这个话来张明明选也是一套错过之后要变199的价格。商品优选每次只有特定的时候才会有51159的这个价格。所以大家喜欢的话可以到小红书的一个一号链接去拍。然后包括像今天的。那上面这个,废话
上一本还没有拆封的书，来，这个人躺不下来，拿上本白先勇老师的书吧。好久没播红狼，对不对？但是还是可以给大家上一本白先勇老师的书。给大家上一本书，由如此吧。湖南文艺出版社的。刚上本这个树有如此，这书挺好的，是吧？看过，有没有台北人，台北人你等等等。这周日孔网有，来这本书的话是他的长篇小说，树游如此是白胜勇老师的一个长篇小说。然后这本书是纪念他的网友王国祥军的，对他以台北人闻名，然后这本书的话我们给他上一下硬壳，精装的到手的话是多少钱？看一下，到手31块钱，到手31块钱，到手31块钱就给大家上一下来一号链接给大家上了。这个我看一下31号。这本这是湖南文艺出版的硬核精装，这是他的一个长篇小说，对，叫树由如此。然后是一个普通书。如果大家平时想换换口味的，看看小说的那种，早雪对，早雪是月路的，是岳麓一个品牌合作公司。早起就在我们隔壁。你知道早早雪的办公场所就在这儿扫雪，是岳麓书社跟汪涵还是跟杨乐乐合作的一家。然后早雪的话，像大家买的那个帮我拿下女主临朝呗。看早雪的话，我们都变成你看早雪出品，我们都有个熟悉，这两本书都是早雪的。出差回来了。对的，出差回来了。这不两口子吗？对对对，是的，但是我不记得是跟谁来着了，我忘记了，往群里说一下。我们已经出差回来了，周三这周三我们待会发个福袋告诉大家。周三唐浩明老师签名专场好吗？好，马上就改。大家想要唐慧明老师签名证书的，周三来，唐慧明老师签名真的很难得，非常难得，无比难得，因为他真的很难签了。明天明天卖什么？我到现在都不知道，我也不知道明天卖什么，明天最重要的一个事情就是给大家调货。对，很有可能我明天会不开播。虽然我的领导没说，但是我是有一定的可能不开播的，因为为什么呢？爆棚山新书水浒系列，爆棚山新书手应该还有个朱泽雄三新批三国演义是两本书，一个是爆棚山新说水浒和一个周子雄新品三国演义。为什么我明天有几率我不开播呢？是因为如果说我们确定周三要做，我们明天要去仓库调书。还有一个就是跟大家讲了，曾国藩不怎么发了，又就是唐浩明老师身体不好，然后我们就算卖他签名也得预售个15天以上，他得签的特别慢，一天只能签一点点。就有一个什么问题呢？我们要给大家去盖章，然后呃就是可能会导致有一些书就签不上名。因为我明天我们学了有几个品种的书，不是美，可能有些书就只能退而求其次去做唐浩明老师的钤印版了,树犹如此
那这个印由来谁谁来盖呢？所以说如果我们确定要做，明天先调货，调货如果快的话，可能明天下午就是在哭哭的盖章。因为盖章本来唐浩明老师他自己签名就非常慢了，对吧？你还让人家给你亲自盖的钱，因为没有必要了，对不对？我们得把这个前期准备工作拆书，拆书然后的盖印。对，因为他的签名就是比较难签，所以他不是每本书都会做签名的，不会不是每本书都做签名的。所以我们得把那个框框给盖上，对不对？对，周三号，也就是月底七月底，周三后天。然后刚刚说那个服饰计划签多少本，我是这样想的。盖开播拆除盖章，我是这样想的，我觉得应该也因为唐浩明老师的书比较贵。你们放三天叫做什么？因为唐浩明老师的书的比较规范，他出的是大书什么曾国藩全集、曾国藩手稿本，曾国藩现状，然后政府还批评什么什么现状，对吧？火把节你能放三天下，火把节有公休吗？他主要书比较贵，所以我觉得应该买的人不会特别多。所以我们就而且有些书已经没有货了。就比如说我想签那个典藏版的硬壳精装的那个，但那个就好像仓库就20套，而且还不知道ERP显示上面是20套，但是还不知道仓库到底有没有20套新书。所以还会存在一个问题，比如说我还想想比如说像18家实操和经史百家杂钞这两本书是不是还可以，对不对？然后如果唐浩明老师真的难签了，我们做一个钤印版也不错，对不对？但是我结果一去查金石百家杂杂边没货了，仓库没没库存了，然后18家市场好像也就几十套都不多了。所以像这种的话，我可能就只能给他盖个印了，因为唐红老师也签不了多少，所以说说就所以说就是凭运气，那一天周三那天就对，所以周三那天只能说大家来的早，你就早拍，来的晚了没有就没办法了。是不是我们去卡大单没货，仓库没货了，没加印。火把节原来有公休，我只记得我小时候我一印象很深，是去楚雄过火把节。然后楚雄过火把节，那个地方在哪里我就忘记了，我只记得它是柏油马路，有个长长的长的下坡路，超长下坡。然后那个地方摆好多摊子，是晚上附近好像有个广场，然后一群人拉着手在那里跳，没感受过了。感受一下，明天请个假去玩。而且我感觉云南在少数民族待的地方，你会感觉生活过得慢，相对于舒服。来云南播吧，出差要成本，嗯，根本打不住。你70天才休了三天，老师什么工作这么拼？谢谢大家点关注啊。谢谢大家点关注嗯。周三，唐浩明老师签名转正。再来发个福袋。园林景观的书有没有？有，我们这还真没卖，真卖过,废话
但是我今天可能上不了链接，那个书我给你找一下，那本书是湖南美术，有一本讲园林景观特别好的书。老师你三周周末无双休了，无双休那没关系，你至少休了，对不对？你找一下，湖南美术出版社，有一本叫园林什么那啥，原本园林书写的特别好，你看有没有链接？陈文涛认识不认识？那不我们BNG老师吗？我们是卖的好多书都他做的。两天都不休，为什么？那你肯定赚大钱去了。岳麓书社最近除了论语还有其他别的新书吗？有论语，有儒林外史，有批评本的儒林外史，批评本的聊斋志异，有平天下，然后还有三国志，然后还有论语。论语说过了之前能罗列出七八本书，我现在只有五本，我先看的就只有五本论语，今天下儒林外史。陈文涛师弟打折吗？天哪，你直接来市里找陈文韬老师，给你签一个他出的书，直接去他，你你不你我跟你讲，如果你是陈老师，你直接去陈文来来岳麓叔叔找陈文腾老师，去他的办公室，他在办公室。天哪，好处是真多，三国志还没有下一场快了。园林有劲是这本书吗？对对对，园林有劲我找一下，稍等看一下。园林景观的有本书叫园林有劲，那本书写的非常好。我之前带过做湖南美术专长出来带过，写的非常不错。我们看有没有链接给老师上来看看。真的，你一定要去他的办公室，他办公室好处很多。有时候我们可能去外面对接什么书，我们可能发快递太慢了，我们都是直接去他的办公室。好的，杨书挂链接。你要陈文涛老师的书，陈文涛老师的书那就挺多。陈文涛老师的书，我记得这个古文观止是陈文韬老师出的。园林那边园林的我要找一下，不知道有没有链接，我记得这套书好像是他们出的。你今年休息比上班还忙，等于没休息。对他做了很多颜值很高的书，怎么回事？怎么大家最近都加班，是不好起来了，工作根本忙忙不完。园林那本书叫什么？叫园林有劲。园林有劲，这个不？这个对我好奇你是干什么的？我感觉每可以，园林有近。对，有了，我给它放到一号链接了。那个书这本书很好，它的作者我给他看一下。好久没上班了，躺平挺好的。陈先生，你不是你不会是个带编带编的工作吧？因为我每天上班，我看到湘江边上都设了汛期的观察哨点，每天各各大社区的人都有人在那轮番啥园林有好的，感谢老师支持。这本书是陈从周老师的书，这本书在办上能够达到9点0分。陈从周老师他是一代园林艺术宗师，包括我记得那本书，我当时看过样书，它里面有园林的一些，既告诉你就是给你讲园林，还带你去游园。比如说住著名的中国名媛，什么沧浪亭等等，这些全部都。,园林有劲
