﻿original,result
你要去买礼包，回头合适。说句实话，这书比台北人好卖。对，就会比台北人用的很。你们直接挂个80块钱，90块钱，回头就是因为除了我卖，不会有人卖，然后你们给他去这样一个挂个什么99块钱给包括有你们转手挣个一二十块钱都是很正常的事情。对我给您看三国冷知识。然后这个的话还有两本，还有一本库存，好吧，还有一本库存。然后大家就自己抓紧时间去看一下。在等三国冷知识的那个朋友可以在在给在直播间看一下，给您去这样的一个看一下。这个是三国冷知识的目录，它里面其实主打的就是一个有趣有料、有深度。比方他跟你去说曹操其实是特务的一个鼻祖，刘备其实是死于拉肚子，他都是这一系列的一个精炼的一个小短片。对，然后告诉你什么张飞是三国最隐秘的豪门，董卓擅处擅擅行废立是有原因的。三国其实不单纯是魏蜀吴，它是几百条这种短小精悍的这样的一个小的一个短片。然后里面整一篇的一个文章基本上也都是两页到3页。我们现在是你五，然后基本上都是两页的这样的一个三页就是大标题。然后简短的这样的文字，把它这样的一个大标题当中所给你想要去讲述的关于三国的一系列的知识，就不是冷知识。只不过是跟有一些会那种有悖于我们日常所去看的三国演义以及电视剧当中其他的这样的一个点。是的，然后就是这样的一个情况。然后都是这样一个大标题，外加这样的一个短短篇。所以说孩子读是真的是没有问题的，而且会让孩子去了解到更多关于三国当中的一个简短的这样的一个小的一个点，会比他直接去读三国演义会更加的一个有趣。而且看似所谓是这样的一个冷门去量，但其实后面写的还是一系列三国当中热门的这样的一个知识点。然后通过这一系列小的一个对再去了解三国当中有关于忠义，有关于这一系列的这样的一个点。没有去买到的朋友们，39号链接就自己去拍这书之前在当当的时候，一场直播能卖几百本。因为真的很好读，很多家都是给孩子去选择。因为想着是反正轻松的小书更加容易能够让大家读得进去。这本书的话不光是学生可以去看，对于很多可能没有去认真了解过三国这个故事的朋友们来讲，成年人也是可以去看的。对他就是每一个每一篇都是很短小精悍，然后能让大家去了解到一个真实的在三国当中，就是你去读三国小说当中一系列你可能都不会去注意到，然后去看不到的这一系列这样的一个点。是的，过600年还有朋友们再坚持一会儿，最后20本好吧，最后20本稍微等一下，不要着急。我们直播最后还有大概半个小时的时间就要结束了,《三国冷知识》
然后会把公共600年，会把周作人传全部跟大家去放掉最后的库存。然后这也是大家应该是近期来讲，为数不多能够去以低的价格，以单本的价格买到这两个稀缺签名的机会。所以大家放心一点，然后再跟大家去说一个什么咱们便宜的签名，你们一定要去买我的金庸最后的七本。哦哦哦那没有漆，这七本上七本，朋友们今天的七本好吧，最后这波最后七本，然后你们先把这七本买走了，然后让老师再去补库存。对的们，我们张建斌不是张张张建志老师朋友们，朋友们已经缺氧缺到，就是这个词儿已经说不明白了。这个书大家可以去搜索一下，之前在孔网。因为这本书的话是目前仅有一本在金庸先生诞辰100周年的时候，给他去做的一个关于他的一个人物传记。而且当时的话这个书在别的地方卖，全部都是78块钱、88块钱的一个价格给到的。今天华文老师因为济南书展给大家去做了一个特价，52.8块发的我们的一个签名本，跟普通本持平的价格，而且跟大家去有这本书是在今年嘉印新版的一个手。朋友们今年嘉印新版的这样一个时候，给到大家做的是一个逻辑所限的这样的一个开本商品的装，方便大家是可以开瓶来开去进行一个阅读的。是的，是今年纪念金庸先生诞辰110周年之际，朋友们诞辰110周年之际的一个非常好的这样的一个纪念的一个版本。是的，而且老师的一个亲笔签名，外加前一给到大家做到的基本上是跟普通本一样的一个价格。对，然后我们了解金庸先生，读金庸先生的一个作品，也要去追溯他的一个人生。然后这个数的话是按照他的一个成长时间线，朋友们是按照他的一个成长时间线，给我们去做了详细的这样的一个描述，详细的这样的一个解读，相当好的这样的一个书。朋友们所以说大家对包括说想要我建议你们买这本书，可以给孩子去留一本。是的，因为现在五侠这个东西仿佛已经变成了我们上一代人的这样的一个回忆。他们的武侠逐渐走向没落。对，武侠已经逐渐走向没落，变成了上一代人的这样的一个回忆。但其实还是有非常多孩子以及家长想要去通过这样的一个武器系列的一个武侠小说带孩子，以及让咱们的一个孩子去了解到更多关于狭义，关于一系列的这样的一个点。所以说这本书朋友们你们想一下装修多好，这边还会有一个印的一个感觉。然后这边的话做的是张建志老师的一个亲笔签名，外加钤印了解金庸先生，纪念金庸先生一诞辰100周年，一本特别好的这样一个书。而且你们要知道张建斌老师，他跟金庸老师特别一个有缘渊源的。讲半天没给你们去讲渊源,《金庸传》
他曾经是在金庸先生在世的一个时候，陪着金庸先生一起去回乡，一起的话是为鹿鼎记去寻根。他是和金庸先生有着非常紧密的一系列的这样一个同吃同住的这样的一个关系的。是的，好吧。所以说各位感兴趣彭的话，就自己抓紧时间去拍一拍。然后难得一见的金庸先生身边人，金庸先生非常好的这样的一个友人去写的一篇关于他的一个回忆录。有人当有人眼中的一个他究竟是什么样的，然后整个的一个他的一个人生就是什么样的。然后透过武侠，透过他的一个作品，回归到他自己的这样一个本身相当优秀的一个书。最后日本库存放在六号链接，六号链接，六本库存。感兴趣的朋友没有去拍的自己去拍一下。52.8块的这个价格是今天特意为这个舒展去做的一个破价。回头我们回到北京是不会再有这个价格的，就剩下那一百本的库存，就要跟大家去做78一个价格，就是价格真的很高。今年还相当于给大家把这个新的版本升级了装帧，大家阅读也会体验感非常的好。对，没有去买到的六号链接就不要再犹豫了。最后六本库存，然后大家选四本，最后四本，最后四本卖完就没有了，你们去搜一搜吧，而且包括你们可以去问一问，因为这书之前在国网卖过，对，胡同老师那儿也卖过全部。因为这就是因为你们想今年刚刚过去的香港书展，书展上面不是也有一套金庸先生那个大大的一个套系，也贼贵，天地的什么的那些都贼贵。非常，因为他的确整个的一个文学地位摆在这里。然后每年到了这种诞辰的一个纪念节点，一定会出相关类型的一个书籍。这本书就是属于110周年的一个非常好的一个纪念书，而且今天给到大家又很优秀的一个价格太便宜了，朋友们，所以说没有去拍的朋友们自己去拍一下好吧？对的，然后自己去进行这样的一个选购，自己去进行这样付款。谁还在等一号链接和二号链接？朋友们来吧，再等一号，再等二号的朋友们集合了，在等一号链接，二号链接的朋友们集合一波，好吧。是的，我们在稍微还有点人搭理我的一个时候，就多给你们去加一点。对，就加上想买的就赶紧自己去买，买买买完就结束了。因为反正这书的话一共就只有这么多。明天你们也会看到严老师自己直播，严老师自己直播，他也没有签名本可以给到大家。对，严老师自己播，然后公共600年他给你讲故事本的对吧？他不能给你签名本，没有签名本，他是没有这样一个签名本的。先把600年给大家去加上库存，朋友们就是刷边，然后亲签看一下，给大家刷边亲签便宜精装编号藏书票好吧？对，为轻型纸，是轻型纸,《金庸传》
朋友们建议这套书是轻型纸的，朋友们不要去拍，好不好？对的，建议这套舒适轻型纸的朋友不要去拍。但是我不是为了卖书而去忽悠你们。再跟大家说星星纸的，星星纸中间还是有不同的，好吧，星星纸跟星星纸中间还是有这样一个不同的。然后这个星形纸会跟咱们买的那个校园字数是比较像的。你们可以看一下你们手上的胶原，它只是有味儿，然后只是轻，但是它没有发胀，并且黄偏黄掉色的这样的一个情况没有好吧？真的是没有的。然后我们先把库存跟大家去补上来，来朋友们准备好倒计时五个数，543211号链接库存给大家去加上了小黄车自己去刷新。一共因为这个数的话，一共它就只剩下了一。百20本的一个数量，然后别的地方都是没有的，全部在咱们手里面对，而且签的是毛笔的一个签名。我个人是这样一个觉得的，很多东西咱们是丰俭由人。然后这套书的话，谁还没有个普通的这样的一个什么版本的版本了？所以说留这本，甚至我都建议你们拆开之后，直接再给它封起来就行了。找个塑料袋给它套起来就做留存。朋友们，对，就不用再去这样的一个再给它去这样的一个打开了。你要看的话回头买一个普通本对吧？恨不得在微瑕里面去挑拨个普通本去读一读就没有任何问题。这个书主要就是纪念。对，可以了，就是为了这样的一个签名。为主要是为了签名，都不是为了刷边花边出现也非常的这样的一个泛滥，好吧？对，就是你想一下那边有还有一个之前有个带盒子的一个版本，对吧？是有一个带盒的版本，然后咱有一个带那个什么，还有个在里面刷金的版本。对，然后刷的各种各样的一个版本。没事，朋友友们再坚持个15分钟，五分钟好吧，再坚持快了很快了，很快这个都拍到了。好朋友们，应该都拍到了，应该都拍到要说，对，没拍到，是我们二号链接，还剩十几个。15本12号链接今天的最后15本好吧？对的，二号链接今天的第一号又开文文啥情况，我只能再给大家放五个一号好吧？一号链接最后只能放五套，要留留留货损好吧，要留货损。因为你们之前你们像那个小迪，咱们都是买过华为老师，他们发货的确容易出问题。所以说宁愿今天少卖点，也要稳着先买到的这样的一个朋友。是的，也要稳到先买到的这样的一个。来，朋友们准备好倒计时五个数，54321 159，就是这个刷边精装版本的一个封底价格。今天给到大家发的是阎崇年老师的毛笔新签。对，刷边加藏书票加限量编号的。所以就今天不会跟大家去把所有的库存都放完，会留着,「废话」
直到你们收到书之后确认大家手里面的书都没有问题。然后剩下的一些退款之类的才会再跟大家去释放出来，一定会优先保障今天在直播间下单的所有朋友们，感谢大家的支持。还有两套库存，今天600年就结束了。这是主要是它这是最大的bug以及被诟病的这样的一个点的话，就是他用了轻型纸，但这个东西他没办法，好吧，就是他这个东西他没有办法，他就已经做出来了这样的一个情况。而且最近严老师他应该活动也非常的多，大家也可以去留意一下。签名本是只有咱们直播间有，严老师自己也不会跟大家去带的。朋友们，对，严老师自己也没有这样的一个签名本的。我给大家寄了两套出来，他有两套库存，然后一直在犹犹豫豫。包括说还是那句话，600年这个书，我光讲都恨不得讲了两年。在我这儿卖出去的600年至少都得有几千套了。然后各种各样的一个版本，大家也都很多，但是这个刷边版本的确是第一次刷，当然中间有不完美，他用了这样的轻形式，但是我自己也就买单了一套。因为600年这本书的确是太经典了，好吧，的确是这样的一个太经典了，的确是这样的一个太经典了。一号链接没有了你去付款，一号链接已经没有了，然后去付款。它的确很经典，然后这个书就是你只能去思考一下，它是轻型纸，你要不要拍？能接受就去这样的一个去拍，好吧，能接受就这样的一个去拍，所以说我们一号链接没有去付款的朋友，自己抓紧时间去试这样的一个付款。快去吧，朋友们，然后二号链接，朋友们来二号链接最后15本库存先给他加八个。来吧，二号链接先给大家去加八个，朋友们二号链接先给大家加八个。这个这是没得可说，你们想买就信得过我就买你就囤就行了，好吧？是的，你信得过我，你就买你就这样的一个臀就行。来，朋友们准备好倒计时五个数，54321金钱二号链接库存已经给大家去补上了，当然是金钱了，你在想什么呢？对，再给你看一眼图，再给大家去看一下。对，一号链接、二号链接全部都是我们那个老师的。一号链接是我们严中年老师的一个亲戚，但是现在已经没有了。对，这是一号链接的一个亲戚。对，然后二号链接的话是我们的浅田老师是在这个济南书展上一个礼拜刚刚去请到老师，去老师家里面跟大家去签了一批周作人转。而且这也是目前为止大家能够去买到的单本周作人传最后的机会。以后想要去买这个书，全部都是礼包，朋友们全部都是礼包,《周作人传》
这个书至少外面现在是170块钱起步好吧？是的，直播间给到大家是封顶价72块钱的单本包邮好吧，给到大家封顶价是72块钱的这样一个单本包邮。还有预算，包括说最近大家你们这月底，我也不知道你们自己什么时候发工资，然后钱李轩老师第一点，关于周作人这个题材后续是不会出的，这个不是我在骗大家好吧。对，一号600年是平行值600年。阎崇年老师的故宫600年是清醒，周作人传的话，他是正常的这样的一个常规纸。但是周作人传面临的问题就是因为他题材的一个特殊，然后导致他其实就是他后续是不会有人写的。因为关于还是那句话，我有人给你们去讲周作人的时候，我喜欢说无论当年我们不论当年那个子弹，然后到底是命中了他哪里怎么样，他的这样一个情况。但实际情况他的确是是一个非常让我们很难去评价他的这样的一个人，大家应该是知道的。所以说我们从来不论说什么，而去改变了我的这样一个志向，我们只去做这样的一个结果。导致周作人这个人其实被定性，然后被诟病。包括有非常多人都是不会去书写他的，这个大家也是知道的。所以说我跟大家强调，周作人这个书，后续你们也不会再去看到有人去写他这本书，那个家印，也是非常这样的一个难得，外加上又有钱立群老师去做的珍贵的这样的一个新签。可以说这本书是一个人人都能买得起，而且读了之后有所收获，以及题材上面一些也比较特殊的这样的一个书，真的好吧？所以说我们二号链接感兴趣的朋友就自己抓紧时间进行这样的一个付款。我们新来直播间的朋友，左上角没有帮我们去点关注的话，一定要点点这样的一个关注。是的，直播间给到大家的是付款减库存的，然后我们有很多书都是卖完了，卖完了。今天了一个之后，就不再跟大家去做这样的一个售出了。重点去拍四号链接，四号链接已经下100了，最后98套四号链接最后98套朋友们也没有什么，最后98套朋友们就剩下这一点时间，再把四号链接跟大家去强调一遍。毕竟回去之后，它就是要涨价到79块钱的价格了，涨的不多。没有，其实不多，其实不多，但是那不也是钱，没有清那么多，对吧？这词那个书的话现在是非常多朋友之间的一个心痛。然后因为当时可能不相信说这书真的要涨价，然后涨价？对，所以说没有买。后来的话就真的这样的一个买不到了,《周作人传》
对，然后这套书很这套书是真的有点危险，我给你拿几本，你明显你感觉你就能够去感受到这本书，这我给你去遮一点点，你们也能够去看出来这写的是谁谁谁的传，什么的传，对吧？国商已经开过价了，国商的话118 3本非签名本。然后你想要三色全签的话，你就一本一本买。然后三色权限现在只能有三套，已经没有了，已经卖完了。三色全线，三色全线卖完了。国殇的三色权限已经这样的一个卖完了，因为国商后续也不会再签了。对，国商后续也不会再签了。然后我们紧接着另外一本的话就是这本，然后关于那个什么的，这本就关于这本，然后这本还相对好一些，因为讲述的只是作为我们日常不太接触宗教的这样的一个朋友，会觉得比较偏向于神幂学的这样的一个一点。但是关于这本，朋友们，但是关于这本的话，的确就是涉及到一系列的相关的问题。所以说这本后续会比较先这样的一个没有好吧，之前这两个没有有没有区别，就是想换个版本重新出一遍，那不可能，严老师再重新写一本书，那不能够。朋友之前那个宫600年给合订成了这样的一个译本，然后刷了这样的一个边儿内容上面没有去做增加，也没有去做删减。就是纯粹的严老师年纪大了，然后想要再给他的一个重磅力，作出一个这样的一个纪念版，就出一个纪念版，之前不是精装瓶装本，对吧？之前是这样的一个瓶装本，所以说现在的话今年版给它升级成了这样的一个精装本。就这么点事就这么点这样的一个事儿。然后很多朋友知道当时600年的时候，其实第一批是没有去做签名的，都是严老师后续补的。是的，然后这批的一个时候的话，就又给大家去做了一批严老师的这样的一个签的一个版本。对，可以又又续上了。所以说内容上面是没有区别的，好吧，内容上是没有这样的一个区别的。然后我们四号链接，朋友们重点来看四号链接吧，四号链接后续有没有都不一定了。四号链接最后八套，今天四号链接今天的最后八套，72.9块钱，非常的合适。书的话当中两本内容的话其实比较平平，就是我们的清王朝与西藏，然后还有那本我们的这样的一个班禅这个东西。然后这两本的话比较平平，比较偏向于危险的这样的一个一点的话是这两本。一本是讲述藏传佛教当中的关于这个活F然后转世，然后还有一本的话就是这本坏和尚这样的一个传。然后相对而言更加的这样的一个危险的话就是这本。更加危险的话就是这本的确是比较的一个你们自己看到题目大家都是能够清楚明了的一个知道,「废话」
然后这个书当中有部分的一个相关的人物，有部分相关的一个点，它是不能去做一个书写的对，哪怕牙含章老师他是一个我们的叫什么藏传大资深大家，他在书里面只是做的正规的这样的一个研究。朋友们他做的只是正规的这样的研究，但是也难保有部分人会。我跟大家说一下，你们读完这本了之后，真的会觉得有一些给他们，你会觉得有一些写的好像没有那么坏的一个感觉。这个我之前给你们去发过图文，就是你看完了之后，你会觉得它好像没有那么的坏。所以说就有部分人借由此书说是给那个谁给坏和尚们去做这样的洗白。但是你们自己仔细的这样的一个去读一读，仔细的去阅读了一下之后，你们是能发现他这个人他变成坏的。他其实也是有一个历史的这样的一个变迁了之后，他才去进行的这样的一个变化。而并非是最开始一开始这个团体它就是这样的一个坏。所以说也是更加证明了这套书存在的这样的一个价值，以及整套书存在的这样的一个意义。现在的话如果你们想拍单本的话，这个没关系。你们自己出去去做一个搜索好吗？大家吃出去自己去做这样的一个搜索，然后去买你们自己想要的一个单品，大概就是二十多块钱的这样的一个价格。是的，但是今天直播间朋友们，今天直播间我们给到大家的价格的话就是72.9块钱。好吧，朋友们，72.9块钱到手，一共给到大家是四本一套。然后整套跟大家去做的是包邮的一个状态，价格肯定是合适的。你们现在去看同期直播，以及同期活动的这样的一个老师的话，给到大家的价格已经都是79了。不要小瞧这六块钱，每一本均下来的话要一块多、两块多的这样的一个价格。是的，所以说对我们四号链接感兴趣的这样的一个朋友，没有去付款的，就自己抓紧时间去这样的一个付款，快去吧。我们新来直播间的朋友，左上角没有帮我们去点关注的，点点关注，谢谢。我们朋友们看见朋友们再跟大家去说一下，今天基本上大家可以去从小黄车的一号链接到最后一个链接。查漏补缺一遍之后，然后我们今天基本上就要进入尾声了，没有去买到你们想要说的。我告大家，尤其是我们今天的345号链接，包括六六号链接一起都算上。回去之后咱是没有这个价格的，好吧，回去之后是没有这个价格的，等等到55再说十分钟，朋友们这嗓子不要不要着急，朋友们不要着急。然后先跟大家去说一下，尤其是你们去看一下。因为外面刚才跟大家去说到四号链接，你单独去买的话，它是二十多块钱的一个价格,「废话」
然后今天在直播间相当于四本给到大家是直接72.9块，以及在别的地方现在已经涨价到了79块钱的一个价格，回去之后咱也79，所以中间这六块钱想要帮大家去省下来。希望所有新来直播间的朋友们没有去买到西藏这个系列书的。然后感兴趣对藏传佛教一系列文化感兴趣的朋友们就抓紧时间，尤其是中间有一本儿以后他他可能就不再有了。但是老师就强烈去去去说过的，以后就不会再有了。所以希望大家没有去入手的，就只有五套的库存，在四号链接，就抓紧时间自己去买一买好吧。人家都知道去买那个不是44处，可是有很多人不就是不不讲，他就是不懂，不是给大家看一下。在这儿，对，在在多少？朋友们来买个便宜小书包，放一号链接，买点便宜的。就为今天去做一个完美的收尾。朋友们一号链接便宜，小叔13块钱单本包，不是，是图文典藏版，这个是要比之前9.9块的那几个版本都要稍微好一些。对他跟钱立群老师的周作人传是一个系列的对，所以说你们买了周作人的朋友，其实可以买一本在那里。对，这样一个放在那里。然后包括说唐德纲老师，咱们那个写传记文学那个唐德纲老师。是的，然后也有去称赞这本书。为说你要想了解胡适，要先去读这本。你想要去了解胡适，就应该首先先去读这一本。然后所有现在为胡适去做数倍立传等等一系列描写的一个人，他们首要去读的书也是这本胡适40字字数。是的，然后这整本书的话，其实章节上面是比较一个短的，而且非常重要的一篇的话，其实就是关于他母亲的这样的一个章节。因为咱们都知道，然后胡适的话他其实是一个大孝子，也是一个大孝子。包括他回国等等一系列的一个事情，也是有关于他对他母亲自己一系列的这样的一个孝道所在，所以他才去这样的回了国。然后在这个书当中的话，他详细的去记录了他一系列的一个心路历程。以及有关于胡适青春家庭，以及成长方方面面，他自己去写的这样的一个关于自述的这样的一个类型。好吧，自述的这样的一个类型一共封顶价是27的1个价格，直播间跟大家去做的是13块钱的一个单本包邮，这多便宜了，朋友们质量也可好。你们之前买了，朋友们就包括今天所有都去买了这样的一个中国人转的一个朋友，今天再多花13块钱买一本，然后放在自己的这样的一个书架上面。是的，所以咱们哪怕再去读更加高深，以及作者写的更加的这样的一个好的一个胡适的作品，都是离不开这本胡适44处的不开的，全部都是离不开这样的一个胡适44书这一本的。你要了解胡适，一切都要从这本开始去看,《胡适44字书》
他写自己的一个原生家庭，写他母亲。然后去写他自写他母亲，写他自己的年少时的一个成长，去写他有关家国文化变革的一个自白。包括说之前咱们去看了那个那叫什么天天电视剧特别火。姐那电视剧特别火，然后讲讲那四个字电视剧特别火。延年然后他俩延年那个叫什么来着？延年陈延年他们两个英勇赴义的那个书叫什么？朋友们叫什么来着？那个电视剧没有一个人醒着醒醒一个人醒着，但大家应该就是想想想不起来的延年陈延年，我想想觉醒年代，这太厉害了，这是谁？还得是贝斯哥。之前看了觉醒年代之后，其实对胡适会非常有微词。然后觉得这个人怎么这样的一个朋友都可以先去读下，不是44 40自述这一本。它并非是像电视剧当中所写的那样的一个一样非常的自私自利的一个人。然后你要全面的去了解他。当然这个人他最大的一个观点是接受了非常多的一个西式精英教育了之后，我觉得是少了一点救亡图存的一个英勇的这样的一个感觉在。但这本书真的很这本书是真的非常的好，因为这本书作者就是服侍自己，然后次数这个里面的话相较于其他9.9块的一个版本，就是多了很多大幅的这样的一个照片。然后让你去更加全面的去看清年少时期的他、青年时期的他、留学时期的他，到底有什么样子。总结一下，就是想要了解胡适朋友们，这还平台扶持200个人，这我这临临了了，扶持这200个人是想干什么呢？想要了解胡适就从这本去做一个入手，包括说那个什么被因为说那个叫什么。作为胡适传记的模板，最典型的莫过于他的40次数了。试问到现在为止，哪个为胡适立传的人，对胡适早年生涯不是跟着胡适40自述亦步亦趋的？好朋友们就真的是离不开绕不开的这样一个一本书。你们不会知你们真的是之前没读过吗？我我我之前至少卖过三个版本的这个胡适44书，因为这本书是一个公版书，但是目前只有这一个版本是把它相关一系列的经典的一个照片，然后还有一些合照，都给我们书写在当中的对，这里是济南书展，朋友们，这里是济南书展，马上要结束了吗？太好了，再不结束我要累死了，要走了，要清场了。对，这么快吗？还我才讲五分钟，就拿上俩小时了。行，你走，把门帮我开开，我要透气，我快热死了，现在没有人了，六点清场，六点不是说五点吗？五点多会去那行了，就结束就行了。这个差不多了也就可以。现在已经五点了,《胡适40自述》
对我再说五分钟40分钟，我再给你几个品，你还再多几个品，我还有我自己的，你还有几个品，你还有啥品？你签名说你30本签名吃了我们的零食，那不刚小姐姐给我们的又不是你送过来的对，你都没给我们看，多可怜了，连水都没给我们。除了肉之外，还有来帮大家查查漏，补救一下是谁送的。福运腾祥，我觉得是因为他说给你们送了瓶水，因为他就周在我手里面，然后就走了。就是一个来朋友们去拍一下，闲聊一会儿，闲聊一会儿跟大家说说聊，一会儿回家再继续看啊。我有我们有没有非常多水，大家喝水是吗？还给我一瓶被人拆过的丢人，丢人就足以证明我们吃饭这个实力。这下次我跟你说，大家开着门不关着门简直像是一个桑拿房。三号链接还我看一下三号链，三号链接有八本，给大家加的三号链接八本等一下跟大家七本没有八本先给你们去加上，你们拍完，然后我去聊一会儿26号链接好吧。对，来先给大家去加上库存，来都加上了，朋友们加上了二号链接，加上了三号是3，三号链接加上了，朋友们，三号链接加上库存了。来晚了就赶紧去捡这个漏。这是真的非常难得的一个单品，给到大家的价格还剩三本库存，朋友们还是三本都开价里面查漏补缺一下。今天钱丽君老师亲笔签名，然后再跟大家去看一下，是在舒展的头一个周，然后去到钱老家里给大家去签的一个名字，保证新签。然后每一本上面都跟大家去加盖的钤印。咱们直播间是不搞什么假签名那一套的，都是有理有据，大家放心。不用害怕，这有什么好怕的？就赶紧去，你在这再买不着新鲜，我都不知道你还去能能去哪买到新鲜蔬了。对，因为我最近卖书卖的很贵，然后我就是有非常多人要脱粉回踩我们了。对，然后就要说你们就是只卖贵的，只卖贵的书，只卖贵的书，然后卖贵的书，便宜书不卖。我卖的书都是别人那里有有的，然后都是别人那里什么卖过的。你们在就有很多朋友够不够？我们说我们其实我都知道，但是就这个东西，其实这个事儿也不是我俩去做这样一个决定。我其实最近有在调整这样的一个选品的模式，以及也有跟老师去调整说一系列品的这样一个价格。我觉得只要我们两个足够努力，然后听取到你们的一个意见，该回来的朋友正常都会这样子回来。比起更多的这样的一个，我用点套路的一个东西去紧紧的抓住你们。有这功夫真的我俩就多去谈点品了，该回来的朋肯定都会这样的一个缘分，对吧？缘分天定，就包括明天的话咱们是长城砖系列的题词本。朋友们，是的，我相信各位应该没有在别的地方买过长城砖的题词本,「废话」
没有原因是因为长城砖的一整个系列的话，其实都是一个绝版复活的这样的一个书，而且几位老师的一个年龄都比较大了。三号今天真的没有了你等一会儿，等一等一波，看有没有他应该还有五还有四五个朋友没有付完款，等他们付一波款，我稍微再聊十分钟，我们聊到10分就走了，好吧？对，然后明天的话是长城专线，但是每一本都很少。因为老师的年龄都很大了，所以说每基本的题词本只有三十本。明天是真正的拼手速好吧，明天是真正的这样的一个拼手速，而且明天的话还有少量其他的这样一个签名本。明天的话大家等一等，三号签名，三号你不知道就正常钱丽娟老师签名的一个样子签名三号给大家去踢了五个库存出来，大家没有去买到的朋友们就抓紧时间自己去捡漏。三号链接跟大家去贴了五个库存出来，然后感兴趣的朋友就自己去拍一拍好吧。我跟大家说一下，我们很久没有参加书展了，这次书展华文老师也是真实的把价格跟大家去做的很低，然后包括一系列这样一个品，所以说后续的话有机会的话，我会挑选部分的一个品回到咱们直播间，再继续跟大家去卖。因为下午场直播，的确今天有很多朋友应该没有看到直播。对，就是我我觉得我们今天的直播还是比较成功的，只不过是因为你们我没空来看我，而并非是我今天的品不好。所以说我们可以期待一下，回去了之后再跟老师去谈一谈更多品的一个优秀的这样的一个价格。但是也希望大家能够持续的关注指定能城，然后我们就后续下半年还有多舒展，然后也会最近我真的是有很多便宜书，太多了。真的最近你们说买不动贵的，咱们就开始卖便宜的，真的准备了很多便宜的好书。朋友们，所以说希望大家还是对我们有点信心，就是我我俩的确很不容易，但是你们也不容易，谁挣钱容易呢？所以说我最近调整红网调整了整整一系列。所以说多多关注日常的直播吧，不然容易错过很多好处的。是的，容易错过很多好书的。冥王星香这个没有了，然后周多人传也没有了，好吧，给大家看一下这本菜名，跟大家说一下，今天这本书是首发跟大家去做的题词本。是的，所有老朋友们就在咱们直播间，这样的老朋友们直接去拍就没问题了。然后这个世事之间，汉代世人与政治，然后这本书给到大家是68，这本书是定价定的比较低。这本书换个出版社定价照给你们去定到98。对，然后直播间现在下单40块钱这样的一个价格给到大家做的是老师王保丁老师的一个亲笔签名，前一万加题词的一个版本。是而且题词是有好几个版本。对，这是前40的那个老师,《汉代士人与政治》
然后今年因为他不是体制内的，大家是知道的。所以说他今年的这样的一个签名的话，数量上面会跟大家去控制一下，就不会有之前那么的一个多了，好吧的就不会有之前那么的一个多了。然后这本书它是今天新拿到的，然后刚的刚刚拿到这样一个新书，跟我们的之前的那本前四是不一样的。是这本书会聚焦于一个是人士，就是咱们那个世人。然后他们从先秦时期再转化为到东汉时期，然后如何一步一步入世。就原本的这样的一个世人，他并非是这个世人，他们如何一步一步从街头，从这样的一个那种从街头的不能说是无业游民，但是比较闲散的这样的一个人士。到了东汉时期的时候，如何一步一步的走进这样的一个专制体制之内，然后加入这样的一个科举官僚的整个的一个过程。好吧，然后大家现在拿到的就是我们老师的一个新签题词钤印的这样的一个版本，好不好？而且是100页。胖哥这个是100页，这次第一批只签了700本好吧？对，这次100页，第一批只签了几百本。所以说后续如果说签名本数量上面再跟大家去加一加的话，然后就不一定是这样的一个100页了。对它普通能给到大家的一个价格还是35块钱，相对于性价比还是比较的高的对这个性价比上面还是比较的这样的一个高的。所以说大家对我们一系列的世人关系感兴趣，然后对我们的一些官僚体制感兴趣。走进体制内部，两汉人到底经历了一个什么？而且又想买到的是老师的一个亲切钤印的这样的一个版本。是的，亲切前意。而且题词不只是这一个题词，朋友们它是有好几种题词。对，这个题词是随机的，有些朋友是学而优则仕，有些朋友是别的一些比较吉祥的，然后好的一些有意好寓意的一个话。所以大家每个人收到都是应该是不一样的，好吧，可以期待一下。对，所以说大家就自己抓紧时间去拍一波好吧？是的，自己就抓紧时间去这样的一个去拍一波。然后我们新来直播间的朋友记得去点点关注。我们明天下午我还是大概是三点左右，好吧？对，明天下午还是大概是三点这样子左右。主要跟大家去做的是长城砖系列的一个题词本，然后还有普通本跟大把价格给大家去做低价，然后也是仅限明天一场。长城砖的签名本破价是只有明天一场，那个就是板上钉钉的，不会给你们去做新的这样的一个价格是不可能的，板上钉钉的不会跟大家去做后期持续的这样的一个好的一个价格的。是的，所以说我们没有去点关注的朋友点关注，咱们就约定好大概明天就是三点好吧？是的，预告我肯定会再给你们去再去做这样的一个发布,《汉代士人与政治》
但是大概就是明天的这样的一个三点，然后26号链接我们现在跟大家弹出来，这个你们就赶快拍。对，因为今天都没有专属，因为大家的老师都没来得及做这样的一个专属。然后你们就抓紧时间去拍，省得一百一也没有了。然后这个签名题词后续也这样的一个没有了，然后大家再去做一个追悔莫及，好吧，再做一个追悔莫及。我们的26号链接，我们讲述汉代诗人与政治家进入体制内，两汉诗人经历了什么，读懂大汉王朝400年政治史。另一个这样的一个角度，由游士到儒士，由儒士到士大夫，由士大夫到名士，他们到底如何一步一步走向这样的一个仕途的？然后跟大家去做的是题词新签潜抑的这样的一个需要的朋友们就抓紧时间，二号链26号链接自己去下单付款。然后我们就明天见了，明天下午三点钟，大家记得调闹钟，因为长城砖系列比今天的数量都要少，只有每个只有30份。对，哪怕老师来到咱直播间，也就只有那三十本，也就只有那30。对，数量非常的少，刷一波，明天见。来吧，明天见刷起来。咱今天的直播到这里就结束了，感谢大家的支持。这一个大下午的对吧？周五的下午撸好，你们要下班过周末了。对，明天见。这么快就回来，回哪儿？我我我得收书，朋友们先明天见朋友。周末前后，对面是周末。,《汉代士人与政治》
