﻿original,result
严老师自己直播大家都是看不到的，我手上也没有拿签名书，一会儿给你们去找一下图看一下。对，然后编号是打乱跟大家去发的，里面会有一张藏书票，然后有这样的编号，然后三面刷边是这个样子，朋友们三面刷边给到大家是这个样子。张杰的老师的书，稍等别着急，一个一个进来把这波先跟大家去加上，然后一个一个先跟大家去看我再跟大家看一下严老师的一个签名，还是毛笔签的。是的，然后这个书是清醒纸，建议是清醒纸的朋友的话不要去拍好吧？朋友们建议是清醒纸的朋友不要去拍。然后严老师签名钤印长这个样子好吧，然后签名前长这个样子，25个就是159的封顶价好吧？对的，159块钱这样的一个封顶价，我们直接跟大家去加上了。来，朋友们准备好倒计时五个数，543211号链接。杨老师的今天已经给大家去加上库存了，小黄车自己去刷新，朋友们真不是要在这儿喊呀，因为外面有个人举着个喇叭，你不在这喊的话，感觉就是总感觉你们听不见，我就害怕你们听不见，我想跟你去说的一系列比较什么重要的这样的一个东西。所以今天大家也别嫌吵了，的确还是比较的那个那你那那你那个条件比较充足。我但凡知道今天这么的这样的一个吵的话，我就带个麦来了。忘记跟你们去说了，严老师以后不会给旧书再做签名了，就是老板那个书，然后签了。对，老书都是不签的。然后今天这个的话就相当于是新版的一个故宫600年，好吧，就是新版的一个故宫600年。然后介意是清醒者的也不用去拍，因为他已经不给他的原版的那个上下两册的共600年再去签名了。是的，然后再去做这样一个签名了，你就觉得贵，你也先去入一本。朋友们不用这样的一个犹豫了，严老师难得，就严老师自己他也不会上这个书的，好吧？的，来吧，等二号链接的朋友们扣一波2，再等二号链接，就是一个字囤。这是一个多难得的机会，就比去年抢过的朋友们都是知道的，对不对？对，二号链接你们听我的，反正我只给你们去开了限购，你们就换着号的就来买就行了。对，就是这样的。买这个书不用看了，来再看一遍那个什么来看一下老师签名的视频，保证新鲜好吧。老师穿个粉衬衣。对，很很秀气，非常的秀气,《故宫600年》
跟那个什么跟我们的那个跟我们的老那个谁一样，喜欢穿粉色衣服来吧？好吧，穿了一个粉衬衣，然后这个的话72块钱单本包邮给到大家是亲笔签名外加前印好吧，亲笔签名外加这样的一个前印，今天属实是有点吵，依旧先跟大家去道歉，然后为了保证大家都能听得到，所以说还是得维持这个大嗓门好不好？是的，来吧朋友们准备好倒计时五个数，543212号链接库存给大家去补上了小黄车自己直接去刷新，72块钱单本包邮，签名钤印，钱理群老师的代表著作，好吧，屯，朋友们这都想都不用想，一号链你觉得贵，你在犹豫他是不是这样一个清醒时，朋友们，二号链接这个题材外加上老师的这样的一个签名，外加上这个封顶价，朋友们直接去买就是没有问题的。好吧，直接去冲就是没有问题的。然后自己抓紧时间去付款，等大家一波付款好吧。因为这批的话我们会相对来讲给大家就留一部分库存出来做售后。所以今天所有买到12号链接的朋友们都不用担心。等书收到了之后，你确认没问题，过一个礼拜两个礼拜所有的订单都没问题之后，我们才会再跟大家去释放剩下的库存。一定会保证今天所有在直播间的朋友们拍到的一系列的一个订单，好吧？对，一号链接、二号链接都还有。然后我再讲15分钟别的书行吗？对我的难得糊涂，一号链接是有章的，一号链接贴了四个库存出来，一号链接跟大家去贴了四个没付款的，没付款的库存出来。一号链接是阎崇年老师的毛笔新签外加钤印，对签的真的相当的好，毛笔新签外加前印，快看看吧。朋友们今天还特意帮大家去确认了一遍，是不是用毛笔签的，是不是用签字笔签的。朋友们这签多好，这签的真的非常的好。现在哪个老师你这能挑出什么毛病来吗？朋友们，然后这个书它只能它就是轻型纸，它没办法。因为这个书它做成那种特别厚的书的话，可能成本跟发货上面老师的确是这样的一个兜不住，好吧，的确是这样一个兜不住，我们也是没有办法。然后大家感兴趣就自己去拍一拍。然后这个书你收到手了之后，会觉得有一点点味儿，它会跟我们的什么教研次数是一样的，你放一放就行了。书肯定是没读的，好吧，书肯定是这样没读的，看来数量还是比较多。你咋不咱咱没事干，先反思自己，这数量放到1000个人的一个直播间，那不是搜都没有了。对，就反思不应该反思我们两个的一个人气不好。我文艺大哥你那么多朋友在刷直播间，我在这儿这么辛苦的一个喊，你不赶紧把我直播间分享出去，让他们来买数据,《钱理群老师的代表著作》
在这样的一个分析说什么风凉话，而且数量比较的多，已经没有了，那是去年了，我你能抢着你做梦，不可能。明天严老师自己直，我也不会给大家去放这个书的一个签名本的。是的，也没有这个书的签名本的。所以说多多分享直播间，让四五点没有去这样的一个上班的这样的一个朋友，然后抓紧时间来直播间抢购我们的一个签名本的一个书吧，好吧？的，然后谢谢各位的一个支持，你们能抢到我觉得还是比较的一个开心的。我建议大家买六号链接，再跟大家去说一遍，金庸最后110本的库存给到大家，我的严老师只能再放一一波了，所以说稍等一下跟大家去放好吧。你看有朋友没买到，有朋友觉得说，怎么没有那种抢的这么激情的这样的一个感，我买的好轻松。开始在凡尔赛了。没关系，朋友们跟大家再去说一下，今天购物车下面跟大家去放了非常多我们去年亲手去挑的一批微瑕，好吧，亲手跟大家去挑的。你有这个了宋仲基真的吗？花了多少钱买的这本书？之前大家买全部都是78的1个价格，好吧？是的，马上给您去看一环两本的。听话，这声音多大？朋友们，你们没有听到这个场馆里面的喇叭声吗？它实在是太吵，对吧？之前题词本，然后还有上款的这样一个版本，全部都是78还是88的1个价格。对，然后今天直播间跟大家去是我们张志志张建志老师的千千万加前翼的普通本来也是要卖大家78的1个价格的，然后今天直播间给到大家拍的是52.8块钱。你们能听得见外面的声音吗？你们能听见外面的声音吗？你们要听，咱要不先听一会儿，然后歇一会儿，咱不要这么一直喊缺氧了，现在等他声音小点，我再说话。对，因为其实我也不知道是谁到底在哪喊，感觉外面的人都没有受影响，只有我们听见了。你们真的可以去搜一搜，这你们也能听见对吧？它真的很吵，这个会场真的太绝，幸亏今天没穿这样的一个长裤。如果穿长裤仿佛就在这样，一看就这要不是喊这么大声，根本你们都听不见。因为这是外面声音直，还是我也不知道他们在干什么，好吧？来，朋友们休整了两分钟，他不说话了，然后咱们继续调整起来。朋友们之前大家去买这本为了纪念金庸先生诞辰100周年纪念版的这个金庸传。其实就是金庸传换了个名字叫做金庸武侠人生。书的全部都是78块钱的价格。是的，这个书之前的话还有一个老的版本，老版本的话都没有跟大家去做一个现状的开本。然后今天这个版本的话还跟大家去做了一个现装的这样的一个开门，方便大家开瓶来看，去进行这样的一个阅读,《金庸武侠人生》
按照时间线的一个顺序，朋友们按照时间线的一个顺序给大家，然后去讲解我们熟知的我们的这个大作家、大作者，然后金庸老师的这样的一个一生，可以感受一下。对，里面有非常多经典的剧照，以及当时在这样的一个那叫什么在当时连载的一个时候，一系列的一个图片。好吧，大家可以感受一下。便宜，这个书真的太便宜了，朋友们这个书真的太便宜了，然后大家稍微感受一下，所以说还没有去拍到这本书。签名版的一个朋友，以及说对金庸先生感兴趣，知道这本书的一个含金量。因为只有这是目前仅有这一本的全面去记录金庸先生一生的这样的一个书。是的，而且今年的新版跟大家去升级的一个现状的这样一个开本，方便大家看来看进行一个阅读。除此之外西营山东书展华文老师给大家把价格一降再降，基本上给到大家是普通本的一个价格。给各位发的是我们张建斌老师的一个张建志老师的一个新签的。这样的一个版本。好的，所以总结一下，对金庸老师感兴趣，并且说对我们的一个签名本感兴趣的一个朋友知道这个签名本在外面不会很便宜的，这样的一个朋友直接去入手好吧？直接去进行这样的一个入手，肯定是没有任何问题的。因为这个书的确是很难得。这个书之前大家很多人买，都是七十八、88的价格才去拿到了这个签名本。是反正目前今天是新的。这样的一个第一次跟大家去做52.8块的一个单本包邮，好吧？你们拿到手了之后，就知道这本书的一个优秀的一个程度了。是的，然后这套再给大家看一下这套书，最后15套，最后14套。这套书是最后14套的一个签名本。后续这本书的话就只有普通本了。对，这本书的话是咱们的连丽如老师，我们的评书大家连丽如先生的一个亲笔签的一个版本。好吧，亲签版本跟大家去看一下，长得是这个样子。然后是连丽如老师拿小毛笔跟大家去做的一个亲签。然后书的话就是他的一个列国评传，然后其实就是讲述三国了等等一系列一个事情给大家去感受一下。你们感受一下，其实它整个的一个文字的一个感觉，就是把连丽如老师的一系列的一个口播稿给大家去换成了一个纯文字的这样的一个表达。是的，然后三国演义当中一系列的一个故事，都以评书的一个表现手法，然后给大家去悦然这样的一纸上好吧。然后上下两册签名本是最后14套库存，卖完了之后就没有了，一函两册封底价格给到大家是138的这样的一个价格，好吧。之前很多人在国网买，全部都是138买到的，以及在胡同老师那里买，大家全部各位都是138的这样的一个价格,《列国评传》
对，今天直接跟大家去做的舒展直降最后13套，最后13套之前在咱们直播间其他买的这样的一个朋友也都是这个价格，一直我们做的都是这个价格。卖完了之后就没有新签本了，好吧，卖完了之后就没有这样的一个亲笔签名的这样的一个版本了。连先生他的一个签名现在在外面，他自己的书没有去低于128的一个价格了。因为连丽如老师现在年龄也是比较大的这样的一个状态了。他是42年的这样的一个生人，朋友们他是42年的这样的一个生人，然后给到大家你们去推算一下年龄，然后再知道一下老师的整体的一个在评书界的一个地位。而且现在他基本上很少再出自己的一个梳了。很多时候都是在给他父亲连阔如先生一系列的一个书，然后去做一个签名的一个版本。而且很多时候都是没有印的。就是中华书局那一系列78块钱一本的，那些还都是只有签名是没有印的。然后今天直播间给到大家的话是110块钱一含，两侧带一个硬皮精装的这样的卡套好吧？是的，签名是用小毛笔给大家去做的一个签名，有时间然后有我们的那个钤印给到大家，主要是有时间。你们现在咱们去买李丽如老师一系列做的一个签名，都没有再跟大家去补这样的一时间了。这个书现在拿到还是一版一印，就应该还是我们22年，还是哪一年，当年签的时候的那个100页，整个纪念意义也比较的重，所有其实有听过评测的朋友，没有人不知道联系吴先生。对，所以说大家都是直接去进行这样的一个付款就可以好吧的。最后12套库存卖完之后就没有了，就结束了。朋友们，我灭亡青青是真的没了。我亲爱的大哥。然后我跟大家说一下，今天有非常多书都是什么华为老师他们最后的这样的一个库存了。是的，今天有非常多的一个签名书都是华为老师他们最后的这样的一个库存了。所以说我会挨个的帮大家去这样的一个过一遍。然后过完了之后然后真的就这样的一个结束了。是的，过完了之后真的就结束了。然后再跟大家去强调一下，我们今天购物车里面有非常多书给到大家开的是一个绝版书，好吧，绝版书是一个绝版的一个价格。我忘了我在几号款，就是中版集团，你自己找一找，你你找一找，赵普出来了，最后31套。朋友对，朋友们你们去看一下八号链接。所有人因为有些朋友去年可能还没有认识我们，根本没有去注意到。我们曾经带过一套佛教文化爱好者们非常喜欢。出的话现在已经出了新版，新版要卖的特惠容都是一模一样的，上下两侧给到大67块钱，最后30套就结束了，最后30套这个书就绝版了。对，最后30套,「废话」
然后赵朴初先生这个文集它就绝版了。大家现在拿到手的话是老这样的一个仿皮面的一个装帧好吧。然后里面的内容的话就是详细的去记录了赵朴初先生一系列的讲话文稿，外加一系列的这样的一个东西。是然后本次大家可以去这样的感受一下，现装的这样一个开本，这就是老的版本，现在朋友们这67块钱的一个价格。你们只要比方说家里面有老人对这样的一个佛教感兴趣，或者说你自己对这样的一个佛教感兴趣，你们都是应该是知道赵朴初先生的。然后这本书就是他一系列的这样的一个讲述，然后一系列的一个演讲，一系列的一个文集的一个集大成之作。你们想一下现在有一套书叫做什么中国佛教经典。对，那一大套说要几千块钱，特别贵，几千块钱这样的一个价格。然后这个老的版本朋友们，这个是老版的一个照明出门机。新版的赵朴初文姬跟大家去换了一个红色外加黄色的这样的一个包装。然后直接的话变成是现在三百多块钱的一个价格，还是290多的一个价格。然后直播间老板的这样的一个给到大家开的是67块钱，而且跟大家说的是一个微瑕。微瑕只是因为这本书放的时间会比较的一个久，然后品相上面其实是没有大的一个问题的。没有发出去，没有发出去不是退货，然后是直接是库存书而已好吧，是这样的一个库存数而已，是库存数而已。所以说大家对我们的一系列的一个绝版书，对我们的这样的一个感兴趣的朋友都是直接去拍的好吧，都是直接去拍。一分钟30套库存。拍完了之后以后蓝色的这版，印有佛教的一个莲花外加首饰的这本的一个赵朴初先生的一个文集，以后就没有了，就真的没有了，以后就跟大家去这样一个绝版了。然后我们新来直播间的朋友，如果说偶然在济南舒展的一个时间节点当中去刷到了，我们记得给我们去点个关注好吧。对，我们再给大家去查漏补缺一遍，再跟大家去看看朋友们今天的书真的非常的多。再跟大家去看一下，有几个刚才说的那个提示我什么张张和张张的那个红楼。那本来正好让他声音大，让他太吵了，真的太吵了。朋友们等会儿我先把这个给他调过去。14、十五不对，15、16、17号链接。朋友们，因为张杰老师这个书，财经专家你拿的是哪一本红楼那一本吗？对，红楼财经专家还有一个红楼梦，红楼正经逻辑都是签名的对，都是签名。对，可以，我先给大家去调上来，稍等。朋友们，我跟大家说，其实济南的天不是很热，就是书展我在书展里面待着的时候，我也不觉得热。但是因为它太吵了，你一说话一使劲儿，朋友们我就会很热,《赵朴初文集》
对，就运动就有一种干运动的感觉，每天出差都能这样的一个瘦几斤。今天来的时候没下雨。但是预报是看了看看预报是有雨的。朋友们预报是这样一个有雨的，预报是有雨的。然后我也不知道到底会不会下，谁知道它能不能下来？好，他不说话。来，朋友们咱继续，咱接着说，咱就是一阵儿，好吧。红楼系列你看一下红楼深宅博弈，他的签名就签这个样子。朋友朋友们签的非常的普通，真的非常没有。刚才有朋友问没有钢印，没有钢印，那我建议朋友们不如买这本红楼人物，红楼人物今天就只有链接里面这么多，明天有提词本。朋友们明天这个时候我们就换个地儿去喊了。对，就不在这儿了。对，就不在这样的一个这儿了。然后去买红楼人物。朋友们，红楼人物这个签的非常的一个好，这签的太好了。朋友们这应该也是去年剩了49本，朋友们也来不多不少就只有49本的库存给到大家。他这个怎么迁到了这儿，看不知道张一楠老师，这个是张一楠老师的新签，这个红楼人物也特别的一个好看，它是一个非常简单的。因为我们目前卖的非常多，其他的红楼类型的一个书的话，都非常的高屋建瓴，然后站的视角都是比较的一个大。然后我们这个版本的一个红楼人物的话，它其实是把红楼里面类似于假证，然后还有怡红院的一个丫鬟们给我们去单拎出来。不再是单纯的给你们去讲红楼的结构，然后说红楼整体的一类的一个东西，而是给我们把红楼里面一系列相关的一个人物拿出来做一系列的一个对比，然后全面的给我们去分析，怎么样去读懂红楼，然后怎么样的能够去记清红楼的这样的一个十二钗。把红楼一系列相关的人物帮助我们去捋清，然后帮助我们去这样的一个记忆清晰，好吧，然后这个书里面还赠了大家朋友们，这个书里面还赠了大家两张这样的一个孙温绘挚的一个清代大观园的一个图片。如果说大家对我们的一个，如果说大家对之前读红楼的时候，一直觉得弄不明白，然后红楼人物的这样的一个关系，以及记不住这样的一个人物关系的话，直接去读这本红楼人物都是特别的这样一个优秀的，好吧？特别这样的优秀的，然后你也不懂。要便宜的签名的消费不起，啥时候卖便宜的？我今天的书都很便宜，我今天的签名书也都很便宜。如果说您还觉得这样的贵的话，其实是其实我觉得可以蹲一蹲我们后续的这样的一个微瑕的这样的一个场。那就是便宜当中的更便宜，那就是便宜当中更便宜，因为什么东西便宜，它都得有这样的一个度。朋友们，对，而且它便宜本身就是相对的,《红楼人物》
你说今天哪本是去比价，哪本书都没有比外面贵的，没有比外面贵的。而且我们推荐大家朋友们一号链接，稍微等一下跟大家去补库存，大家稍微等一下我下然后推荐大家去拍四号链接，好吧。朋友们今天别的不说，四号链接回北京之后，这个价格就要跟别人同步到79块钱的一个价格，不会再给我们72.9块了。最后122本，朋友们，122本你咱们哪个书都可以不看今天有需要多书都会让大家觉得很阳春白雪，对吧？我既不对红楼感兴趣我，也不对那一系列的这样的一个什么玩意儿这样一个感兴趣。朋友们如果说你们对西藏感兴趣，而且前两天对藏区感兴趣，买过高原的，买过高原的这些的一个朋友，四号链接是一定要拍的。而且再给大家强调一下，你们出去去走走一走，看一看，比1比，转一转。有刚才有朋友说开玩笑，我觉得咱直播间现在像是一个在卖什么翡翠玉石的这样的一个直播间。对，朋友们真的，你们走出去走一走，看一看，搜一搜这样一个转一转四号链接。现在所有四本套都是79的这样的一个价格，全部都是短视频和直播都是79块钱。哪怕别的老师同期给咱们去开着这样的一个直播，大家都是79的1个价格。对，只有咱直播间跟大家去拍的是72.9块钱的一个单本包邮，非常合适。只有咱们直播间跟大家去拍的是72.9块钱的一个单本包邮。而且跟大家强调一下，中间的这本就这个坏和尚转，然后没有了。然后这本的话可能就不再去印了，剩下三本的话，大家后续还是能够去这样的一个买到的。是的，能够这样能买到的主要是这本，这本你们看题目也是知道的，然后包括说大家再去搜索了解一下杨涵张老师到底是谁，然后他的一系列的这样的一个经历究竟又是什么样子的。你们应该清晰明确的一个知道这本书的一个所蕴含的一个史料的一个珍稀程度，内容的这样的一个丰富程度，也知道为什么反复的跟大家强调你想要去了解西藏。比较偏向于隐秘的那些事情，然后宗教背后一系列的这样的一个事情，然后大家都是直接去拍，这个都是没有问题的。是的，就抓紧时间。因为这个价格的确也就是今天相当于最后一场，这两天也没有直播。回北京之后大家全部都要拉成79块钱。对你再想买你就只能再花79，多花六块钱了。朋友们，因为这个书最开始我们一直都是72.9块卖的，然后是这次加印了一个之后，然后你有些书你不推火，因为你不这样的一个就是卖出量了之后，然后才能知道相关的一个问题,《四号链接相关图书（含坏和尚转）》
因为这四本书我们建议大家推阅读的一个顺序的话，就是先去读清王朝与西藏这一本，然后再顺着去读，就了解他们所谓的这样的一个这本。这一看大家都是这样的，知道的，是的，然后你顺着再去读，然后这本然后再去读这样一个这本。其中当时比较其实比较危险的朋友们，其实比较危险的就是这两本，就是一个是什么什么传，一个是坏和尚传。然后还有一本的话是讲述这个比较偏向于玄学性的一点的这样的一个东西。这两本会稍微有点危险，剩下两本的话其实都很正常。但是你们想一下，今天买四本是72.9块，外面至少一本的话比较便宜的是20块钱一本。然后你们要是买这样的一个四本的话，至少是80块钱这样的一个价格。对，至少是80块钱这样的一个价格。然后今天直播间给到大家的话，一共是我们的72.9块钱，到手四本。别的老师给到大家全部都是一个79块钱好吧，别的老师给到大家全部都是79块钱这样的一个价格。然后今天直播间给到大家的话就是我们的一个72.9块单套包邮，还有119套，卖完之后就没有了，好吧，真的就没有了。所以希望大家如果你们之前没有去注意到这套书的朋友们，就抓紧时间赶紧去先去囤一套再说。因为以后如果说中间那个不再加印，他就不再做了。你以后就只能买三本，你们就不好再去凑成一套了。对你买三本应该也是在外面七十多块钱的一个价格。你们自己想要最想看的那一本的话，就想看那两本，你们就是特别不好找的这样的一个状态了。所以说推荐大家先去这样一个囤一套，而且这套书会比我给你去推荐别的文学类型的书，或者说什么书的话，会更加的具有这样的一个可读性，好吧，会更加具有可读性。因为当中当中的有两本是真的，你都难以去找到。就那天的时候，你们之前，我知道你们这会儿都不在是吧？之前在有一天晚上，捡漏了什么王朝覆灭的那些朋友们都收到了吗？你还记得那那书吗？你们出去去搜一下，那套书没有现在低于98，甚至能卖到128左右。那套书现在也是只能线下才能去做相关这一系列。藏区有一些比较神秘宗教色彩这样的东西，它的确是不让卖的一个情况。好吧，的确是这样的一个不让卖的情况。所以为什么那时卖贼贵了那书，所以为什么那天给你们买到的那六本十本的这样一个朋友，真的是捡到大漏的一个情况了。是的，所以说跟四号链接一样的，对藏区感兴趣，对藏区一系列神秘的这样的一个宗教色彩的东西感兴趣的一个朋友，直接去拍四号链接,《四号链接相关图书（含清王朝与西藏等四本）》
我马上跟大家去补42号链接库存，大家稍微等一小下等，不要着急，稍等一下。因为咱不可能一整场直播，然后就一直讲一号链接、二号链接，这个是肯定是不行的。所以说我稍微重点放在一二号链接，稍微的话给大家去带过一下其他的一系列珍贵的这样一个品，好吧？对，辛苦各位多多的一个见谅。我马上就会。我今天因为直播2个小时，咱们1个小时的一个直播已经结束了。一个钟头头高低一个钟头，大家也挂一挂这样的一个直播间，你们尽量不要去别的直播间流窜了好吗？让咱直播间那个人数维持在三位数上面，面子上也会比较过得去。不然的话以后老千里迢迢大老远来了，对吧？对，很丢人。所以说像是我的我的假行僧树杈子，然后小迪你们几个你就现在巡逻一下，哪些人没有来帮咱们这样的一个站台，好吧。没有来帮咱们站台，然后赶紧把他们给我去这样的喊过来，再坚持这样的一个55分钟，好吧，朋友们再坚持这样的一个55分钟。买完了之后先在直播间待着，好吧，待着就这样的一个待着。你看现在才第四名，连前三名都进不去吗？我怎么能进这个前三名呢？你们本来下午都没人播，对吧？然后咱直播间这个还行，就现在都在直播间给我待着。对，你嗓子都哑了，然后人都留不住。我的天哪，我跟大家说一下，真的快热死我了。我今天还穿的是短裤，我穿的是个裙子，非常的短。然后我现在整个大腿到小腿全部都是汗，我真是服了。简直是一个正方的，没有什么友谊。第一也没有人跟咱竞争，就没有人竞争，咱都还是这些惨淡的状态，对吧？我刚才不是我想吵，朋友们，这是会场很吵的一个问题。对，不大点声就怕你们听不见，因为它有一个升压的这种对比，这真的很难。你们也不要嫌咱回家，咱就还是温温柔柔的了，好不好？真的快给我热死了。我现在我跟你说，我胸前这块已经湿的状态了，都已经湿的状态了，身体往下淌了。可以，谢谢大家。就稍微聊一会儿天，心情也会好一点，不然你们觉得今天好像是一个卖菜直播间，对吧？是这直播间没关系，朋友们，大家感兴趣的朋友们就自己去这样的一个去拍一下好吧。主要是拍这个四本套，是真的要涨价，这不是假的要涨价好吧？是真的要涨价，不是假的要涨价。所以说各位感兴趣的朋友，就自己抓紧时间进行这样的一个付款。去吧，四号链接一定要拍，你们不要等到真的是跟761样，而且我什么七六那本书还被批评了，说风向特别的一个不好。然后怎么样以后那些书可能真的就不印了,「废话」
所以说对我们的四号链接也感兴趣的这样的一个朋友就自己抓直接去买。好吧，来，现在等二号给你们补一遍，二号来吧，待一会儿二号的朋友们扣一波。二号终归讲到二号就不用喊了，对吧？这实在是太劳累了，红楼那基本一会就给你看，先把二号给他们先补上好吧。还有谁在等二号，是不是现在可以吱个声了呢？来扣一波二，朋友们，二号链接就是一号链接，不是有朋友觉得贵，对吧？对，二号链接就那个什么二号链接人人都第一点我们人人都买得起。第二二点的话大家也知道签名的一个珍惜的这样的一个程度。第三点的话是正常的这样一个新签前一本，好吧？完了二号就跟大家再去小小补一波一号。因为今天一号数量非常的少，一共只剩下最后30本了。对，只剩下最后这样的一个三十本库存了，好吧？是的，然后我们我先把二号给大家补上好吧？我喝口水，然后给你们去倒计时。来朋友们，二号链接就不用多说了，好吧？来朋友们准备好倒计时五个数，543212号链接库存已经给大家加上了。今天你没有看错，就是华文出版社给大家官方直发千里君老师的经典代表作周作人传的签名钤印的版本，而且给到大家是单本包邮，不用做礼包，没有单份给大家去涨价，就是封底价72块钱的一个价格。这将是大家最后一次看到这个书以单本的形式出现在大家的一个面前，以后都只剩礼包了，你该摇人去摇人，该怎么着就怎么着。好，分享直播间，分享直播间，明天是长城砖，好吧，朋友们明天是长城砖，还有三份库存，朋友们这会儿竞争压力小了，不要手软。就今天没吃麻辣烫，今天没吃这样的一个肉夹馍，然后今天没有去吃那种很多这样的一个外卖的一个朋友，直接把这70块钱这样的一个贡献出来。对，好吧，就这样都贡献出来好吧，去贡献出来，然后直接去囤一本。因为你想想之前同款的时候，大家不就是很很不想要去买那个叫什么礼包。对，为什么要组组本书？为什么要搭本书？今天不用搭书了，宝宝们就是单本冲朋友们本最后一本，然后卖完之后就要等下一批了。你们不是特别不待见，然后我给你们去讲别的这样的一个书吗？对，一号链接没有三十本。一号链接最后27本，一号链接最后27本，给大家加七本。好吧，现在等一号链接，一号链接阎崇年老师刷边版本的精故宫600年精装，然后签名编号藏书票，签名编号藏书票，朋友们签名钤印编号藏书票，然后所有的这样的一个都在的这样的一个版本。我们今天只上八十本，因为这个书真的很脆弱，所以说会留一部分的一个售后,《周作人传》
三面刷边长的是这个样子，朋友们三面刷边长得这个样子，然后我们是没有拿新鲜的一个样式，一会儿给你们去看一下图，然后这个是藏书票，朋友们这个是藏书票，然后这个是编号，好吧，这个是这样的编号。然后这个书是清醒时收到之后会有一定味儿，没有毒，放一放味儿就没有了，好吧？建议是轻型纸的朋友们，大家就不要去拍了，签名是毛笔签名钤印。朋友们毛笔签名钤印，建议轻型纸有一定味道的，这样的一个朋友就不要拍了，好吧？介意轻型纸有味道的朋友就不要拍了。这个没办法，不行的话咱们就只能你就回头等另一个纪念版。对，就回头走另一个这样的一个纪念版了。来吧，然后我们把给大家补七个库存好吧？来朋友们准备好倒计时五个数，543211号链接库存给大家去加上了我们的七个库存，小黄车自己去刷新，没有去买到的朋友们就抓紧时间自己去点击购买，159块钱封底价。星形纸是分好几种类型的。这个不是我为了卖我自己的一个书，然后去给大家去找我。我诚然的我们都是很诚实的会告诉你们书的一个材质，然后质量是什么样的一个情况。然后轻型纸它也是分好几种的。朋友们，是的，轻型纸是真的是分好几种的。然后第一点的话，并非所有的贴纸都会发黄发账。这个书的话其实在你们跟着我们去买什么人民社的教员自述的一个时候，大家应该都是感受到的。你们明显能感受到教员自述那本也是星星纸，但是并没有想象当中那么的一个差。你就跟同样是理想国的那个轻型纸的话，你们拿到手是没有这个数成的，肯定没有它的克重什么之类的，其实就是会少，但是并没有像有一个那种特别差的那种轻型纸一样。然后差的特别的这样的一个多，唱了那么特别的这样的一个歌，他差的特别的这样的一个多。所以说还是那句话，如果说介意的朋友朋友们，如果介意的这种朋友就不要拍了。12号链接各剩一本就抓紧时间自己去捡漏。一二号链接跟大家去给我提了一本，二号链接跟三连老师的那本是不一样的。转是转，朋友们论是论对吧？转是转论是论。他们是2两2本书，好吧？是这样一个两本书，一号链接，最后一本库存就给大家就放在那儿了。对，一号链接。然后有一个朋友没付款，已经把库存跟大家去踢出来了，然后有需要的朋友们就自己去拍，我真的不是给轻型纸找补。其实大家也明白，目前有一部分的一个材料，在日新月异一个进展当中的话，它其实是会有进步的。对的，但是有些朋友咱们自己清楚的也明白，有时候我无法去接受有一份纸的这样一个材质,《故宫600年》
然后大家的话不是特别能接受的这样的一个朋友的话，就不要去拍了，好吧，不要去拍了。因为这种东西就是你本身就不是特别的这样的一个喜欢，然后翻来覆去我再去劝你那然后你肯定还是会不是特别的这样的一个喜欢，好吧，还是不是特别的这样的一个喜欢。所以说我们一号链接没有去付款的朋友，就自己抓紧时间去付款。如果说介意修行者的朋友的话，就真的不用去拍，没关系的好吧，真的是不用这样子去拍。然后我们新来直播间的朋友，左上角没有帮我们去点关注的话，点点这样的一个关注。直播间大家是付款减库存好吧？是的，朋友们再说一下四号链接，因为有朋友一直在后面默默的拍四部曲的这个所谓的西藏宗教文化的这四本书现在给到大家是四本的完整本，其中有一本马上就要跟大家去告别了，就有一本不印了。这不在你们自己拿到手了之后，你就这样的一个能够去知道。因为现在关于这个的相关的这样的一个词儿，它都是比较偏闵的这样的一个情况。是的，因为现在别的直播间，别的短视频所有的价格全部已经涨到了79块钱。然后哪怕是跟咱们一起同时直播的老师们，也都是七十九的价格。只有咱们在这儿做华为的专场，老师给了今天本场就这一回72.9块钱，然后后期的话就涨到79了。然后相对而言就是你多花，你多花600块钱，然后我大概能再多挣三块钱左右的这样的一个价格。好吧，多挣三块钱左右一个价格。对咱们而言不是特别的一个实惠。如果说你们就比如你多花六块钱，这五块多的到我兜里了，咱都可以再商量，但其实没有到我兜里那么多。所以说大家对一系列的一个宗教文化，然后对西藏的一系列的这样的一个文化感兴趣。一个朋友就自己抓紧时间去拍一下四号链接，现在还是72.9块的一个单本包邮，不用纠结了，不用去纠结，也不用去犹豫。朋友们不用纠结，不用犹豫。一共的话就是现在的话还剩109套。卖完了之后，然后我们这个价格就短暂的会涨到一个79的1个价格。是的，四本书当中比较危险的其实就是这本。然后还有一本的话是讲述怎么转世的这一本，好吧？转世的这一本这个大家了解，朋友们懂得，肯定都是明白的。这个题材就现在摆在这儿，朋友们这个题材现在给大家是这样的一个摆在这儿是真实的，朋友们是真实的，就是不是这个东西大家你们也都是知道的，有部分的一个内容，现在的确是不让说的这样一个状态。因为涉及到有一些不好的这样的一个言论，包括有些词语，甚至哪怕后期改名什么之类的，也是有可能的,「废话」
对，然后现在是现在同期跟咱们直播，朋友们现在同期跟咱们一起去直播的老师全部都是79，你们也可以去搜一下，看朋友们全部都是79的这样的一个价格。只有咱们直播间跟大家去做到的是72.9块钱的一个单套包邮。对，只有咱们直播间给到大家是72.9块钱的一个单套包邮。所以说大家感兴趣，再跟大家去总结一下。第一点要涨价，第二点的话，当中有一本可能后续不再出了。第三点的话，目前的话只有咱们直播间做的是72.9块。第四点的话，如果说你是对藏区感兴趣，并且说你清楚的明白自己是对一系列的藏区文化，而并非是历史。你想了解的是他们富有神秘色彩的一系列相关的这样的一个文化的一个朋友。直接去拍四号链接是没问题的，直接去拍四号链接是没问题的。所以说这本书还剩109号的库存，感兴趣的朋友们自己去拍一下。婉箐最后18年只能出两本，它只有现在目前为止只有这两本书给到大家，后续不出了。对，没有三本，后续出不来了。后续三跟4的话都已经出不来了，好吧？后续的话晚清最后18年的三根丝都是已经是出不来的这样的一个状态了。对，后续的三根丝都已经出不来的一个状态了。然后今天给到大家是两侧全切，然后给到你们做的一个价格是马上给你看红包，稍等一下，稍等，我看一下，今天没有港台书，今天是大陆数，所以说价格跟大家去放的非常低。然后你你我跟大家说一下相同的这样的一个题材类型的书，你去买号链接，给你去打上这样的一个什么，给你去打上写西藏那些相关的，至少今天一套的价格，你在外面一本儿都买不到，好吧，都是这样的一个一本都是这样的一个买不到的。那个二号链接肯定是不一样的。那一本那是钱立群老师论，然后周作人一系列的一个东西。然后这本是周作人传，肯定是不一样的。跟大家强调一下，晚清最后18年99块钱两册全签。然后这本书之后面的一个三跟四是已经明令禁止不让出的一个状态了。是的，这已经是明令禁止不让出的一个状态了。如果说大家其实前两本后续也有可能会再给弄回去。所以说比方说你们还是想要去买，以及说对一系列清晚清的这样的一个历史感兴趣的朋友的话，就自己直接去拍我们的一个这37号链接，就是它的一个签名本，签名本89块钱，然后是两侧上面都给大家去做签名，反正后面那两个就是被禁了。对，这个没有了。而且是明令明确的一个说后续的这一系列的一个东西，它都是突出的这样的一个状态，都是突出的这样的一个状态,《晚清最后18年》
然后还是老规矩，朋友们因为我们直播的话不是货品的那种情况，是会给大家去卡一部分的一个重点品。希望各位今天把重点放在一号链接、二号链接和四号链接身上，好吧？是的，今天就重点放在一号链接、二号链接、四号链接。然后喜欢去买绝版的这样的一个老书的朋友朋友们，喜欢去买绝版老书的这样的一个朋友的话，去拍我们的七号链接和我们的去买我们的七号链接和九号链接。朋友们对，想就889号链接给大家去换一下顺序。对，去买那个89号链接。一个是我们的茅盾回忆录，一个是我们的赵朴初文集。这两个书尤其是赵朴初文集，现在做了新版之后，卖的非常的贵。基本上普通文给大家去做的是164块钱起的价格。然后今天给到大家内容都是一模一样的，上下两册给到大家是67块钱。对佛教文化感兴趣，对吧？刚才讲完了我们的一个西藏的一个文化，对佛教文化感兴趣。赵朴初先生的这个文集组合一定是要去入的，这个是最后30套库存了，跟大家去看一下。然后今天说就绝版了，然后这个版本就绝版了。大家想要去买的话，就只能去买新版的，好吧？只要去买新版的，然后新版的给到大家现在是164块钱。对，164自己去看的价格164块钱。这个新版做了一个黄色的皮儿，然后做了一个侧面布面的一个腰封，也是上下两侧内容都是一模一样的，然后给到大家164今天直播间零度的价格，同样的内容拿回去还在等什么？因为找不出在咱们佛教中国佛教历史上是具有显赫地位的。然后他一系列的一个发言，也是在推动着咱们佛教一系列这样一个进程。然后这套照古书文集，在当时出版的时候，07年出版的时候，其实短短几年都加印了特别多次。然后这本书的话是收录了他从42年到99年期间相关的一系列重要的这样的一个文稿。对，相关的一系列重要的这样一个文稿是对咱们是既具有一系列的收藏价值，又具有一系列的阅读价值，更对咱们一系列的一个佛教爱好者。就跟你们喜欢去买什么灯会的那本，五灯会员的喜欢伍登会员那本，以及说喜欢去买一系列佛教类型书的朋友，咱们都是绕不开赵朴初先生这一系列的对，都是绕不开赵朴初老师这一系列的。然后这是整个华文在市面上老版的最后29号封顶价格169。直播间直接跟大家去开到67块钱的一个单本包邮，真的很实惠了。给大家去标了一个微瑕的原因的话，是因为他在库里面放的时间比较久。然后担心书的话，你们拿到手塑封上面会有点旧旧的。但是大家拆了之后，书都是好的一个情况,《赵朴初文集》
这个书就是自读，完全没有任何问题，而且它也不是别人退货回来的那种微瑕，只不过是因为在仓库里放的时间比较的久，然后让大家有一个心理预期，可能有点脏脏的之类的，但是完全不影响阅读，尤其是这个价格摆在这里。朋友们，如果说大家你们对佛教不是特别的一个感兴趣，八号链接是一样，八号链接是没有再版的一个计划的。好朋友们，对，八号链接是没有再版的这样的一个计划的。拿破仑塑封有破损，书有什么折角，是我俩自己手动去给你去挑选的微瑕，你放心去拍，就是跟你买三联的微瑕的品质是一样的一个情况。对，就是我这是因为那是我们两个手动去挑一批微瑕，然后我觉得品相还是好的，而且华为中国史能给大家去卷到那个价格真的是不容易，好吧。然后跟大家再强调一下，这是目前一部最完整的最权威的关于矛盾的传记。里面三本书详细的给大家去记录。从八六从96年、1896年，然后再到1981年，茅盾先生整个的这样一个一生，是包括这本书的话，朋友们侧面跟大家去做的是布给的一个装帧。布给这就是侧面跟大家去三本做的都是不写的一个装帧。书里面的话分成上中下三本，按照时间线的一个顺序，把茅盾先生自己，这是他自己撰写的关于自己的一个回忆。朋友们，这本书是茅盾先生自己所去撰写的自己的这样的回忆。大家现在拿到手的话还是十年前的一个100页，非常难得了。朋友们大家现在拿到手的话还是十年前的这样的一个100页，然后包括在前面的话，也大家是能看到收录了非常多珍贵的这样的一个老照片。然后这给你去写。这就是当时茅盾先生开始去撰写自己的一个回忆录的一个照片。里面收录了大量的这样的一个照片，二百余幅的一个珍贵照片，包括说在前面的这样一个位置，还给大家去印上了茅盾先生非常珍贵的他自己的这样的一个印章。对，这是印刷的一个印章，这不是手盖的一个印章。朋友们，这是印刷的这样的一个印章，是目前没有办法能够去超越的，就是你想要去了解矛盾，朋友们你想要去了解它，你想要去认识它，目前仅有这一本，好吧？目前有且仅有这一本全面的去记述矛盾医生的这样一个传记，只有这一本封底价格给到大家是100。269的一个价格，然后今天直播间给大家去拍的一个微瑕的一个价格。其实给你发的是好书，朋友们是新书。宝宝们没有经过别人的手，也不是二手书，给你们去发的是一系列这样的一个新书给到大家的一个价格就是我们的99块钱，外面现在是140块钱左右的一个价格。对，外面现在是140块钱左右的一个价格,《茅盾回忆录》
今天直播间给到大家做到的就是99块钱的一个单本包邮，99块钱一个单套包邮。这套是真绝版，这套不是假绝版。这套刚才有非常多朋友不是告诉你们，他们在外面因为有部分朋友不好找，就他不好找，然后他们不是特别能搜出来这个矛盾回忆录，有非常多人出二手的时候都很好出的，好吧？是的，所以说大家可以买回去了之后去感受一下精装书三色全精装。然后自己跟大家去做的是一个雾面的一个妆臻，99块钱一大套好吧？99块钱这样的一大套。朋友们你们看这书在外面卖多贵？这外面虽然我是真的没有了，这个我给你们去看一眼，你们自己感受一下，你们就知道了。真的非常的贵。这个是在外面全部给到大家是158。我看把这个你们去删掉，让你们能看的比较清楚一点。来自己去看，定定眼睛去看，178的、158的、156的、155的，跟咱们拿到今天八号链接99的都是一样的，好吧，都是一样的。没有经过别人的手，这书真的非常的好，这书真的很贵，这书不是假的，很贵。这本书的原因是因为后续有一部分货就没有再发。因为咱们今天是走的是华文老师自己的一个仓，所以说你想一想你拿到的是13年的一个110页。对，而且因为这本书的一个出版的话，它牵扯到其实它不是一个公版书。然后他是牵扯扯到茅盾先生的后人，以及一系列相关的这样的一个东西。所以说版权一直都是没有再去进行一个更替的。所以说在外面同样的一个品质，然后248的一个书，别人卖你140、150都是非常正常的一个，真的很正常。但是今天直播间给大家去开的就是最后120多套，99卖完之后就没有了。因为上次两三百本基本上都是在什么，我们全部都是在那叫什么上海书展，上海书展的时候就已经全部都已经卖完的一个状态。然后今天直播间就这123套完整基数。从1896年到1981年，茅盾先生自己自述的这样的一个好的一个矛盾传记，而且没有替代品。不像你们去买什么各种各样的一个传记，咱们可能有非常多的这样一个替代品。这个书它是没有替代品的，好吧，这个书它是没有这样的一个替代品的，然后大家买到就是一个赚到，好吧，买到就是这样一个赚到。八号链接没有去买，没有去入手的朋友们就不要再纠结和犹豫了。就是你们咱们日常目前现在每天去看什么矛盾文学奖作者得主，茅盾文学奖得主的这一系列一个作品。你们去买什么红毛，然后去买这一系列的一个70周年的一个纪念版。我们都应该去绕过来了解矛盾这样的一个人物,《茅盾回忆录》
对到底为什么说是矛有矛盾？文学奖这样一个非常重磅的奖项存在矛盾，这个人又对整个中国文学界到底做出了怎样的贡献？所谓他的一个回忆录，在他的那个年代，他到底又回忆了哪些的内容，直接落地到他这个人本身上面去，再去做深度的一个学习。而不是说可能每每到毛毛奖要颁奖的时候，咱就再突然提一提，对吧？突然说一说，突然问一问。只有在那个时候仿佛才能去记起说，好像有这样的一位人物，你们就抓紧时间去买。这个矛盾这一系列卖完了之后就没有了，好吧，是的，卖完了之后就没有了。就有很多书其实目前都是在逐步的去淡出大家的一个视野。你就跟我们的这样的一个八号链接跟四号链接是一样的一个情况。如果说大家对我们的这样的一个什么文文文文那个文学类型的一个书还是不感兴趣，咱们就去拍咱们比较一个熟悉的西藏的那一个系列，好吧，去买西藏那个系列，西藏最后100套，最后100套就没有。因为后续有很多朋友应该出去比了一圈之后，发现的确很便宜。是的，你每一本就相当于才是几十块钱这样的一个价格。对，每一本才相当于是几十块钱这样的一个价格。然后给到大家的话一共是四本，四本给到大家开的一个价格，一共是72.9块钱的一个单套包邮。是的，一共给到大家72.9块钱的单套包邮。特别是这本，朋友我们这本就是这书真的印刷还是非常精美的。就是这本这书你们也不指望我能在直播间给你们去更多的一个分析。我跟你说还分析啥短视频都能分析的都有限。那不可能在直播间里为了卖这一套，是在跟大家就把直播间给说没了的。主要就是这一本，然后还有这一本，后续可能不是特别的好买。剩下两本的话其实不是特别的重要，就是他正常的常规去读，常规去买都是没问题的。是的，主要就是这本和这本后续就不出了。所以说今天哪怕再来七个朋友们，咱们给他卖剩100套，我回去79块钱，我发个短视频，100套很快就卖完了。非常你们不要这咱们这么多这样的一个朋友，今天在直播间犹犹豫豫，然后回头等到我们再去这样的一个在带这个书的时候，你们又跟那个七六是一样的一个情况，怎么买不着了，还能再加点货吗？真下不了，真下不了，就那一天我还没跟你们去说，然后。,「废话」
