﻿original,result
你这么准点是来批评我的吗？确实不专业，是不是都不知道书放哪，现在能听见了吧。我就不知道这个麦在哪，是不是大区，给快点买本书再走。南刘家渡这回听见了吗？听见你说一下，我看那个听见吗？Hello，近期过去了，本来不想一星期像上周欠的那场，然后QQ告诉大家都是全是新书。而且主要这次的那个新在播的时候咱们抢了，七夕了也一个月OK，而且今天主要是见有优惠。大哥的那个连根木这个套装之前，先跟大家说一个像莫言，我之前给大家很多，他的每一本都上过，现在减80的就是这一套。大家看一下，我手拿了四本，是十本，十本里边。然后你们看一下平常那个讲莫言的作品，可以你去直接在那个评论区找来吧。会还有就是莫言去拍的特别多，然后买就在这两天才有的。然后是啊我这儿是给大家打展示版本，看到没有？一句顶1万句，他的我不是潘金莲都在这里边，等会儿内容我们可以再给大家。大家看一下，莫言的这个只有三单，而且还有我等会儿我们再讲莫言的事，就是昨天他那些你们花木楼跟那个万，他们替我再卖一卖，我就正常退了出了。这边给那个。那我们就这个好吧，娜娜，对，今天这个本来不该我在的。本来说给大家两场，没来一场。我们今天是新书，新到什么程度？就是上午11点才到店里边，就跟那个猫鱼一样。这个是我的一本封面包装跟标题，我用中文也带着一点，是作者也是精装，也是新出的烫手。您是叫亚力，他年出生，然后大学毕业之后没工作，是萎靡的倾向。是不是还没找到工作之后，他是喜欢电影，然后发现新闻上都是中国的电影市场，是不是马上就成为这个top机会。所以他就背井离乡的从意大利，然后这是他在去上海，去广东这个地方，在中国六年以来生活的一个自己的故事。那很压力本身就已经离开中国了。也就是在这六年当中，其实在中国的社交网站上，在中国的自己的专栏里播他在中国里边所见所闻的一些事儿。这个就被国内的编辑看到了，然后就邀请他写了这一本书。我用中文做了一场梦，这个分为两部分，很堵起来。刚才我也说他就跟标题一样，有点淡淡的伤感在有点淡淡的伤感在。因为压力在中国的这六年里面，其中有三年是口罩的这个特殊时期，所以他也被封在了北京跟上海这特殊的阶段。然后他从一开始满怀信心的到了中国，然后抱着自己的电影梦，对不对？他其实也参加了一些中国的网剧，电影、电视剧的拍摄，包括他的都是我的电视剧，跟中国的卖菜的小商贩，跟食堂阿姨，跟保洁阿姨，跟看门的美味这种底层中国人学的,《我用中文做了一场梦》
所以他其实在记录自己故事的当中，把中国底层人对于外国人这个认知跟理解跟交往上，写的就是他怎么学中文，怎么跟中国打造，怎么看好社会这个是的生活，下半却有点难过，就特殊时期一来，对不对？那人跟人之间的隔阂就物理上也有了，心理上有了。大家知道那三年时期党的外国人都离开了中国，亚力也有点纠结，是要不要离开。在这个过程他其实就回忆了他在中国这六年以来认识的一些电影梦闯荡的一些外国朋友。最后他也是离开了中国。这个里边的伤感就在于我们经历过这些都找我们原以为是不是地球是世界越是一个地球，所以我们发现这个莫脱欧是不是那中美的摩擦也里边提出他自己的，对不对？他原以为慢慢的大家也是越开放，越来越共同的一个地。实际上你会发现也是因为各种各样的原因，还是离开了自己的中国。所以这里边我们也我就是外国人，中国看不见的角落也好，还是说我们就自己现在可能没有关注到一些细节的地方，他其实都关心到了。而且重点是他是大荔人，学了半年的中文，这个就是在社会上开始闯荡。那出版的时候用自己的比较线的中文书一本书。意大利人用中文书写肯定中国的文风，你看有一点的。但是关于意大利的这个冷庸提的非常的怎么说呢？所以我建议大家，其实七月份的新大家可以去看一下，新书榜里边我也给大家推一个六月份的信。大家可能因为是新书，那个没有了是吗？给大家搭加一下库存。好的，给大家加急库存。因为是新书，所以库存不多。大家可以边听讲，然后就可以直接边对这个左小姨可能不太熟如果你们看到没有库存了，你们就在那边吆喝好吧，就是我可能关注不到这个事情。然后那个越狱汽车，咱们第一版，不管是封面，看一下这个封面画的这个就是压力。压力是一个比较清瘦的意大利人，我给大家压力的，大家可能关注他长什么样，就在书的背后，这个是压力本人，他在中国参加了一些短片，顶电视剧的拍摄。其实我我比较喜欢的是亚历这张图，和他的中国朋友到了中国的一个非常农村的一个地方过春节。过完年之后，你看到没有压力，就没有接触咱们中国这种土灶。然后他就觉得看着这个炊烟袅袅升起的样子，就抬头看到没有然后朋友就给他咔下了这一张倩影。到中国之后一直怀念不断的，为什么呢？因为当时他在这个灶台这儿做饭，然后一捋过这个春节，肯定互相都在串门。看到了亚力这个生面孔老奶奶，就对招待她的这一家人说，看这个小伙子面相，跟本地应该是个外乡人。然后压力他就清楚地记下了这句话,《我用中文做了一场梦》
一直他现在在各地旅居，怀念起中国的生活的时候，这件事他记忆很发现。为什么他记忆深刻？就是这个农村的一个老奶奶，看到她像城市里边有些年轻人，她喊她什么老外，是不是？有的还说了一些很不友好。对他但是这个老太太就是经常去去看病，像是个外乡人，然后就很热是吧？跟他开始打招呼，开始打招呼。所以整本的大家看一下里面的装帧纸张非常的好看，非常的好读。他其实在各个平台开了自己的，不确定是不是喜欢，你可以去看看他的文风，看看他的感觉是不是你这个其实是一个至少在我们去七月份掀起了赢了一本书，然后大家都比较喜欢亚历这个文风，就觉得好难得。因为他而不是很多网上各个外国博主，他其实是为了流量在做，能上榜不能其实是能的。花木兰问的这个榜其实是今年的新手对吧？但是因为新经典多，对吧？那这个视角肯定是能的。然后那个压力这本书跟江城这本书，咱们一会儿对比着来听，你们就知道这是一个区分的。一个两个书单都是外国人写的信，刚到还热乎着呢。然后你们想要的，那同时是有的。那个谁呵呵你看看我帮您去要一下链接，可以稍等一下，你等对您蹲一下，咱们运营给您要一下好吧？我等会儿等会儿，等会儿万他们来了让他们替我卖一会儿书，好吧？对，然后这本的话是我们七月份的新书，刚刚今天才到了。王老师给大家推荐了一下。因为说我在其他场合已经推过很多次了，然后正好我看到店里面来了，然后我还是给大家说一下，像这个挑我挑的这些书，你们可能真的今天得多买一些。然后跟出版社沟通的时候，我们会知道些冷门的书，他们的库存本来也不多，是不是他们库存本来也不多，而且这种冷门怎么的也就只有我在，然后人家链接做抖音的报的，所以有些是真没有，有些书可能以后也要长所以我才说，因为你你如果真的是出版社也要赚钱，这个量销不上肯定就资源，但是有些好处你们闭嘴，其实可能真的大家都不知道是吧？印记千册没有了，就消失了一些书。所以就趁着咱们都有链接的内容，来赶紧带走一单。三生四月，他们一个是快乐读书，他们都买了。对，咱主播们都给他们推的。然后丽你看一下咱们运营老师给你谈一下。好吧，快乐读书，是关于语文基础比较差，老师们都让他们读的一套，让链接给你弹一下，已经谈上了。对，L丽你看一下买了是吗？你家小孩儿三生四，我想想他的他喜欢是读历史类的，还是小说类的，还是什么类的对，包括我们英文类的也可以。对，因为你看一下头顶这个组合套装，你看一下三百余个，有两套大部头,《我用中文做了一场梦》
然后你如果之前知道这个，你就知道今天这个价他们都买贵了。如果你是要历史类的，是大唐兴亡加明朝那些这个组合。看下边大唐兴亡300年加明朝那些事儿这个组合是历史类的。然后如果你他喜欢漫画型的，就是这一套历史是一群喵。因为现在是可以比一下价，看一下这个价。对，提起来这个花木兰花花满了，我跟你说你那个漫画是吧？那就这套了，历史一群喵，这个之前都是，然后那个小高给他弹一下链接，这套了，大家看一下这个纸张，他们都我正好要问一下花木兰，花木兰你那个历史是群喵，你之前拍了，你记得退一下，重新拍一下这个黄码头。对，因为历史是一群喵的话，今天直播间是专属的链接。对，可以，我今天差点忘了番茄小说领券的话到手价只要285。之前的话350左右都是一个。对，这个是360。当时然后现在只要二百多到手了一个是这个券。你们记得，这个在七天之内你们可以退一下，看一下这两天的。对我让我让他提醒你，因为我担心二楼不记得你是吧？对，可别花了冤枉钱，是不是？这个一下真的直播间有一些家长，如果你们之前给自己的孩子要找的这个1到14本，他们之前都拍了十三单拍，现在这个链接里边是1到14是一个链接。我让小陈跟大家昨天说了，提醒一下大家，这个两百多现在就到手了，你们记得。对，而且我们这个满减是不是就到明天就没了，就到明天是吧？然后就因为是浙江新华三周年的店庆，纸真的是很好啊，这个也有科普一下，纸质很好啊。有大家经常逛逛这种书摊，然后他们有的是能卖70块。那个什么咱们区分一下正版的书，你能看到，它现在这个装帧它是用的是反光，看到没有？塑封的这个立体的书封，你要拿到正版的时候，你要比一下里面的纸张，看到没有？那是不一样的。你们盗版书跟正版书，这是质量还是不一样的，记得。刚才我跟大家说的，可能真的最近给大家，因为最近这个三者都会稍微紧一点，给大家要梳的时候都真的是碰到了一个困扰。因为出版社一些小众的网络资源比较少，真的是非常给到他上一些库存。因为有些人家库存就没有，就会留到留给大的一个渠道来。像咱们这种可能性是不是还是比较小众的，这种戴法确实比较难。还是那句话，你们就赶紧的我再给大家推的时候，因为这些都不会返场，是不是？因为我不是去给自己的成人自己读孩子可以继承的书，是不是？我看第二本。第二本我们来上这个了。好吧，第二个给他献献给阿尔吉侬的花束,《献给阿尔吉侬的花束》
之前有人吐槽我科幻的书就八十推荐一些科幻的书，知道预约计算为啥你有这本？就是吆喝一下他为啥必须得有这本。然后星云奖跟获奖的图，它跟其他的科幻小说，科幻的图书不一样。于咱们都知道，像三四星的这很棒，是不是？他的故事大大概都是纣王的科幻巨著，其实都是这样的一个套。不想说的对，就像于是波我们说三体？还是更棒，我们说这种它是已经的已经地球不存在了，是不是？星际之间的战争是不是好的基地我们都知道基地我不知道有人看过没有，都是这一年的争战争。但是献给阿尔吉诺的阿尔基诺的这个侬的花束，它是一民航税，都这样看点非常的小。它的科幻是人文情怀切入的，我以为是一个很浪漫的书，对不对？其实不是的。这个他不是一个人，他是一个小白鼠。大家看一下封面，看到没有？就这一侧这个是金融这个主，左侧这个红星照耀中国应该就是链接里挂的。我帮您看一下。对，你看小高能从这个比较淡雅的封面就能知道这个故事。我给大家说一下讲的是什么，其实讲的就是非常有意思，他是主人公查理就是用的这个力障碍的人生下来就比较的智力缺陷很大，他的IQ也就只有70。生下来家里边妹妹也不喜欢她，妈妈更是非常痛，对他有一点点的情的关爱。在这时候有两个大学的实验室，两个教授就找过，其实发明了一个手术，在这个二已经得到了验证，就是在这个小白鼠身上得到了验证。做完这个手术之后，它的智力阶段飞跃就是可以从一个这个地步缺少一个在人世间的这个人人情冷暖，他就是希望自己的儿子能有机会这个手术。那小白鼠跟查理他们两个一起接受了这个手术。手术之后，科学家们就自己每一天的心理精神的变化，现我们说这个点就大家看进一步报告每一章节的名称。在第七章之前四写下了他的这个进步日记，错别字满满点在于开始这几章，你如果读的时候你会以为出版社都印错了，你会这个编辑里边前几章是错字连篇，在写这个日记。随着手术的不同阶段开始成为一个天才的是完全变了。非但没有错字，那查理思考的甚至都是自觉人类的命运，关于人类的冷漠，这个亲情的大刻薄宏大的主题。你看那个小说对花木兰说的，是不是他们你看完前几章，他们不知道这个故事是一个这样的奇怪设定的时候，是不是你就会发现他是不是买了盗版书。因为地方就是查理，其实他在最后阿尔金龙的命运就是命运是不是因为阿尔金浓浓作为一个老鼠在做了这个手术之后，他其实就拥有了超乎人的智力的一个智商。他不能再在老鼠的这个群，可能在老鼠这个里边有什么生存空间痛苦,《献给阿尔吉侬的花束》
所以你就会知道整本书阿里用自己的一生，最后我们结尾非常的我就不给大家剧透了。因为你买回去读到结尾的时候，我要是给你剧透是不是魅力就假扮。但是你要知道，最后查理其实是用一生在考问题，就缺陷这个事儿。但是我们都会心疼查理，在他智力缺陷的上，是不是对于这个世界顿感到他真的成为了天才，无限敏感，对世界的一举一动共情。不管是共情愤怒情绪都拉满的时候，我们就会思考一个问题，就是你的有时候想的这么多，智力带来的情感的创伤，是不是有时候还不如简单的人自在一点。所以我们说顿感这个事件，你就能自己亲身体会一下，是不是因为阿尔金为什么是献给他的花束？因为查理在卡尔基农自己的命运之后，想到了自己将来也是这个下场。告诉自己这个丽斯，他的女友是不是告诉他，是不是我希望你有一天在院子里边一农的这个墓碑前月我们说科幻小说，他这本书写的非常早，写19几年这本书就出版了。然后我们国内这是理想国出的。之前我们都知道理想国它是不出烂书，他们家书都是，然后装帧也非常好看。而且这本书刚才咱们也说了，你读到最后会发现查理又开始从一开始的天才，是不是等他病情又开始退化的时候，错资又开后半篇错字再出现的时候，就开始眼含着热泪读完是不是？科幻这个事情，科幻这个题材对于我们整个读书的人来说，想过没有为什么科幻这个题材这么重要？包括我记得当时霍金去世的时候，整霍金去世的时候，很多人都在缅怀霍金的同事都在问一个是不是就是说霍金知名度那么好，都那么强，就是他的之科学荣誉，但他其实并没有获得诺贝尔文学奖。所以我们想对于人类来说，它的共鸣到底是哪里了？这个科幻对于我们人类的重要性，是不是因为科幻背后承载的是想象力，所以我们都知道是不是想象力就是无穷尽的想象力带来的那就是每一个。科技的大变革都是想象力带来的，是不是刘慈欣？刘慈欣是我们中国科幻里边是不是已经是一个代表性人物了？写过一个像我不知道大家看过，就是你们如果看过三体，他其实在小在这个早期的时候，刘慈欣写过一个小说叫昭文道，有读过的吧？我看看这个之前嫌我不给大家讲科幻，我看你们有没有人聊。不大不小，为啥替他请假，他咋啊？大家读过刘慈欣小说的应该很多都读过，他早期叫招文道昭文道，那是一个什么故事？整个地也是一样的这个套路，地已经资源枯竭了,《献给阿尔吉侬的花束》
但是地球人就在外形上建立了一个基地，就是刘慈欣他这个理论是这样的，然后他就是有整个地发一个离心机一样的一个对吧？我们细节我已经记不清了，我给大家讲一下想象力这个事儿吖，送这个机器好，没关系，之前正想启动的时候，欧洲会的外星人降临了，地球阻止了事儿。这个为什么呢？因为他们告诉地球，如果你们发送这个机，也会把这个造成宇宙的一个链条性的灾难性，会变整个宇宙就毁灭了。所以我们地球人们已经观察了上万年，为什么你们第一次我们跟我们建立联系，你是最开始是什么时候发现我们的呢？这个外星人就告诉他们，其实是几万年前几千是人类，还是媛媛人的。就是有一个有一些猿人在火堆旁边在取暖，但是其中一个猿人是不是抬头看向星空的时候，他盯着天上。6秒就是一个阀值，只是这6秒就引发了这个宇宙的观测者他们的警报，为什么呢？因为他们说了就是一旦你看到了6秒，你就会产生好奇心。一旦产生了想象力，距离下一代革新型的裂变只要了。所以我们说想象力这个事情，如果你对于科幻小说，对于科幻小说来说，你特别是这种充满人文魅力的，充满人文那里的这这种小说里边，你就能读到关于人类思考这些东西，精神上这些东西。好吧，这个献给阿尔金融的花束，你可以也可以举一下。几十年来它的评分也是很高。刚才咱们有一些朋友也跟大家说了，是不是都读过，也都买过这本书，也是强烈推荐给大家的。好吧，这个是我们今天给大家上第二本。然后第三本，我看一下刚才那个谁给他谁给他请假的，不大不小于点，不大不小于点。好，我看那个万他们one他们还不在，还有一个柴新云云雨禅心已经来了，但是没说话，是不是这个点应该大家都在吃饭，好吧，云雨禅心来了。我们上一下这个雪落香杉树，雪落香杉树大家看一下这个书，它的封面跟刚来是不是非常棒。下次见咱们就是半个月是吧？下次见就是半个月之后了。所以今天上的都是新书，新书里边有喜欢。上个新书，刚才我强调，真的你们新书的时候赶紧买。以后这些小众的一些书确实体会一下苦用心，好吧？今天这些就是刚才这都是我给大家强推的，看到没有？刚才你们来晚了，咱们过完的这个是七月份的新书，用中文做了场梦。还有这个二技能的话术，你们没有的拍一下。然后咱们香杉树了，香杉树名字大家都知道，讲的肯定是一个大学。不是是不是这个是美国的中小学他的课堂读物。对，他的课堂读物,《献给阿尔吉侬的花束》
咱们之前给大家说，美国的这高中中学语文老师必读的一些他们国家书，然后有杀死一只知更鸟是吧？布鲁克林有棵树的励志型的，教给孩子们善良勇气。没关系，都都快一点了，怎么还在上班？这个是午饭时间，这是这也是其中一本，是不是？这个是雪落香杉树。其实讲的就是造了迷雾，让自己的家长也好有自己的善恶的判断。因为这本书其实比较宏大的地方在于，这个故事背景发生在二战时期的一个美国的小岛上。这个岛是日本人跟美国人，在日本我早带着一些人就迁居过去了。他们其实他们已经是美国了，第一代他们还是日本人。这时候在打鱼，还有种草莓，做草莓果酱为生，那就突然战争不就爆发了吗？那在日本偷袭了珍珠港之后，整个社会的舆论就变了，是不是反日的这个情绪很高涨。美国政府也推出了一系列的措施。岛上的现在之类的也被迫离开自己的故土？流浪在各个角落。战争结束了之后，这些日本人又回到了这个岛家族就业。比如说捞鱼的捞鱼打鱼在打鱼，种草莓的种草莓果酱。这时候其实时代变了之后，人的心也变了。不是战争时期华夏的关于两根鸿沟也不是那么容易。整本书的开，就是在这样一个历史背景下，日本的小孩，我的小孩原本是好朋友，但是因为这段关系产生了割裂。美国的男孩跟日本的女孩其实早早在一起青梅竹马。恋情是不是生死不渝的爱情，但是也不不小不情不愿的就分开了。再次回到岛上的时候，是一个渔民不小心是不是意外死亡了。这个法庭就怀疑人从一开篇就是一场漫天大雪降临楼上，基本上已经无法进出了，轮渡也停了。那这个法官就在这大雪三天这里边开始审判这件事情，找想找到是不是真正的杀人凶手，那这边就开始把这个。刚才我讲的这些几代人的故事等。所以整本书大家也能看到，作者们作者在写这个书的时候也很他原来就是个名不见经传的一个老师。所以这个老师在写写完这本书之后，一下子横扫了很多文学奖项。后来他也没不写书了，所以他也是少有的，他自己知道学生需要什么样的读物，也就写出来了评语。卖书的这个评语也给大家说了，这是全美大中学课本读本，是不是销量超过500万册的？它就是说是一个他们特殊式的视角，来把美国的这个民族的怎么是多样性也好，我们说人心变化的这个细节的东西都在这里边。而且这本书的文字读起来你会知道故事性很强。然后这是咱们国内的第二个，已经是第二版本了对。一版这个封面不是这样，这是咱们新版的，翻译都是一个,《雪落香杉树》
然后大家可以把这个翻译，我每次给推给大家推译译注的小说的时候，都比较关注译者。所以还好，这个译者的水平很强，在这个平台上自己写篇。关于在翻译这个书的过程当中他的一些心，大家可以找来一起匹配着读一读。雪落下路赢得了中国赢得了中国几十万的读者的好，所以这本书是非常小众的一本书，全基本上是见不到大家推这个书。如果你喜欢布鲁克林有个这类书卖爆了吗？你喜欢这个杀死一只知更鸟，那你也真的是翻译太重要了。所以我说大家可以去查一下这个熊昱，他为了翻译这个香杉树，还写了一篇非常真切的一篇感言。他为什么在翻译这个过程中涌现了派的私人情感。所以你会看到，在这里边儿是不是意外统御这个神来之笔的翻译，这也都有。所以真的好的翻译非常重要。那句话就是你如果家里边喜欢读物，就想要在故事里边培养出孩子的一些善恶观、价值观这个取向就可以拿走一本跟JH知更鸟跟布鲁克林放在一起好吧？对，喜欢这本雪落山泉水，朋友们大家可以去拍下来。这本书的话也是一本很好的一本书，是吧？因为太这个比较冷门的，刚才我给大家推的这些都是比较冷门的书，你们自己看看很可能不会有在。对，大家可以去自己查一下，自己看一下。对，你们去伏的品就是对，不用不要单独的听我讲，你们可能是不是一面之词，你们可以去查一下，这样的是什么样的人在，好不好？是啊，对，这个你看不大不小是砸电影的一本书。一个那时候还是颜值非常叫什么，是不是颜值非常帅气的一个阶段。二十多岁齿白纯纯纯红的。不只是在线，就是魅力无限的一个阶段。我们直播间的朋友们，大家可以看一下，今天的话我们直播间就仅此一天的我们的满三百减活动。然后前几个链接都给大家置顶在前面了，包括我们是王老师之前经常推的我们这个大师们这个作品，那就来请。对，来，然后只有三个库存，我给大家讲讲一下莫言了，这个之前他们之前给上过。这个挖的精装这个终极珍藏的版本。但是我一直给大家推浙江文艺有莫言的诺贝尔文学奖的系列的版权。就是我手上拿这套这一套书一共十本送帆布袋。大家去看一下这个链接里边点开一下这个专属价，300减80。原来大家拿这套有十本，我手上只拿了四本。这个说一下是什么样，因为你能看到，它就是一个系列的，这个连他们单本其实都拍了。但是如果你想是不是珍藏一下莫言的，我们中国是不是唯一一个诺贝尔文学奖作家，他的拳击十级。就是今天这个链接，平常到手的时候是225,《雪落香杉树》
你如果在平常去卖，底价都是这个，你拿到这个300减80，然后专属价以后就一百多人。小哥看一下是不是之后是一百多块钱。对，189，你们去看一下，180 90 10本莫言的表作。大家看到这里边有我手上拿的这个光亮电影，只是拍出了莫言红高粱里边的非常少的一部分。它在里边它是原著是这本红高粱，只是拍出了它非常小的货币内容，还在这里边墨菲讲的这么厚的这一本，挖这个我就有，还有西贝贝有的，少年中国地理神，还有的直接拍就可以。今天也是最后一天这个价格了。然后这个就是我跟大家说的，他的诺贝尔文学奖的获奖作品，茅盾文学奖的获奖作品，是不是下面一代计划生育的。您这个是不是给大家讲过读书人的，是不是莫言以这个水浒传的形式，昨天那个组合你说的少年中国地理。跟那个有单本了，因为单本您那个挖你买的是珍藏版，记得吧？为了送人对吧？这一套是凭他的诺贝尔文学奖的的版，然后大家看到这些字，这封面上这些字是莫言的题字，他写的就是他写这是他的十本系列，有单本也没关系，忍让他的全集。因为单本我记得我只讲过三本，是不是只讲过它的挖丰乳肥臀，还有这个檀香型，只讲过这个，但他其实莫言的剩下的大家如果读一读，知道九哥是讲什么的？读莫言全集的人还是少。大家知道九国是讲什么的？九国是讲这个政治的。我的是不是咱们平常在办事经常去这个怎么说呢？部门办事会碰到一些特别横的，大家遭受过吗？就是我们对办个事，但是好像我们欠他几百万似的。好，陈述新书，看看还有没有库存，17823。库存直接拍就可以了，六号链接1782，你看一下之前要的库存不多。不过大家比如说去办个什么证，对吧？然后你认识的就好像我们去是麻烦的他一样，还有这就是他知道你需要什么样的材料，但是你那个缺的材料，你去问他的时候，他永远不会一次性的。黄鹤楼知道这个树尺度很大，所以我说这个大家真的要去看一看。这里边十本里边，你们去看一下莫言这十本。对，因为刚刚云水禅心不是说两本怎么办。但是其实他的话我们今天直播间这个报价189，您可以看一下。如果是189的话，就算有一两本也得再去买任何的一本。是的，180，然后也就是一本可能就20都不到。然后你还有大量这种是不是？对，因为你上次有的，他他不在这里边，生死疲劳没有在十本里面，所以你单本那本买的是无所谓的，那个就是单本卖的那这里边是有蛙檀香型，这些都在这里边，天堂是东西,《莫言全集（浙江文艺版十本系列）》
是啊，所以我们说100组合了一下，就是很划算的一个价格，收藏点的十倍。然后它你买的时候它是一个礼盒，这个礼盒你大家去看一下，这个链接里边一个帆布袋，一个礼盒装放也行。你摆在书架上就是这样一个有面子，是不是？我上次跟大家说过，你的书架上要是人家进去是不是看到人不一样的。所以我们说今天莫言的套装是不是谁想收藏一下，我们只有三个库存是不是？对，只有就只有我们直播间专属，大家可以去看family是2个22选一是不是？我看是两个版本。对，是一个帆布袋，是一个。那你那你创作经历了好几个不同的阶段。我之前跟大家说过，他在早期透明的胡萝卜的时候，他其实这个饭主义这个文这个签，就是诺贝尔文学奖表彰他的这个其实就已经有了。但是在早期的红高粱里边，其实他的爱国主义情怀，大家记得有一个小丑似的人物，然后去举报莫言了，是不是？万历寿年，万历寿年怎么了？暗夜，你说链接里，然后价格已经是最低的一个价格了，所以说可以直接拍。半夜说的168是吗？是168链接吗？对对对，万历15年就有了。然后莫言你就会知道，还被他们举报，说什么我就这样的，荒唐的事情都有。但是他一定是没读过莫言的书。因为他要是但凡知道莫言的书，不管是在生死疲劳，在丰乳肥臀，还是不是都是为了我们大义的人士。是不是莫言在提起来这些卖国贼，提起来这谄媚的小人的时候，他们的下场也非常的是不是让人解气。我们莫言在前期的时候，他的创作肯定是跟余华他们的好是有一定类似的。但是后期我们拿到他的创作的时候，其实莫言的犀利就已经开始展现出来了。他这个人长得我们看到很憨厚，是不是面向很扇他人性丑陋的一面，然后他用笔来唱这些东西是非常长的犀利的，你们真的去得得少于这些丑陋的事情。这个嘲讽是又好笑面花马龙知道莫言的书读起来是笑的，然后还有一定的荒唐性，是不是因为他整天天天是不是莫言的风，他自己本人在这书里边都是一个，就跟那个副主任两个串联的线索一样，在这里边常常出现。然后来点评一下，如果你真的对于莫言这个有一定的误解，你这十本拍回去看一看，一个创画质的了解，有一个准确的判断了好吧？暗夜的这个万历15年是这版，那他已经拍到了，已经拍到了是吧？对，黄仁勋你知道他这个是不是在国外？他是因为他是美国人，大家知道他是文学家。还有一类是不是黄仁宇，就这个跟明朝那些事一起对比着来看,《莫言全集（浙江文艺版十本系列）》
然后因为王老师从来不说假，所以说的话我在这里给大家说一价格的话正好是因时间，所以才有的这个价格。错过的话就是他们在搞这个活动，等一年了，我说他们旗下的这个图书大家都可以去看一下，包括刚才王老师讲的，就是我们专门给大一个文学作品，对吧，莫言的跟刘震云的都是阳光老师专门给大家带来的两个作品。然后包括我们大家平时比较火的想要的我们的少年中国地理，然后历史是一群喵，都是今天直播间的专属价格。所以说喜欢的大家可以看就可以了。好吧，我给大家强推一下。接下来这个今天有几本我先跟大家说一下，如果你们下午是不是还要咱们这些场，跟你们说一下今天要必拍的一些，你们想万年下了莫斯科盛世。对，这个是咱们的今天重磅，还有这个卡夫卡的这个，上次那个是不大不小点的，还是谁？莫斯科绅士是咱们今天必拍的哈那必拍是这个，这个是我今天放在也能看出来，大家以后看预告有点门路，就是顺序拆的是这个。大家能看到这个书封面比较旧，有没有？你知道为啥旧吗？大家知道为什么斯通的这个数救了，因为这是我的书，我书架上我背着说自己架子干嘛，这个都黄了。你看这两个，还有这仨好吧？朗读者莫斯科绅士人，今天是必拍的，必拍的哈利波特。你看一下哪个版本？这个一看本身就是那个只出了我们彩绘，那个是没有的对，中英双语万知道，就我卖一下数万，昨天那个组合中英双语是有的。对，12号链接英英汉对照是有的。对，万那个是怎么样了，万。替我慢一点，我已经把歌绅士拿走了。好吧，你们咱们直播间这些，就刚才我说的这几本好吧，然后我们再上一本。之前我也去了，叫什么去观光去了，没想到是对中英双语的可以加10，也可以减85。我看一下，我给他看一下，没关系，对。我家养伤，我说这碗怎么了？好吧，大家看一下，刚才我说的是你们必拍，然后给我我一起要来的这本南方与北方，这个是真的是这周转了太多才要到的。对，万指导还说中英双语剑玩到手307。拜拜小哥给你看一下。对我可以我可以给你看一下那个时刻。大家看我手上这个南方与北方，就是南方与北方。我强烈推给大家的原因是，如果大家只是读起来英国文学的时候，只知道简奥斯汀，这个有点窄了。跟简奥斯汀同时代的有一个作家，咱们不能忽视，就是盖斯凯尔夫人。我记得我们今年还是三月份的时候，三八妇女节专场的时候给大家提过，他们自己的文学里边是不是有一个学术论主角。他们在他们研究的是历史上有一些女作家写写代表作的这个作品,《南方与北方》
但是那里边就提到谁的这个作品不能被忽略。这一本南方与北方是我司是我个人非常喜欢的一本书。他跟他讲的故事，其实是一个平衡的傲慢与偏见。大家知道傲慢与偏见讲的是什么？是贵族的男女是吧？伊丽莎白是啊他们这个国家？然后他们的这个困扰。但南方与北方讲的就是平民的爱情故事。这个根不一样的地方在于就是它距离我们普通老百姓的生活更真傲慢与偏见不在达西跟伊丽莎他们两个人能看到的场景都是什么？是舞会，是闹小别扭吧？是我们说要be a lady，就是你一定要成为一个力？你要一个男的，你要成为绅士，是这样的一个都是这种听起来很风花雪月的一些。风花雪月的，一个人不一样，它的主人公他的主人公这个。两个人在交流过程当中，还把工厂里边这些底层就是为了一日三餐，为了养活自己的孩子，为了给家里边挣一个口粮，为了能交得起即便是的房租这样的故事穿插进去了。这两个主人公是底层打工的，但是这两个人一个是落魄的中女儿，一工厂的新任的小工厂主。他们两个认识的时候来到了，因为一个是来自南方，一个来自北方。到了这个地方，贵族们其实是不喜欢来小镇生活，因为我们说棉纺加工厂到处都是烟尘弥漫。对于这些喜欢风光秀丽的铸造城堡的这些来说，这些桑顿他们这一家就是这个男主人，他们开工厂的这些人，他们生活在这个镇上，其实是没有见过什么贵族小姐。所以这个女主角到来一开始是敌意满满的，他们互相一开始是对方也是一个不食人间烟火，一个非常服是不是？在相处的过程当中，大家会发现他们两个更势均力敌一点。林场遭受了经营不下去了。但是桑顿其实是一个挺体谅底层老百姓，给到这些老百姓一些工作养家糊口的那这时候女主人公就拿出了他自己一部分继承来的，帮助他把这个工厂爱下去。所以这两个人也都是为了争取他们的这个利益当中消解了彼此的矛盾和争议。我们知道南方与北方在其实是一个一个书，但是人民文学已经出了个好的版本。南方与北方这个版本就是新的一个名家翻译的版本。大家看到这里边的翻译是翻译家，它是精装名家翻译的。大家也出过一系列这样封面的这个紫色的颜色一片，而且它是有声书，大家可以在后边扫这个码。他这个书的内容跟样的来看一下，它是非常的厚实。上来就是正文两个故事，然后你的你读书的这个目录都在这里边，一共分为这个两都在这里边是浅的,《南方与北方》
你说南方与北方，名家名义的这个白，还是那句话，你们拿回去，南方向看跟这个偏见，跟傲慢与偏见有什么区别？盖斯凯尔夫他是就是大声就有点特别奇怪，是不是盖斯凯尔夫人因为人了只能跟着父姓，是不是她丈夫叫盖斯凯尔，所以他就是盖斯凯尔夫人能体会到18几年这个时候，当一个女作家就跟沃尔夫说的想要有一是不是很多要有足够的钱，还有一间属于自己的房间是一个样子。所以我们说盖斯凯尔夫人写了一些知名的南方北方BBC，拍了同名电视剧。就是我跟我说，大家拿回去这本书跟BBC那个同名电视剧搭配着看你就和北方那个电视剧拍的完全不下于BBC傲慢偏见。你们回去比对一下是吧？我以我的人格单，然后你看完这个再看一下那个地区是更打动人的一个，北方这个要下来非常难的一本，真的。对，因为我们直播间为大家带来的这种文学作品，是因为不是日常在直播，可能都是跟出版社他们去专门去要的，所以说的话可能就是听一次少一次，就包括像刚才讲到的事，所以说大家喜欢就可以直接入手了，可能链接也不会上，其实就有链接没库存了。他们知道台北是吧？这时候就没了。然后最近我们你看之前未来的卡勒德胡赛尼的曲，那不勒斯是都不上了，你们自己去看一下，30块钱。拿到一个文学经典，你们不要再提起来英国的这个浪漫爱情贵族这种经典，不要再只是是不是傲慢与偏见这种了。你们看一下南方与北方只要有这本书超出，就是这本书相信是不是这是一个有脸面的告他们是不是？我有一个盖茨凯夫人，如果你喜欢傲慢与偏见，喜欢简爱，理智与情感这样的书，你说我给你推一本傲慢与偏见，夸你。对，你居然知道是不是你就跟你说我们推荐一本南方与北方，就是这个才30块钱，真的很值。包装看到没有？他是名家翻译的，而且你们去查，你们去查一下，这个南方与北方翻译的就是他自己翻译的版本。因为这个书在国内确实不知名，所以没有太多出版社他管的书出版社？也不会找什么新的翻译，还是给大家出的是经典的翻译版，对吧？不大不小跟他们推荐一下这版。对，然后所出现的文学作品组合去大巴会更优惠一些，因为是满3减80这样的一个活动。然后这个活动的话是因为浙江新华他们四周年店庆，所以说的话有的比如说大唐兴亡300年跟明朝有一个然后今天搭配一下的话，满减正好是凑够我们这个300，然后可以减80。这是很很优美。大哥，好吧，你们真的拿回去搂一眼，直接去拍就可以了。我们对大家去看一下，我给大家最期待啥都要,《南方与北方》
我如果有空间的，真的是？真的这回要的很不容易，这场要输要的真的很难。是不是要一个没有一个。对，因为你们知道出版社现在在各个平台上卖的肯定都是人家畅销话题，都是像这个热门的一些卖家的新书。像这一类的是不是都是希望我们各区对真的强烈。我跟大家说这期要的书真的太不容易了，然后你们还是那句，以后真的也不会每次来，是不是我都能给大家带着十几种全新的书。你们自己想想，这个出版社也是每次我要说的时候说王老师为什么要一些没有保存，然后这做链接都很难的这些，因为他们希望给我们一些搭，是不是也是有热度，然后你们一直也不稀缺，也不需要我来给大家推了，所以你们良苦用心好不好？看一下好吧。今天基本今天预览里面那些书单真的都是值得你们回去之后留给他来我们上上一个之前点名的版本，之前有专门的讲一下年轻人的新晋偶像卡夫卡。最近我发现后来小高把那个火的点发给我了，我才发现说卡夫卡是打工人的嘴替，是吧？买了再剩下的怎么买？我Q一下小陈，小陈回一下，这假神奇校车是他们卖的。好了，就说了目前只有桥梁把好吧。来卡夫卡最近火的点，大家知道卡夫卡的这个，他们说是打打烂文学。现在其实这样，现在才一个多小时，是不是还有一两个小时？因为陈曦刚才已经四本过去了，等会儿我结束了就再办好吧，现在这一套，手上拿这个，大家看一下，这个是卡夫卡100年纪念的版的一个特别好看的版本，特别好看的版本。卡夫卡变形的人的人，精选变形的人。大家知道变形的人是不是肯定是因为我们说卡夫卡它绝对不是大家想象当中那个躺平嘴替那个形象。了解卡夫卡的人都知道，卡夫卡是一个文学博士，文学博士他其实不是大家想象当中那种死去之后才成名的。他在世的过程当中，文学界的人他的创作价值，行，你去睡一会儿，创作价值他已经被认可了。爱欢乐红颜是有的，红颜有的，让我让小高给你弹一下，好吧，红。这个人还是这个作品本身，他其实关注的是一个人类命题的东西，你懂吗？它它的主题不变的主题有两个，一个是对于孙权也好几号，我让小高跟你说一下，我给你上链接，我们给你上一下链接。对于制度的或司法，对于人性的一个批判和审视。这是卡夫卡的所有作品的共通性。也就是说一句话来说，卡夫卡他在为人类的命运担忧这句话这个人还有他的作品思想，因为他是一个非常伟大的人。50号链接，爱欢乐。我给精选的人，之前只上过一次。因为上次辛苦给他们要的时候，大家会发现热情不高，所以就给大家看,《卡夫卡100年纪念版精选（含〈变形记〉）》
大家看到我手上这五本，来一一介绍一下。卡夫卡的多作品不多，它有三长篇小说，这三本美国审判跟呈报具体都讲啥的？我问一下这个不大不小卡夫卡读过没有？课代表来是不是？那多卡不卡的，你们天天冲浪达人们，咱们这有没有读过卡夫卡的？大家说卡夫卡的三部经典的长篇小只看一期，那我觉得你应该买一套都有你没有的书了，关键是这桩真特别偏无本非常高级。你们大家真的非常高级的。我给大家介绍卡夫卡的三部长篇，写的是三部长篇审判美国跟城堡审判，讲的是啥？小职员小职员，小职员的K有一天醒来，突然被法庭安插了一个木罪名，开始了对他的审判。承保城堡奖一个叫K的一个中一个维修工，他有一天接到了一个订单就来到了这个城，就出不去了，就迷失在了这个城堡里。美国十岁的一个少年，他的仆人引诱发生了关系。这个仆人对这个孩子造成不好的影响，就把他送到了。但是他在美国他面临的是一个更复杂长篇，这是长篇。卡夫卡谈话录讲的是卡夫卡跟他的学生，因为他是博士带的这个学生，博导带着研究生回忆起卡夫卡活着的时候跟他们的通信跟对话。然后在这里边的卡夫卡，一直对于人类的命运非常大的忧虑都在这里边。然后第五本就是这个短篇小说合集变，我们知道它的知名小说铭记，它只是一个短篇，不想读的，只是一个短片。说电影讲的是什么故事呢？这个是嵌到语文课本里的，大是不是卡不卡？变形记讲的是什么？来看一下这个里边的朱桢，每一本书都在里边放着。切开这边，都在这里边。变变形记其实讲的亲情淡漠社会，让大家觉是不是小职员有一天早上醒来，突然自己发现自己成了一只大成了大甲虫之后，我们说正常人来说是不是就非常惊慌失措？其实第一个想到的是不是他要养家糊口。格里高尔第一次想上班不能迟到，我要是迟到了，甚至银行经理要罚我。格里高尔的作为养着他们一家人在上班的时候，受到了他爸爸、他妈妈、他妹妹的尊重跟理解。信他成了甲虫之后，也嫌弃他给他们丢人，生怕他被别人知道。他成了大甲虫，就经常对他冷言冷语。有一次他出来有一次他出来想要跟家里边人砸东西，就给他往他身上扔苹果，一个苹果把他的甲虫壳给砸出了一个裂缝，就一直欠在了他的这个裂缝里边，直到什么发言死在了工人是一个这样你就会发现卡夫卡在这个变形记里边，把亲情，这个小人物他的不容易都写在了这里边。格里格尔是讲述的就是这种荒诞。因为你会发现城堡美国跟审判他们的故事在变形记里面其实都能找到一些,《卡夫卡100年纪念版精选（含〈变形记〉）》
有是不是有审判就什么都不知道，自己就莫名其妙被法庭安排了一个罪名就审判。那格里奇妙自己就不只是卡夫卡，在他的作品里面展示出来的都是他对于人类命运状态的。靠卡夫卡是一个你说他是荒诞一个作家所谓的荒诞就是他的故事不按常理出牌。我们说如果你要读一个来除了变异，因为这是短篇核心以外，你可以阅读的是城堡。这个城堡它的小说里边你看比较简洁，比较适合我们中国读者的一个。意林的这这套纪念版是今年5月之前，你们让我给你们一个，今天上了，我看大家如果还是不感兴趣，以后就不上了。对，这是最新的一个一天天天天想要。卡夫卡还讲了，卡夫卡其实感兴趣的人也不多，这以后就不讲了，真生气了。是啊，你们谁没有赶紧的给我拍一套回去。而且其实近期的话卡夫卡就是热度比较高。如果去看那种很多书店陈列的卡夫卡的展会，有比如说别的书店什么都会卡夫卡的展，所以说也是热度比较高。然后王老师就是来科普一下，给大家讲的卡夫卡都是一个比较摆烂的一个存在。其实卡夫卡是这样人是一个世界文学大师，对不对？对，因为他是一个大事，你们但是他只是挑一个一两句，然后说卡夫卡是嘴甜，他不是嘴甜。你要知道，他是一生殚精竭虑，他是属于思想是真的，是为人类在担忧的一个人，他的境界很高。所以你们如此讲了，我发现听的人也不多，买的人更不多。不讲了，浪费我感情。好吧，再再给你们说一遍，今天这回拿的书都很不容易，好吧，这些书都不容易，每次跟大家来都上一些不重复的书，然后出版社那边都是非常冷多的书的，就拍回去好吧。因为你们愿意听，肯定是对于书这个事情还是挺喜爱的，对不对？对，还是对于文学是有品味和喜爱的。好好听你的开心。还有一个就是今天的活动，我再给大家预告一下，我们也不是预告了，直接跟大家讲。我们大家可以看一下右上角我们推荐这几套的书。然后大唐新华300年跟名创电视搭配的话，满300是减80的。这个是我们今天浙江新华书店年店庆，才有的一个活动，具体的一个教程我也给大家，所以说大家看到那个小黄车里有这个满300减80的这个券的，直接去下单就可以了。行了，我们接下来就依次进入到我们今天的重磅的一些书了，好吧？然后刚才我们第一本，我强烈建议大家就是刚出版的这个新书。是真的，没必要。这个卡夫卡的我刚才说了，如果你们买回去，变形记那个都是已经入选了教材的，肯定是无了。但如果你想读他的长篇，我们就说文风会比较简单，干练一点,《卡夫卡100年纪念版精选（含〈变形记〉）》
来对我们的王老师这必拍的一些书再来上一上。对，第一本就是这个江城，不大不小一定知道他看到我今天预告的江城的时候，是不是他就说全是这个好书。这个江城就在我讲之前，大家赶紧去找。真的，大本书说在这个榜单上读书，不是一个类的榜单，是所有读书的榜单。何伟所有的书都读过，是不是？大家不笑真棒。大家知道何伟，他说的何伟就是这个江城的作者。他之前在埃及生活了，因为是中国四川的，不给他续约了，他只能离，然后搬到了全家，搬到了还有在埃及回到了美国。美国给他安排的是纽约客的继承作杂志记者的工作。他是一个重是啊妻子是中国人是中国人，他生了一个双胞胎的女儿。姜是何伟跟中国结缘的第一本书，六年就还不怎么开放，他就跟着一批志愿者，这些志愿者是中国政府跟美国政府打的协议，就是美国政府那边会有一个外教的一个团队来到中国，会支援咱们国家的一些教育。这个是何伟96年作为其中的一员就来到中国，他到哪儿呢？涪陵是在哪里？是在重庆一个小山城，旁边是会有一条江。所以茯苓因为它是英文直译的river，它江城这个是何伟用英文写就的书。他在重庆涪陵师专教英语，滨江对在他教英语的这几年，何伟在什么？正好那时候三峡大坝要建成了。但咱们都知道，建成三峡大坝沿岸就搬迁。都知道他爸一续水要淹没齐家园。所以我们政府就启动了一个人类历史上浩瀚的何伟所在的这个老城，就是大家看到封面里的这个配置，就是在要淹没的县城里其中之一。所以何伟在江城里边写的哪几类人呢？首先写的就是涪陵师专里边那些学生，家境并不富裕的学生。培陵师专并不是一个什么好的大学，所以能考上这师专的人一个是他是早期的。大家知道今年大学生是非常值钱的，非常值钱的那他能考上证明一个是家里边对于教育这个事情还有一定认同感，另一个就是他已经是大受教育。是这样的，何伟在跟他们的教程当中，一接收到了思想的碰撞。因为那个时代思想接触到的不像现在你的手机信息那么发达，世界的个体的信息内容是没有的。所以一个金发碧眼的，每到了一个小县城，只有一两个外国人在这个地方，那引起了当地的居民的轰动也是很大。加上何伟的中国话都是跟我们的小商贩，跟四川的一个中文老师的那他写的人群就是老师跟学生这样的。那里边阐述的问题都是一些思想，还有社会意识性的问题。这是一群，还有一群何为书写的是小商贩，这个就是面临着要搬迁的秋天故土难离的这些人。另外一部分写的就是这个酵母记何伟这种你的偏好的特别喜欢这样的中国文化,《江城》
所以他们闲下来的时候，他就他喜欢跑步，就满山遍野的跑步。看到一些中原那个时代的一些标语，他都还是让他感慨的。就是很快这些就要在江水之下了，是就是三峡的蓄水这个事情，这个历史了。所以还有为什么中国读者非常买账，是因为何为非常稀缺的一个人文关怀？在这里边就是他9几年的乡村的时候，用的笔触是充满了人文关怀的一个笔触。它不是我们大家看到的，可能只是浅层的笔。河北是真正的深入到街头小巷，跟中国的地方来交流。而印象很深的就是要搬迁的一对老夫妻，他们在嘉陵江上是不是依靠着嘉陵江乘船，那他们想象过不搬迁，这个可能这就是中国的。性格里边因为是百年大计，是不是三峡大坝建成了之后，这是一个，所以我们中国的老百姓是建设这一个方面，但是他们其实面临的故土难离，这个情感肯定是也要宣泄的。所以江城的老百姓们坐着离开江城的时候，这个场景我们中国人来眼眶就会湿润。因为我们说顾虑这四，就是我们中国人会对于故土难离这一跟外国人不太一样。因为外国人对这些人家就是啊有眷恋，这种是完全不一样的。所以何伟在写的时候，他其实简单直树起来了这些人的情绪，他们夫妻之间的对话，还有整个大家上看到的所有人，眼含着泪跟自己江城告别的时候，那个场景就已经让我们在哭了。所以我们说很多读完江城之后，还有一个好奇的点，就是城里边的这些主人公的变迁。这也是后来后来又回到了中国教书的时候，在他自己的纽约客专栏上写过的一些事情。那何伟最近那何伟委托中国的他的这个还是他的译者问一问，说他的心有没有可。所以我们说我读何伟就是不大不小，都知道何伟的书它珍贵的点在哪，它是所有的，他是少有的，真的是比较客观中立的视角在写中国故事的一个作家。而且他的文笔，我们说我之前有个文风就是白描，这个也发誓难，因为他翻译李雪顺是大学生。就是他的也都是他的学生知道他老师写出来的，想要意愿是什么，给他翻译出来的。所以我们把何伟的三部曲，大家知道除了江城还有其寻路中国。这三本在读书圈子里边是很知名的一个三部曲。一是这个概念你们去搜一下，搜他在我们中国的文学史上是占着一席之地的。他是上海译文非实这个非虚构系列的一个纪实文学王牌。对，而且现在的这个版本，大家能看到河北的这个江城，目前所有的都是这个版本。27块钱拿走何伟的这个单本。如果你喜欢这个文风，回头后续去补他其他的书。何伟的没有结束是吧？因为他对中国是抱着非常深的感情，然后他申请了,《江城》
那段何伟吐槽那一段也是因为孩子的性命要出问题了。不大不行，是不是何伟开着车，是不是在北京郊区带这个小孩医院里面去看病，他是关切。所以我们说何伟聘了学的教授，然后来中国教书。他把孩子跟老婆都带来，这还在成都安了家。还但是后边各种各样的问题，他的他并不能续约。所以何伟就非常遗憾地离开了中国。离开了中国之后，一直一直在关心着中国的一切。所以我们说这两本书，我建议大家这两本书一起拍回去对比一下，你就能把一个知识就是一个知识分子。上一代我们说老一代的分子，他9几年来到中国，对于中国了解，有三十多年写下的关于中国的故事，时代变迁在江城。还有一个是不是93年初是我们新时代，中国他写的中国是已经是我们疫情期间，这些中国已经是不一样的一个中国。这两本笔记下一个学了中文，用中文写的一个学生，一个在中国还教过大学生，几代大学生的一个教授写出来的。关于中国有什么不一样，你就能更清楚的知道中国现在在国外外国人的眼里，其人文化冲突、社会冲突，还有这变迁里边变了哪些，不变的是哪些。对比一下这两本比一下看江城这个是你没有，放一本的，看到没有？他们完全热了，预预言预感以后江城不会再出现，就是卖完就卖完了，所以后续能成为绝版书籍考虑这个是因为他已经很久了，因为我们中国没给他续他的合同是吧，他也算是中美的摩擦的一个牺牲品，所以他的人生很唏嘘。对我刚才也是看到这本书的话，就是在纪实文学里其实是排名非常靠前的，基本是首推的这种评分9点1分钟。还是那句话，我讲你们可能只是故事。你去看一下这个书纸，去大家去看一下好不好？知道你的书架缺什么了。对，然后我也给大家放在一号跟二号链接，然后就是对这两本书感兴趣的，大家可以泰国人越来越最近尤其中国开放的大门来来这个浅层观光的人多静下心来，真正带着思考跟中国人交流，能还能留下一些。我们中国人不起来，是不是让我们有所反思？书真的不多，何伟的大家可以去大都都是读过大陆，问一下身边的这些人。何伟在尤其在这个年代，80年这个大学生心里是一个绕不去的存在，他的地位非常的高高他的高他这个人是不是做了什么惊天壮举的事儿？是他用他的甲骨文江城，其实寻路中国给我们中国人自己留下了一个时代的思考。这个难得是难难得在因为即便是我们现在中国作家们，其实也因为他都是非虚构的纪实性的文章。所以何伟的珍惜都在好吧。下一本了，这本的话刚才直接就下了莫斯科绅士这一本书，大家可能听过的人不多,《江城》
莫斯科绅士这本书创造了一个奇迹，就是它是这个作家的第二本书，而且这个作家才四十多岁，目前他才四十多岁，但是他已经成了歌绅士吧，拿到了文学地位上的一个通行证。莫斯科绅士这已经是我们国内的第二个榜了。这本书出版社是营销上做的也不够，以至于很多人都错过了这一个好书。大家可以看书的厚度，非用一句话来介绍一下莫斯科绅士，就是他认起来最像电影的一个。这是故事，你读完之后可能会跟我一样，第一反应就是太适合拍成电影了。同名电视剧正在热播，大家可以去看一下，现在在播，也是在九分以电视剧。莫斯科绅士讲的是什么？大家知道吧？罗斯托夫是这个时候的主人公，他是俄国俄国的一个老的贵族。在俄革命发生了之后，他作为一个老的贵族就被当局给逮捕了。因为他贵族的时候曾经写过一本书诗。这首诗进步思想不够，就被当局以思想不过关，然把它官场的对面大都市就大就真将军不得外出。也就是说罗斯托夫伯爵这一生不能离开店，把他勾上他的故事，就从这儿起，一开始就是审判他，给他判刑终身不能离开大都会酒店。他刚开始在阁楼上一个狭小的空间充满了一生。如果他的一生离开这个大酒店，你想想我们的医生，如果你。一个屋子都出不去，你会充满望是不是？罗斯托夫伯爵他也是充满了绝望。一段时间之后，有一天台上要自杀，就是觉得这个人生已经没有指望了，索性被他朋友救下来了，然后就开始劝他说何不利用一下自己在这个酒店，然后又在酒店里边做一个排班，相当于酒店大堂经理这样的角色。因为他对这个酒店了如指掌，所以反正他也出不去，反正就终生住在这个店里边。这个总经理给了他许诺，让他安排这样的接宴会这样的一些工作。罗斯托夫伯爵有了生活的动力以后，因为他干了，然后他就开始接触各个形形色色的人。他在大都会酒店里边做侍者，做大堂经理，这样的过程当中见证了整个俄国历史的变迁。我们说俄国变迁之后，后来他们也是社会主义国家，对吧？来开会的高官，来那大明星来外交官是不是来访问俄罗斯的这些外交编。他们在这酒店里的一举一动都在人这里边，有虚伪的，有真诚的，也有因为伏地绅士的打动，成为了终身朋友的这样的人。我在大都会酒店里边这一生当中，他自己收获了朋友，收获了自己的生，收获了终身挚友,《莫斯科绅士》
发现大都会这个酒店对于伯爵来说就是一个小型社会，它就是一个跟生活在一个自己的小型国家一样，他也在面临着衰老成长，面临着这些人心，对不对？莫斯科绅士作者在写这本书的时候，你会看到他的一张一张的这个结埋下了重要的伏笔。在他一开始软禁的一个被动性接受性的人，到最后就是他为了这个养女在酒店生父找到了自己才是人姿态。他从乐观到最后养女得到了一个去巴黎演出的机会，她不愿意去。那罗斯托夫伯爵告诉他要去，为什么呢？一定要去，因为他已经想好了，是不是他要逃出酒店的阁楼，要为自己的人生后半部分找到一个自由自在的空间。所以整本书你也能看到有谍战，是不是有温情的成分，有励志的成分，当然还有精神层面这个成分。所以最终莫斯科绅士要告诉大家的是什么样的时代和困境，你要学着。胎盘成为一个有尊严的人。这样的一个故事，十万字读起来非常的流畅。大家去看一下的评价都是停不下来。就是因为你的故事性太强了，然后他也是少有的现在这个作家才四十多岁就已经用非常乐观长篇长篇巨著。我们说每一个作家他有自己的擅长。莫斯科伸手作者他新书也有叫林肯公路，有事儿你就忙，叫林肯公路，林肯公路是他第三本，回头我们有机会也给大家讲讲。莫斯科是他几十万字，大家心里边都老绅士人格。所以我们说大家喜欢这种治愈长篇，又有点爽文性质的这种长篇短片。它不是，它是最很新的书都可以带上，因为它很漂亮。这个是新版的莫斯科绅士了，旧版这个比这个要简约一点。现在流通的那个是没有库存的的版本，这也是我们今天主要想推给大家的本制造商。掏一下腰包是吧？雨水禅心掏一下腰包，不掏腰包，王老师来了不掏腰包，老师一程没办法义务讲书怎么办，是不是好了，我就夹带私货讲疏是吧？真的，非常好看这些书云水禅心你看一下这个书是非常好多都是精装珍藏的版。你们就一本影业好不好？就是一本都在买，就用时代经得起是检验的，都是我实验过的好不好？对，像那种很经典的书，王老师会教给大家一些长的版本。对，这种书的话广布，但是一般人还不知道。那王老师就会觉得，就是我觉得读很棒，推荐给大家，让大家买一本回去。这种的话他一般也不会出收藏版，要是那种有名的世界名著会出一些收藏版，大家不知道，让大家收藏。对，因为像百年孤独这种你们都知道是吧？但是珍藏版你们也得买历史的。像这种是我个人的审美，就是我个人读过很多，我觉得我希望这本书更多的人知道，所以才选一些书,《莫斯科绅士》
但这本书也都是小众的书，因为读书人都是小众的人，对吧？毕竟读书少数派，这是一个事实。谁现在闲着无聊天天读书，是不是？因为你读书是一个非常好的习惯，但是真的静下心来天天读的人又没有那么多。所以我们真的还是希望把我至少每次给大家上一些，我个人真的都该读，然后就你们上一下好吧。莫斯科山我们要重磅给大家推的来斯通纳斯通纳，这个是这是我架子上的书，给他要来了。但很多人都不知道斯通那是啥意思，斯通纳啥意思？斯通纳是这个书的主人公的名字，整本书讲的这个人他叫斯通纳，直接就翻译过来了。斯通纳的作者约翰威廉斯在在这个叫什么出版界很多人都在强推的一个不同的一套书。你们可能知道叫奥古斯都，你知道吗？苹果你讨厌非常奥古斯都。大家可能听过，奥古斯都是约翰威廉斯一个历史，就是它的确是地位的。但是我私人听过是吧？我私人强推的斯通纳，我这本甚至你不买那个莫斯科身，你也要买回去，好吧？你们整场啥都不买，不听我的，这本你也要买回去。买回去之后告诉我就这本书你读过的感觉是什么。因为这本书之后，这是你其他的，你可能觉得这个内容好像我不感兴趣或者是新书。你们真的，你看不大不小，他所有书他基本上都有，还是说他要买，他送人家，就是你要送人，你也要买这本书。今天整场要送人或者还是干啥，我指这本，也不用选。这本大家看一下我的预告，我直播预告的时候让小哥给大家发个书单。第一个是什么？这个是不是就是大家以后看预告的时候，有看啊这个单子的顺序，购买的顺序。然后你是用一句话来讲，他讲的就是一个普普通通的普普通通的小镇青年的小镇青年考到了城里边上大学，然后在大学里边读了研究生，读了博士，成为了一个普通的老师。然后普通的结婚生子，非常普通的婚姻，将普通的一份婚外情，又非常普通的伤离开死去的故事，就是斯通纳这个普通到所有人得到的都是自己的影，你懂吧？就是思聪娜他们家里边这本书非常的简单，没有任何冲突的情节。威廉斯从一开始讲起来就是斯通纳这个人，上来就告大家，约翰威廉斯通纳是191理大学，那年他19岁。八个春秋之后，正当第一次世界大战搏杀的时候，他获得了哲学博士，拿到了母校的。此后就在这所大学教书，直到1956年死去。这个开篇这一句话就是所有就是整本书。斯通纳19岁那年正在家里边跟父母种地，然后听说密苏里的同学新开的秘书，就跟他19岁的儿子说，这个你还是去继续读,《斯通纳》
我读过书的父母根本就知道大学能教给儿子什么，就是因为觉得可能种地需要一些新技术，然后让斯通纳去大学。斯通纳进了大学之后，一开始也是进到了农村，穷到没有钱住宿舍，他只能在他表哥那个农场住在人家跟动物、跟牛、跟羊住在一起，帮表哥为早上上课前喂牛、挤牛奶、喂羊，然后换住宿的一个这张床位。所以斯特纳天天非常疲惫，思聪是本人疲惫。读完书之后，因为他很认真，老师看出了他的潜力，就告诉他文学史考虑要不要读个研究生，要不要读个研究生，读不来了。我自己的择业到最后告诉父亲，说我不回农场，不种地？我决定留在这个。他是一个是萎缩的一个人。大家能体会，你在看到这个人的时候，他是一个被生活，被社会一边捶打，一边在找寻自己村的农村孩子们，读大学的时候都是这样的一个状态，就没有人说我上大学的时候我已经对自己的人生忘了，对不对？即便是你不到社会里边，被这个社会驱赶着一步一步走着，其实你对于具体自己人生要什么，你也是个罪。所以是的心他的精神状态，他的生活状态是我们普通人所有普通人感到之中。成了这个助教。是不是有一天去参加一个遇到了他的妻子，他就很木讷的去求婚，去上人家家做，想要取人家跟人家双方父母见连连他的爱情啊都降临的没有任何水花，就这样降临了。我在大学里边几个朋友参加了战争，然后巨大的战场可能就平遥遥直上，平步青云。但斯通纳有这样的一个状态，他妻相当缜密，甚至他生下了一个女儿。有然后有了婚外情之后，妻子也没有大吵大闹，是一方面那一地鸡毛的数落跟他过日子，一方面又是不相往来的，没有任何精神交流。所以斯通纳在有了跟这句话，很多年前读到斯通纳这本书的收纳，约翰威斯一下是我永远忘不了的一段话。爱情是什么？我给大家找一找在哪一页，然后你们就知道，这里边的语言让我非常的震撼。就是他跟他老婆度了蜜月回来了以后，他发现他老婆他们两个没有任何精神的，我看没有任何人重叠。斯通纳以为他是经历过爱情的人了，他是真的感慨，原以为真的是经历过爱情，他会发现他没有。所以我给你找一下这段话，就在哪一类他对于爱情的一个感慨。对，然后我们王老师在找的时候，我跟大家再说一下我们今天的活动，喜欢的就可以直接去下单。我们直播间的朋友们在四周年的店庆，所以说的话直播间有一个满300减80的一个活动。然后搭配组有的话大家可以看一下右上角大唐星这个搭配的话也是可以享受的。前面几个的话是300就可以享受这个满300减80的这个活动,《斯通纳》
然后是我们直播间也是比较热门的几本书，大家喜欢的话可以直接去下单。包括像王老师刚才讲的这本王老师必买，就是真的需要必买的。我我怎么我你看我忘了那个句话在哪一页，是不是王老师这书刚才就是我拿上来的时候都已经泛滥了，那是我书店上的书。我看一下他的爱情，很多书的话就他们会给他签个什么，因为这是我书架了，我看就是斯通他对于自己原本以为他是感受到了，但实际上你没发现吗？他的妻子跟他在一起之后，然后冷漠了之后，他就开始，然后他在一个女孩里边找到了，但是这个感慨是她我真的我在哪儿？我给你找找，谁给看看你们给我在哪一页，在哪一页？除了花满了，我可能黄黄我也不知道，唐婉娥也不知道吗？不是这句话，是我想给大家对我要给大家分享的这句话，让我留作业。那你们猜一下，你猜一下那句话是我要给大家分享的，是哪句？还是蛮想找到的。对我还真的是想跟你们分享。因为这句话，因为这翻译，这一段的翻译你知道吗？这段的翻译也让我感慨万千，就是这个译者本身在伊德估计对吧？也是让他怎么说呢？可能自己也产生了自己的不找真的是等会儿你们下单的时候我再找好不好？都买完了是吧？真的是不找了，不是一个瞬间，不是那个，是一个他对于爱情发表了一个意见。等会儿我发现不是最后返场的时候，你们挑出的时候，我再给你们找我大概知道在哪几页，好吧？四大都拍完了，再说一遍再说一遍，整个斯通他的人生啊，最后他的女儿回来告诉他怀孕了，他人生又遭遇了重创，是不是？他五十多岁？然后有一天身体不舒服去医院检查，医院告癌症活不了多久。所以就在一个非常普通的一天离开了人间。然后你会发现约翰威廉斯在斯通那里边写的是一个写的是什么样的人呢？杰哥是不是写的人世间我们所有万千个普通人的人生。你会发现斯通纳他这一生基本上没有任何值得一提的事情，没有任何值得一提的瞬间。值得，对，找到了是吧，找到了是吧，在232页，那给你们读一下，是不是？你看还是有的。这二对你看有吗？那他可能不是一个版，没有，不是一个版。不是一个班，是这句，是他说的这句。对对对，有了235页。来来来，我跟你说，你看我们俩执着的，我给大家我给大家读一下，返回到咱们刚才那个感情里边，就是斯通纳她就是满怀信心的步入了婚姻，对于自己的爱情是不是抱着极大的期待？你们都在等一本不行，买两本送人过去了。对这句话记忆犹新，就取到了他这个老婆一次之后，他发现他老婆婚前婚后，跟他说那个婚姻是完全两个概念,《斯通纳》
所以斯通纳是不是吵吵了这么久之后20年炒了十几年，马上他又发出。作者是这样写的，43岁那年，斯通纳懂得了别人比他年轻，在他之前早就懂得的东西。你最初爱那个人并不是你最终爱的那个人，也不是最后一个想去了解一个人。这是他43岁那年，发现他自己是一败涂地的时候，发出了感慨。那作者怎么说他心理变化的呢？就是他突然意识到一个人家早些年人家很多人其实就已经意识到了一个就是你最终爱的那个人并没有一跟他老死在一起的那个人。然后他给他下了一个定义，不是一个结果，它是一个过程。所以你们一下，这个道理就是我十几年前第一次，也是抱着对爱情充满了憧憬，是不是也是情窦初开。王老师是不是也年轻的时候，然后读到这句话的时候，对我的三观造成的冲击有多大？他说爱不是一个结果，它是一个过程。然后你就会想那过程到底是什么？是43岁斯通纳能能意识到的这个理论。我们我们普通人在每一个年龄能意识到是不是那个one是不是？所以所以就把能能巨大的影响，你们会发现为什么要给大家这个出版社这个是啊是一开始小高知道跟我们说没有库存卖不了。然后我就说如果如果我们这场不麦斯，那我们就不，因为就没意思。因为今天就是告诉大家，这本书你们好就是一遍遍，这不是一遍读完的时候你就当真。包装我觉得很高级，它是是吧TONER它就组成了斯通纳的名字给它下来的这本书。然后这本不管送人都是啊，我要千叮咛万嘱要告诉你们的，人生是这个送人也卖，自己收藏也卖，就是这本，然后留住一下，读一下。思聪这本上回我们是不是问一下，你们读完之后为什么还能这么平淡的故事在我们的心里，这是让我读完之后非常怎么说呢？无限的怅惘的一本书。我这我的友善是悲伤。你会发现斯通纳，就是我刚才说的是的是窃在他身上没有任何下任何印记，他就也在这个并没有什么华彩的篇章，对不对？虚无人生你所很多你可能觉得非常重东西放在这个里边完全是不值得。一我想象当中非常难的一些人生难题，在别人看来都能在这里想得开的东西。最近网上不是在流传一个事情，就是你生理上的生，就是所有的价值观带来的。所谓的价值观带来的就是你你出身体出了问题，生理上的其他的烦恼完全不值得一提。你看完这样的书，就发自这样的感慨，是不是很普通人要经历的一生就是在这里边你感受到好了，留作业了，好吧。没拍的赶紧对，没拍的大家可以去直接下，包括跟你们莫斯科谁是谁没听着，对吧？果断向莫斯科绅士斯通纳跟这个朗,《斯通纳》
你今天朗读者来朗读者这个朗读者朗读者，董卿的朗读不是董卿的朗读者，但是董卿节目的朗读名字的出处是个人家，就是他的灵感来源就是来说有同名奥斯卡电影，女主人公凯特温斯莱特大家知道，小李子泰坦尼克号女一号她拿知道是吧？拿到奥侠女主角朗读者这本书是史林克斯林克这个作家做过很多说知名的朗读者，讲的是一个很沉重的故事。大家就如果想觉得是一个问题，朗读者。驾驶者德国人在见了很多，我们说审判集中营罪犯。这个故事里讲起了朗读者。大家把这个版本大家看一下这个设计，他把朗读打掉了。悲剧，这是一个悲剧。败者胜败者，一个在逃避自己的懦弱，一个在逃避自己的良知，然后一个用自己的一生在一生在求原谅。小高没库存了，我想再补一下库存。就是畅销了这么多年，为什么能成？是因为大家知道它的内核的一个故主人公是14岁的少年，在碰到汉娜，汉娜是女主人公的时候，情窦开了一眼就被他称赞。因为汉代那时候三十多岁的女性特质并造访。然后瀚娜也并没有因为她是14岁的少年而低看，他反而用自己的母亲开始教这个男孩成长。不仅是精神上，肉体上也是，他是这个男生生命中的第一个女人。在这个过程中，汉娜性格比较沉闷，那一次而来，就是给他读书，就是替他朗读这些名著。在他之下讲朗读了战争与和平，给他付个朗读的过程，充实了自己的这个内心。直到有消失了之后，男孩成长成了一个法学非法等。在参加一场声势浩大的审判，在被告体席上，他再次彭肯纳。这时候汉娜已经在了被告席，他的身份是什么？是集中营的看守，那是在什么？那历史在审判汉娜的人看守手上要经过这些人的性命，对不对？一遍遍的多少个人在他上流水线的死去。但他你说他七这个行刑了吗？也没有，你说他无辜吗？好像不无辜，对不对？所以问他的时候，你什么汉娜都会，法官大人如果其实也是作者来拷问读者，是如果你处在汉娜，因为他是他也没什么技能，那必须给他安排一个看守的工作，平庸的是不是的工作，你说你有拒绝的权。小小何欢说他在算满减收费，拍光了再给他降。对，然后满减的话像何安我跟你说一下，你要看一下他那个链接。有，就是只有浙江新华的品牌有，就是像王老师讲的，直播间就是暑假了。对，是专属假，但可能不合法。就把王老师十几本加起来，连这一套已经把你的驾驶这个减8是用掉了。小小和大家说一下，今天参加活动的王老师现在推荐的就是莫言的测刘震云的，这个可以直接减，就是按一下那个右下角直接去看就知道了,《朗读者》
对我给大家讲故事，我们讲到了汉娜，她被拉到了审判席上。这时候男孩看到是震撼，是不是因为他这么多年离散了之后，他其实一直在找寻他是你拍的对，是单版本。像他那个我们左上角这个头可以认他汉娜其看出来了他是这个男孩对吧？但展示出来的羞愧感让汉娜的自尊心，所以他也没有跟他相认，是不是？而且直到我们说站在席上跟他一起受审的五个人，其实汉娜的发现，关门这样的一个职责，其他几个人最近给党员局报告打小报告，说哪些不听话，然后被拉出。是这样，庭上问汉娜的时候，这个报告是不是你写的，汉娜就坚决地承认了。承认因为法庭说你不承认我们的笔记承不承认黄鹤楼知道对不对？被判终身监禁，他不承认，他是个文盲，他没有读过书，一生一生这个事情是他他自觉最大的缺陷。所以等到我们读到这儿的时候，前半小男孩我给他读书，做他的朗读者，是因为汉娜要她这个就是他的在这里他人生所有的自尊就在不识字这一宁肯死刑保住这个秘密可能就是秘密。所以在跟男孩重逢的这阶段，他被判判了终身监禁。这个男生知道了这个秘密之后说话，他如果站出来点出来，他被受到减刑，他没有。所以他的残酷他就找到了汉娜，给他录一推，给他寄成这个磁带寄给汉娜，就来自己的这个录像带时光里边表现的非常好，这个钱为他自己赎罪的一边，所以他就得到了减刑，在过程当中也不相待，学会了书写，学会了认字，学会了写信。但是这个难题读书的音频袋子直到有一个电话，汉娜行，要释放了，知道把她安老太太了。太太我们能不能给他安排一个住所，安排一个工作什么的。这个人发现她其实也愧对于汉娜，所以他就打这个事儿。在他跟汉娜约在公园见面的时候，看到汉娜已经不是低中三十多岁那个风韵犹存的一些女性了，她已经是耄耋老人，头发也白。他脸上露出了对于汉娜成为一个老人的作者在写的时候写男生第一次闻你的味道，就是我们老人味儿，知道吧？他闻到非常迷人，大家知道是不是就死刑，他都不讲出来他自己的秘密，所以他看到他最后多说什么就飞下了他，然后就住到了他给他安排的里边。但是准备这个闯监狱里边再次打来的，告诉他汉娜已经去世了。因为汉娜绝望的在那我们回顾我可以给大家讲的主题是什么？至少在这里边想要找到，我说我我就说你我想要原得到世界的，原谅我想要，但是最后你会发现找到了吗？没有是不是？就是他接触的过程当中，你会发现几次懦弱这样的一个境地。91次懦弱让他判了无限5,《朗读者》
再次他已经年纪轻轻十多岁功成名就的时候上了绝路，悲催吗？逼上了绝路是不是？但是他在讲述这个朗读者过程当中，是不是娓娓道他其实也还是回来那句话，如果大家我来问大家汉娜的罪是什么？大家知道他其实背一些不该背负的东西，他的他唯一的罪是什么？是不是时代强加给他的，是不是不大不小说的那个普通人无从时候是不是？比如说我们提起来社会里边务工的时候，我们就会说沉默这个事就是不发生本是恶。这个是比如说语言暴力的时候，粉头发的女孩网暴跳楼自杀的事，但凡语言的参加过这样的人。所以我们说朗读者要给到朗读者给大家的是你自己要在读这个过程判断出精神层面人时代，这个不写的那东西你要自己算。因为这本书在被翻译成五十多个国家的语言，畅销几十年。然后我们说文学的评价是他是德国文学史上绕不开的一颗璀璨的明珠。就是你读德国文学，然后你想要读一些，可能因为德国文学很多，但是你看讲述人性书那么多朗读，大家发他的角度就把文学把阅读这个事情给所以董卿在央视开栏目的时候，为什么这个事情叫做朗读者？他就是直接引用的的书名。这个朗读者被西方发觉，是不是就拍成了电影戏剧，这些必非鱼，臂非鱼。咱们都知道人性写人性方面写人性方面深刻的一个人，你把这个他是不是网费？我刚夸了，你是不是鱼水禅心，你可真大声，拖出去。唐老师已经很久没有去了，很久没有因为越P对生气，居然敢剪出这种。我刚才说了没，今天你们三本要拍的斯通纳莫斯科生气这好不好？长点心，好吧。毕飞宇是怎么说的？时候毕飞宇说要读到好的小说，欲哭无泪的。就是你想哭，你的情绪涌动，你不知道埋怨谁的时候，这就是好的小说。他说他在读到斯汀克的朗读者的时候，第一次对这句话有了这么深的体会，所以在自在很多小说里边写的也是这样的人性故事。但他也没有达到人家这个高度，是不是因为他把这个人性放在一个这样的时代里边。就今天朗读者，大家去看一下，行文非常的流畅，为什么呢？因为这是名家翻译的，沈锡良这个名家这个版本，沈锡良这个名家他不止林克的这个朗读者，很多的书，sweet审计上翻译的，大家可以去查一下。这是一个知名的德国译者德的译者，然后他们翻译了很多德国的文学的书的出版社，都给他做成了畅销。因为他的文风，我们说非常流畅，读起来你能把欲哭无泪，这个文风能给他不要不要学这个云里禅心这个畅，你要看到这本书的又又是精装珍藏，他还说结局气人，要退掉，赏他五十大板关小黑屋,《朗读者》
我回头让那个谁，小高查一下，你们谁没有这本书，是不是我就好吧。刚才人家都噼里啪啦买了，你真的不能退，听见没有？看一下这本书都不能说了，这一期的书我要的很艰难，你们退了对得起我吗？我今天真的是要这些书有多难？我跟你说你十块钱看看有这样链接吗？你们自己去看看是吧？货比三家好不好讲，关键是有这种链接吗？根本就是挂都不挂像带货那些人他们都不知道，他们怎么会剪，他们都没听过。是不是你选品的时候可能做了个梦说这本书好，那不可能是啊，那怎么可能有呢？这都是这是我的书，教你自己想想，是不是你没有十几年读，怎么可能有这么是不是？所以我跟你们说了，我跟你们要书都说我你们不要卖这些冷门的书了，是吧？比真的我就是只能老脸跟你们要，然后还从家里背，从家里背，我挤地铁自己跟人家说了，这样这个我求你们给我做以后这些书我自己背。你说我是不是要哭了是吧？以后我都跟人家说了，就是我卑微一点，你们给个链接，跟我们这儿好像杂种，要不就是全年性的读者人文文学这种杂不是这种单本的这种更新的乐器，还找什么杂志？对，我们只有点读者42周年的四文学也有。文轩有的，那是40周年的40年典藏的收藏的，我给你看一下，有谁知道他们把读者。这摩羯你看一下，它是每一个边路的40周年42周年典藏版。它是把读者里边每一个栏板块、生活版、成长版卷给你分成了四本。这是他42周年的时候，读者原来画不一样。这79.8块79块八是吧？四本录了收录的是名家的那些短片。对，也是比较经典的一个。然后这个就是我的那种，不是我们这，我那种你得在杂志设定，那种你得在杂志设定，我这儿是没有。我万万来了，花满楼说减了，杂志铺对你得在杂，因为出版社出了，他们杂志社在这出杂。这个再再来两个来刘震云的留在那个链接里边。我们给大家推的，刘震云全六本收藏也是满300减80的。今天这个套装有啊，今天那个潘金莲、花木兰花木楼这套是不是已经收藏了？这六本是不是已经收藏了？就是今天的两个套装，我们直播间专属价格也值一两单。什么我跟他们说一下，这是哪个直播，怎么还放音乐。外边有活动，谁谁干的music谁干的？王老师还在上钟吗？突然流出来，音乐也响，就是一个很激荡的111，泡泡来了，泡泡来了，泡泡我们都要吃个泡泡，今天都是很不一样的。泡泡这个要这个泡泡。今天爸爸在哪？莫斯科绅士，今天上了都全是新的，是吧？我都今天卖了一天的惨了，知道这场的书要起来会有多难,《读者42周年典藏版》
一句顶一万句跟大家讲过，大家练云的精选集，六本3减80专场是189。大家看一下，这个是我手上，但是hello泡泡，刚才我给你说的三本，记得拍一泡泡。好像好久不见，但是好久没没来了，是不是你们书架这回要拍的时候记得，这次好久不见，真的好久不见。这回见完，咱们下次见，又是半个月以后。对，因为王老师知道吧，下次咱们就是七夕的专场了，今天再给大家送一本架子上的书，好不好？以后真的出版社说了，我被出版社数落的，我都不敢找人家要了我们的书了。人家直接给咱上专属假，给咱寄书。然后发现如果有这种流量的大书，对不对？因为出版社生存很难，是不是？大家因为你听过的这些书加回去，然后你就一下就好了。好吧，今天有活动，再顶1万句，你顶1万句。也就是我们底层是不是刘震云他自己，作为一个河南成人故事的时候，把一人的一生，想找一个有话说的人这个主题展示出来。再回过来，看着的非常好看，是不是非常棒，非常大家回过头来，风幽默风趣的翻过来，再看一下刘震云的创作风格。他其实就他是语言幽默的大师，他对语言的非常的简单，带过刘震云的一些片段，不管是节目片段还是他的一些片段，目的背后我读完他的读过他的一些几本书，你就知道其实是冷漠，知道吧？你能看出来他现在洞察如此深刻，以至于他的嬉笑表演，就是这个人知道的太熟了，所以每次出来营业，他真的是营业不带任何感情的真情实感都在哪里？都在书里边。就是你听完我这句话，再回去看看他出镜的时候，原来终于打动他们心的话，他们就回过一句，非常用挥出非常刻薄的话，讲出一些冷漠的话的人，其作品我手里边拿的这本一地鸡毛来说一地鸡毛，有粮有粮，一地鸡毛。天，这个就确实没几单好吧？其实是啊咱们直播间的朋友，大家知道，你说读我们中国作家写人性非常的深刻，鞭辟入里的，尤其是写我们家长里短的这种苦。就是刘震云震云，也获过很多国际重磅的大奖。你讲争夺的风头很盛的就有刘震云，他也能拿，他的也是时间能沉淀下来的那一地鸡毛。看到这个英文名是不是叫啥？炫耀一下，谁英文比较好。根据他的英文，看到没有？你们只是看中文名，有时候是不是我不是潘金莲的英文名。大家看一下刘震云在讲这个故事里边，我们说一鸡毛。它的这个鼓起来第一感觉是什么？我们说这是他早期的一短篇小说合集，他在点在北京他的地方，自己闷头写下的这个短篇小说集里边，读完之后是苦,《刘震云精选集（含〈一句顶一万句〉〈一地鸡毛〉等）》
我们说余华的书，你们读完之后两个字儿是不是苦难？他的书只是苦，没有难懂，懂吧？但是他也没有要你的命，这个地步不是什么苦，是药，你没发现吗？你命都没了就丢掉了。但刘震云的写的他就是苦本身。然后现在我们说人生在世，是不是哪还没有吃苦的，都是要吃苦的。所以他的苦讲的是你磨要要你的命苦，是不是？委婉是不是？所以我说我很少给大家念书，因为我刚才他跟大家说了，刘震云的是就是堵的慌，对吧？就是你读完之后，你变得人性就是分寸度，妖魔鬼怪一眼就能看穿，一眼就能看出来。99对于人情世故也是很绝望的，嬉笑震云的讽刺跟嘲讽，这是他所核雄心思想。他又是个语言，那他可以逐渐有吗？你问一下小刚，在我们说一地鸡毛这里边，主题一地鸡毛讲的是什么故事？大家还记得吧？讲的是单位的小小富饶。看他们这个标题没有top，某一天早上丈夫起床买了周一正常，我们对，又又没库存了。泡泡小哥一刘震云的这个就确实又少库存是吧？又有库存了，一个库存，现在就差就剩两个了，爸爸又要吆喝你了，加库存。机关单位丈夫再买个豆腐，买豆腐回家之后忘了放在冰箱是吧？下了班之后发现我搜了，那你就炒了这个豆腐放在冰箱。然后这个丈夫就觉得这么小的事，那我明天冰箱不行吗？说那天你怎么开口起来的，是不是真的你就头大，为什么？因为你跟自己的丈夫老家是不是一样，我们当下我就翻旧账是不是？然后琐碎的开始就就开始打起。家里的保姆也不称心，我上班做4个小时的工公共汽车我也不称心。人家别人都能送礼给小孩选一个好的幼儿园，你就不能能耐互相之间只剩下了埋怨吵架。平凡的世界可以，你看一下价格，只有在直播的时候才70，我们一下播他就是98。是真的，大家谈过恋爱，结过婚的都知道，像一地鸡毛。为什么取名一地鸡毛？一开篇是不是就一地鸡毛？保姆孩子上学送领导，领导送礼怎么来点儿单位机关算计，全是啊这样的。然后好不容易从农村考到北京，有一点是去农村孩子，农村的穷亲戚们隔三差五老北京，然后就说就看不起你们那些穷亲戚。不是因为我们家是旅馆，听没听过这种话，是不是？如果你家里边是不是你有过这种。有的有的可以直接下。您看一下右下角的那个层，然后您去那里下就发现他他就是一地鸡毛，看上去是一个豆腐印夫妻之间的争吵。然后其实整个故事讲的就是他们结婚、生育、养育、上班打工，人情世故，就非常非琐碎的一地鸡毛的故事，我们说讲的基本上全是这样的故事,《刘震云精选集（含〈一地鸡毛〉等）》
但特别的地方是在第一天塔铺塔铺就塔铺，这个故事讲的是塔布，就河南叫塔布的等恢复高考，这些人一起来到塔铺这个学校，就来想参加一下中高考的事儿。那这里边来的一些人，有家里边揭不开锅的，只能给一些馍馍咸菜来这儿读书的，有一些已经接子想要缙云这样，家里边寄予厚望的，这里刘振宇从部队复员，其实他挺像老杆来这儿复习的。这里边有他的这个同学里边有一个人比较特别，就是他情窦初李雪莲名字是不是来这本书，女主角跟我叫啥？看过的女主人公讲了，不是课代表。刚才不是说你要讲潘金莲了吗？女主人公叫啥？李雪莲对不对？所以你会发现很多人我这是这是很多人刘瑞云在他的一地鸡毛早期短篇故事里边写下了他跟李雪莲，李雪莲是一个跟她产生了情窦初开。一个父一个父老。有时候你只要嫁给我，我就给你父亲看了。他俩本来约就嫁为人父，成为一个农村这样的一个双方抹眼泪的一个故事，对吧？就哭起来了。这样的一个故事被人打官司，后来他总觉得李雪然后半生被他自己牵挂着，那应该怎么办呢？写出来的这个我不是潘金莲这个女主人公，就是一地鸡毛。阿布里的女主人公李雪莲发现了吧？宇宙是不是主人公出现了潘金莲大家对不对？漂亮的农村主妇李雪莲的利益不就不跟他复婚了。那女的了对他就很很她就要个要个公平，她就开始要个说法。那她老公污蔑她是潘金莲，所以李雪莲这20年问了一句，是不是我就要证明这个事儿。但是在她要为自己洗刷谣言冤屈的时候，她的老公抱到这个池塘里边就淹死了。所以你会发现故事的结局，他是不是潘金莲这个事情，是潘金莲的，说20年想要为自己的名节讨回，这个也是虚无的。是不是就一开始假离婚，这个又没有库存，没有库存，那刘震云这个。,《刘震云精选集（含〈一地鸡毛〉等）》
