﻿original,result
有的时候都值得跟大家分享，分享就是这个样子来的。具体的文字有图。因为如果你要去看人文社的，只是人文社的话我们之前有过这样的一个版本，它就是纯文字版本。但是木木手中这个版本的话，除了限量带着很多的一些工艺感浮雕、刷边之类以外，还会给大家配海量的这样的插图。也就意味着你再去看到某一些文学历史或者建筑的时候，艺术作品的时候，你不是脑袋空荡荡，或者说你还要自己去查阅的。他会直接给你引用其中把很多涉及到，比如说像恐怖的、侦探的、解密的、悬疑的、追捕的、言情等等？一系列的这些关键元素融合到一块给到大家，所以你看的时候也不枯燥乏味了，这套书可以，因为木木都说了，单本这个咱都得要百十来块，就一本书，这一本书都得要这么多。但是这四本书你带走是五百多，只有3000册，现在只剩下最后几十册了，因为现在不是此时此刻出来的。对，魔点的书确实是这么回事儿，没办法，真没办法。朋友们，所以如果有正儿八经喜欢和需要的朋友，咱去入好不好？密码讲的是什么？密码讲的是你可以根据它的提示，然后去你把它理解为是通关有点带，你把它理解为是自己再去参加这样的密室逃脱一样。当他一般情况下丹布朗的小说一般情况下，它的开头都会有一个就是这样的谋杀案开始就有一个案子摆到你面前，由他开始去破。达芬奇密码就是这么开始的，馆长意外的死亡了完事儿之后的话，他的尸体身体是摆成了达芬奇的一幅名画。摆成名画之后，他在他的身体的旁边，还有对，那个不敢提，木木是不能提这些的。在他的世界旁边的话，他是还有留下其他的线索，也都是跟一些艺术作品建筑？各方面的学科都是相关联的。所以你需要去层层的去挖，跟着他去解密的这种感觉。他的书都是属于这样的，悬疑类型的，而且是知识类的。悬疑类型在看的时候，它像故事迷宫一样，能够让大家学到很多的一些知识。就是大家在博览群书，你看他的时候也会觉得有一种被学到的感觉，他真的是学到了感觉。之前有读者开了一个玩笑，他说我发现这个丹布朗的书，你必须好像要拿着那个百科全书，你一定要去边看边翻阅才能够去找到答案的，所以大家才会称它为是知识悬疑类的小说大师，就这个样子的，总共400本书，四不是四百本书去了，四本书总共有七百多幅的插图放到里边含金量，这套没有周边了，没有能有书都不错了。朋友们，能给大家找到书，哪怕只有30套、50套，木木觉得说也是值了，真的值了。书籍再加上凸起的浮雕的这样的一个刷边，再加上摊平没有问题,《达芬奇密码》
而且是大大的开本，纯制纸张的印刷，人文社的一个纪念版本多好看，中学生也能看。这个的话咱就不挑。好，这是咱们这一套对吧？说起如果说诡丽幻谭和这一套哪一套建议大家优先入的话，木木也会建议大家整这个本草图。没有，也没有人找我要。这个是你要看你是哪家的是吧？哪家的好多家都有，像国土有像这个紫图，他们家好像也有。高中生当然可以看，高中生说不定比咱更擅长，因为有好多估计都是他们更加熟悉和能够掌握的知识，而且他们在里面也能够学到很多的知识。初中生看可能会有一点点的烧脑，但高中生看的话，那是刚刚的。好啊，这个就是咱们的这一套搭配名画对吧？又是艺术完了之后也可以把它理解为是欧洲绘画艺术的入门指南。一般的存在。因为你在里边能够看到超多，就比如说像刚才说到这个达芬奇密码？这样的卢浮宫的这个馆长临死前脱光了自己的衣服，把自己的身体摆成达芬奇的这样的一个名画，躺在那样的一个地板上边，你所看到的就是这个样子。在旁边还有难以琢磨的一串密码，你怎么去破译？那就跟着他的脚步慢慢的去打开神秘的面纱。好了，这就是咱们的这一套。知识储备不够的话，咱就跟着学呗，是吧？看到哪儿的话咱去翻，你不要被他就吓跑了。朋友们好看的书咱也要多接触，是不是？有的人说看不懂百年孤独，但有的人说百年孤独也挺好看的，对不对？所以这个跟每一个人的阅读的积累量都不一样。小助理再给大家安排三套，木木暂且跟大家分享到这儿。对，边看边学，不设限制，我总共就二十多套，木木总共就二十多套。一号链接给大家补了三套，刷新之后可以去带走小贵但值得的一套书籍，限量3000册，现在只剩下最后几十册了，就没有了。对对对，就是看三体的时候，其实木木反而看电视剧把我看的有点懵，小说可能还反而更那啥一点。有两本有了，但是没有图，这是带图的，而且人家是一个整体是吧？有了两本之后的话，你再去翻看，之前看过的话，那感觉可能就不一样了，又不一样了。你看木木也有，我还不止这一本，我还有新的没有拆的，都有的。他他他可以带走李白传，李白传李白传的话今儿个肯定是没有的。我们之前有跟大家分享过杜甫、李白、李清传、李清照之类的传记。今儿晚上没有好，今天晚上没有好了，这套暂且放旁边儿，我就先放这儿，我感觉待会儿估计说不定还会跟大家介绍。那个书架，对，书架还行，主要是书太多了。是不是好了？冰箱贴好了，是不是？来喽，漂亮的小物件来喽。看看价格对不对，我害怕它的价格不对,《达芬奇密码》
木木瞅瞅看价格，加入购物车，加入购物车，两个一块入OK，价格没有问题，来吧。朋友们，一号链接别着急下单，要要带带两个。因为拍两个的话，它是直接给大家有一个店铺的券。这个的话跟木木无关。这个就是人家有这个券儿，咱就用就行了。丁香贴木木去到一个地方我都会买，都习惯了。但是博物馆系列这样的冰箱贴的话，暮珏说还是挺精致好看的。比如说像手中的这一个系列，给大家来瞅瞅，这个是维多利亚女王，它是这样的一个博物馆系列带给大家。比如说像木木手中的这个莫里斯的草莓小偷，一个主题很漂亮，旋转这个地方就能够把它给拧下来了，色彩很美，翻转过来之后干干净净的。它用的是实木，用的是实木给大家来做的双层的，而且是这种凸起的质地。因为如果是单层的话，它就是平面了，只有双层能够去做到，对吧？没有草莓小偷了吗？没有的话就没有了，没货了，这里有木下和独角兽。我都没有拍一套，居然有木下。我看一下，还有这个。更勺叶也有，这个有玫瑰也有，我都没有木箱。穆夏和独角兽你就直接那啥一定是两个一块入。朋友们，因为你单个买的话，他就是三十多，只有两个一块入的时候，你会变成四十多块钱，四十多块钱带走两个千只万只。这个冰箱贴真的是超级漂亮，木木手中这两个颜色可以给大家展示。目下的话就只有这一个喽。沐夏的话就是黄道十二宫的，正好是大家非常喜欢的。天哪，这个也太美了吧，独角兽也美啊。真好看，这个是波士顿美术博物馆，然后这个博物馆系列的给到大家，真好。好久没有刷到了，是不是没有关注木木，是吧？好久没有刷到，这不是刷到了吗？挑自己感兴趣的，两个一块入，多次强调一下，早就关注了。那可能是系统没有推荐。加入购物车，然后点击一块付款，它就不是单个了，是两个带走四十多块钱。大家可以根据自己的喜好去看，全部都是实木的一个冰箱贴。有的时候咋说呢？就是小小的一个小配件，会增加大家的生活的幸福度的那种感觉，对吧？给对象买的钢笔都快成儿，真的吗？果断拍了目下，拍了目下加独角兽不能是单带目下，拍了一段目下凑齐六个了，我也要拍两个，因为我没有那两个真好物兮物他们家的博物馆莫里斯系列都很好看，大家自己去纠结，选择。不会掉色，就是你用手触摸的话，它也是很重工的，拿到手也不是那种轻飘飘的。因为本身也不是塑料质地的，人家就是这样的木头质地的。你看这是木自己买的，对吧？自己买的冰箱贴，像这样的金属质地，咱好歹也得花个，反正没有50块钱是下不来的,「废话」
我记得应该不是68，就是八十八，就这一个冰箱贴。但是这个感觉不一样，咱去景点消费的和咱自个儿在直播间里面给到大家了，那肯定不一样。所以今儿晚上的话，大家可以根据自己的一个喜好，正好有四个选项，大家可以去选择黄道十二宫，就是那个穆夏的主题和独角兽的主题也很好看，但是我没有我没有，所以待会儿木也得买，也得买一对儿，下次才能给你们展示。要不然现在木木就可着？这个更勺叶和玫瑰，其实这两个主题也好看的，一个是绽放的玫瑰，然后一个是这个跟我的跟我的颜色不一样吗？我看看，因为我面前我没有灯。我看一下，我感觉肉眼会更好看一点。我觉得我手上估计他拍的时候反光了，我觉得我手中拿着的这个颜色会更好看一些。其实也不是差好多，差不多买了一堆买了一堆送同学，你看看是吧？我们但凡去一个地方，你就很想那啥。实物更好看，它的图我觉得没有手中的这个实际的对手手中更好看一些，更加的好看，或者这个角度会不会更加真实一点。木木给大家来试试看，我看一下。估计这样看着，因为这个地方没有光，这样就相当于是大家新出的能动是吧？那就更好了。好像能旋转，好像是啥的对吧？这样看着好看，拿过来这个对上焦，这就是肉眼看的一个角度。此时此刻摊到大家的面前，好看的，是不是这俩好看，都带了，没有办法做选择了，朋友们对不对？好不容易遇到这么好看的文创，而且性价比这么高平摊下来就20出出头一个冰箱贴还是实木，这么重工的博物馆系列的对吧？入了一套一定是两个一块入更划算一点，因为它有这样的券。你单个买的话就是三十多，没有优惠。三十多加三十多，本来是六十多的，但是他减完券之后就变成了四十多块钱。你拥有的是这俩当然可以了，你送人的话完全拿得出手。因为人家是这个样子的包装，把它还原一下，就比如说我把它给登上，是一个小小的盒子这么来去装着的。小小的盒子装上它，镂空的就这样？当做一份小礼物，送同学、送同事、送朋友都可以。然后这个就是绿色的同色系的，而且人家还温馨提示，旋转后取下，你就把它旋转旋转，旋转完事之后的话，它就取下来了，就这么简单明了。都好看，这四个都好看怎么办？大家可以先带两个，先带两个，实在纠结的朋友，你把四个都带走。实在纠结的话，哎呀呀。好了，拍了四个。对，不做选择。我也是建议大家可以直接入四个的。木木都没有集齐，买了全套的吧？嗯买了全套的朋友是大多数,「废话」
我看一下加入购物车，我刚才加的是啥？我加的是这俩，我先把它加入购物车的，待会儿我又给忘了加入购物车，一块去入。真可以，真真的可以。你两个一块儿，两个一块儿。对对对，可以拍多多单就可以了。好，这个就嗯呃是吧？那这样还蛮好的，就是你拍完一次之后，你再下第二次单，他都还有优惠券，对吗？那就更好了，就更好了，就是这个样子的。全套对，全套走起，全套走起，要不然的话你心里边会气儿。我跟大家说，这个是木木自己收到之后，我都跟小助理说，好好看好好看，这个冰箱里好好看，瞬间就觉得说之前自己买的冰箱贴也不是说是逊色，但是多多少少是有点勤奋，有点勤奋在里面的，要不然的话也不会花重金去买，你知道吗？但是没办法，你去到景区里边，你去买到这样的冰箱贴，它就是88、108的都有是吧？有还有更贵的，三五十的你看不上的，根本看不上。但是我们就是抖音的话有这么一个线上的小平台才能够集中的跟大家分享。也不错，感受一下好不好？精致的小文创，刚刚走进直播间的朋友们都可以看看木木手中的这个冰箱贴，它是博物馆系列冰箱贴，非常的漂亮。有更勺叶，有玫瑰的主题，还会有那个穆夏的黄道十二宫的主题，还有独角兽的主题，每一个主题都很好看。但是你别着急买单个单个不划算。再次强调，因为木木还是看到有朋友买的单个的，单个是三十多，对不对？你买两个加入购物车一块去付款，它会自动变成四十多块钱，也就意味着你估计就加了几块十块钱，你多拥有了一个，就是这个样子会这更加划算一点。你拍完两个之后，你琢磨着那两个我还想带你再下一单就行了。你不用四个一块，你是两个一块入，这样的话更加划算一点点。实木质地的，都有这样的小礼盒装着的，对吧？有券的话那就更优惠了，对不对？但凡有券的朋友就更加优惠了。下边会提醒大家，轻轻的旋转之后，你就能取下。怎么个旋转法呢？手握住它，往这边旋转，直接你看就取下来了。取下来之后背面也是干干净净的，带着磁吸的吸到我们的冰箱贴等等的一些不那个冰箱上边这些地方都没有问题,「废话」
你看而且是双层的实木的，打磨的比较光滑，用手这么摸起来它也是不硌手的，这种感觉的精致小巧对吧？Rose玫瑰主题的，然后还有这个主题的笔记本啥时候上？笔记本你说的是好看的那个吗？今天只能给大家上亲和剂的，亲和剂的咱倒是应该没问题，能给大家上，对吧？亲和剂的能上不？想着实木男方会不会发，木头那也没有办法是吧？这个木头你是你不管是啥，那家居、书架那些那都没有办法说六个全，它它还有这个，但这个没有货了，这个没货了，等到有货的时候，到时候让老师给我们加上。还有一个是石榴，鹦鹉石榴和木木手中的那个草莓。小偷就是这个没货了，哪都没货了，所以大家别惦记他了，等他有货的时候，木木给大家安排。我这么来看，蓝色其实也非常好看，对吧？但他没了，等他有的时候我们再加上，然后包括另外一个鹦鹉石榴，那个木木也没有。到时候的话你再去入那两个，又刚好能够组合成一个搭配。因为现在都是2两1块入的，对吧？都是成双成对这么来入的，就不耽误，记住有这么一个就行了。等大家收到，收到之后我们再来复购好了。对，被卖完了，真没了，早上就没了。蓝色不行，红色黑色行，是不是行？红色、黑色给大家展示一下笔记本。刚才有朋友问到的这个，现在是有库存的。分批发的那估计下两单分批发还是咋的？期待大家收到木木手中这个的话是清和记给大家做的一个活动。点开之后的话，大家可以去看一看，性价比比较高，我看一下能够单独买。蓝色的它跳价格了，所以就不建议大家入蓝色了。蓝色价格不对，它变成79.9块了，所以大家选择这两个就OK了。一个是红色的，一个是黑色的。黑色主题的话打开之后它是时光日记，比如说我们去写日记，摘抄好词好句都可以的。红色主题的话打开它是一生挚爱，红色记账，写情书等等都可以的。这个也拍过了，那其他的本子木质我感觉好像没有啥新货给我，是吧？最近好像我们没有到啥特别的笔记本。对，没有到新的笔记本。1088页能摊平，因为是锁线的布艺装，真的都是布，这些都是布做的。翻开之后那页纸张分成了好几种。比如说有这个样子的，它是小方格的对吧？这边的话它是横线的，然后中间的话还会有这样的空白的，这个就是空白的。然后包括还会有比如说行事历的安排，待办事项什么之类的去书写都没有问题。就是你真的一个本子用一年你都不用去换它，这种感觉沉甸甸的大砖头似的，就是这样的亲和剂。他们家专门做做这样的本子是比较擅长的,《亲和记》（此处根据文本推测应为“亲和记”相关的本子，若实际名称有偏差可能是因为文本表述不清）
真的，他们家做本子目，从最开始他们家的偏爱笔记本，然后到现在7788的小王子笔记本，什么山野主题的笔记本可多了，非常的多好。这就是咱们的这一套带给大家，大家可以自己去看一看，选一选。反正蓝色跳了就不带它，黑色、红色可以供选择。黑色的话它是比较不挑，你怎么看都行。红色的话因为是一生挚爱，对吧？这个主题的话可能就看大家喜欢的了。之前就是29.9块，一直都是29.9块，从他拿给我们就是29.9块，所以木木觉得说性价比挺高的。今天的话有好多的文创性价比都比高。文件袋，文件袋还有吗？穆夏主题的总共就只有十多套了，这个也是卖光了之后的话，得等他的下一次补货了。穆夏主题四个文件袋，4个19块9，四个。这个有一本是79的，你就不用管它。我的故事的话它不是书，它是笔记本，全部都是横线小方格，你可以去书写到了笔记本。终于来了，是木终于开播了，还是你终于等到了木像的周边？总共是四个，但是他是打乱了给大家发的，反正你收到的都是穆夏主题的四个这么大的A4纸张大小的。我们平时打开之后，你可以去夹任何东西，比如说一些文件，记的一些账，或者说琴谱、发票啥的。然后这就咱们这玩的真久，开播了，开播了，只要大家别忘了木木就行。下个月木木还会带着大家去上海书展，我们实在憋不住了，去出去透透气，去书展带着大家溜一圈，看看有没有什么好书，对吧？这个的话在一号链接，大家可以自己去瞅瞅，看主题性质的，然后拍完也得等下一波了。丹布朗的话在这儿，你看我就知道一定有朋友刚才错过了丹布朗。但布朗的话，来来来，这套书是限量的，只有3000册。具体是不是一版一印的？我再给大家核实一下。因为人文社之前他出过丹布朗的书，这本就是人文社出的，人民文学出版社出的，我再给大家核实一下，不是一版一印，他是二三年的时候6月6次印刷了，就证明他用到的书号是跟之前一样的书号。庆幸，要不然的话丹布朗姆觉得说这个价格他应该也是刹不住的对吧？适合初中看的，初中看的看古文观止，古文观止、诗经，包括y tif门罗脑洞三部曲。门罗脑洞三部曲在小黄车里边那套非常适合中学生、小学生都可以看，会长很多知识，而且非常有趣的一套书，还是刷边的，颜值很高等一下拿过来给大家看。先看木木手中这套书，这套书的话是丹布朗的作品集，而且是人民文学出版社出版的，并且是限量发行3000册。但是因为这套书是去年出的，是木木无意间我自己发现了，定价是七百多,丹布朗作品集（人民文学出版社出版的限量发行3000册的版本）
这套书划线价是七百多，他没有以划线价给大家，已经算是非常良心了，应该说能上架都不错了。人文社自己都没有了，全部都在磨点魔点。他们家拢共也就几十套，给了木木二十多套，给了咱二十多套。丹布朗已经是他们真的是竭尽全力了。丹布朗的作品为什么有那么多的朋友喜欢呢？我们把这样的一位作者叫为知识悬疑类的小说大师。悬疑就悬疑前面加了个知识，是因为我们每一次去看他的作品的时候，都有一种我很想把百科全书抛开，因为它里面涉及到的面太广了。明明是跟你去说，一个探案，一个悬疑的小说，但没有想到的是你跟着他的脚步险象环生。还能够学到各科的知识，涉及到文化、建筑、科学方方面面都是有的。比如说像达芬奇密码里边，说到的对吧？就是卢浮宫的这样的馆长，他在临死前脱光了衣服，把自己的身体摆成了达芬奇的一幅名画。由这幅名画开始，就开始了这样的破密码，并且在他的尸体旁边还留下了令人难以捉摸的密码。那到底怎么一回事呢？你跟着他的脚步在整个过程当中的话，鸡皮疙瘩平起，而且你还觉得根本猜不到他下一步是什么，猜不到的同时你又根本忍不住想要一口气把它给看完的那种感觉，这就耽误了一直以来就是好看的代名词，他的书没有不好看的。陌陌给到大家的是非常特别的版本，大家光是看他的做工，全部用到的都是浮雕的，用手摸起来都是凸起的一种质地，都不是说只是给大家刷了个边儿，它就像是我们刻章里边的洋客的这种感觉一样，而且是有烫金、烫黑凸起，再加上布艺书籍，全都是布艺的装帧，再加上当大家翻开书之后，你会看到有非常多的插图，对不对？七百多幅全彩的插图，把大家读到的文字背后的非常多的一些丰富的想象，变成直观的、真实的、具象的这样的场景。会有一种身临其境的感觉。就是你不需要去看电影，你在此时此刻的小说当中，你就是有一种此时此刻我就是在跟着他，对吧？下一步我们要到哪里？所以我才说他的这个含金量真的。这是中学生都可以看的一套书。而且在看的过程当中，莫名其妙你会学到很多的一些知识，涵盖面非常的广。真的558，这就是它的价格，没有办法，真没办法，拢共3000册，现在就只有几十册了。就像刚才有朋友，看到还有更加夸张的价格，就是这么来的。所以如果摩点老师不给我们的话，我们也啥也没有。然后木是怎么说的？我说之前我们也推的是人文社的达芬奇的密码，大家特别的喜欢。一直就说要是有一个特装版？珍藏一下该有多好。就是苦口婆心的说完事儿之后的话，最终才给大家安排的才来的,丹布朗作品集（人民文学出版社出版的限量发行3000册的版本）
因为这套书的话说句实在话，有些朋友可能会觉得说有一点点的小贵，但它也值得。丹布朗是真值的，你看它其中随便看一本书就已经赚回来了。大开本不是小开本，每一本书都是有插图，总共是七百多幅图。翻开他就好像是走进了他设计到的这样的故事迷宫当中去的那种感觉一样有趣。环环相扣，知识量堆积烧脑。看到整个过程你会发现我把毕生好像能够去串联的知识都已经串联出来了。这就是咱们的这一套书，在一号链接，喜欢的朋友的话可以自己入。因为光是这一本咱们都要花百十来块。这可是四本，还是限量发行的，这个都有几千册这个对吧？好，这是这一套。然后接下来对，喜欢是喜欢有一点点小贵，但是也没有招，真没有。招木木都说他没有按照729给我们，木木都觉得说已经挺庆幸了，对吧？你说729咱要硬着头皮卖，他也就只能这么卖了。那没有办法，五百多的话咱也只能忍。就像是冰与火之歌木拿出来，你看到这样的特装的版本，他是800块钱，他也只能是800块钱。咱没招，真没招。因为喜欢的朋友会喜欢的不得了，然后就是这个样子的。所以一般情况下你去看其他的悬疑小说，你可能就是图个过瘾。但是看丹布朗的小说的话，不仅仅是图过瘾。打开新世界。好，接下来木木给大家来说说看咱们的小口袋。今天晚上没有介绍到的小口袋开本四大名著。这套的话其实之前在抖音上还挺受欢迎的。木木看到有不少老师在跟大家分享冰与火之歌已经没有了，结束了绝版输了你这套你拍完它也是绝版。亚德马的活动有是有，但是只剩下最后二十多套了。出版社老师打算涨价卖了，或者是说就锁仓了，为啥呢？因为预计再过两个月，水浒传亚东版的水浒传要出来了。所以如果如果大家真的特别喜欢的话，我建议大家你就趁早。趁着木木这儿我们的价格还没有跳的过程当中，因为还有二十多套了，真的只有二十多套了。这是全部的毛边版本了，已经上架了，小助理给大家上了，上了的话那就拍呗，弹弹出来一下子，小助理弹出来一下子。钢笔的话是练字还是说送人，还是追求性价比还是怎么着给木木一个诉求。木木好，跟大家去推荐一下。好，推荐自己写。自己写的话那就那个宝可梦系列新的皮卡丘的那个黑色的，等一下给大家展示。因为木木平时写，太好了。毛边儿版，等一下木木给大家介绍一波，我先把小小书介绍一下好不好？毛边版真的收官了。小口袋有多少掌心的大小？四大名著每一本我们拿出来之后，大家所看到的都是这么迷你的，而且里边是一图一文的，一涂一闻一图一文的给到大家,丹布朗作品集（人民文学出版社出版的限量发行3000册的版本）
关键是闻到的时候，它里边满满的檀香味道，特别的喜欢这套四大名著。它的巧妙之处就在于不是说让大家觉得好像只有小朋友看，成年人也非常需要。因为试问谁能在一个下午把四大名著的原著全部给它翻完？但是这一套小口袋开本你真的可以。你看的过程当中，虽然他不是说把几十万上百万字给你堆到那儿，对吧？但是至少我脑海当中已经过完了。从他的第一章回到第120回的内容是什么？关键的场景、人物，经典的剧情在里边，你都能够一一的对对应上了。而且是有生阅读版本，迷你的开本，每一套书都会有同色系的小吊坠。因为它可以挂到我们的书的底部，它是能挂上的，随身携带也很方便。你可以把它当作小人书去对待，都没有问题的。这套的话就是建议大家一块入，因为其实也能单拍。但是单拍的话是29块钱，29块钱一盒。如果是全套入的话，是99块钱四盒。这样的话暮珏说性价比会稍微高一点点。如果有些朋友想挑战一下，对我就想一个下午把红楼梦看完行，咱看完小口袋开本再去追他的，对吧？那个那个逐本的那也蛮好的。对，一次性入全套的话，它性价比会更高一点点。而且它很香，淡淡的檀香味道非常舒服，古色古香的对吧？又是比较方便的携带版本，它是带动画，又是有声伴读，它是有音频在里边的，平时我们揣到兜兜里面很方便，小朋友可以看，成年人也可以看的。四大名著全都在这儿了。小小的口袋开本其实小口袋开本是培养大家好习惯的一个方法。要不然的话，咱啥时候去把那4座高山给他攀登完呢？难，但在这儿的话至少脑海当中过了一遍也比较舒服，对吧？可以再给大家翻开看一看，翻开之后的话，里边都是一图一文，一图一文给到大家的。你看精致小巧全部都是经典的场景，关键的人物和信息全都在里边了。一个下午的时间确实能够去翻完一个四大名著，几天的时间你能把它看完，这多好。关键是读这样的小口袋开本你没有压力，让你去肯九十多万字的红楼梦有压力。这儿一会儿会儿完事之后，觉得有点意思再去看多好。檀香味道满满的，这就是咱们的一号链接，喜欢的朋友咱可以去带走一套。精致的小口袋开本，养成一个好习惯，它也是值得的对吧？水果有点版本的话没有信儿，有信儿的话木木会跟大家说的，肯定会跟大家安排的，安排的。敦煌遗书那两本，敦煌遗书那两本的话还有三十多套就没有了，就结束了。所以上倒是也能给大家上的，就是真的倒计时了。从之前一百多套、200套到780套，到现在只有三十多套了，就没有了,《小口袋开本四大名著》
好，然后毛边版的红楼梦木拿过来给大家叨叨两句。草鹿设计的亚东版红楼梦，这套红楼梦它的来历特别的牛。因为我们经常都说去看红楼梦的话，两个版本必须要入，一个是批评本，一个是逐本。批评本的话就是知彦斋老师批评定本的就是相当于你看你去看红楼梦的时候，他是带弹幕的那种感觉，有名家带着你看。而我们的祖本，是后来由清代的书商陈伟元和清代的文学家高鹗他们在民间收集整理，最后由无名氏续写完成到了这个40回。加到一块是120回的版本，我们叫做逐本的红楼梦。这两个版本缺一不可。因为一个是基础，一个是进阶式的提升，所以两个版本都得入。而木木手中这个版本，它就是乘以版本的祖本的120回的红楼梦。但是，这套红楼梦里边有胡适先生的，有汪元放先生的，高鹗的、陈美媛的这些关键人物，他们的原汁原味的序全都放到了亚东版的红楼梦里边。所以他的宣传语叫做百年之后重出江湖。因为汪元放先生在100年前率先提出了以这样新式标点的方式，分段做这种方式来去阅读这样的红楼梦。所以鲁迅先生之前说过一句话，他说标点只能由汪原放作序，只能由胡适之出版，只能由亚东图书馆。所以亚东版的红楼梦的话，他真的是爷爷的这种感觉。备份非常高。这套的话只发行5 500套，500套毛边版本里边全都是脱酸纸张，给大家用到的是荷兰进口的七部。一般情况下草鹿他们家只要一出手就没有便宜的。再来侧面都是这样的原汁原味，而且大部分的地方大家会看到它会连到一块儿。这样的纸张不是瑕疵品，是需要大家用裁切刀或者用手把它给分开的。因为这样的话才能够顺畅的去阅读，所以你每翻开一页把它分割开来之后的话，我们再去正常的阅读就OK了。再来还衬的话，每一幅它都是根据不同的主人公的，林黛玉，宝玉宝钗这个样子来，甚至于在她的书籍之处都是对应的有灵芝、紫薇，还有她的这个玉兰花，就是这个样子的当大家打开之后，还有孙文老师的场景画，比如说这一幅的话就是大观园，大观园来还有藏书票上跟大家说到了毛边复古版本的话，那就只有500套。家里边即便你有N多版本的红楼梦，你都不可能有亚东版的红楼梦。因为亚东版的红楼梦的话是出来还没多长时间。他是经由了汪元放先生的家属后代的许可之后，授权之后，才在市面上发行出来的。所以你之前有过的那么多的版本，不可能有这个版本。你有这个版本翻开看一看，光是他的目录，他真的能够把胡适、汪原放、高鹗以及陈委员的序都给大家放到里边,《亚东版红楼梦》
朋友们这个真的是真的是一个，怎么实现的呢？都不知道，你就觉得很奇妙，你知道吧？里边是带着绣像画的，还有人物，有花卉的纯纯的脱酸纸张。脱酸纸张是经过了脱酸处理之后的纸张，比正常的纸张寿命会延长3到5倍。你正常放三五十年，它能够放个两三百年都不成问题。这就是亚东版毛边版本的红楼梦。金边的它数量没有这么少，金边的我们是畅销款，畅销款。但是毛边的版本的话，它现在只剩下二十多套了。所以因为接下来水浒的话，估计再过个两个月就能出来了。水浒现在他们正在这个众筹阶段，对不对？所以我们现在是买不着的，到时候的话也会有毛边儿，也就意味着你你你红楼梦没买，到时候水浒出毛边的，你说扎不扎心，你就逼着自己水浒，你估计只能买个金边的，就不能买毛边儿的，就这个样子的。对的，金边的会稍微小一点点，而且金边的话它的函套是普通的硬纸壳，这个里面做了植绒的函套。如果是普通的金边，它是用的国产的七步，这个用到的是进口的荷兰的七布。金边的话这就是纯纯的这样的金色刷边，而这个地方给大家做的是毛边复古的手切裁切的工艺，就是这个样子的。它都是有区别在里面的，而且金边的话它是上千套，只有毛边版本是500套。珍惜这一波，朋友们，398还能带走草鹿他们家的刷那个毛边版本的，并且是限量500套的红楼梦。亚东版的红楼梦实属不容易，这套是憋憋要涨价的，要么咱现在就不卖了，要么就不卖了。木木都想的是，我们要不要等到这个再过两个月，到时候水浒传出来的时候，它的价格还能往上涨一涨，尽量现在如在木质的话，我们还没有去跳价格，没有跳价格的话咱就带走呗。这么牛的一套？也是必须要不跟大家分享，不分享的时候大家会觉得说他可能就是普通的一套红楼梦，不足为奇。但是一讲之后，我发现原来是这么一回事儿。所以只要是特别喜欢红楼梦的朋友的话，这套都可以入它。感受一下来自于鲁迅先生说的标点只能由汪远放，作序只能由胡适之，对吧？出版只能由亚东图书馆是一个什么样的概念？而且木木都说了，四大名著的版本非常多，但这个版本你一定没有，而且你一定要有一套，不管你是要毛边还是金边的，必定要去拍一套。因为你的四大名著它是公版书，任何一个有了这样的出版资质的地方，他都可以去出版。鱼目混珠的太多了，你都挑花了眼了。木木只建议大家，如果你实在挑不清楚，看两个版本。一个是来自于岳麓书社的批评本，就是红楼梦只有80回，金圣叹老师点评的水浒传只有70回的,《亚东版红楼梦》
因为这样的话，你看到都是有明清时期的文学家、思想家、批评家他们？类似于像古代的这种弹幕一般飘在头顶上带着你去读到的。所以这样的批评版本一定得去入一版，但是只入它够吗？因为如果你家里边有小孩，家长建议家老师建议家长去入到哪个版本，哪个版本呢？人文社的祖本的四大名著，他的红楼梦不再是80回了，它是120回了。它是把成甲苯成一本跟成本一毛本很多的一些版本融合到一块给到大家的。所以逐本也得有。但是如果你特别喜欢某一个，四大名比如说特别喜欢三国演义，特别喜欢红楼梦，那毛边版本它就在你面前。因为木木手中他不是说只是换了一个壳，换了一个？包装给到你的四大名著的红楼梦，不是，它是真正的前边儿你所看到的上中下的第一本，前边一百多页纸张都不是正文，全都是序，都是有与他相关联的人，胡适、陈委员、汪元放、高鹗。他们原汁原味的去放到里边，这是其他的成乙苯、成甲苯跟成本都做不到的，不经授权谁也没办法去印刷。所以草鹿他们家这么来给到大家，真的是相当给力了，就是这个样子来的。好了，这是木木手中的这一套，还是顺丰包邮给到大家，还是脱酸纸张。曹璐他们家随便拿一本书出来，三四百块钱出去了，这是三本书，三本书，而且是只有500套，现在总共就只有二十多套了，对吧？怎么着他都是合适的，划算的。好了，这是咱们的这套，带给大家。刚有朋友说到啥？说到敦煌，是不是？敦煌给大家来一波，来一波。敦煌还有三十多套。来吧，木木手中这套书还有三十多套，不是普通版，是刷边版。但是大家搜搜不到，因为没有人在卖，他没有资源，出版社老师也没有给木木都是过了有大半年的时间之后，我才知道他们自己悄悄的留了一波库存，所以索性能给大家安排，咱就给大家来整上。这两套书都是跟敦煌相关联的，分别有什么样的区别呢？先看这一套，它是敦煌能够叫这俩字儿，那不白叫。我们去到敦煌的话，看到那样的壁画什么样的感觉？震撼的感觉，我的天哪？两千多年前历经千年的传承，体现出来的是老百姓的这种生活信仰在里边。但是看不全，去到敦煌拿不进手机，拍不了照片，风化损毁过后他也不会再给你展示了，怎么办呢？木木手中这套书先看看出处，它是来自于敦煌美术研究院给到大家的，也就意味着出处那那是真正的，对吧？所以经由这样的画家们，他们修复完成之后，为大家首次完整集结，所有的敦煌壁画就摆在您的面前。木木手中的这一套四百多幅全都在这儿,《亚东版红楼梦》
你看到的不单单是飞天、佛像、藻井、华盖了，还有很多有关于他们的生活细节，身着的是什么样的服饰，用到什么样的乐器，舞蹈的姿势是什么样子的，你都能够看得到了。178克的牙粉，纸张不反光，对眼睛很好，而且是超大的八开的一个设计，沉甸甸的两本书，40斤重啊，什么概念？里边还会有非常多的一些大拉页为大家奉送上来，清晰明了。谁敢做这么大的有关于敦煌壁画的书籍，所以必定是源头。不是敦煌美术研究院给到大家了，咱还真不敢这么来给大家展示艺术装裱部你随便放到哪一个角落，放到书房里边，180度摊平都是没有问题。我们可以当做艺术品一般的存在，把敦煌搬进家里边这种博物馆的感觉一样。然后再来除了这一套所有敦煌壁画以外，这本书也非常关键，它叫做敦煌遗书。1900年的时候，敦煌遗书才被发现，那是一个叫王元禄的道士，他在打扫卫生的时候，在16窟发现了端倪。结果之后发现了第17窟里面藏着一个副洞，里边藏着有从东汉时期到北宋年间的七万多卷的这样的经书。但是1900年是什么时候？清末时期风雨飘摇，没有办法得到很好的保护，怎么办呢？只有16000多卷在国家图书馆里边馆藏着呢，其他五五万多卷散落在世界各地，所以敦煌遗书来之不易。因为它是收集到了世界上很多的一些博物馆，包括收藏机构和收藏家手里边的一些作品来呈现其中的，所以它尤为的珍贵，里面有很多的一些经文呐，拓本啊，包括书法作品，经典的敦煌小楷，道德经、金刚经，包括这个庄子，全都不在国内，所以你说只有敦煌壁画足够吗？不够，必须敦煌遗书跟他一块儿，它才是完整的，而且在翻阅过程当中，大家会看到这样的印章，这个印章是什么意思？这个印章是别人戳上来的，他告诉我，告诉我们现在这个东西不再是你的，是我的了。所以里边会有多多少少的这样的印章，大家都可以去看一看，它里边也会有非常多的这样的大拉页，当大家摊开之后，用手把它给提拉起来，特别的气派，清晰明了，是吧？这么长，所以这套书的话确实分量不轻，大八开，不是小八开。对，听着很可惜，遗失的确实也不少。每一套给大家做的都不是普通版，是刷边版本。这是大家搜索都搜索不到，你更别说买到了，你只能买到它的普通版。普通版就是没有刷边，没有限量，更不会有编码。普通版的价格划线价1298加1298 2本，边2600，他的售价是649一本，两本加一块你还是得花1298。在木木这儿的话，我们给到大家是两本998，都是刷边带专属编码限量发行,《敦煌美术研究院相关书籍（含敦煌壁画与敦煌遗书）》
现在总共只有三十多套了，就结束了。所以如果但凡有喜欢的朋友，就是趁着在木木这儿入每一套的话，它都会有一个白色的手提礼盒。这样的话如果大家要拎着送人用是拿得出手的。他直接提着我们去送人了，而且发的快递包裹的特别好，他们家就是里三层外三层都给你裹着，礼盒里边都还给你包裹着一层牛皮纸，特别扎实你知道吧？至少有三层包裹给你包的严严实实的，现在能拍到就不错了。木木自己在半年前我连这个刷标都没有，一套都没有的，结束就结束了，对吧？冷不丁的，所以此时此刻摆到大家面前，这是你去到敦煌你都看不到的东西，就是这个样子。一号链接，我们速战速决，三分钟下架。喜欢的朋友的话我们可以直接捧回家。这套敦煌不会让大家吃亏的，因为我们只要有收到的朋友给到木木的反馈都是我的天好美好震撼。它是一个大扒开，大家家里边的书都是这么大的，你往这么一放，只赶得上它的4分之1了。你看一下它的侧面，看一下它的厚度，大几百页，不是轻飘飘的，40斤重也没有跟大家开玩笑。但是我们发快递不是京东就是顺丰，所以这套书的话大概率都会送到您的手边，也就意味着不用担心说到时候这么重我怎么拿，对吧？我这个姑娘放心，会给大家那个啥的。他们这一点的服务还是做的蛮好的，所以大家可以放心入。拍一套少一套喽。之后的话咱就没有敦煌的这个系列了，老老实实介绍普通版本了。普通版本真的现在大家在哪儿去看，都是649，而且没有边没有编码的。大家感兴趣的话，你可以去尝试一下最美敦煌刷边版搜都搜不到。所以对于木偶来说，我觉得我们今年做特装书也是有好处的。如果出版社老师不是冲着咱，专门给大家分享这样的特装书，人家是不愿意给的，就自己留了对吧？小朱给大家再加两套库存，一号链接刷新之后可以去入了。朋友们这套书是完全可以去带走的。遗书他不是说要看得懂，因为它其实里边都是从东汉到北宋年间的了。你想想看，有很多的一些敦煌壁画，也未必我们是特别擅长。你说有些时候我们可能就是一种欣赏，但也不用担心但凡担心自己说不知道是出处哪里的，在下边他都会给大家备注的清楚。比如说这个是来自于第多少哭的，他的就是基本的一些信息都会给大家交代，其中包括敦煌遗书都是同样如是，敦煌遗书也是这个样子的。你打开之后，你看上方出处标注大小也标注。标注完事儿之后的话，甚至于他现在馆藏到哪个博物馆，都给你标注的清清楚楚楚。你再往旁边看的时候，他才会有他细致的一个信息的交代，就是这个样子的,《敦煌美术研究院相关书籍（含敦煌壁画与敦煌遗书）》
所以如果你对于这样的一幅作品非常感兴趣，咱们再去再去整，再去深挖，再去把他的其他作品薅过来给到大家，就是这个样子了。好了，这就是咱们的这两套敦煌系列，带给大家倒计时30秒钟就下架了。因为这套书其他老师都没有，只有出版社给了木木这一个直播间儿，只有一个直播间里边有这套书。别说直播间了，你其他地方你也看不着它。所以但凡大家喜欢的话，你也只能在木木直播间里边去入了。橱窗你都入不了他，都拍不了它，你拍的价格它也是1298，他也不可能优惠，就是这个样子的，对换了链接了。因为之前的话那个链接好像不知道咋回事儿，反正已经换了，换了链接了，也没有问题。说贵的朋友，木木就真真没真没办法了。木都说了，咱这个没有办法用价格来去评判一套书的价值。一套书我给你，你不喜欢9.9块它都是贵的，一块钱它都是贵的。但这套书的话咱没有把它拆开，649单套卖，木木觉得说我们已经是很给力了。木木想的就是他俩不能够分开，分开之后的话，咱就是憋得649 1分钱都没有办法去做优惠的，而且你在哪儿都买不着它。这套书你两本加一块是2600的。40斤重的书它没有贵与贱，只有你喜欢与你觉得它值与不值。木木觉得说它是千值万值的。好了，下架，下架了，最后三十多套了，大家自己在心里边种种草，穆也实属没办法了。木木经常都说你在其他地方去看到了一些书，你今天看到一个价，你可能过了一段时间之后，你会发现它怎么掉价了。但在木木这儿入的书，大部分的话我们都是对得起良心的。而且你现在在这儿入了，你可能转身去那边一看，我的天哪在木木这儿对吧？比如说像刚才的但布朗是这个价格，怎么别的地方怎么一看我的天哪卖九百多的都有。还好我在木木直播间里边入了一套，对不对？你可能都会这么来想，所以在木母这的时候的话，我们是不会掉价的，不指望着他怎么样，但至少这一点的话还是木木觉得说还是比较值得的，所以根据自己的情况去看吧，好不好？好了，这是我们的这一套带给大家。接下来的话给大家说说看其他的。把毯子铺上敦煌这一套确实是非常震撼的。木木身边的每一个去过敦煌的朋友回来跟我说的都是有生之年你一定要去敦煌，一定要去敦煌。一到暑假的时候，人山人海，无数的家长都会带着自己的孩子去敦煌，哪怕就是去看一看。但是确实你没有办法去带手机去做记录。即便你带着手机，你去拍了照片，你看到也都是不全的,《敦煌美术研究院相关书籍（含敦煌壁画与敦煌遗书）》
都说了，因为当时的话，王元路他发现了这个敦煌莫高窟，但是正值这样的时间段，是一个比较尴尬的时间。因为1900年它是处于清末时期，1912年的时候我们才进入民国时期，对不对？那个时间段的话，没有人去保护好或者说注意到这方面的东西。所以当时就是有别人惦记上了敦煌遗书七万多卷，就来了这么一个斯坦因教授。来了之后的话，带坑带蒙、带拐带骗的带贿赂的就花了区区几百两银蚊子就让人用大量的化学胶水，把敦煌的壁画很多都给他整走了。所以为什么有那么多几万卷都是飘落在了散落在了世界各地。所以你想想看，木木都说了，你看我说了多少个这么关键的词语，我都说是首次完整集结所有的敦煌壁画，这是我们去到敦煌都看不到的，而且用的是大大的扒开它不是小开本。如果是这么大一点的开本的话，咱看也就看了是吧？是敦煌美术研究院给的，不是别人给的，而且就连敦煌遗书都给了。所以这个意义不一样，就完全不一样。你去一趟敦煌，你这机票来回你都勾不回来，你更别说其他的了，对吧？所以韧的朋友就自然而然认了，你时不时的把它翻开，那？多么震撼的一个体验感。发行的次数并不少，3000册5000册3000册、5000册现在都只有1%了，剩下三十多册。你说要多了，木木不着急，就这么点了，那我肯定得，有点就算点了。好了，这是咱们的这一套。来吧，接着给大家来说说看。先说说看这一本，这本的话因为我们也是只有二十多套就结束了。不健老师的，然后他的这个作品天有2日，而且是岳麓书社的刷边版本的，还是挺漂亮的。这套书的话挺有意思的，因为它解读到的是乾隆嘉庆那个时间段他们的一些内心世界，包括像这个就是整个的一个官场的生态。因为在整个中国的这个假说，如果就比如说我年龄到了，我差不多该让也就让了。但是乾隆和嘉庆他就不是这么一回事儿，对吧？他是当了这个太上皇，完了之后嘉庆还得那啥，就相当于他让归让，但是没有让这样的权，让位不让权，所以中间有非常多的一些微妙的关系，以及他们的相处的方式，在天有二日当中就会跟大家讲到。所以这本书着重的就跟大家去讲到是禅让时期的这样的一个时间段。还是这个样子，你看刷边也很漂亮，打开之后的话，里边图文并茂的给到大家岳麓书社做内容，还是挺挺有意思的。他们家的书是属于大家一定能读得进去的，不是说你翻开之后的话，就觉得说头疼，没有你读的会津津有味的。在历史上当皇帝并且主动让位的不多，基本上都是被动的对吧？当上了太上皇的,《天有二日》
比如说像唐高祖李渊，就比如说像唐玄宗李隆基等等之类的，都是这个样子的。所以在乾隆就是85岁的时候，真的那个时候85岁，那也是相当厉害了。他是主动宣布，我让给这个十五阿哥对吧？虽然是宣布了，但是也并没有结束他的这样的权利，就是这个样子的。不上架，因为被下架了，不能够售卖了，所以就撤掉了。所以那天如果有朋友看到木木这儿有封神演义，并且拍到的朋友的话，就偷偷摸着乐。因为我们现在卖不了了，都卖不了了，卖不了。当天晚上买到了，就是买到了，没有买到的我们也没有招了。不是没有版权，是因为人家应该有协议或者说签了某一些东西。所以还没有到完全开放的时期，所以就戛然而止了。就相当于我们抢跑了，我们抢跑了，然后就这个样子了，结束了。所以有些时候遇到了喜欢的话就直接整。朋友们好了，这是咱们的这一套书，给大家拎到了咱们的一号链接。天有二日，喜欢的就可以直接带走好了，岳麓书社给到大家的岳麓书社，不在不重要了，就是大家你自己喜欢的书，总归会找到自己能够去信任的地方去购买得到的那我们给大家整不了，我们也实在没没整，实在没招来。接下来的话我们先给大家来一波这个，来一波好久不见的这套书。这套书目前有两套。木木在这里可以留下关注沙边版本的领读。他们家出的非常漂亮的连续的沙边，而且是古风的。节日里的中国，透过节日能够去看到我们很多的一些传统文化。所以他会着重的把春节、清明、端午、中秋、重阳这几个节日单独拎出来，我们打开给大家看一看。漂亮的小韩套包裹着，而且单本拿起来给大家瞅瞅。木木喜欢他的逻辑现状，每一本书都是裸体现状，能够180度完全摊平的。这套书讲什么呢？比如说像春节这个主题，我们在翻的过程当中，大家会看到也有画，它是图文并茂的。因为春节就像我们之前跟大家分享画报出版社那一套。立春是什么时候呢？其实最开始的时候，春节就是立春的时候就是这么来的。而他里边还会跟大家去讲到它的起源，包括他的一些风俗习惯。到了春节的时候，我们应该去？不管是放鞭炮、贴年画、拜年，还是说守岁等等，吃团年饭？贴春联儿，包括舞狮这些都有发压岁钱。它会结合着它的起源风俗习惯，相当于是咱骨子里边的一种仪式感，来跟大家去聊到中国的传统的这样的故事和历史，这是其中的一本。包括其他的清明？端午的、中秋的、重阳的，然后都会给大家安排。比如说像中秋的话，我们也给大家翻一翻，好漂亮的,《天有二日》
梳理了咱们数千年的中秋的习俗，它的脉络是怎么样去发展而来的？除了嫦娥奔月的故事，除了这样的铲除的故事，玉兔捣药的故事以外，还有什么呢？还有什么是跟中秋相关联的呢？我们在中秋要去放这样的花灯、赏月、观潮还有什么，就非常有趣。包括除了自己看的话，也可以带着自己的孩子一块儿去看，都是没有问题的。了解咱们的传统佳节，就是这个样子。所以这一套书给大家安排刷边版本，价格也很香。小助理可以给大家开开划线价是三百多的，我们给到大家价格优惠了一些，因为老师应该给大家整了一个整了一个专属价，小助理打开瞅瞅，看到158就能够全套带走了。节日里的中国也是颜值高高的一套书。因为很多时候你都会从这样的千年传承的文化当中去感受到魅力所在，对吧？你会发现咱的老祖宗是真的挺有这种智慧以及生活的这种趣味性在里边的。不同的时间我们做到的安排也都是不一样的。这套书其实在去年过年的时候，木木有跟大家分享过，那个时候很火。因为那时候大家会觉得好像我我我过年走亲访友，或者说正好趁着什么样日子的时候，我去送人很合适。中秋节可以，春节可以，都可以。好，这是我们的这一套代理，大家很漂亮的对吧？这个没问题。然后再来的话，有朋友刚才问到的是我们的伟大思想。伟大思想可以先跟大家说吧，伟大思想的话现在是。1加2集齐了，现货不多了，我们也拢共只有几十套。其实现货也还好，主要是这个的东西不多了。大家在哪儿看到的？应该都是只有书，没有其他的东西。在木木这儿我们会有周边礼物，给大家安排的，也是木木为啥等了这么长时间才给到大家的。什么是伟大思想？在木木理解的话就是某一个人在某一个时间，她的某一部作品对我来说的话印象非常深刻，起到了至关重要的作用，我觉得就是伟大的思想。所以在这一套书里边，全部都是来自于名家的一些篇章。谈孤独的对吧？谭谭悲伤的，谈自由的很多话题都会跟大家却聊到一个小小的开本，就足以让大家有一种醍醐灌顶的这种感觉了。比如说是这个是聊论自杀的，还会有比举个简单例子，比如说这个是叔本华的论，世界的悲苦的。再比如说像这个达尔文的多样的生命，这个形式的。然后再比如说还有后边的列夫托尔斯泰的忏悔录也都在里边，就是全部都是名家。而且大家要去看一看这套书出的是谁出的。看到这个企鹅小标，我们就知道这个企鹅蓝灯，再来看看他下边的是谁出的？出版社是商务印书馆。所以这俩叠加到一块儿的话，就是大咖加大咖一加一是大于二大于十的一个效果的这种感觉,《伟大思想》
总共一个小册子，里边是一集十册，两集全部全集都在这儿，它是20册。小口袋开本翻开之后的话，它都是这个样子的纯质纸张印刷都不是轻型纸张。其实小口袋开门有些朋友就害怕会不会是对吧？轻型纸张不是，都是纯质纸张。另外给大家安排的周边是什么呢？一个是它的主题的帆布袋，这个是当时他们自己专门定制的，已经不会再给大家了。木木是看到了他们之前有过，所以我们找老师要，结果安排了带暗扣的，带内里的，而且是长带子，能够去把它跨到身上比较漂亮。然后再来我喜欢这个喜欢他的答案卡牌。当大家打开之后的话，你会看到它会有很多的硬卡，这个硬卡会回答大家非常多的一些问题，很多很多。是画淡淡的妆还是画浓妆呢？为什么要早起呢？怎么看待社会的舆论呢？人生有什么意义呢？如何做到断舍离呢？什么是自由呢？你是一个没有感情的工作机器吗？如何理解完美和缺陷呢？你如何看待劳动分工呢？我们为什么要珍惜当下呢？好，当大家翻开过后的话，他给到大家的都是来自于伟大思想里边的名家的京剧。比如说这个就是蒙恬的论孤独里边能够回答大家的问题，对吧？如何控制自己的脾气，就是这个样子的。所以这个答案卡牌也会给大家同步安排。两套全套带走的价格是338，可以放心入。因为这一套的话估计有很多朋友但凡之前关注过就知道它的价格不便宜，真心不便宜，现在也不便宜。但在木木这的话，我们不单单价格338，还有周边礼物，其他地方都没有了，都没有了，专门等到礼物才给大家上的架。可以入，没有问题的。木木觉得又是商务印书馆，又是这个企鹅蓝灯，然后给到大家内容，而且又是来自于各路名家，对于我们来说的话影响自身的思想理念。木木觉得说他就是比较特别的，对吧？确实是独特。谈阅读、谈身体、谈疾病，什么都谈。而且这些也是我们非常感兴趣的话题。人生必须要去探讨到的，没有办法去避免了的一些人生话题放到大家的面前。合上它这个是第第八本，这个是第十本，还给大家排了个顺序的。好了，这是我们的这一套。没听到丹布朗可以再给大家来一波。因为丹布朗的话数量比较少，他就发行3000册，沉甸甸的一套。在木木这儿居然能够捡一波漏，这个是某点某点当时众筹的只发行3000册，但是它是去年发行的，所以导致我们消息滞后。木木压根儿我就没有往他身上去打主意。结果那天无意间木木问了一句，我说这一套你们还有吗？然后魔点老师居然有，虽然只有几十套，所以今天晚上我们也总共就只有二十多套，分给了木木二十多套,《伟大思想》
丹布朗是什么样的一个小说家呢？我们把它叫做是知识悬疑类的小说家。也就意味着如果你在喜欢看悬疑小说，并且在看的过程当中还能学到知识，那该多好。但她的小说不单单如此，它是属于那种环环相扣。对，魔点老师的话你得遇就是不见得都能够每次遇到。比如说像那个梦游人，之前也是魔点老师他们自己掏出来的，拢共就只剩下一百多套。因为他们众筹完事儿之后的话，很多时候就结束了，不会再在市面上跟大家见面了。所以我们也对也要分人。如果木木恰巧最开始的时候找他们要都没有给的，都没有给，人家是不打算给的。然后木木都说了，我说之前我们也带了人文社的达芬奇的密码，我们卖的很好，很多朋友特别喜欢，就想要去收一套珍藏版，这才给的。先打开给大家，看一看这一套的话我们的做工相当的重。浮雕的质地烫金加上烫黑，再加上每一本书书籍都是布艺的拼接的，质感所限，装帧大大的开门，沉甸甸的四本摆到大家的面前。大家非常熟悉的，比如说像他的达芬奇密码讲述到是什么呢？讲述到其实就是罗浮宫的这样的馆长，对吧？意外死亡之后的话，他的脱掉全部的所有的衣服，把自己的尸体摆成了达芬奇的一幅名画。而在他的旁边尸体旁边还会留下这样的一些，怎么说呢？破密的这样的密码，可供大家推理。所以这就开始了。他的很多的一些故事的话都是以这样的一个，比如说类似于像凶杀案之类的，就是打开这样的一个视野。所以牧牧手中的这一套带给大家的那不单单是恐怖悬疑类的小说。他会把一些文学、历史、艺术、建筑方方面面那些知识非常巧妙的融合到一整套书里边来去跟大家去讲。所以小说我们要好看看完之后要有营养，在大家享受阅读的快乐的时候，你还能够跨学科的学到很多的一些知识。这说的就是丹布朗。再来这套书的话，里边全都是带着彩色插图呈现的七百多幅图，相当于一本书的话就会有一百多幅图。因为这样的话，我们万一涉及到了某一些艺术品、建筑、画作、人物，一些时候你突然一下子都能够找到对应的点了。你有场景你不需要再去翻阅了。就好像你走进丹布朗的书，你就好像走进了一个迷宫，或者走进了一个博物馆一样。真的是啊真的是琳琅满目，一般你看不过来，目不暇接，但是它的剧情才是非常吸引人的。很容易一口气看完的一套书，中学生都可以开始看起来烧脑的同时，然后又会给大家传递很多的一些信息。这就是咱们的这一套了，558就可以全套入了。就是咱们的这一套。南怀瑾老师说，可以等一下跟大家分享一下,《丹布朗作品集》
好，这在我们的一号链接有一丢丢的小贵，但是比较值得，非常值得。应该说丹布朗的书，它就是限量发行3000册的刷边的特别版本。你在其他地方你也买不着了。刚刚有朋友看了九百多块钱，怎么买吗？你也不会买，而且说不定是二手的。在木木这儿新的直接从某点给大家发的，人自个儿的仓库直接走的。木木都说他没有划线价多少给大家多少都不错了。划线价729，咱558是相当可以了。超级重工的洋克的一个质地，用手都能够触摸得到的。所以这套的话不挑人，不挑人的，任何朋友都是可以去阅读得了的，能有都不错了。十6开开本的，你下次来不见得他还在。朋友们，木木先把丑话说在前边，咱这一天一个样的，尤其是拢共就只有那么十多二十套二三十套的书，你但凡纠结，他肯定就失去了，也就失去了。木木是抢先了一步给大家做安排。但凡有盯上了朋友，或者是说有人找魔点，一次性把它采购完了，全包了，没咱啥事儿了。现在的话就在你面前，你还能带走他。十六开的，它不是小开本的哟，沉甸甸的一套书籍，3000册也只有几十册了。最后实际上他是去年发行的，要今年的话咱还能赶得上去年，那就没这没招了，错过也就错过了。南怀瑾老师说还有万源之源，是不是，南怀瑾老师的书在哪来着？在这里一来就有好书。对，木木都是我，我都生怕我没出现之前，万一它没了怎么办。所以今天木木一说这本书只有十多二十本，这本书只有三十本，它就是真的只有这么多哈。南怀瑾老师今天应该是能够给大家上链接的。论语别裁因为大家都知道南怀瑾老师的话是国学大师，对吧？他所写到的中庸大学等等之类的，其实都都蛮好看的。而木木手中的这个，当大家摊开之后，我们直播间里面不能说这个，因为说这个东西的话，今天已经有两三个直播间都直接被封了，所以大家不在木木直播间里边提，不是说不能提，是系统不让提。也不知道是为什么，所以大家都不在直播间里边刷，好不好？木木也不敢去搭腔。对，因为今天木木在开播前的时候，我看到有两个老师发朋友圈，出版社的老师，包括译文出版社老师，他们直播间里边都被封了一天，好像还是说提醒违规了。有图有真相，所以我们就不提好不好？不知道，反正敏感的话题我们就那啥，他自己心里面知道就可以了。木木手中的这一套给到大家的是论语别裁。什么叫做别裁呢？就相当于是跳脱出我们对于传统的论语的一个认知，以现代的视角来去解答当时论语的场景。举个简单的例子，比如说大家熟知的学而时习之，不亦说乎？有朋自远方来不亦乐乎,《论语别裁》
南怀基老师非常有趣，他会问大家说，有朋友从远方来，现在放到你身上你还是会照样很开心吗？以前的话我们确实很开心。对，有朋友来了，我得好好招待。现在回头一想，我的天哪，工资一发，我基本上该还的款就还完了，我身上也就只留下生活费了，我招待一顿。好的，我接下来日子咋过？或者是说抛开这个物质方面，经济方面不谈，有些朋友现在是越来越社恐了。然后但凡有个人说，你出来我们一起一块玩，对吧？周末一块怎么着，我的天哪，你是很难？社交的一个人你很想拒绝，你又不知道怎么样拒绝。所以你看南怀瑾老师，他就会结合我们现代的生活的场景，老百姓的这种真实的情况来去反观学而这一篇到底还适不适用？它的原汁原味儿是怎么理解的呢？他表达的态度方法教学这个样子是什么样子的，用到我们现在我们可以怎么样去正确使用它。所以这才是论语别裁，就是既会告诉你他在讲什么，又会跟你去探讨。就相当于是我们去看批评版的四大名著是一样的道理。而且手中这个版本非常特别，它是软软的皮质质地的，翻开之后都是纯质纸张小口袋开本，每一本书摊平舒舒服服地阅读。这个是东方出版社给到大家的一套，他们家做了一套这样的国学系列，就非常精致，都是这样的小口袋开本的。所以如果大家带回家之后觉得好，到时候我们再把南华邢老师其他的一些国学书，比如说他讲这个周易的，讲这个中庸的，都给大家安排上。但是只有论语有小盒子，所以木木建议大家是先入论语。她很漂亮，对，非常可爱，它可精致了。蓉蓉的这么包裹着，你看这本书这么大，正常的32开是不是摆在他面前就这么大大点了，随身携带都是没有问题的。国学经典之书，又是咱的国学，大家给大家来讲当然合适了。好好，这就是咱们的这一套带给大家。刚刚有朋友问到的是万源之源，对不对？给大家看一看，在这儿。那一排横着排的，不是左右文白哈，但是间隔的话比较舒服。手中的这一套是万源之源湖南人民出版社出的刷边版本，一版一印很大。这个跟刚才一对比的话，他就更大了。镂空设计确实有园林的那种感觉，靠近一看浮雕的质地，烫金的字，侧面都给大家做的是远景类的这样的刷边好看的，一掀开之后，目录都是由这样的拉链组成。从圆明园到长春园，挨个的跟大家去聊起，而且是一步一景。因为当大家翻开之后，确实能够去感受到曾经的圆明园有多么的繁华,《论语别裁》
因为圆明园它其实是经历了1 150多年，经历了六代的帝王的对吧？但是因为当时的时代原因，所以我们没有办法在此时此刻还去看到它非常繁华的一面。那怎么办呢？他直接给大家来一个对比，前面你看到的有多么的漂亮，你可能翻过来再翻过来看到他现在的遗址就会有多么的凄凉的这种感觉。所以他是以这种对比的方式来让大家去感受到历史留给我们的一些经验，或者说沉痛的这样的印记。而且这套书是谁写的呢？刘洋老师他本身是圆明园的管理处的老师，守护圆明园有20年的时间，所以由他来带着我们去讲述到圆明园很合适。再来这套书也是首次完整的系统的来跟大家去讲圆明园的所有的建筑，以及它的历史故事的一套书籍。所以你这么想的话，那就更加难得了，对吧？而且这套书的话会给大家安排周边礼物，会有书签、拉页以及一个牛皮纸装的本子。木木给大家看一看。它是长这个样子的一个档案袋一样，把它给打开之后再来打开。故园惊梦的一个袋子先开之后的话，它是这样的，里边会带着大家去看到很多的一些文物，可以去做一些标注，也可以去拿来当做是几张的这样的一个小册子，都没有问题。这就是咱们的这一套万园之园圆明园，湖南人民出版社老师给到大家的一套书籍。一号链接它的价格就是100 98，这个价格也可以放心入的。刷边儿110。完了这么大的开门带着韩套16开大石榴开的很特别的一本书。因为木也没有这么完整的给大家来去讲圆明园的一套书，对吧？就尤为难得。好好了，这是我们的这一套。然后有后边进来的朋友，后边进来的朋友的话给大家安利一款冰箱贴，一个小文创弹幕，我很喜欢，我相信大家也会喜欢。因为它是博物馆的系列，博物馆博物馆的这个主题系列有这个对吧？就是有玫瑰，有更勺叶，然后有那个独角兽，还会有穆夏的主题。每一个都非常漂亮，都是小盒子装着的。比如说像木木手中的这个给大家做的就是玫瑰主题的，而且是实木装帧。温馨提示，轻轻旋转后能取下，用手这么一旋转之后就能够把它摘下来，背后干干净净的，双层的设计，打磨的很光滑，不会去硌手，而且有分量感，不是轻飘飘的，只有双层才能够看到它突起了，这样的纹样质感很好，用手搓它也不会去掉颜色的，大家可以根据自己的喜好去看，但是呢，不建议大家单拍，因为如果你只带一个是三十多已经挺划算了，但是如果你是加了两个到购物车一块去购买，四十多也就意味着四十多你是能带走两个冰箱贴的,《万园之园：圆明园》
朋友们，一号链接点开之后，然后穆夏和那个穆夏和那个那个叫啥来着？独角兽是木木都没有的，所以我们现在大家喜欢哪个就直接带走哪个就行了。艺术的话马上给大家讲解，哈利波特的那一套书什么时候上哪套书？哈利波特的话我们现在已经有了，有他的中英文对照版本，也有了他的绘画的全套。然后包括好消息，今天木木刚刚确定的哈利波特的原版书，给大家搞了20套，有一丢丢小贵。但是万一大家很喜欢，而且是特装版的刷边版的原版书，你可以正儿八经的看到它原汁原味的。本身人家出版是什么样子的版本，中英文对照版的一直有还一直有。小助理，我们已经安排上来了，已经有有那个链接了。等一下可以给大家拎上来，先看这个题目，把它讲完，好不好？多给大家展示，或者说我用这个角度看，用这个角度看其实更好看。其实用肉眼看会比你看图片更加的漂亮。每一个都是颜值高高的，你喜欢绿色对吧？喜欢这样的玫瑰的淡粉色，应该说是粉粉，也不是粉红，说不清楚，就是很高级的一种颜色都可以，但是不要单单个买，我一定是两个入。你入一个是三十多，你入两个它是四十多，那干嘛不入两个呢？你相当于加了几块钱，十块钱，你多了一个。你要是想四个都入的，你就分两次下单就可以了。分两次下单，先把前两个入了，再把后两个入了，就OK了。这个是我们的一号链接的冰箱贴。随便你现在上哪儿去买冰箱贴，三五十块钱你都很难挑到自己喜欢的好的，尤其是景点的话，那至少是50块钱往上了。所以木木也是去一个地方就买一个冰箱贴，去一个地方买一个冰箱贴的。好不容易遇到了博物馆的系列，还这么美美的，性价比还这么高的，咱确实可以去入。你往那个冰箱上一贴贴一圈可好看了，送人当做礼物都是拿得出手的。这个就是咱们的这一套博物馆系列的冰箱贴带给大家，大家可以根据自己的喜好去看一看。实木但是不轻，拿上手的话是有分量感的。这就是那两个连木木都没有，我也只有这两个能给大家展示，然后艺术的那一套给大家看一看。这一套它外边是有大箱子的，但是就没有一个函套把它给全部整起来。但没有关关系，我们用书立也可以把它们给立起来的。只有这一个小小的木木觉得说有一点点不太满意，但奈何它的内容很好，它的内容是真的很好看。但凡对于艺术有一点懵懵的，就不知道我到底应该怎么样去看艺术的朋友们看过来，它的主题是不是原来艺术还可以这样看,「废话」
你看这就很有趣，怎么个看法呢？我们去看一张名画的时候，你会看到什么样的注意力？比如说看蒙娜丽莎，大家会率先看她的哪个？点看她的笑容，看她的服装还是看哪里？好家伙，这八本书拆分细节从，我终于想起来了，有有朋友问说那个啥，说说说说说说如果你是做那个木木那天说了一句话，我说如果你是做这种分享类的博主，你买了这套书之后两年你都不带重样的，每天分享一个知识点，我终于想起来是哪套书了。好，给大家举个简单例子，比如说这套书拆分到的有多细，像这一本等一下这不能看，看看看这儿，这一本给大家拆解到是食物当中的实与验，什么意思呢？就是你翻开这本书，你能够看到之前你看到的人物，看到的是房间。现在会带着你去看到他们桌子上摆的是什么食物，喝的是什么，是牛奶、是咖啡还是什么东西。他会直接领着大家去关注到他们餐桌上摆的食物，所以它是食与燕，这是我们之前去看那么多的名画，我们不会去关注到的一个视角。那除了这本书以外还有什么视角呢？庭院珠宝吧？女性经典的自画像通通都有。橡木木手中这本书就是黄金宝石与珠宝。所以当大家打开它之后，你会看到有非常多华丽丽的一些，对吧？但是以前的话我们估计也不会看到这些主题。现在的话你翻开它，你会看他拿到这个权杖是什么权杖，什么故事？一翻到这儿的时候你会看他佩戴的这个戒指，这怎么个意义呢？有没有一些特别的？他的一些腰带、耳环又有什么样的说法，你在里边真的是能够看得到的了。你会觉得说是非常的有趣的一套书籍，看的过程当中不枯燥乏味了，挖一个点带着大家就一直刨呀刨呀刨，深挖的那种感觉。这套是不便宜的，但在木木这儿我们给大家做优惠。来吧，一号链接小助理给大家安排上。所以为什么他全场都没有打开的原因就在于此。好，一号链接刷新之后，299就可以全套带走了，八本书，八本书。而且它的藏书票上是带专属编码的，三面切口都是有刷边的，加厚的飞机盒给大家安排的是一个珍藏纪念版来呈现上来的。但凡觉得说西方的艺术真的是太头疼了，我都不知道怎么看了。没关系，挑自己感兴趣的去看一看。它里边有那么多的一些主题划分，经典中的画艺术当中经典中的女性？经典的这样的这个故事和形象，经典的众神英雄，经典的肖像画，经典的这样的时与验，还有黄金珠宝，还有庭院迷宫，每一本书聚焦一个关键，放大了给大家看你就会觉得说特别的有趣。小朋友都可以？学绘画的，学艺术的都可以在里边还能够找到很多的一些创意,《如果是做分享类博主，买了之后两年分享不重样的艺术相关书籍（未提及具体书名）》
因为木之前在抖音上看到一个博主，然后她从一个戒指开始，然后无限放大给大家聊有关于这幅画的故事，我就觉得太有意思了，而且点赞量非常高，挺好玩的这就是咱们的这套书，每套书的话都是连续刷边的，图文并茂的，超多图给到大家，纸张又特别好，胶版纸180度能够完全的摊平，还有藏书票的编码，还带大大的盒子，就是这个样子的。好了，这是我们的一号链接，原来艺术还可以这样看，特别装帧的版本带给大家上钢笔。不用七夕节，我们随时都可以给大家上钢笔。钢笔的话木木这也蛮多的，很多钢笔看大家喜欢哪一个了。那么我收回去了，收回去了，这套不好包。钢笔的话最近建议大家入的是这一款。刚刚有朋友不是问了吗？我自己写我用哪一款钢笔，是不是？就是这一款给大家瞅瞅。这套的话它有飞机盒，但是没有说把八本书再包裹一下子的函套了。它是有飞机盒的，然后也有藏书票，还是带编码的，就是这一套。联名款宝可梦系列皮卡丘主题的。为什么推荐大家去入这款钢笔呢？首先它的品牌是我们非常熟悉的毕加索。新鲜出炉，生产日期都给大家备注清楚了。木木这儿2024年6月24号，新鲜的不能再新鲜了，太新鲜了。而且木木已经收到一段时间了，也就意味着刚刚出场邮寄给木木。因为是新款，这款钢笔的话，它是有两个颜色，产品的合格证、说明书都在这儿，都在里边。拿起来之后的话，都能够收得到的。在这儿你看都有毕加索在上海成立，2002年的时候成立，到现在有22年的时间了。所以是大家非常值得信赖和喜欢的品牌。他们家的钢笔是一步一步口碑做出来的，不是说我们在这说好就好的。木木本身在没有来到抖音之前，就是他们家的忠实的消费者。更何况我们来到抖音认识之后的话，更加安利他们家的钢笔。因为木木觉得说很实用，我送礼物的时候拿得出手，我自己书写的时候我心里边也特别的舒服。因为他们家钢笔品质都很好，我们以这个金色的这支来给大家举例，靠近一点点给大家看一看美工钢笔现在是没有的，木木手中这支笔，大家日常书写非常舒服，为什么呢？拧开之后先看笔尖，这个笔尖是关键，首先是它的粗细，它是0.5的。刚刚我们跟大家说到水果钢笔是0.35的，也就意味着水果钢笔的话它是比较细的，适合的初学者或者说练字的朋友，或者是书写比较频繁的朋友。但如果你说我的书写，你也不是说特别频繁，但是我就希望有一支钢笔，我书写起来特别舒服，那就是这一款,「废话」
因为它用到了笔尖，不再是之前的EF笔尖了，它是SEF笔尖，什么意思呢？这么理解，VIP和SVIP的区别，之前的笔尖已经够顺滑，加了前面加了一个S相当于是又升级了，用到了笔尖。上次木木兑好了吗墨囊之后，3秒钟直接出没，十分流畅，也不会去卡顿的这种感觉，所以目的时候比较惊喜。再加上给大家做的是这种合金的，它不是说是那种塑料质地的，是有分量的，30克左右的磨砂质地的。一个笔握在手中的话也不容易说我们出过汗，对吧？出完汗夏天握笔之后就比较松。再来拧开之后的话，它的吸墨器会同步安排顺时针、逆时针吸墨，退墨没有问题。拔掉它之后怼进去，2.6毫米口径的墨囊我们都是通用的，咔嚓一下怼进去？立刻就能够书写了，非常的方便。里面有一个徽章，还有两只一次性的墨囊，会给大家同步的安排。这个是咱们的金色的这一支，金色这只的话你摸起来皮卡丘的这些图标，它是平面的，你会看到的样子，就是平面的。但是木木自留的这一支它是刺进去的，就是激光雕刻刺进去的。所以你摸到这些地方的时候，它都是有那种触感的。而且笔头的这个地方，笔盖的这个地方，它是有一种工艺感的，所以它比较复古，再加上笔夹对吧？统一再加上给大家看看咱们的笔尖很漂亮的，关键是顺滑漂亮不足为奇，我们要书写起来舒服，那才是关键。所以沐沐用这个空白的纸张给大家写一写来。好多天没有用这支钢笔了，但是木木现在我就是随意的对吧？随意的在纸张上面书写都没有问题，很多天没有用了，但是也没有关系的，0.5毫米的一个粗细程度，要拍木还是建议大家入黑色的。黑色的话比较百搭一点点，你任何的场合送人自留都没有问题，男女老少都不挑。但是成色的话它是比较咋说？开朗的那种感觉，所以看大家自己的一个喜好好不好？这个就是木木手中的这一款毕加索的钢笔。另外这款钢笔的话因为是新款刚刚出来，木木给到大家优惠的同时价格香香的，还要给大家安排一个皮卡丘的玩偶，这个小玩偶会同步给大家安排的。你看多可爱，你光是这一个玩偶，咱也得花真金白银买。另外的话还有一点，还有一点我再确认一下的。我们这一款钢笔的话，当时还给大家争取到了一个东西，木木确定一下下。60支墨囊，还会有60支墨囊给到大家，什么概念呢？60支墨囊。你到时候价格是148还减了十块钱，对不对？138基础上给大家安排了皮卡丘的公仔，还有一盒60支的墨囊可供大家去书写,「废话」
拿回家之后都齐全了，联名款到位了，手提的礼盒什么之类的全部都有了，送人自留都可以。但是木木建议大家这一款的话自己书写，因为它真的很顺滑很舒服。你哪怕去感受一下毕加索他们家的这个新的科技的钢笔，都是值得的。真的有些时候遇到了自己用的顺手的一款钢笔，你都会减轻很多烦恼。包括我们阅读做记录的时候，你都会觉得说特别的给力？得劲儿的这种感觉。好了，这是咱的这一款带给大家，新的刚刚出炉的。好，这是这一款。小礼盒这么一桩对吧？手提袋这么一提，这多好，这就是送给自己的一份礼物了。然后另外好消息，今天丝绸正在入仓的路上了。木木这儿很漂亮的一套特装书，即将跟大家见面的一套特装书，她已经在入仓的路上了。这个超重磅的只发行800套带专属编码的，跟大家去聊咱们的传统的丝绸的一套书，全国各地而且传承千年就是这种丝绸文化。这套书已经在入仓的路上了，所以但凡一入仓，立刻给大家安排上来。现在不能拍入仓了，入仓了就是他已经从印刷厂出来了，你这么理解吧，已经发往了当当的路上了，入了当当的仓库之后的话，我们到时候打包好了，就直接给大家安排，就是这个样子的。我也倒想给，给不了，尴尬不好。来，说一波，说一波working if，好不好？门罗脑洞三部曲给大家来一波。算了，说古文观止，古文观止比较刚需一点。今天一来不是有朋友问，说多大的孩子适合读什么样的书籍？手中古文观止不挑年龄，小学生、中学生、高中生、大学生、成年人都可以读，为啥呢？里边含含涵盖面太广了。随手一翻，看到中学生的语文教材文言文的篇章逃不过古文观止，出师表、滕王阁序、兰亭序、陋室铭、桃花源记、归去来兮词、邹忌讽齐王纳谏通通出出自于古文观止。所以这套书摆到大家面前，那当然就没有办法去把它给遗漏掉了。而且这套书的话给到大家的版本不是普通的版本，是来自于非常苛刻的岳麓书社给到大家的版本。所以标题不一样的颜色喽。上方如果有生僻字的，给你直接注音导读安排左右文白对照安排。这边是原文，这边就是他的翻译了。直接看到下边还会有他的一个注释，重点字词单独拎出来做了一个介绍。而且全篇都有这样的古话穿插，并且是带着全文音频给到大家的。所以这套书厉害，我们不单单能看，还能够听名家为大家所解读。所以是所谓的全本、全注、全译、全彩，全文带音频。岳麓书社非常苛刻。这套书的话，小学生看完之后，他就当是当做是预习这样中学阶段要学到的很多一些文言文的课文了,《古文观止》
放到以前它就是教材，放到现在它也是教材。所以古文观止有些家长一直在等待一个很好的版本。木木觉得岳麓书社这个版本它就相当抗打，做国学这条线，你可以一直相信岳麓书社都没有问题的这就是暮暮手中的这一套古文观止。刚才有朋友问到说孩子适合读哪一套，木木觉得说这套就蛮适合的，真的挺适合的。另外的话有后边进来的朋友把这个也可以带走，因为这个的话还剩下几套19块94个穆夏的主题的文件袋儿带给大家。小助理可以给大家弹出来一下子A四大小很漂亮的黄道十二宫，对吧？我们那么喜欢穆夏的作品，往这么一放，你看颜值高高的19.9块是四个，不是单个，也不是两个，直接给大家发四个。但四个的话它是混着发的，反正是穆夏的主题就行了。哪一个都很好看。这个也很好看的，性价比超高，三四块钱一个。但是如果按照这样的博物馆系列来说的话，其实木之前接触到了好多的文创，那估计你一个都得这个价格，更别说四个了。其实两个木木觉得说也挺划算的，奈何他给到你四个是吧？这就是咱们的这一套一号链接，感兴趣的朋友的话可以去瞅瞅看，带走它。然后另外比较建议大家入了的，就是丹布朗了。丹布朗不要错过，朋友们错过之后的话，真是没办法再给到大家了哟。咱好不容易给到大家这么重磅的一套好书，雷后边来的朋友们看过来，不要把它丢掉了。丹布朗就是好看的代名词，他的小说没有一部会让大家失望。真的看他的书，你会觉得好像自己看的是艺术书，看的是建筑书，看的是百科全书，看的又是悬疑书，什么都有，包罗万象。而且木木手中这一套限量发行3000册，去年出的，现在只剩下最后几十套了，拍一套少一套，我们把丹布朗叫做知识悬疑类型的小说大师，知识放到悬疑前面，代表大家再去推理的时候，再去看到险象环生剧情的时候，居然还能够学到跨领域的各科的知识，这是一个非常奇妙的感受。而且呢，木木手中这一套，她的装帧超级的酷。你看它直接给大家做的是重工的一个凸起来的浮雕的质地，用手摸得出来的哟。翻转到这个地方也是底部也是同样如是。重工的阳刻的侧面书籍做的都是布艺的拼接烫金烫黑的一个工艺。翻开之后每一本书都有大量的插图，总共有七百多幅的插图。相当于是你去看到里边它涉及到了某一个艺术作品，或者说某一个建筑人物的时候，你居然是能够去看到真实的场景的。所以你会觉得说特别的奇妙，终于能够去照进现实的感觉了。还是以达芬奇密码为例来给大家去讲述一下,《古文观止》
它其实讲述到的就是从最开始卢浮宫馆长？在他死前脱光所有的衣服，把自己的身体摆成了达芬奇的一幅名画开始的。躺在这样的艺术大楼？然后这样这个地板上，结果在尸体旁边还留下了令人难以琢磨的密码，由此开始了破译之旅。而且在整个去破译密码的过程当中，还能够去有其他的收获，融合了艺术、建筑、人文？科学各方面领域，包括历史知识跃然纸上。所以这套书的话中学生都可以看，而且如果是初中高中生看的话，估计看得津津有味的。同时也会学到很多的一些知识，让大家享受其中的一套书籍。只有这么多了，价格就是558，他没有给大家以七百多卖就很不错了。朋友们大大的开本，十六开，沉甸甸的一套摆到大家的面前，这就是木木手中的这套书，带给大家总共就是这些了，有一套算一套，拍一套枚一套。木木拢共云也就匀了二十多套，所以但凡有喜欢的朋友的话，一号链接都可以入。书荒的，喜欢悬疑类型小说的，喜欢这样的重工打造的限量发行的一些书籍的，丹布朗的书一定是独树一帜的。因为你真的很难去找到跟他同类型，还要给大家进行科普的，上哪里去找？福尔摩斯探案全集或者说阿加莎的作品，我们就是沉浸式的待在他的这样的一个悬疑的推理的场景当中就可以了。丹布朗他不一样，他会让你有些时候恍惚，我是在看小说，看完之后怎么我这个知识怎么就进入我的大脑了，很奇妙的感觉。所以木木说中学生都是可以去看的。好了，这就是咱们的这一套丹布朗的全套了，摩点老师掏心掏肺让他们掏出来的一套书，掏出来的一套。好，这就是咱的这一套带给大家。漂漂亮亮的对吧？分量感又这么足，沉甸甸的一套。另外今天大家冶钢哪个钢笔？这一款喜欢海明威作品的朋友的话，意林出版社这一套可以入。因为它特别的用心，他给大家做的是一个五彩缤纷的盒子，包裹着有四本书，每本书的味道都不一样。老人与海它的味道就是海洋的味道，书签儿它是香氛的这样的书签的。这个是太阳照常升起，这个是永别了武器。然后再的话有乞力马扎罗的雪，也就意味着整个这一套的话有他的名著经典。就像这样的小说，也会有咱们非常熟悉的老人与海。当大家翻开每一本书的时候，拿到手中它都是刷边儿的，每一本都是这个样子，超级的漂亮。我们看一看这个太阳照常升起，它也是这样比较阳光的一个色彩。多巴胺的颜色往大家跟前这么一摆的时候，你会觉得说好酷。这套书确实小口袋开本翻阅的这个过程当中，你也会觉得说挺舒服的对吧？自己大小也合适，关键是好香，松林的味道，海洋的味道,《古文观止》
为大家聚焦到一块儿，摘到诺奖的得主，这个是海明威的一整个精选集带给大家。如果有喜欢的朋友可以入，因为这套的话现货不多，已经被已经被卖的差不多了，对它会有一种仪式感，就好像是大家我装错了，好像是拆礼物一般就能把它拆开。69.9块是四本书，都是你的礼盒都是你的，不是单本书籍，四本书籍。好，这是木木手中的这一套带给大家。看钢笔的话，其实木木刚讲完毕加索的那一款，那一款是他们新升级的SEF的笔尖，笔尖书写程度非常的顺滑。而且升级过后的话，木木率先给大家安排都是做的优惠价格了。人家不是这个价格的，我们给大家做了优惠138，还要给大家安排墨囊一盒，还安排皮卡丘的一个公仔一个就是能给大家整的都会给大家整上来。你把这个书装好了的话，四本书都是刷边的，像礼物一样送人的话也是拿得出手的。意林出版社对吧？还是比较细节的。这是咱的这一套钢笔的话，这个的话两个颜色，0.5的粗细程度。所以不管大家是平时日常书写还是怎么着，这个书写起来都非常的顺滑。我们用笔的时候最怕的就是我怎么写着写着他一下子就写写不清楚了，对吧？写的自己都特别的头疼，脾气也越写越暴躁，怎么办呢？毕加索的钢笔真的会让你变得温柔多了，因为不会出现这样的情况。当然如果有质量问题随时找客服，他们是负责到底的，终身承保的。里边的话有盒子，有函套，然后也会有产品合格证和说明书。这样的话收到之后大家可以去了解一下这样一个必须是双用的墨水墨囊必须都给大家安排。我们以其中的一个丹布朗是真可以说。就这些了，你看看魔点老师给谁了，谁都没给。咱这儿有丹布朗，以金色为例，笔头的这个地方还有一个？就是复古的毕加索的这样的logo。它是一个金属质地的，不是塑料质地的，轻飘飘的。不是，笔尖是关键，SEF笔尖之前他们家的笔全都是EF，现在升级变成SEF笔尖更加顺滑，笔握都是磨砂质地的，夏天出汗也不用担心了，直接握住。再来拧开之后有担心说能不能用墨囊的来，这是吸墨器直接安排一个全新的。拔掉它之后的话，你就可以用墨囊了，因为里边给大家准备了这样的墨囊的，还有一个非常可爱的小徽章，磁吸的小徽章，这样怼上去，我们又可以继续去加墨水使用了，非常方便。两个颜色，一个是木木手中的这样的金色的，一个是木木自留的黑色的。因为黑色的皮卡丘的话它是雕激光雕刻进去的，所以用手摸的话它不是平面，它不是平面的,「废话」
再来会给大家同步安排一个皮卡丘的玩偶公仔，安排一个另外60毫升，不是60毫升去了，60支的墨囊给大家安排。也就意味着拿回家的话，你这些都有现成的，直接就能够书写了。138体验一下毕加索他们家的新款联名款钢笔，并且书写体验感升级的钢笔是什么样子的。而且还安排了这么多的周边手提礼盒，也有墨囊公仔都给你了。这就是在木木直播间里面带给大家的这一款的新的笔，书写特别顺滑，因为木木自己已经在用这支了，这只已经在用着了，我已经加上了墨囊了，队上墨囊3秒钟就出墨了，可快了，都不用你倒过来甩一甩，不用甩队上去往下来书写，勾画出没了，就这么简单，快速可快了。这就是木木手中的这一款毕加索的新款的联名款的钢笔，非常的可爱Q萌。这个徽章也是可可爱爱的。徽章的话大家也能够别到我们很多能够别到的一些地方。嘿，没有指甲我不好拿出来。你看它是镶嵌进来的，镶嵌进来的一个皮卡丘的这个强力的磁吸。打开之后，比如说木木想把它吸到我这儿，对吧？你不用去把像别针一样别上去，不用它背面的话就是磁吸的这个地方。然后翻转过来之后的话，就立刻吸到这儿了。那我就可以一直把它放在这儿，然后我取下来也很方便。你把后边的取了，然后拿下来就OK了。梵高系列好像已经售罄了，我们好像前两天看到就已经没有货了。如果有货了的话，小助理会给大家拎上来的，是想复购是不是？确实就是那一款，如果真的没有了，就是真的没有了，莫奈的应该也没有了。好了，这个是木木手中的这一款毕加索的钢笔带给大家。漂漂亮亮的。送人其实也可以的，好好了。交代完毕，十点过了，今儿晚上我们暂且到这儿了。朋友们，木木要撤了，祝大家生活愉快。我们下一次再见，希望就是带着更多的新书来跟大家见面了，走了，拜拜。,「废话」
