﻿original,result
对，就是孙氏那种。孙氏他们这个企业在创业期，他是垦荒牛型的那种人物。你可以理解成的是就在这种时刻，不能是老好人来掌舵。大家就是在在老好人。对，在这种需要咬紧牙关度过最难的时刻的这种时候，这个企业的领路人就他那个和主心骨，不能是个老好人，不能是个爱惜羽毛的读书人，就这事儿一定起不来，没有杀伐果决觉得那个劲儿。所以小孙是这么一个人，就是杀伐果决，比较独裁，比较手腕比较硬，然后快速执行快速就是执行力极其强的这么一个人。但是这样的人有没有缺点？当然有很大的缺点，因为人不可能是一个完美的人，对吧？他是这种类型的人，他就一定有这种类型人的缺点。比如说得罪人，比如说我说了算，我说了算，你同不同意你，你都得给我去执行。他他就会是这种性格特征，他不是这种性格特征，他也干不成这事儿。所以在他逆流而上非常重要的这个时刻，就得小孙氏老于的副手，如果没有小孙，换成董老师行不行？不行，接不住这个事儿。所以小孙是这么一个角色，小孙是这么一个角色。对的，如果没有，就是后边的东方甄选，然后通过这个就打造的很成功对吧？他的直播间终于拉起来了。大家想没想过，其实他不捧董老师，他能不能捧别人？他是一个赛马机制跑出来的，就是大家都以为是这是个结果这是个结果。这并不是他的原因，也不是他发展到今天的一个必然结果。它是赛马机制就是竞争出来的，就是靠市场淘汰，市场堆积出来的。1万个人打分，10万个人打分，然后发现董老师的票最多，喜欢他的人最多，自然而然顺势，他这个顺势而为就把董老师给捧出来了。但实际上如果没有董老师，那他还有没有别的人可以捧？其实是有的，只是不可能不会红到像他这个程度。但是你像那个叫顿顿，当时的顿顿当时其实都很红，都顿顿明明什么当时都可以，当时都可以。是的，就当时他们的程度其实是差不多的，就红的程度其实差不多的。后边是有意识的开始资源往董老师身上倾斜，然后就把它跑出来了。跑出来之后就是红的太快了。以董老师这个性格特征，也没有办法做到像罗老师，罗老师是一个心理素质不一般的人，罗老师是一个罗老师和董老师的家庭出身背景、成长过程都差别非常。大董老罗老师在过去的人生经验里，他对雪儿姐姐说，对了，她有点接不住。其实她有点接不住，就心理上她是有点接不住的。是的，你看罗老师的人生经验是什么？我们都是依据于过去的成功的人生经验在生活。你像罗老师他的前半生的人生经验是什么？不服就是干。对罗老师是一个不服就是干,「废话」
而且他在这种行事方式，在这种性格特征下边得到好处了，就得到结果了。并不是把人生搞得一团糟。他是这种性格特征让他获益了，就是让他得到结果了。他的每一步都都走得特别大高起起伏伏都是这个样子。龙老师是个有决断力的人物，当然他跟他的成长的过程，他的家庭出身、他的背景都是这样的。但是董老师不是对，董老师不是，董老师都是确实是跟我们普通人的心理太相似了。这种大运到身上能不能接得住是一个。所以这个事儿的发展是很很必然的很必然的。就是从从上次闹出来那个事儿到今天，实际上中间留了一个很长的缓冲期。这个缓冲期一方面是给一方面是一方面是给董老师留一个心理缓冲期，就他他自己需要有点心理缓冲期，然后。打了罗的脸，没有打锣的脸，我前面不讲了吗？罗老师说的是对的，怎么就这么验证了罗老师说的是对的，哪里来的打了老罗的脸？你这是咋理解的呢？然后他不早晚还是走了老罗说的那条路吗？对，怎么又打了老罗的脸？哪里打了，就是动不动就打谁的脸，就这么爱打人脸玩。然后就说回来说这个缓冲期过去之后，他早晚是要自己干的，他早晚是要自己干的，那么他也够成熟了。但是将来会他自己干能干到什么什么程度？然后还要对还要边走边看。边我是觉得现在大家都以为是东方甄选离不开董老师，对吧？但实际上我个人觉得，是董老师离不开老于的这个人脉圈子。董老师现在是离不开了老于的这个人脉圈子，也离不开他的这个团队扶持，他个人的心里还不足以撑得住这么大个事业。是的，董老师在这方面还是不如还是罗老师更厉害，罗老师还是罗罗老师更厉害，董老师还需还有一段艰难的路要走。董老师还有一段很艰难的路要走。而这种就是。这种就是我再说一个将来的，其实这条路不好走，特别不好走，尤其是放在董老师身上，就是这个生意，就董老师接近他现在在做的这个生意，这个business是个是一种什么business？就是他得把自己他实际上是在做一个个人品牌，他把他自己做成个人品牌，他需要尽快的去折腾。他其实应该借鉴的是像黄磊那样的路。大家知道黄磊，虽然大家已经很烦他了，对吧？但实际上黄磊他是一个做个人品牌的这么一条路。你得不断的折腾，你得有娱乐明星的那个劲儿。就是董老师不管他承不承认，他得把自己丢到娱乐圈里面去，他得丢到那个名利场里面去。而名利场里面是没有什么底线，没有什么脸皮的，就谁比谁脸皮厚。你要豁得出去，你要折腾就不疼，不停的折腾,「废话」
你什么时候你的名声不存在了，你的流量下去了，你就玩完了。你所有的钱都是绑定在他身上的这个流量身上，他是他身上这个知名度身上。这条路很不好走的，而这条路安娜老师又说的非常精准，而这条路是董老师的短板，董老师的性格不是这个特点，他不是这个类型。他不是这个类型，一个双非毕业的孩子能上到这个阶段已经祖坟炸裂了。其实董老师更炸裂的是什么呢？董老师更炸裂的是他为什么能红到这个程度呢？大家有没有看过一个电影叫铁拳男人？那个罗素克劳演的就是那个罗素克劳在好莱坞的一个电影。大家有没有看过这个叫铁拳男人？咱们直播间里的所有的中年人，我推荐你都去看一看铁拳男人那个电影就叫然后你一定要去看看这个电影，我郑重推荐，你找一个空，你跟你老公或者你自己都可以，就是你一定要看一看这个电影。而那个电影非常，你看了那个电影铁拳就打拳击的，打拳击的，铁拳男人罗斯科导演的。你看了那个电影就知道了，就是说在董老师身上最炸裂的是什么？就董老师这个身份搁在前几年不一定能红成这个程度。但为什么在这个阶段他红到了这个程度？恰恰是因为。士气低迷，大众心里很低迷，整个大家都觉得很难，都在走下坡路。我们需要有一个人来重振士气。那么在这个关键的时刻，我会去崇拜一个精英型的人物吗？普林斯顿毕业的、哈佛毕业的或者是清北毕业的，出来一张嘴一股子傲慢的精英味儿是吧？那那不会，我们就是需要一个底层奋斗上来的孩子，它成为我的标志性的一个东西，然后它就红了。对他就我们需要在士气低迷的时候，我们需要一个这样的人。是的，时代的风口吹起了一个普通人似的猫鱼，是吗？猫鱼刚才有老师问猫鱼，可以的，猫鱼猫鱼非常好看。610页230张绝版照片，不叫绝版，就独家照片。然后610页逻辑现状写的非常美辰冲的文字写的非常美，陈冲的文字写的非常美。对，郭有才也是类似的。陈冲也算那个时代的董宇辉，其实不算。你去看一下陈陈冲，陈冲的家世背景已经非常上流社会了。他的家都他家都是医生，他家都是医生，他你看他妈妈，我给你看一下，你就知道，就在我妈妈还吃不饱肚子的那个时候，他妈妈的婚纱照就是这个样子的。这是他妈妈的婚纱照，不是他的，是他妈妈的婚纱照。对，陈冲是精英。是的，陈冲算的。陈冲在当时的上海算的。他妈妈是公派留学在纽约，他爸爸是华山华山医院的医生，在当时那个年代非常可以了。对陈冲能得到那个角色有一个原因，就是他流利的英语,《铁拳男人》
精致的利己主义者？我觉得是他有才华正好说明，但也不能这么说，因为我们得承认我们的基基叫基本盘。我们得承认我们的基本盘，我们再不想跟那些非理性的人群同流合污，我们再瞧不上。但是也没有办法，因为我们就是同胞，我们是一体的。我们生活在一个社会中我们生活在一个社会中，我们是一体的，我们是一体的。你没有办法跟他们完全的隔离开，说我不跟你们这些那个人在一起，所以这是基本盘。我们得承认这个社会的基本盘就是这个样子。我们的基本盘就是刚结束文盲，就是刚解决掉文盲的问题。大量的人是说是连话都跟你说不明白的。然后你看就我经常说郭律的直播间，郭律的直播间你去看连线的人，很多是稀里糊涂就犯下了他天大罪稀里糊涂的很多人是稀里糊涂就犯下了他天大罪，你让他说这个事儿的时候，就跟医院里贴的那个条儿一样，就是说问什么答什么，很多人是连基本的话都说不明白。就是你问东他答西，你问A他给你扯了扯了一帮扯，扯了扯了一堆，扯了一堆那个那个什么什么，就是他是我们是刚解决掉文盲的问题，就识字而已。我们的基本盘他就是这个水平，我们的基本盘就是我们现在社会割裂的极其严重。我们社会割裂的极其严重就是这个原因对，就被告聚集地，我们的基本盘是谁来救救我？是的，我们的基本盘是，我们的基本盘是我我穷我是大爷，然后你就得来拯救我，谁来拯救我就是这种是就是你们这些，你们这些读过你们这些是这个叫什么活的比我好的人，天然就有来拯救我，给我钱的责任。我们的基本盘现在是这样的认知的。雪儿姐姐也去看郭律了是吧，对吧？你看郭律连线的那些人，有些人已经塌天大罪了，就是判5到10年，十年以上的都有了。但是他说不明白他的事儿，你问什么都不知道，你想这不是你的事儿吗？他都已经就是他会决定已经重要到决定你的刑期了，是吧？说不明白，你问东答西，答非所问，然后你什么细节整不明白，也可能是这个，也可能是那个，就这是基本盘，这是我们的基本盘。对，谁来拯救我不来救我，我就骂你是的，是这样的，我们的基本盘是这样子的，用什么相机？我用我们家闲置的相机。是的，一方面我要自由，一方面某某该出手管管了。我们的基本盘现在就是这个我们得承认这个，承认这个就是要正确的估算，然后也要知道自己面对的是什么样的群体。所以我们要是你是老师、医生这样的职业的话，一定要保护好自己,「废话」
因为我们知道我们的基本盘是这个情况，然后我们再从基本盘有没有可能往更更上面发展一下，然后其实是受限于经济经济条件，受限于经济条件，第二就是受限于那个受限于那个。受限于引导受限于控制和引导，这个是没有办法的。因为我们在怎么说呢？就这么说，基本盘停留在这个认知手段，是停留在了最好控制，也停留在整个社会最稳定的那个阶段。所以就这样就可以了，你们不需要再往上走一步，你们也不需要再去思考认知了，你就停留在这个基本盘，又好控制，又社会又最稳定。我说啥你听啥，听话照做对吧？我就这个是于上虞下都都最稳定的一个状态，一个平衡。就是在目前在对他就想让金门盘这样就是这样，就是停留在一个相对平衡的状态，一旦基本盘不是这个状态了。对，一旦基本盘不是这个状态了，就达不成这个平衡了，就达不成这个平衡了。我会要求一种更文明的对待我的方式。我会要求一个更文明的、更合理的、更公平、更平等的制度，那这个就失控了。对，这是最主要的原因。又又把话题，刘斌是谁啊？鲁宾是那个吗？是李峰案的那个那个人吗？然后我们12号链接，12号链接叫理想国，新出的书叫娜拉。在中国这个稍稍偏学术。如果有女性，有女性就是有女女姐妹们，如果姐妹们想要看，可以看一看这个书，就是我们刚才聊的这个话题，就是我们基本盘为什么不进步，我们的基本盘为什么进步这么缓慢？然后是因为那个原因，我们刚才讲过了是吧？然后在这个基本盘的状态下，它的平衡达成了一种平衡的状态下，它会滋生出来很多的问题。而次生的问题最严重的就是不平等的问题，就是性别是其中一个很重要的问题。而现在这个矛盾越来越激烈，就是女性不再屈从于次等权力的地位。我之前反复介绍过，因为我每次讲这个女性话题的时候，老是有男男男男男的男男的去我的短视频下面骂我们，骂我。但是那你没有办法，因为你跟他解释不明白，他也不想理解。他骂你就是纯粹是因为发泄一下，他找不着媳妇儿，借不了彩礼的这个坏心情。他没有别的原因，他不是理性思考这个事儿，他不是在给。所以你这种人你没有办法跟他交代清楚，对吧？所以我们要说，遥远的就是主中那个刘斌，对他叫刘斌，我记得是他叫刘斌吗？刘斌还是刘斌？我觉得他的现在这个自身问题，最严重的就是这个女性主义问题,《娜拉》
女性主义问题叫刘斌，叫女性主义问题是什么问题呢？就是我们社会的，我们沿着刚才那个逻辑结构，我往下走，你就知道为什么我们现在男女的问题，它是一个次生问题，她不会得到解决的，也不会有任何的法律层面的支持女性的改变。来我们沿着刚才那个逻辑线往下分析，就是说我们的基本盘为什么是这个样子？是因为达成基本的平衡了。你们都识字了，合格的工人，合格的螺丝钉了就可以了。我不需要你就是你在你的基本盘的认知再往上涨，我的就达不成这个平衡了，这个社会的平衡结构就不存在了，对吧？那么在这个基本盘里边，第一重要的是什么？是你的权益和福祉吗？是你的权益和福祉吗？分工不同是一个最大的谎言，不要再给我提分工不同了，就分工不同这种东西，你就不要提这四个字儿，压根儿就不要提这四个字儿。7781老师说的非常的对，就是稳定。在我们刚才说的这个基本盘里面，最重要的就是稳定。那么稳定他会需要什么？听话照做，但他肯定有不听话不照做，或者说他肯定有矛盾的。就是传导它是有个矛盾，但是有个链儿的是吧？我们需要缓冲，我们需要缓冲地带。大家想想在我们东亚式的社会结构里面，什么是社会矛盾的缓冲地带？我们在空山新雨后，你跟得上我们来来跟上我们这个逻辑，跟上我们这个逻辑，就是在稳定的这个大要求下，在整个社社会结构里边社会结构里边什么是矛盾的缓冲地带，家庭对大家说的就这后边这几位老师说的非常对，叫家庭是缓冲地带。所以家暴为什么始终不入刑？为什么始终这么严重了，得不到重视？不能，不是没看见，是不能。因为如果我在用严苛的制度去用重点去治理家暴，或者用重点去治理这个家庭。我我我前两天直播我们讲过这个问题，就在我们在我们这个东方式的社会结构里边，你先把平等这两个字儿咔嚓掉。我们东方是东亚的这个文化里边，自古至今从来没有写进字典里的一个字儿就叫平等。不存在，这根本在这跟我们东亚的这个文化结构，这个治理结构，跟我们的这些完全没有任何。西方为什么有平等这个概念呢？是因为他们是一神教，他们是有宗教，宗教的是什么呢？神只有一个，在神的统治下人人平等，所以他们的平等是有这个也不是他们有多先进，是因为他们的文化体系的关系，他们的文化他们的他们自古以来的这个文化体系，它就是存在这个东西。就是因为是你不能僭越把自己当成神，你你你不能审判别人，你不能诈指别人，你不能僭越把自己当成神。所以在神的治下，我们所有人都是平等的,「废话」
你是总统，你怎么了呢？你不是神，你不能僭越到神的位置，是吧？我们都是平等的，都是神的子民，我们都是替神来行使这个责任，我们是替神来行使，这是他们那边的一个一个一个对一个文化一个文化。但是我们不是，我们是自古以来字典里没有平等这两个字。儒家治国的核心是什么？就是儒家这一套如法如法这一套，儒家法家都是啊如法之下治国的一个核心的东西是什么？官僚体系、皇族、宗族、宗法、超稳定结构什么这些玩意儿就来来这些的核心，这些都是形式，它的核心是什么？对，刚才那位老师说出来了，就是孔子的三六九等，就是等级制度。是的，等级，这是等级制度，严格的等级制度，这是我们东亚社会结构的核心，自古至今的核心。所以我们在任何的领域，任何的阶层，任何的地方，哪怕是家庭内部都要排等级。我们的权利从来都没有公平过，我们的权利都是跟着等级来定的。这是我们的制度和文化的最核心的内核。然后沿着这个内核你再往往外去发散，你就理解了这个社会的一切所有的规则都是沿着这个内核的。都是沿着这个内核往外发散的。我们的民就是所有的民间的那些风俗习惯、人情世故，我们的权力结构，我们的教育体制，我们的所有的东西都是沿着这个来的。所以我们没有我们先说我们的内核是这个了是吧？再说回来，哪怕到了近代，从民国时代我们引被国外被被西方所冲击。进来了平等的德先生、赛先生，平等新生活，我们进来了这些概念。但是水土不服进步就是没有办法在我们这个地方真正去改变点核心的东西。都是外围就倡导什么就成了两层纸，就两层纸我们倡导什么，实际上在干什么成了两层纸。然后我们再说回来说在我们的这个结构里边，家庭内部是一种次等权利。我们认为在宪法的大法下面，是不是大家所有的权利都应该是平等的。你是个人，你只要是一个人，你生来就带着平等的权利，对吧？你随便在在大街上伤害一个人是不行的，因为他跟你平等的享受一个权利，对吧？然后在这个，但是我们是没有这个概念的，之前是等级注。那么等级的这个里边，家庭内部的它是一个次等权利。次生权利就是说它不适用于国家大法，在古代说的是古代不说的。所以清官难断家务事。通奸罪是属于宗族管辖范围之内的，可以随便陈塘，可以随便搞死。如果老婆通奸，老公是能杀掉他，不承担任何责任的。在古代，然后因为它是次等，就是次等权利。而女性的地位，自古以来女性的地位，女性就没有独立的权利。女性是一种次等附属权利,「废话」
从夫从子从什么？就他是女性的权利，是被管辖在家庭法之内。就是假设古代有个家庭法，它是被管辖在家庭内部的女的，你怎么可能还去什么衙门打官司？不会，你你就你你去请你们家老人来评评理，顶多是这样，就是被关在庭院里的。这就是说女性的权利在我们古代他是。女性的权利是一种附属，这叫什么附庸附属权利、次等权利，它没有独立的人权存在。在古代这样讲大概明白了。那到了现代资本主义兴起了，我们不讲资本主义，但是我们还是进入了工业化时代。工业化时代它彻底的改变了人类的社会结构，彻底的改变了人类社会基本的模型。它带来的冲击就是对人的理解和看法，人的作用发生了很大的改变。这个时候女性评女性追求权利，女性追求权利女性追求权利的平等。它其实也是现代资本主义带来的一个产物，它背后是一个经济模式的改变，是什么呢？就是光男人不够了，女人也得上流水线，女性也得贡献解放生产力，它背后其实是解放生产力。解放生产力。所以在这种大资本主义时代的到来，大工业时代的大大那个大工业时代的到来，是需要女性解放生产力的。这就是大的背景，所以女性开始争取权利，走出家庭，开始为社会创造价值。在古代女性是不为社会创造任何价值的，它所有的价值都附属于她的家庭。所以这是一个现代整个世界的一个大的发展背景。再说回来我们这边土地，我们为什么不适用？因为在我们这根深蒂固的还是认为家庭是一个次等权利。我们哪怕前几年你们家里打起来了，威胁生命了，你去报案，帽子叔叔是不管的。就还是认为这是个家务事儿，就是一个很简单的。说一个男的就喝这个喝多了，跑到大街上随便杀了一个人，这就故意杀人。这跑没跑了这个是吧？没没没跑这个没跑，就是这用啥，你是都都没有办法开脱他的罪行，他就大街上随便杀了一个人，对吧？但是如果他喝多了，他回家打他老婆，失手打死了，家暴上封顶，五年以内就能出来，这是怎么回事呢？唐朝女性这边要论述到古代去，它就会论述的比较久远，那是一个额外的命题。我们说的是一个共性，我们说的是一个是一个共性，咱们不找一些这个起伏点的那个那个点，比如说李清照二婚遇人不淑也可以修复。是这样的，李清连李清你应该倒过来理解，你应该倒过来理解。第一，李清照不是普通人，不是一般人家的孩子。李清照的身份放在今天绝对是官二代、富二代，绝对是上流社会。李清照是上流社会，他的地位放在我们今天拿出来看，我都得仰视他。他是有权有势的，有知名度的混上流社会圈子的上流社会的女性,「废话」
然后第二李清照是一个有独立意识的女性，受了李清照这种受教育程度在当时是万里挑一或者是十万里挑一的。就以当时女性的受教育程度，或者说有自我意识的这种存在，李清照是万里挑万里都挑不出，一来还得10万里面才能挑出来一个李清照。连他这种女性遇到了一个渣男，那个渣男能明目张胆的欺负他，到那个程度对他毫无惧怕和敬畏，你是个名女人能咋地？她你要知道她那个二婚丈夫是一个小吏，并不是什么大官，不是什么就是一个普通非常普通，就普通公务员，就那么一个都能明目张胆的去欺负他，拿他不当回事儿。你知道李清照的社会地位比他高太多了，比比他那个二婚，那个人格卑劣的那个那个男的，但是他还能那样去明目张胆的欺负他，为什么？因为他是男的，他是女的，明白，所以李清照要去告她这个丈夫，就在这种情况下要去告她她自己要先受刑，她要先入大狱。为什么没有原因？就是因为她是她要告她老公，这就是个罪，不管你占理，你要告你，你要休夫，你要告你老公，你这就是个罪，你要先坐牢。你还觉得他有什么？你你你觉得还有什么？说他不是个个例，他是深重的不公平的代言人，他不是公平的代言人，那深重的不公平的代言人，你要搁到今天，李清照还能落到他那个渣男老公手里吗？不会的，引擎罩这他他这种对吧？然后话说回来，我们当下为什么说这个分工？你刚才不是说什么什么分工不同，说男女是因为分工不同。这个话就是一个张嘴说瞎话的最可耻的一句话之一。什么叫合理分工？分工不同他不是原始社会，男的需要出去打猎，女的在家里织渔网，不是那个社会了。你现在看职场上，职场上如果是按能力分工的话，那男的应该回家带孩子，女的应该上职场工作。然后你看这两年的大学的录取率，女生已经遥遥领先超过男生了。当然这不是说男生不行，而是说制度的不合理性，它带来的结果你不能倒推出这个制度的合理明白，你不能这样去论证，就不能说你说这两年我们的大学生的录取率已经男生遥遥领先，女生已经遥遥领先于男生了。那你能据此来得出结论说，这个女男生就不适合上学，男生就是去干苦苦工就可以了，男生就去那分工也挺合理的。你能这样得出结论吗？不能，为什么？因为我们在现代教育制度对男生是不公平的我们现代教育制度对男生是不公平的。所以你说空空山新雨后，我觉得你最重要的是认真对待一个问题，好好思考的这个能力。他他不是就不能抱怨一下，就就利不能变成一个利气太重的人,「废话」
什么叫利气太重的人？力气太重的人就是我只是抱怨一下，随处发泄我的情绪，而不去认真思考这个问题，也不去认真思考这个事儿跟我们当年是怎么着了，不是是跟我的生活有什么具体的关系。说生育率低是因为女性受教育程度高。所以就再说回来说在我们这儿为什么说男女问题是一个次生矛盾，永远不会得到重，不能叫永远。反正在现阶段我看不到会得到任何重视。虽然女性有很多很多的不公平，遇到不公正，然后我们有很多很多的诉求，对吗？但是我们有很多很多的诉求，但是我们这个诉求并不会很容易的得到回应。就是因为说白了咱们说的比较白一点，赤裸裸的，人家还希望你去缓冲那些暴力男。我们的家庭是我们这个社会的不可解的一些矛盾的缓冲点。比如说失业，失业带来的暴力上升，失业带来的暴力犯罪上升，那这些的缓冲点在哪里？对家庭我总有我我我我我我我总有人可以欺负我可以回家去欺负我就不会冲到大街上去乱杀人，就是这么一个赤裸裸的非常直白的话。不，我们说的是大家不要太太具体，我们说的是这个什么，就是站在结构的层面来，比较抽象的是啊，对，就比较抽象的站在整个社会结构的层面来讲，并不是说我们具体的是家庭就是这样子的，这个还是另说。因为设计和真正的落地执行差很远了，是吧？我们我们这个地儿所以我们的家庭里边该幸福幸福该幸福幸福该该你我是想把这个道理讲透之后，我们把这个道理讲明白了，那么我们就不会再不知好歹。很多人他的脑子不够用，他是不知好歹的，会伤害对他好的人，亲近那个骗他的人，这是愚蠢的人的典型特征，对不对？蠢人你怎么判断？不知好歹是一个不知好歹，不知是非，这是一个非常简单的判断。你发现这个蠢人他会伤害他身边所有对他好的和他亲近的人。但是他觉得那个陌生的认识的人，或者说新闻联播里那个人是对我好的，对吧？这是蠢人的。蠢人的基本特征。所以我们把这个结构讲透了之后，我们就不要再被被误导。就是你最珍贵的你，最宝贵的你。我们人生一世，我可能一辈子也不会认识新闻联播里的那那那所有的人我一辈子也不会跟他们打交道，也不会认识他们，他也不会来跟我握个手。但是我身边的人，我的我老婆、我老公、我孩子、我家人，他们是要跟我纠缠在一起。我们的恩怨什么什么情感是要纠葛一辈子的，他们才是我最值得去认真对待认真思考的人，对吧？所以就该幸福，该好好该珍惜。知道懂得谁是真的对你好的人，懂得该珍惜什么，懂得该珍惜什么，懂得什么才是重要的,「废话」
不要整天热血上头就出去喝二两酒，回来就找不着北了，就不要这样。所以的话对我们其实互为缓冲点，就我们互为缓冲点。有一些家庭关系中的典型的误区就是这样的。比如说有些男的，有些男的就是他觉得说我我我回家之后一句话都不想说，为什么？因为我在外边够累了，你看我给家里赚钱，我在外边儿已经够累了。所以我回到家之后一句话都不想说。我就想说这种人，你就不要结婚祸祸别人，你就自己待着就好了，你就不要霍霍别人。你既然回家一句话都不想说，你结什么婚？然后我们还是要正确的处理好这个和亲人之间的关系。那什么叫亲人？我说我们互为缓冲点，就是我们生活在一起。下班之后我要把上班不愉快不舒服的东西，我回家絮絮叨叨的去告诉我的另外一半儿没有目的，我不是期待你姐。还有一些人，他的思维方式是这样的，他说我跟你说有什么用，你又给我解决不了问题。人是情感型动物，人是情感人，不是机器人，不是变态的。像我们上上一代或者上一辈儿或者上上一辈人是把那个当成机器，不是机器人，是人是有有情感的。所以我们需要回家之后互相诉说一下，倾诉就已经非常重要，倾诉和倾听才是最重要的。没有人期待你真的解决问题，没有人期待你真的解决问题。我是需要有一个人倾听，我絮絮叨叨就行了。人是需要分享的，我看到一个漂亮的景色，我就分享给别人。插一嘴，我我最近有一个朋友啊，我最近有个朋友，我昨天还警告他，因为我发现他的手机里，他老是比如说他他那天来找我拿东西，他那天来找我拿东西，他一出我们那个地铁站，正好看到我家有一片空的天空。你知道在北京，在北京城里边能看到一片空着的天空不容易，大部分都是被高炉切割的很散乱。然后他看到我们家北边有一片天空很漂亮，他就拍了一张图。他把这张图分享给了他的一个异性朋友。因为我走在他旁边，我就给他下楼送东西，我就看到他发出去了，我说发给你老婆，他说不是，我说你给我看一下，我拿过来。他说我真的没事儿，真的没，因为我跟他老婆是朋友，你知道。然后我就我说你给我看一眼，总而言之，我就看了一眼他和那个人的对话记录，他说我真的没有瞎搞，我你要跟我老婆做证明了，说我真的没有瞎搞。但是我发了拉了一下他和那个人的，就他那个异性朋友在聊天，他这个异性朋友应该还在异地，就别的地别的城市。然后我拉了一下，我发现他们俩在分享的没有任何的下三路的东西，没有任何的暧昧的东西,「废话」
发的都是说今天我吃了一个菜非常好吃，拍了一个照片发给对方，今天的夕阳好美，拍一个照片发给对方，然后对你们说对了，我觉得如临大敌。我我我反倒觉得我跟我那个朋女性朋友，就他老婆，我跟他老婆说，我说你这真得注意一下了，你真得注意一下，为什么就是你你不怕那些，人最重要的是分享欲，分享欲就是。分享一句，就是我今天看到一个非常漂亮的流浪猫，我会拍他的照片分享给我觉得最有话说的那个人。但如果这个人不是你老公或者老婆，他就会很很有问题，他就会很有问题。是的，雪媛姐姐非常明白，这说明他说了两个问他说明两个问题，他说明两个问题。第一个问题是他在他的伴侣身上得不到回应了。其实我有时候得不不需要你的任何回应，我只是分享给你，你回个OK，或者是你甚至不回复我，我其实不在意，分享的人都是这种心态，愿意分享的人都是这种心态。我拍这个夕阳好漂亮，我就发给你了。我知道你看了就行了。我其实不期待你在这儿假不假事的在底下给我。你拍的好棒，你好吧，这不是要这样，这样就太恶心了。实际上是那个就是精神方面的回馈，精神方面的回馈，这是对这说明两个人没有这个就失去了这个了，就失去了这个了。我我我可能这个第一的第我我遇到最美的东西，我想分享的一定是我最在乎的那个人。大家明白吗？但是也我我倒我倒是我倒不是说要谴责这个男生，我也不想去怀疑他，因为他们都是我认识的人，他们都是好人。然后我不想去谴责我，就我不是想去谴责这个男生，我想说的是什么呢？我为什么是提醒我那个女性朋友，我说你要注意一下了，就是我为什么要提醒他？是因为很这是这这是一个双向的东西，这不是一方出错，一方是坏蛋，另外一方怎么样，他不是一个这样，他是一个双向的东西。这说明就是他的分享你已经不在意了，你对这个人是漠视和忽略的状态的时候，对这种爱分享的人知道有的人是爱分享的，就喜欢分享。我遇到个什么事儿，他是对生活有有一类人对生活是充满热情的，还有着那种像小孩子一样的好奇心的这种人是爱分享的。他会看到一个这个他也会告诉你我我今天看到旁边两个情侣吵架，我很生气，他也会讲给他的好朋友，或者是讲给他的第一分享人去听。然后他是这种人，你要珍惜他的分享欲，珍惜他的分他就是絮絮叨叨想跟你分享一下而已，没有任何不想让你解决问题，也不想怎么。但是如果他遇到的另外一方是一个冷冰冰的人是一个是一个没有这些感知的人是一个像一块石头一样的人。那这两人的关系是很折磨的，很恐怖的,「废话」
爱好不同，get不到那个点，不要，不是这样，你结婚了吗？你结婚之后你就明白了，或者是你谈个男女朋友就知道了。就是另外一方喜欢二次元，我不喜欢二次元，他去参加这个动漫展，拍了一堆照片发给我，我会烦吗？不会，他会发给我，还是发给他那个朋友？他要分享的是他那种喜悦的感觉，并不是真的要去让你看那个二次元的图。我今天见到这个了，我好开心，我要分享给你，我今天看到这个了，我好开心，我要分享给你。他想分享的是他开心的那个感受，他并不是真的让你对他拍的图指手画脚。他发了一个图给你，你给他指出来，就这个图的构图不太好，你应该站在反面拍。你看你把这个人拍的这么黑，你应该找一个。你看这个人穿的这么暴露，你下次不要跟他们玩了，这就是扫兴的那个人。对你不要真的去指手画脚，你要知道他分享给你是分享喜悦的感受，喜悦的心情。然后不要当真，在在后边儿指手画脚的说一堆。你就是这种人。是的，是这样的，就是妥协和包容。这个事儿说来具体的很。很复杂，那要怎么回应，他才会源源不断的和你分享。我觉得没有一个公式，没有一个准则，重点就是核心，重点就是你会不会因为他的开心而开心，他开心了你就会很开心，你替他你能感受到他传递的开心，而不是那种说他传递给你了你觉得很烦。你这跟我有啥关系，又去乱花钱，这玩意儿这么丑，你有什么好看，这是你内心对他的不认同。那你俩为啥要处朋友呢？就是你你要是就是你你只需要说我虽然不懂，我虽然不懂，我也不喜欢这个，但是你开心就好了。下次再有这样的活动，我我我来替你抢票，我虽然不喜欢，我也get不到，但是你开心是我最在乎的事儿，然后我下次可以支持你。或者说他想想要个礼物啥的，你给他买一个那种原神的什么玩意儿，你就他只需要，他不是强迫你也要喜欢他喜欢的东西，而是说我知道你在乎我的感受就可以了。对，又上来情感直播间了。分享对方的精神。这个事儿很复杂，这个事儿有有N多种处理方式，没有一定的公式。我怎么就扯到这儿来了呢？反正我不卖书了，转个，我每天都是这个样子。咱们卖卖书卖卖书，我想想有什么情感的好书。娜拉在中国就是从这本书开始跑题的。娜拉在中国就从这本书开始跑条约。这本书讲了什么呢？这是理想国今年新出的书，没有人会吃力不讨好卖这种书出去。我这个娜拉在中国,《娜拉在中国》
情感中娜拉在中国，然后新女性形象的塑造及演变，讲了1900到1931900到1930年，讲了191900到1930年的那拉这个的那拉这个的引进，就我们刚才讲的说我们的家庭是在我们是一种次生关系。它不重要，女人啊你们爱不爱的这个都不重要。女人们的感受是这个社会结构里面最不重要的东西，而不危险，你又不会反社会，你对任何人出去，对你老公，对任何人造不成威胁，所以永远不会被重视，大家明白了吗？看明白了，就是女性，你们那点情情爱爱，你们那点爱不爱，你们那点矫情的小情绪，你们那点什么动不动就顶多威胁一下离家出走了，是吧？你们一点，你们对这个社会没有任何的威胁能力，你们又胆小，你们又是容易怂，你们有没有反社会性，对吧？你们对这个社会的结构就撞不出一点小缺口，所以永远不会被重视，永远不重要。但是你们相信这一套很重要，因为你们相信这一套，你才会整天脑子里想的都是抓小三儿，斗小三儿，整天都是争夺一个男人的爱，你们就会纠结在这些烂事里面，那你就更降低对社会的危害性了。妈妈就是你站的。这话是不能说吗？就是各位姐姐，各位姐妹们，就是你要站在这样的社会结构管理的这个层面来看，就知道为什么你们得不到回应。就是为什么得不到任何的重视和回应？被家暴了也得不到任何的重视和回应，就是这个原因就是这个原因。但是我说的是说这本书，这本书我推荐给女性朋友们看，叫娜拉在中国那拉在中国就是娜拉这个角色是出自这个玩偶之家，就易卜生的易卜生的这个玩偶之家。然后这个戏剧是在我们190几年，就是民国时期引进中国的，引进中国之后就引起了轰动。然后那个时候大家就开始讨论娜拉的出走，娜拉为什么要出走？可能很多人对很多人不知道这个不知道这个娜拉的故事。然后我给大家读一下娜拉，娜拉是一位中产阶级的家庭妇女，她出自易卜生的著名的戏剧叫玩偶之家。然后这个玩偶之家是1906年的创作的。然后咱们中国是把它翻译成纳拉，就是民国引进的时候直接翻译成主角的名字叫纳拉。然后他是这个剧是根据真实故事改编的，然后他讲的是那拉是一位中产阶级级的家庭主妇，曾为救丈夫而伪造文书，未料数年后东窗事发，而她的丈夫却只顾自身的名节和利益，震怒，并且辱骂他不足以为人妻。母娜拉于是领悟到了，终于明白了，这一刻，被人呼了两巴掌之后，终于明白了，说我八年的婚姻无异于儿戏，自己只是丈夫的牵线玩偶，没有独立的意识和主权,《娜拉在中国》
她因而向她的丈夫表明，要先自我教育，做一个人啊人带引号的大写的人。我要先完成，我从一个附拥附属的牵线玩偶成了一个人，然后她舍弃了三个孩子和丈夫离家出走了。这是那拉的故事，这是那个那拉。然后我们我们最近一次提到那拉是那个对，我们最近一次提到那拉是那个谁？刘海燕，大家知道刘小燕这个女性吧？刘小燕，刘小燕就是我宁愿痛苦不愿意麻木。大家看过那个吧？就是我宁愿痛苦不愿意麻木。刘晓燕，那个那个是。对我宁愿痛苦，不愿意麻木。而刘小样在叙叙述自己的痛苦的时候，其实就是一种精神的极度的匮乏。就是有钱是你是不能买书的，买磁带，买欣赏艺术欣赏这些的，你只能跟当地所有的其他的妇女一样过日子。可能很多城市里长大的小朋友理解不了那拉的困境有多少。我们是城市里长大的孩子，或者是东北这样的地方长大的女孩，你是理解不了这种困境，这种小地方的闭塞，你是真的理解不了，你get不到，你感同身受不了。你去看刘小刘小燕的那期节目，很多当代的孩子是听不明白他说的那个背后巨大的精神压力是什么。就是在他所生活的那种偏僻的乡间，是别人都戴灰头巾的时候，就是包巾，就是那种围巾，别人都带一个款式的灰头巾的时候，你去赶集给自己买了一个红头巾，再戴上马上村里全是关于你的流言蜚语，说你是不正经女人。这种闭塞非常可怕。我这么说，我估计很多人也是想象不到的。你只有在那个环境里真实的生活过，你才知道这就是我妈。我妈妈就是非常支持说愿意生活在大城市。大城市虽然人情淡漠，你跟邻居都不认识，但是你就在街上裸奔，别人也不会多看你两眼，这是另外一个阶，这是另外一个极端。但是在那个乡间真的是这样的，就是你夏天别人还没有穿裙子的时候，你穿一条裙子上街，那周围全部都是指指点点在说话。这种精神压力是我们当代人无法理解我们上一辈儿和上一辈的人的生存状态的，是个非常闭塞，而娜拉就生活在那样的时代，刘晓燕也是生活在那样的环境里边，是极其闭塞的。而这种环境里面对女性尤其的变态，这种环境对女性的要求尤其的变态。干啥，猫猫。我家猫猫忽然在这舔我这个手指头，舔了半天，顺便帮我洗洗脸。然后刘晓燕的那个节目火了之后，大家可能不知道，后来这个南方人物周刊，应该是又做了一篇追踪的报。那个报道就是在在刘小燕那个半边天的节目播出十年还是20年之后，然后南方哪个是南方人物周刊，还是人物，还是反正南方报业旗下的一个杂志，他们专门去寻访了刘晓燕，写了他后边人生的故事,《娜拉在中国》
而那篇报道大家可以自行去百度，那篇报道我推荐大家都读一读，非常值得一看的一个报道，叫平原上的那拉那篇那篇报道就是关于刘晓燕的追踪报道，后续命运的追踪报道的，叫平原上的那拉，那个报道看的我看了两三遍，你知道就是看差点看哭了。倒不是特别感人，而是说他不是那种煽情类的。他就是追溯了刘晓燕在说出了那句著名的说我宁愿痛苦不要麻木那句话之后，他的人生命运。其实他没有逃脱掉他的命运线，他没有改变和逃脱掉。他跟无数无数的无数的北方妇女一样出去打工，然后又莫名其妙的丢掉工作又回来。然后很快她的孩子就结婚了。很年轻他的孩子就结婚了，他的孩子就生了孩子，他不得已就只能回家去帮他孩子带，就带孙女，带孙子孙女，然后他永远被困在了那个困境里边。这个讲的是娜拉在中国，就是这种戏剧引进中国，在中国火爆之后引起的我们一些思考。其实它也是讲女性主义，就是我们女性在中国的觉醒的一个最初的过程。1900到1930年。女性主义在中国叫新女性形象的塑造及其演变。就是讲民国时代我们怎么样去。在民国时代，我们的娜拉们是如何觉醒的？理想国的新书，七月刚七月刚出的，七月刚出的，你在这干啥？13号链接是三本法律的书，然后14号链接是那个啥，14号链接是弘宇。你是不是吃多了打嗝？我们家猫一直在那打嗝。宏宇还有没买的老师抓紧了。它吃多了，我们家这个猫吃东西，它以前是流浪猫，所以它就有一个生活习惯，他会抢东西。它是流浪猫，它刚被收养的时候年纪比较小，但是你家里已经有原住民了，他在好几只猫的这种环境下长大的，所以他抢东就是他吃东西吃的特别急，不是吐毛球，他他没有毛球壳吐，他吃那个化毛膏。然后他就养成了一个习惯，就是抢东西，就是抢吃东西特别快，就想吃。但是吃的太快，吃的太多它就容易吐，这是他的一个生活环境造成的缺点。他自从来了我们家，刚开始也是那个样子的。后来他忽然意识到这个家里只有他一只猫，然后就被宠上天了。他是小霸王，他是老大了，没有人会给他抢吃的了，他想要吃啥都给他，所以他就没有那个对他就不那么强了，他现在吃东西已经不那么不容易吐了。他刚来我们家的时候，也是你喂他冻干或者是喂他那个鸡胸肉吃，一定会把自己吃吐。就是好，就没没就是没命的吃吃完了就把自己吃吐了。现在不是了，现在已经就是会挑食了，想起来吃两口，想起来吃两口，他就知道不会有人跟他抢东西吃。长胖了M家之后长胖了一点,《娜拉在中国》
是的，他现在也终于意识到我妹还说她是我妹妹的猫，我妹还说她说我特别好奇，她什么时候会意识到说我成老大了呢？我怎么成了老大了呢？所以要给他还是要给他尊享。对，现在是尊享MVIP。来，我们那个往后过一过书吧，过一过书。然后那那一批我看一下，宏宇单本，宏宇单本现在有现货了，现在有几百本的现货了。然后还有没买的老师可以抓紧入一下。18号链接弘宇单独的现货，19号链接哪位老师要挑战一下？19号链接是一个复合链接，里面有逻辑学导论，还有黑格尔是吧？还有黑格尔。然后哪位老师要挑战一下逻辑学导论？放在家里没事翻一翻，放在家里没事儿翻一翻。这本书可以看一辈子，并且留给自己的孩子再看一辈子的那种书。这是那种不会过时，永远的永远的经典中点逻辑学导论这么厚，我的书特别厚的一本，在这儿来给大家见识一下逻辑学导论长啥样。我我我老是搞这些逻辑学导论第15版。标价139标价139。教材教材基础入门教材。对，基础入门教材。但是我我我跟大家老远问我是怎么读书的，我给大家传递一传传就是分享一个分享一个我个人有一个读书的小灌，比如说如果我真的想学这个学科，大家可能不知道，就是我家里有那个叫大众心理学的，研一学生读的那个教材，教材就叫大众心理学这么厚，还有战略管理学这么厚，都是教材，都是教材。然后还有还有逻辑，这是逻辑学导论。我们家还有一本叫什么导论，就是当我真的想学这个学科的时候，教材尤其是西方人写的就是欧美的教材，我们是翻译过来的那种。我刚才说的大众心理学，还有那个社会心理学，还有那个叫战略管理学在哪儿？我回头找出来给你们看一下。黄色的大开本这么厚，我都认真的买回来，时不时的翻一翻看一看。为什么我真的想学这个学科的时候，从这种大学里，而且是好的大学里采用的教材，西方教材翻译过来的这种入手是一个捷径。你别看这种这么厚，你别看这种说我就去随便买两本心理学的看一看行不行？我就随便去买两本逻辑学的，我要看那种什么大众逻辑学没有用。如果你真的想学这个东西，想想开始学，有这个决心，我想接触教材是最好的入门级的东西。讲的又细又全是案例，又没有废话，有没有那些情绪去弄东西，全都是这个智慧的结晶。我我这是我的一个小的小的窍门，小的窍门，我们家那个买过的教材，但是我后来想学英语，我有一段时间想出国去去去干个什么事儿。然后对我我有段时间想想出国去干个什么事儿，其他都都申请都没有问题了，但是我必须得给我过雅思,《逻辑学导论》
也不是雅思，当时他们有一个语言考试，他们学校有因因为我不是出去留学，我是那种是那种那种交流交流，但是也是要在那儿学一年半的。他们有一个全英文的环境，他有一个语言的考试，我需要在几个月之内把我的英语成绩赶上去。如果你有雅思成绩，你就可以不过他们那个语言。但是考考他们这个比考雅思容易，所以很多人选择去考他们学校里的自己的言语言学考试。然后大家知道我找了什么方法，你是学什么呢？学新概念，学这我这个基础应该从哪开始学呢？我又不想去报新东方，我又不想去报什么，因为我还要上班。大家知道我找到一个什么窍门吗？我把我的大学教材找出来了。我把我大一就我那年上大学的时候是刚换了新教材，这么厚大开本人教版的那个英语教材，我不知道你们上大学学的是哪个教材，我们那个相当好，就是我们那个版本的英语教材，这么厚一本，一学期这么厚一本。那个教材真的相当好，讲的也很好，也非常棒，就是学英语的好入门。我把我我居然还留着，我把我大一的教材找出来了，我把我大一的教材找出来了，我跟着那个教材学了学了两本儿，就学了一学年的学了两本儿，然后我就把那个语言学给过了。就是真你要真下定决心去读教材，是非常好的一个选择。真的，学校。有的教材有房子，内地的就是要学西方人的，还有一个窍门，但是这个门槛有点高。但我觉得我们直播间里的人可能能意识到我说到的重要性。就是你只要打通语言关，就是好好学英语，好好学英语。只要打通语言关，你只要把这个坎儿过去了，就是把语言关这个坎儿过去了，畅通无阻，剩下的你想学啥学啥，为什么呢？就是你只要把语言关过去了，你想学任何一个学科，包括微积分，包括这种理科的东西，去买国外的教材，去看国外的教材。你不用去读什么哈佛耶鲁，不用去读读普林斯顿。你把他们你找一个留学生，你把他这学期要学的东西，把他的教材买过来，然后把他的老师给他们推荐的那个课外读本也都买过来。你在国内自学，你能学出来一样的水平。他们的教材是能自学学懂的。咱们的教材倒不是防自学，他就是太差，是你学不会。咱们就是答案集锦，咱们的教材就是答案，就是答案的罗列和集锦。因为真正的教育，咱们也也不是说说这叫什么厚此薄彼，叫叫自自妄自菲薄。这也不是妄自菲薄，而是说我们得承认客观的差距。客观的差距是什么呢？就这些学科在国外，尤其是理工类的科学类的学科，在国外人家是经过细致的发展的过程的。毕竟国外是原创，咱们是copy，对吧？国外是原创，咱们是copy,「废话」
咱们的时间太短了，就在咱们正经的开始做这些学科建设和教学，几十年的时间，从80年代到现在，大家想想从80年代到现在多少年才多少年？40岁、40，很多学科就是40年的过程。觉得我们家猫有点不舒服呢？所以咱们真的没有人家那个渣，人家是发展了一两百年的东西沉淀下来。它它有一个规律，人家尊重这个学科发展的规律，尊重就是尊重这个教育的基本规律。咱们是揠苗助长，咱们是亚苗，你背过就行了。我不需要你懂，我不需要你学会推理，我不需要你明白这个过程，你背过就可以了，你背过你就比人家强了。就开始得意洋洋，我们出了多少奥数的天才，我们出了多少的拿了多少奥运会的金牌，比比这些完全没有意义，对不对？比这些完全没有意义。哪位大婶儿真的有人买了逻辑学导论？但是如果你能读下去，它就会发现它不难，它没有那么我们想象中那么难它没有我们想象中那么难。我们的教育体系来源于苏，这也是一个误解。我们和苏我们东亚的模式和苏的模式都来自于普鲁士模式，就是我们都采用的是叫普鲁士模式。其实这个模式并不是诞生于苏的，它是诞生于资本主义初期的欧洲，就是德国，叫叫就普鲁士模式。它的诞生之初是为了工业化，就工业化时代的到来，告别小农经济了，告别农业文明时代了，或者是海洋文明时代无所谓了，就告别过去的那个小就是一个小个体的时代了。我们需要把所有的人都卷到摩登时代，把所有人放在生产线上。我对所有的人的这个水平要拉齐，要拉齐就是你们都要胜任产业工人，那个时候产业工人不够用了，欧洲也是文盲率偏高的这个问题。所以他们采用了是欧洲资本主义的，欧洲先诞生了这个东西，就资本主义欧洲先诞生了一个模式。这个模式就是开始集中在课堂上解决这个问题，集中在课堂上城市化流水线化的解决这个教育问题。但他的目的就是为了人。那个普鲁士模式最初诞生就是为了培养产业工人。所以他的整个就追求效率，你最快就职业的那种培养方式，你解决你识字儿，你要最快效率最高的解决掉文盲的问题，到达对产业工作的基本要求。你要会操纵机器，你要会看得懂对你的要求，看得懂说明书就可以了，没有更高的什么。但是这个是100年前的普鲁士模式，人家早就已经在不断的更新换代迭代这种教育模式了，但是咱们因为这个太有效了。这就又说回到刚才那个问题了，就是我们我们这个地方从来没有求真务实，就是我们不求真、不务实、不平等。我们的字典里没有这几个字儿,「废话」
你翻我们过去的历史，不管是资治通鉴，不管是什么经史子集，不管是所有的一切，讲的都是一个等级、秩序、伦理、差序。然后我们没有平等这个名词，这是一个外来词汇，我们就没有这个玩意儿。然后我们也没有说就是像西方的把人当人，我们讲究的是稳定和平衡。只要稳定下和平衡下来，验证了这个模式的有效性，我会我们会重复重复重复再重复，我们会限制你在这个模式里边不要再发展。因为我们诉求的目标是不一样的，我们诉求的目标就是稳定就好了不求真、不务实、不前进、不发展无所谓。那些玩意儿都是刺棱子慈禧老佛爷的。你要理解慈禧老佛爷就理解透这层东西就知道了。还有历届的皇帝，你要理解他们，就理解透这条规则就可以了。你要理解，你现在如果在体制内工作，你要理解透你们的那个单位是怎么运转的。然后大家这个表说一套做一套，你核心目的你领导到底咋想的，或者说你是在某个大企业，然后大企业病，我们说大企业病，然后你要理解透这个东西，你就要理解透最核心的目标是稳定，然后这是最终的导向。所以围着这一切，只要不改朝换代，只要保有我的权利，只要我还在位上，只要保持稳定，其他都是围着这个转的。不管是教育，还是你的福利，还是你什么时候退休，还是加息，还是国企，还是私企，所有这些都是在这个稳定下的。所以在这个模式的唱教育，现在这个模式是最好的，最好管理的。所以不会让你的基础教育有什么。你看我们讲那个教育改革讲了这么多年，有什么根本性的变化吗？是不是都是在形式上的变化？都仅仅是形式上的变化，没有根本性的变化，从来没有动过那个根本性的变化。对兴盛与危机，是的，超稳固。63号链接，稀缺好书。金冠涛老师在80年代他34岁的时候，和他的爱人刘青峰老师两个人写了这本书。就是你现在看他可能你觉得这个观念有有局限性，有缺陷，但是你不得不说他真的是横空出世在我们这个板结一块儿的学术范围，学术的很这叫万马齐喑的学术的领域之内。他真的太让人惊喜了，就是眼前一亮的感觉。科举考试模式其实不像大家想的那么糟糕。科举考试模式其实最初解决的就是阶层固化的问题，就是科举考试。隋唐一代为什么要科举考试？科举考试的目的确实是为了让下层氏族的孩子有上升通道，是改变王朝的人才和官僚系统的结构。为什么要改变这个结构？是为了削弱掉门阀氏族门阀氏族导致的阶层的板结。阶层的板结,《兴盛与危机》
你以为那些既得利益者是完全就同意这个状况不适因为如果你是皇帝，皇帝就是CEO，后边有股东和投资人，就是那些门阀们。比如说李渊，李渊他就是一个CEO，他终于当了这个老大了。他发现我无人可用，一帮子庸才，一帮子裙带关系，一帮子就要么姓崔、要么姓李、要么姓王，谁也动不了，谁也不干活，一帮子这样的人把持着我的朝政，我无人可用。所以他急需要打破这种阶层固化和板结带来的整个社会的腐朽没落，然后一团乱麻科举制度。所以真正厉害的是隋文帝徐芬蒂，是一个隐藏的大佬，绝对是一个大老。隋文帝是真正隐藏大佬啊，就是。,「废话」
