﻿original,result
帆布袋加一本书给大。左上角给大家发了那个超级福袋了，宝贝们可以参与一下。宝贝简爱有吗？简爱有，简爱有简有。简爱有啊，等会儿我你你看看，我给你看看，给你找个版本。简爱是不是这一套绿色那一套里就有。来，我们家今天前几号这几个链接做的都是价格超级美丽的，喜欢哪个拍哪个就可以了。再给宝贝看一下，我们家今天这个就是给大家先讲一些我们家这个刷边的，刷边的简爱有有简爱那依林的那个，但是它不是软，它是软的，它软它没有硬的。你拿一下样书看一下，样书好像在门口的那边会计那块儿袋子里。来看一下主播手里，这个大家做的价格也非常美丽。这是我手里这个是丝绸之路，丝绸之路自助游指南，这本给大家又做了一个，是不是？我今天就是把我压箱底的都给大家上出来了。这书籍做的是一个裸脊的双裸脊的书，书籍做的也是非常的漂亮。然后打开外包装，做的是一个牛皮纸的包装，里面做的是妥妥的线装书，做的是这种复古的风格，有图有文字。它不单是一个文字版，它里面还给我们加了多数的彩图。跟着丝绸之路来一场旅行，然后你可以跟着丝绸之路，它讲述了很多关于丝绸之路里面的事，给大家瞅一下。你说这个你找见了，我还以为没有。这你看它上面写了就是这些地方我们去的时候它地址在哪儿？做的交通工具是什么样，门票什么文化保护等级什么样，包括它背后的历史文化背景，它都给你写在里面了。从什么地方开始出发？从西安一路开始出发，通过各个城的景点，通过各个层的旅游地方。有些景点是比较热门的，有些景点是那种比较小众的，你都可以去看一看，可以在这里面精选一些你喜欢的景点来走一走。就是开启了一场丝绸之路，看看我们老祖宗是怎么样开辟这场丝绸之路的。它不光这种，还有这种非常经典的景点的图片是吧？你可以到那块儿去打卡，文字也给你配的齐齐的。你看这个文化背后玉门玉门关，玉门关现在就剩这么多了。玉门关你看它背后的这个景点，它长多少，它又叫什么，都给你写的很清楚。今天这本给大家放在我们家的七号链接，多少钱？然后宝贝们拍回去，你不用担心这个不好或者纸张有什么问题，没问题。因为这本书给大家做的就是看外包装，在妥妥的包装的很很扎实，一看就是那种大的塑封机给它塑封的，不是那种小的是吧？然后你看边边角角没有任何磕碰。这就是你收到的一本微瑕的书。为什么我们要做微瑕？就这本书它的定价48，如果我们按半价出的话，我们这本书是6折销售,《丝绸之路自助游指南》
怎么跟着孔子？这个一本一本是跟着孔子，六号是跟着孔子七号，是跟丝绸之路。然后你可以跟着这个来走一走，跟着孔子游列国。就是有哪个有那两个省，有哪两个省？来，今天给大家放在我们家的小黄车六号和七号链接，两本都是大小一样的，大小一样的，有彩图，有文字，还是逻辑线装的书。不用担心书不好，也不用担纸张不好，没问题，给宝贝放在我们家的小黄车七号链接了。好的，稍等。这个简爱行吗？你瞅一下这个简爱，这简爱是这样的刷边的，三面刷边，三面刷边，意林出版社的刷边的很漂亮。但这个简单，它不是硬壳，它是软包装的。这个当时迷倒了很多的小妹妹，为什么？因为它这一套系列超级漂亮，来给我们宝贝弹一个链接。单本的你搜，有有，你搜他那个套装里就有那个。我想想他那个图片是那个啥图片，你搜他图片是那个啥图片，是那个灰色，不是，是那个棕色的图片。你那那本书，你看它叫啥，你把那一套拿来。来再给大家看一下，看一下这个雪。稍等一下，稍等一下，我们家今天有点乱，雪锅在这儿，晚上好，雪国是这样的，雪国也是一个刷边的书，刷的是一本蓝色的刷边，漂亮吗？蓝色的小刷边，川端康成的一本书是吧？这里面川端康成他的文笔超级棒。然后这本书现在是什么？它是我们的清华大学入学的推荐书单，其中的一本就是你想入川丹康城的这本雪国，那就入这个版本，12块多还刷边，现在拍它还是一版一次，就是你提前了。它其实是八月份，还有几天它才正式的上市，但是你提前拿到这本书了是吧？一版一次的新书里面纸张给大家做的胶版纸很丝滑。讲述了一个男人就是每当大雪封山的几年，他每年他连续这几年都会去一个叫做雪国的地方去看望去做一些事情，去见一个神秘的女人啊。宝贝，其实大家都知道故事讲啥，纸张做的超级棒，胶板纸很丝滑。这个在我们家的几号链接，我瞅一下雪国在我们家的12号链接，12.9块刷边款的。雪国里面做的是全本番也没问题。今天给大家放在我们家的小黄车了，宝贝，放在我们小黄车八号链接。简爱给你放在多少号？98号，简爱放在98号链接。来再给大家看一下宝贝，我们家今年前几个链接，你看一下价格都是超级的美丽是吧？进来的宝贝可以关注一下主播，参与一下我们家的超级福袋。超级福袋今天给四六快给大家送上送的是一个小杯子。我们家超级福袋换就是一会儿可能换一个，一会儿换一个。宝贝你每次都样子都不一样，再给大家看一下宝贝想看哪本样书，大家说主播就给你上是不是？来再给大家瞅瞅1瞅我们家今天这个,《雪国》
我今天还盘了一下，我在这儿这文观止给大家看。感谢我宝贝的支持，感谢我宝贝的支持，太感谢了。是不是这么宠我，我也得宠你。来给宝贝看一下我们家今天这本古文观止，就是宝贝们想入古文观止，想增加自己的阅读量，想增加自己对古文的阅读量，大家可以看一下这古文观止一个古文馆址之前，我们入古文馆址都入谁？入那个岳麓宿舍家的，岳麓宿舍之前有个两本，也是这个价格，好多人都入了，为啥？它是一个直读版，读起来也是非常的方便。这本的古文观止打开是这样式的，有韩盒，有韩盒，外面带了一个方方正正的韩盒，不知道为啥他就长在我神秘点上了。你看我这个人这个样子，我就喜欢这些端端正正方方正正的东西，再打开里面，刷边款刷的是真漂亮是吧？中国传统的很厚的一个刷边打开里面纸张，它不同于我们之前直读版的这种古文观止。哪个宝贝中了主播家的福袋呢？西游上市的时间确认了吗？西游上市的时间我明天再给你问一下，好吧？齐哥，明天我再问一下出版社，给大家看一下你看他把他这个不是只读版，他做的啥做的是直接给你加进去了。这样读的时候就一边文言文一边注释，直接就给你读下来了。你不需要太长的那种，来给宝宝们瞅一下，楚子他写楚子楚子是谁？楚灵王楚灵王，他在哪年到哪年在位，然后受是什么？就是打猎的意思。禹州是当时的一个地名，全都给你穿插进里面了让你不知不觉读了222篇古文观止，并配有这样非常精美的图像。这里面讲的是一个狩猎时期的事情，是吧？他给我们配的啥狩猎图，然后每个图片下面都有出处，它出处在什么什么地方，都给你写的很清晰很明白，让你不知不觉就读完了一版。然后有图有文字，还是一个刷编版。今天这本古文观止里面收录了222首古诗，222首组歌，我们中国也非常精美。这种文章是当时谁是当时的吴姓树脂。飘就是刷边的漂，就是这个版的99跟我们谈一下那个漂，我等会儿给你看一下，飘飘是这个版的漂，这个版的漂性价比比较高性价比较高。在外面的给我拿一下。来看一下这本古文观止。今天给宝贝放在我们家的小黄车了，宝贝，小黄车了，这个好看，好看。今天给宝贝放在我们家小黄车，今天这个只需要多少钱？39就可以带回家。有韩盒，然后还刷边，是不是各方面都是非常的棒。漂就是这个版本的漂这个版本它是浙江文艺出版社40周年的一个纪念版。翻译谁翻译？是我们的付东华老师带了一个金灿灿的飞机盒，飞机盒也是非常漂亮，里面是一本超级厚的。我这两天又看了又看了一下，这个票真的好感人,《古文观止》
这个谁这个女主郝思嘉真的太厉害了，性格又坚毅又那啥，又坚毅又耐心，这个漂给大家瞅一下。故宫，古文这本书，古文观止。你说那个古文观止是吗？古文观止是当时清朝的吴姓叔侄两写的书，他收录了222篇，等会我再给你细细的讲一下。看啊这个飘做的是非常漂亮，它外面做的是这样子，做的是这样子。你看整体摸起来这个质感非常棒，它做的是一个皮面的，书角做的是这种非常圆润的切角，是圆润的切角。它是浙江文艺出版社40周年的一个纪念版，打开里面妥妥的啥妥妥的超超制纸，焯制纸。为啥是做这个样子的？它纸张就是比一般的纸张要丝滑一些，为什么不容易发黄？容不容也不容易变色也不容易变色，你收到以后，里面走线工也很棒。发音是哪个？是我们的付东华老师。付东华老师可以说一句说是翻译飘的一个翻译篇这个文章的这本书的一个天花板了是吧？然后就是说什么就是当时他叫什么？叫乱世佳人，电视剧叫乱世佳人。但是其实这个片子我感觉这个更好，有那种随风飘零那种感觉，但是它却很坚毅，这个做的是这样的，然后随书给大家附赠了一个笔记本，什么样的笔记本？一个红色的十6开的大开本的笔记本，打开里面。前面我看是反噬的。前面是这样的，有付东华老师他在漂番禺漂的过程中的一些心得。是的，番禺漂的一些心得。后面做的全是这种空白页。空白页就是啥？空白页就是我们可以自己写一些自己的思维导图，做一些小图表都是可以。你是西西弗那款是吗？好的，那款也不错，那款也不错，主要这款的性价比很高。这款之前的价格24号可以，可以，瞅一下24号是可以。来，今天这个票给大家放这儿了，还是原来我们家之前的价格，就是说多少钱只减20块钱，有个20块钱的券下来是99。这个之前已经好多宝贝在我家拍过了，这个价格就是跟那个600 18的价格是一样的。对，回来了，是不是24号链接用不了券，它有的不能，有的不能，就是出版社在做这个链接的时候就已经限制了，但是有的能有的能，应该大多数都能。来，我再给我们家这个刺猬宝贝看一下我们家这个古文观止。古文观止是一本什么样的书？它是当时清朝的吴姓叔侄两个人共同谱写的一本书。他是把中国在他在他们写之前的两千多年寄过来是刷边的，就是24号是刷边的。他当时就是把吴姓叔侄两个人，把两千多年前，两千多年内这些中国非常美好的文章给你做了一个节选，给你收录在这里面了。就是你想读古文，想读古文，想增加自己的文言文，一定要看古观止,《飘》
好的，讲完这个给你讲，一定要看古文观止。中国极其美好的文章他都收了，一共他俩收了多少？222篇，这里面都有，是中国非常非常非是中国怎么说？是中国非常重要的一篇文章。品古文一定要读古文观止，这本书你有啊。就很多人在读清朝写的。你一定要读这个古文观止，你看他说的这些左传，这些都是他的经典作品。就说你读古文就是不需要再一点一点的在那块啃那些古文了，可以把这些都读一些，都读一些，你就跟我分享到群里。好的，是不是？我发现了，跟我的话比较多。战国策、史记，史记里面就是这些中国比较美好的词，它给你收录在里面。美好的文章还有什么汉书是吧？这些都有啊，王勃、李白的，你看各种各样的来。第七个海沟构思，你是写小说的吗？这些小说的分享给我呗，我也喜欢看啊。来，文官就给大家放这儿了。给这个宝贝看一下我这个我看一下我这个样子在哪儿呢？给我找一下，给我找一下这个24号四号链接。好的，我咋没看见我的要书呢？这瞅见了，瞅见了，不是小说，不是小说了。我说我也挺爱看小说的。还厉害，这边我的前半生来给大家看一下，这边我的前半生给大家带这个价格也很美丽，4号5号链接怎么这么便宜，还送帆布袋。主播的那个专属，主播的专属，这个专属是我其实是已经用完了，已经用完了。但是这两天我不是有十天没开播，然后出版社老师脸皮厚，硬要的，硬要的这个有券吗？你看看能不能用，这个价格应该是29，你看你的券能不能用。我的前半生是谁紫禁城的黄昏呢？自行车这本我的前半生是这样的，刷边版，刷边版29块钱，刷边刷的也是非常的漂亮。爱新觉罗溥仪中间站这个小人就是他。然后你看双龙戏珠，双龙戏珠中间这个红色刷边的呐喊还有没有给我们上一下？有的，我今天看见了今天的这本，给大家讲的是这样，里面做做的纸张做的是胶版纸，很丝滑。爱新觉罗溥仪它是一个典藏版。我的前半生是一套是吗？这个我的前半生它是爱新觉罗溥一样，它在这个就是经典版，这个就是经典版。宝贝这就是从我的家室这些开始。你想要西域考古那本书？好好，等会儿我给你瞅瞅。你想要西域考古那本是吗？没事，等等等等，我的家室，我的家世，然后写的这样，就是溥仪他怎么样？他就是说在自己的一个特殊的情况下刷边玩咋那么便宜呢？他这两天这个就是属于黑马了，刷边刷的特别便宜，等会儿给你展示一下,《我的前半生》
看他就是说溥仪在那个特殊的情况下，自己他交代了这些事情，然后有专人给他从给他编写的一个我的前半生里面写了啥，写了很多的事情，包括那个王室的那种骆驼祥子。你别说我这两天好像看见过有。等会儿让助理看一下，骆驼选择好像等等等等。这我得下播瞅今天老舍全集。不是，是我看今天几点，今天大概12点左右写了溥仪的一辈子的书。我知道你有啥了，你有那个一套了，是不是？有那一套了，我看见了。然后这个我的前半生没有没写的，溥仪一辈子只写了他的前半生，所以叫我的前半生。就是写我们建国之前，建国之前他当皇上那一段看见了，然后我的前半生给大家放这了。宝贝做的是精装硬壳16开的开本，纸张做的是70克的胶版纸，这个做的是70克的胶板纸，纸张没问题，内容也没问题。来给大家放在我们家小黄车了。这个西域考古记。赶得来是吧？这个西域考古记等等等等等等。我家宝贝来给宝宝们先看这个，想看我们家这个八号链接，八号链接雪国。在这儿八号链接雪锅是这样的，它是川端康成的一本作品，做的也是一个刷边版。川端康成经典作品就是雪国。这个雪国他这个译本翻译的还很能翻译的还很棒。他是董海燕做的一本，所以说你放心看没问题。刷子是这样的，蓝色的刷边再配上这种冷色，这种基调是不是非常的契合，非常契合，让你看就感觉到那个雪国那种冷，又能感受到里面那种静，那种发自内心那种静谧，不是那种寂静。这个里面讲的啥咱就不用说了。好的，你可以跟我发88号链接是吗？99号呐喊打99打成88万。等会儿给你展示一下样书，99号是呐喊。然后今天这边给宝贝放在我们家小黄车了，今天只要多少钱？12块、82.9块就可以带回家的一本雪国。今天这本雪国价格很美丽。然后再就是那个刷边款的书，就是你想入刷边款，先入这个雪国看一看。纸张也没问题，质感没问题，给大家验过了，宝贝纸张质感超级没问题。今天我还有五分钟超级福袋就能领了，宝宝们可以瞅1瞅，呐喊我看一下，喊那个黑盒子这儿。呐喊在这儿，是不是这个红色这个刷边版是这个红色这个吗？你说的是这个刷边版吗？你看到弹窗了是不是？它外面带了一个这样非常漂亮的飞机盒，然后赠品也带的很细。是这个版的吗？这个是有收藏号的，这个呐喊是这样，它有收藏编码，他的收藏编码在这儿，在这个狂人日记的笔记本上，这狂日记这款要遮住，遮住，要不然的话会很麻烦。大家都知道狂人日记写的啥，咱就不说了。宝贝，那不说了。然后这个是收藏编码，这是主播的收藏编码,《我的前半生》
这是主播说每个人编码不一样，就是你拿到手里都是独一无二的。因为每个人的编码都是不一样。外面是一个这样非常漂亮的韩盒，里面都是鲁迅先生的经典经典名句。打开里面这个呐喊外面这个样子是啥？就是当时鲁迅先生第一版呐喊的经典的样子。做的是一个红丝绒的装帧，摸在手里绒绒的非常有质感。这个呐喊这儿做的啥？做的是一个压凹工艺，刷边款做的是这种红色的鎏金版，跟外表好配是吧？打开里面他这本呐喊里面不但有收录了鲁迅先生凯还有谁？还有丰子恺先生的画，丰子恺先生的连环画，丰子恺先生配的那个阿Q正传和孔尼己的连环画。所以说是有文字有图片，有文字、有图版，纸张也没问题，里面有文字还有图。随书给大家附赠了赠品，狂人日记的笔记本里面是空白的。还有鲁迅先生他当时设计的各种经典作品，也给大家配齐了。这是鲁迅先生他设计的。还送了一个同款的冰箱贴，呐喊的一个同款的冰箱贴，在我们家的99号链接。来，宝宝们，想看几号链接可以跟主播说，主播来给大家做一个展示，没有没点的，我就挨个讲。99号链接，呐喊。来，再给大家瞅1瞅，再给大家瞅1瞅我们家这个四号和五号为啥这么便宜。四号五号是主播的专属是吧？主播的专属其实就是跟大家说一下雪国，雪国刚才展示了，你没瞅见是不是？那我再展示一下。我的血管，我刚才还拿在手里，这这儿这儿感谢宝贝的支持，感谢宝贝的支持。等会儿重新讲一下这个雪锅。在这儿32开的小开本做的是这样子的，溜的是这种刷的是这种蓝色的刷边，蓝色沙边很漂亮。里面纸张做的是胶版纸，很丝滑，就是12块多拍回家一本。小你不带了吗？不是夏天戴有点热，冬天还带夏冬天还带，夏天带有点热。来给大家放这儿了，宝贝，这是雪锅。有什么区别？故宫里的中国史和藏在故宫里的中国史有啥区别？区别大了，一个讲的是物，一个讲的是文物，一个不是。然后这个藏在故宫里的中国史讲的是文物，讲的是文物，是关于各种故宫里面6000年，就是关于故宫里面5000年这些这些故宫收藏的各种文物的事情。然后故宫里的中国史，讲的是历史，讲的是历史。休息了几天，顺便做了个美甲是吧？感谢宝贝的支持，感谢宝贝支持是吧。拍了以后你就会发现，收到以后发现真香。这个藏在故宫里的中国史我看一下，给我谈一下藏在故宫里的中国史，我看看一样书放哪了，藏在故宫里的中国是。好好等你，戴口罩。对，带孔洞带孔洞的，等会儿，我让助理找一下，看看收哪了,《呐喊》
你找见了，这是藏在故宫里的中国史，这个做的也非常漂亮。这个纸张特别棒，这张特别棒。它里面大多都是这种做了好多这种铜板纸，然后随书附赠的有这样的，所以说附赠的有这样的三个这种拉链，这种当时藏在故宫里这种图，这种美好的画作。一个是清明上河图，一个是千里江山图，还有一个是韩熙载夜宴图，三个。然后这个藏在故宫里中国时也是刷边的。然后这个是主播有个专属的价格，我这个专属价格下来特别划算。它是89是吧？89它以前是138，然后做的是这样的刷边款，它是做的这种竖着刷边。你看它是竖着刷边，跟这个外面是能对应上的。打开里面这样的是写了关于通过故宫里面收藏的各种各样的文物，讲述了故讲述了中国6000年的历史，这个是讲文物的。然后外面带这种韩盒是随机的函套，是随机的宝贝。看这是中国各时期的这是上阳台帖。今天我嘴里的泡已经好多了不带嘴那么嫖了，但是还是那个。然后就是讲述了故宫这些藏品，故宫博物院这些藏品，它背后这些画作背后这些这些这些精美的器具，它们背后的历史。然后这个函套是随机的宝贝，就是你不一定你收到的是哪一个，你收到哪一个。我这个就是老师寄的样式，就是白色的。老师寄得就是白色的。来，再给大家瞅一下。然后另一个是不是央视没到，另一半故宫里的中国史，对吗？那要是没到。来，我给大家看一下，我们家今天刚才说要讲这个，给大家看一下这个送帆布袋这两个书长啥样。这两本书都是送帆布袋，在我们家的四号和五号链接。然后这两本书就是不一样，这本书先给大家看这个汪曾祺先生这本汪曾祺先这本书是家人闲坐灯火可亲汪曾祺先生的一本书。然后里面做的是这样的书籍，做的是这种逻辑线装的书，红彤彤的非常的漂亮。你有丰子恺的，丰子恺的也不错，可以这样360度的对折。收录了汪曾祺先生各个时期的散文。关于吃因为关于吃，汪曾祺先生就太有说啥了。当时他写过一个关于臭豆腐的，你们看过没有？就是说那个臭豆腐就是闻着味儿，闻着有臭豆腐的味儿了，然后一直找一找，找到跟前是个啥，是个公共厕所。这都是汪曾祺先生的。不管当时的在某种比较艰苦的环境下，他也能非常乐观。他曾经说过杀菌剂是很好看的。天蓝色今天拍这本送，这个不对。送这个帆布袋，送这个家人闲坐灯火可亲的帆布袋,《藏在故宫里的中国史》
其实我不是那个有还有一个小账号，还有个小号，那个小账号就是宝贝们没有看，就是我在那个账号上，老师已经不能给我做这个13.5块这个链接了，做下来是16.5块是吗？16.8块这个链接做下是16.8块。然后今天现在是只有我这个大号上还有一些库存，还有一些库存做的是13.5块。带一本书加帆布袋一本对，16.8块对那个账号16.8块。是的，就是因为他做不出来了，做不出来，这就是当时就总共给我做了一百本，然后我不是卖完了。然后这两天就跟出版社老师说，你看我这个大号多长时间没播了，给我冲冲人气。出版社老师给做的，一本书加一个帆布袋，一本书加一个帆布袋，然后仅只要13.5块就可以带回家。然后四五号链接是这样的，五号链接是这个丰子恺先生的作品，岁月已晚，灯火要人归。丰子恺先生里面输入了丰子恺先生各个时期的散文，散文有了是吧？还有丰子恺先生他本身就是一个多才多艺的。他不但写写散文很棒，他还怎么样画画。我们首先提的就是连环画大师，开创了我们中国连环画的一个风格。这里面不但有这个，还有他各个时期的连环画这种彩色，它说的都是彩色的，有图有文字，图加文字两个给你放在一起看。这是丰子恺先生的图是吧？这是关于各个时期的，有图有文字给你穿插在一起了。今天拍这个岁月已晚，灯火要人归，送的是这样的一个方的这个在我们家的五号链接，送的是这个岁月已晚灯火要人归的帆布袋是吧？这两个帆布袋送的是不一样的，哪本书配的是相应的那个帆布袋，来给宝贝放在我们家的五号链接了。来，我再给大家瞅一下，我还得喝口水，喝喝一口我的咖啡。那咖啡真好喝。我这个是那啥。这个咖啡怎么是这个颜色的？是的，这个叫什么咖啡？我看了吨吨一桶葡萄冰萃美式，吨吨一桶我给你给你切切，吨吨一桶，吨吨一桶葡萄精粹美食。我真是不小心就暴露了我的地址，真是脑抽的时候果然每天都脑抽。来给大家看一下我们家二号链接，时光守护者。宝贝们喜欢这种译文书的，一看到我们家这个价格不用主播讲，你都要拍了是吧？因为这本书下次是吗？还行，这个还行，我喝的挺好喝。你看到这个价格你就要拍了。时光守护者米奇系列的一套书，米奇系列书这一套书它的平均价格都是在30左右。然后今天这本书就是你拍它是哪个上海译文出版社直发，上海译文出版社老师给我开了，给我开了，这个库存不多，我看看多少本。给主播开了六十本，开了六十本，所以说我只有60个库存。时光守护者遗失在西方的中国史，有刷边的，有刷边的,《时光守护者》
你是在西方中国史，等会儿我给你展示一下，它现在是刷边和不刷边的两个，刷边的是250多。你弹一下，我瞅一下。不是，是没上链接，上的是这个链接，等会儿，上错链接了，重新上一下链接。重新上上下来，这是单本的链，单本链接等会儿，等会儿我重新上一下，重新上一下。今天就是开播了，有点乱，好几天没开播了。这个时光守护者做的也是非常的漂亮，给大家瞅一下。看纸张没问题，纸张没问题讲述了什么？讲述了人们对时光的这种什么对这种时光的这种掌控。之前橱窗没有了是吗？之前橱窗没有了。对，因为我说了不该说的话，我怎么说曰界了，约界了，就是一下咔十二分没有了，今天刚刚给我回复。这就是说为啥今年里面给大家上这么多福利品，是吧？这本米奇先生的这本时光守护者，给大家放在我们家的二号链接。今天只需要多少钱？今天只需要9.9块，你就能带走一本。哪个出版社？上海译文出版社直发，不用担心这个书怎么样，上海译文出版社发的非常棒，里面有个小盒子吧？一个非常漂亮的小盒子给你装在里面，然后还有泡沫给你保护着，你不用担心说磕脚了什么样的。全新的一本来今天给宝贝放在我们家的二号链接，二号链接，宝贝放在我们家二号链接，今天只需要多少钱？就是你之前买它都是多少钱？今天在主播家做的是一个福利款，这也是我厚着脸皮跟上一家要的对，译文出版社。是的，译文出版社的包装就是哪怕你今天拍这本书是9.9块，他也会给你装个盒子。他也不会说是给你随便包装一下是吧？不会给你拿个袋儿装，所以宝贝们放心拍没问题。时光守护者我们家的二号链接，二号链接一文的。给我拿一下那个。就在你那个下面看，那天不是你收的吗？这个是遗失在西方里的中国史，它这一套是有刷边和不刷边的，有有刷边和不刷边的。主播给大家展示的就是刷边的，刷边就是这三本，就是这六本，三套刷的是中国传统意义的这种版画，非常的漂亮，非常漂亮，中国传统意义版画，然后就说那种中国那种传统审美下的版画。各个时期的，然后打开里面收录了中国各个时期的这种版画。这本书你可以把它单独看，也可以把它跟当时你在天堂里遇见的第五个人，那你就关注我呗，你再关注我呗。那个谁关注我呗，出版社老师问我做哪个活动。对，近期会给大家一个一个的上一个上，因为啥不能同时上，不能同时上。然后今天上一个这个我卖完了，然后会上下一个这里边的，你在这个是吧？米奇的这个等一等，等一等,《时光守护者》
等一等是不是等一等？关注主播，关注主播，陆续陆陆续续会上这遗失到西方的中国史，给大家放这儿了。宝贝就是你如果有当时的那个叫什么呢？那一套书，西洋镜有西洋镜，西洋镜里面它其实就是讲历史的特别少，大多讲都是各个时期器具、画作那些。但这个里面它是弥补了当时的历史特别少，所以他单独出了一套遗失在西方里的中国史。李妈用各种各样的图讲述了当时的那段两百多年前那段历史。所以有图有有的是那种画作，有的是那种啥文章。不是有的是画作，有的是直接拍下来图片。然后就是说你拍这一套送一个帆布袋，我记得他送了一个帆布袋，看西洋镜的帆布袋在哪？他送了一个西洋镜的帆布袋，宝贝这个是吗？这样这个是送了一个这样同款的西洋镜的帆布袋，然后送了几个明信片，明信片上有码就一书一码，一书一码。来，今天给宝贝放在我们家这儿。刷边和不刷边的都是一样的。再给大家瞅一下。看来大家都知道我的小黄车没有了，真的好尴尬。还得喝点这个咖啡，这个是速溶的。直接能看出来那个味道淡，这个味道重。来，这给大家放这儿了，再给大家瞅1瞅。再给大家瞅1瞅我们家今天这个。这本刷编的红楼梦，托尔斯泰的复活，托尔斯泰的复活。你就问到我了，托尔斯泰的复活有精装的吗？他有这样一套，不对，这个是复古，有精装的，有精装的。等会儿，我给你上一下。我想一想，我想想就是你看看我这才几天没咋播，业务都有点不熟练了，是不是？来给大家瞅一下我手里这本刷边的啥红楼梦中国古典文学这本书是谁？孙温先生的一个画本。宋温先生的一个画本，就是说他绘制了当时关于红楼梦的230幅画，其中亭台楼阁华美，舟车轿脸精致。你看很细致。今天给大家这个做的就是当时他是复刻了当时的原本给你做的拓印。你看我哪怕把它推得很近，你能看见这个纸张里面是不是很精彩，很精彩，都能看得清清楚楚的人物的发髻。他是当时孙温先生用那个毛笔一笔一笔勾勒出来的，所以说是非常精彩的一个工笔画。今天这个给大家放在我们家小黄车之前，给大家做的都是不刷边的这一侧给大家做的是一个刷边的。对他不同那种鎏金版直接给你上的，就是刷边，三面刷边，刷的是孙文先生的工笔画，然后给大家上的价格一本书多少钱？今天这本书只需要我们的五十九刷边的59就可以带回家。来给宝贝放在我们家小黄车了，刷边的59带回家，不刷边的49。来再给大家瞅1瞅，宝贝想看几号样书可以跟主播说，主播都给大家能做一个展示,《红楼梦》
来再给大家看一下包那个兵器，是不是？中国兵器大百科，这是坦克，分析一下。这是兵器送的帆布袋啊。我上的链接对吗？来个宝贝宝贝宝贝瞅一下，这个是中国古代兵器。大百科是哪个指纹出版社？指纹家的，指纹家做的。他这一套就是不同于我们之前看的各种兵器，它里面是有图的，做的是一个全彩的图。什么样的一本书里面做的是这种全彩的？你能从各个方面看见它这种精彩的图片好看不好看，是不是特别的好看，特别的好看。然后它里面做的是全都是这种铜版纸的一个插图。中国各个优美的器具，像是什么？这是春秋的靴形墩靴型吨，还有这种铜器，铜器各个各个时期的各个各个时期的各种各种来是吧？你看有铜器各种各样的武器，然后包括铠甲啥的，都给我们收录在里面了，非常的精彩又好看，还给大家随书很厚的一本弓弩。各种各样的全彩的一版，有图有文字，给你讲述了中国兵器的一个演变史。做的是这样大开的，打开，随处有附赠一个中国兵器百科大百科43号链接。好的，这种可以自己回去描的一个。还给大家带的是纯粹主义咖啡馆，还送了一个这样同款的帆布袋。来，今天给宝贝放在这儿了，宝贝存在主义的咖啡馆。是我的书吗？这呢，存在主义的咖啡馆。来给大家瞅一下，这是啥？存在主义的咖啡馆，做的是非常的漂亮。这本书是什么？它是一个上面写的，上面写的叫什么流，叫什么流？给大家瞅一下，就是存在主义讲的是存在主义做的是一个刷边的三面刷边，刷的是这种咖啡上这种拉花。喜欢喝咖啡的宝贝一定要看这本做的里面纸张非常棒，什么纸胶板纸很丝滑。我给大家讲一下这个存在主义的咖啡馆。我明白了，买了一文的战争和平安娜就差个复活了。好，我懂你说这个意思了，你不懂他那个复活一文的，就是跟那个安娜和战争和平那个复活没有，还没出，是没有那个同款样子的，没有那个同款样子的复活，他那样子还没出。他最近出那个是那个啥，是那福士德。这个存在主义的咖啡馆是什么？就是说它里面就是精心设计了，里面设计的就是七位哲学大家。七位哲学大家里面有谁？就是萨特、加缪，加缪加缪还有波波伏海、海德格尔。海德格尔就是几个人一起在一起探讨，一起坐一起喝下午茶，然后一起把这个存在主义给你进行了一个演说。就是从他们的对话中，你就能那种感同身受，不知不觉就看懂了存在主义来。今天这本给大家做的是一个刷边的很厚。这本书很厚，里面纸张也不错，做的胶版纸就是几位关于哲学，关于名人大家七位，然后就是你不知不觉就看懂了,《存在主义的咖啡馆》
这是他当时的一些翻译，能看懂不能看。刚才五元的券，找不到是不是被领完了，是被领完了还是你已经领了？你看这是上面这是一些翻译过程中，就是他翻译的过程中，然后看是能看懂。如果你想看这类型的书，这一本它是一个很好懂的。如果说你没看懂这些，没看过或者没看懂这个，没看过这种存在主义或者这种关于哲学类的小说。对，哲学类的书它有一丢丢稍微难懂。但是你要是看过哲学类的书的这本书不难懂，反而相对于其他哲学类的书好懂一些。好东西来还是刷边版的，很漂亮。这个它有个封口贴了，它是一个未独家十周年的一个纪念版，有个封口贴了。如果你看过了它就不难懂，没看过了它就有一丢，看过刷编码就好多了。来，再给大家瞅一下，这是存在主义的咖啡馆。战争与和平，然后复活。现在是我给大家瞅一下这个马尔克斯传记。马尔克斯传记老漂亮了，马尔克斯传记做的是这样的，我们想看那个啥，宝贝们有没有想看那个啥书的？平时有没有宝贝想看那个百年孤独，或者你霍乱时期的爱情，然后就那种百年历史了，看的时候就感觉有一丢丢不太好懂，不太好懂，因为时间跨越太长了，然后可以看一下这本家人和友人对马尔克斯的一些理解，来给我们讲个故事。还有跟他同。,《马尔克斯传记》
