﻿original,result
李默你问的是什么书？李默我没看到你弹幕。李默，四六级英语有宝宝最后一个链接，四六级英语不是回你吗？最后一个链接，宝宝最后一个链接，最后一个链接拍，46金玉在最后一个链接拍。你进了压力，不管哪个事情，也么你从来没。主播喝口水，等我一下，欢迎新进来直播间朋友们，刺痛剑你拍了没有？刺痛剑包子。冷飞亮，我自动力刚不是刚炸过了吗？你没拍到吗？诡案组有诡案组先帮你上。打掉难度难就尊堵不难了不打掉难就尊赌不难了。为什么要打掉难就尊赌不难了。宝宝诡案组帮你上，稍等一下，自动炼钢没拍吗？宝宝那个叫什么？有拍到自动力吗？没拍你没没拍，你跟我讲一声，馆主帮你上了最后一个链接的自动电缸，有有做了波福利。六本装的自通剑，不是一本装的。这个值得一看。什么值得一看？那我转发连开了上款了。刺痛面膜刺痛剑，刚刚谁问的刺痛面膜，帮我拿过来吧。要金庸的作品，你没回我，我没回你是不是金庸的作品，金庸上了吗？把金庸有啊，已经上好了，没回你而已。宝宝金庸的你要单你要套装还是全套的？你还想套全套，你怎么九十九？你怕金庸帮你上最后一个点，宝宝诡案组在191，金庸线帮你上到最后一个链接，四六级英语在190，金庸现在帮你上到192，金庸一战二战现在帮你上实际自助点有宝宝我现在是你们要套装好不好？你要金庸是不是？金庸帮你上，宝宝金庸帮你上那个192号链接，192金庸去拍。来有新进来主播的朋友，在线有在线朋友们，这个叫什么自动电，自动电今天很便宜，自动电今天39一套，不多讲。实际等过完，自从你跟过史记，然后实际等下一波有新剑自动剑精神六本书，三十多一套。有心境的朋友们，金庸在最优哥你已经上了，宝宝不是没回你我是算了，我忘了我跟你讲了。来有新装数据出版知识图鉴O不OK新进来朋友们，五六块钱一本，一整套本书三十多块钱。来准备链接，资治通鉴剩最后两套，准备链接。前面炸了一波了，没货了，剩两套。有新进来的朋友们资资治通鉴，司马光的资治通鉴今天一整套到手三十多块钱，有券，主播自己个人补贴的券，我自己个人补的奥兰没货了，自尊也，马超，你说这中间有魔宝子要的，我提一下单。那个叫什么，那个叫什么，冷飞凉还在吗？冷飞凉还在吗？还在不需要第一单吗？有没有我们后面的脖子免费到自动链接？是现在是49。我给你们有券，券后到手39，券后到手39,资治通鉴
你们踢踢两单踢两单，我踢两单，你们刷新一下会变成39，你们刷新一下会变成39，是39吧？你们刷新一下会变成39。刷新小黄车知识通鉴会变成39点，关掉小黄车，重新打开知识通鉴就变成39了，就变成39了。就两套好不好？我刚贴了两套，因为12点前他加购物车没有付款，给他踢掉了。好了，贴了两套出来，你们自己拍，我包自动健，李敖大全集帮你上。你金庸在192有看到吗？冷飞凉，金庸在192，金庸192，好不好？已拍，好的，金庸在192，欢迎新进。还有想想史记是不是来拿去。史记是哪个宝宝要的？是不是有人问史记。幸福时光是你是吧？幸福时光，史记来来来给你们搞波史记自动恋你不拍吗？我的史记跟自动可以拍照拍。这个和下面那个链接有什么不一样？那肯定有不一样。宝宝和下面那个和哪个链接？下次，宝刚刚你拍的就是这个链接，宝宝刚刚你拍就是这个链接，宝宝下次，你刚拍的就是这个知识通鉴。你说你说的和另一个链接有什么区别？一个是六本的，一个是四本的，四本也是卖39，六本也是卖39，你说多两本，价格一样。获奖作文，小学还是初中的宝宝。你说获奖作文，你问的是小学本的还是初中的获奖作文？知识通鉴你没有付款吗？宝宝直通你先付款掉，你不付款我链接下掉，你购物车会失效掉。那个那个拍加购物车的直通件，先付款掉，不付款我等购物车下掉，你购物车会失效掉的。有鬼S什么东西？三年级获奖作文项目一上，史记来了，史记拿过来了，忘了讲史记了。有新进来直播间的金庸作品36次的，是上六次的宝子，你要上六次，有有有上上六次的宝子，有宝子你也要早说，对不对？量肥料因为36色太贵了，有些人他嫌贵他不买，所以我不敢直接给你上了，对不对子，我先看下你的意思，对不对？宝宝梁肥良来史记资金庸作品有全赛6册的，我现在帮你上。来金庸作品全36册，给你弹个窗，宝宝给你弹个窗，全36册的宝宝，给你弹窗了好不好？来有新进来主播是在上网史记，完整无瑕版史记，刚刚是那个宝宝史记还在吗？来史记是由新华书店直发，精油给你弹窗了，金油宝宝金庸给你弹窗了全套。来有新进来主播的，实际是由新华书电池发完整无伤版。实际来看一下，图书在编目录CIP数据，实际全4册哈尔滨出版社出版，2017年8月份版本ISBN编号978-7-5484-347杠7。对，这就是初中版的完整无删版的史。再教小孩子的是初中、高中，六年级以上，课本里会学到，对历史成绩有提升，老师非常人满,史记
由全国新华书店直发，全国新华书店宝子们，全国新华书店独家代理。游戏化训练词，它有原文、有译文、有注释。这边是文言文原文，黑色是注释绘本，等我帮你上，小字部分是白话翻译，有翻译有白话现代文翻译。皇帝是少林寺的后代，庆功孙名字叫轩辕，他生下来就具有神秘之气。出生不久就说幼小时候思虑敏捷，长大后诚实勤勉，成年后见识广博，明辨事理，对吧？好，来十二本纪30世家七十力战十表八书原版原著完整无删版啊，有删点回来删。我家里有小孩子五六年，初中高中必读书。大人脑洞看你们市面上买的很多实际都是删减版，这是无删版的，线下标价168，新华书店直发有奖杯保证看一下实际。2023年度线上新媒体优秀合作伙伴，有看到吗？2023年度线上新媒体优秀合作伙伴由湖北新华书店直发可以吗？保持香港的幸福，湖北新华书店直发，保证新华书店直接发货。这个实际来由湖北新华书店直发。OK不宝子们，不是新华书店发货，我是狗。湖北省武汉市硚口区长丰路29号，湖北新华村仓库直发。今天是四本书，完整无删版，到手二十多块钱，还剩最后三四套。实际线下一百多的，线上之前是卖到一个多少钱的？今天是二十多块钱一套史记，二十多一套，53版的史记。初中、高中、成人、老人都能看。宝子绘本在196，宝宝绘本在196。你点开小黄车往下滑，滑到最后一个链接，196号链刚有延迟，可能有时候上品有延迟好不好？最后个链接绘本你重新刷新一下，绘本在最后个链接获奖作文，宝子你看他不都回你了，作文他都回你了，作文在最后。宝子你还问作文那个X宝子都回你了，作文在哪里的，对不对？宝子你前面一个弹幕就是作文，他都回你了，宝子你还问作文的事。作文跟绘本在最后面两个链接，绘本在196，作文在195。宝宝史记下方的小男装由湖北新华书店直发，这是保值。如果你买到盗版，你发财我发财。新华书店发货不可能有盗版，你放心。湖北新华书店直发湖北省武汉市硚口区长风路29号，是湖北剩下的仓库。而他的新书店地址行，是什么什么什么长胜路，我没有记错，是书店的导航，在长长胜路书店的地址，仓库地址是长凤路，反正就在旁边。史记完整无删减，没有删减，有删减还删我。宝子们今天我来说好不好？还剩三单库存了，宝的获奖作文在下方小黄车宝子195号链接，获奖作文。绘本在196绘本史记有拍到帽子，你们可以点开详情看啊。新进来朋友们，你们可以点开详情看一下。史记是真的是新华书店直发了，你钱是付给新华书店,史记
欢迎北嘎，这是是思念，是怎么念北调还是念旮？最棒的人也感觉美国就是差不多2000。百科全说有点儿陀。是原版是原版是原版，放心是原版原著，实际是原版原希望说你直发原版原咱就过掉了，这样子过天天天府是哪里？拍了还有其他有新进来主播的朋友们，想要什么书可以跟主播讲。早书选书可以打书名月亮右边是月亮，没有拍也可以看看月亮。宝子们月亮可以拍一下。下方小黄弹窗是月亮，右边是主播自己个人补贴。今天一块钱价格1.9块，加个运费到手2.9块。但是每个人只能限拍一单，每人只能现拍。在月盲目的月亮流行时，生活不止眼前的苟且，还有诗和远方。下方有小黄车，幸福时光你谁初衷是不是幸福时光？云中客，感谢云中客，有有刚来的宝子，有没有一点过后才来的宝打个小一公屏搂波王炸，我忘了那个是我忘了炸了。有没有一点过后才来的宝子们，打个小一，在公屏上会打个薪资，给你搞波王炸，那个包你们满意的价格，好吧，老铁们。小孩子小学、初中、高中跟成人老人都能看的一套世界名著，完整无瑕版的。天天的妈妈也在，是不是？天天妈妈其他家长有在的吗？新进来的朋友们有在线，宝宝们打个小扣，有没有一点过后才来打个新字。世界名著你搞不初中高中都能看孢子，然后来三个火枪手有没有听过莎士比亚？宝宝莎士比亚能不能看来把简爱拿出来包子这个简爱是不是也是初中必读书？幸福时光简爱是不是初中必读书？莎士比亚初高中还三个我两手，初高中还有什么聊斋志异，什么海底2万里，还有什么杏花园南关，来海底捞也是初中必读书，都是必读书。小学、初中、高中必读书都在这里面。OK帽子吗？有新进来直播间，还进花园和儒林外史。这个书是九年级必读书，九年级必读书，这个也是九年级必读书。OK不宝子们，这个这么厚的世界名著O不OK就问你们线下标价五十多一本的，由江苏凤凰文艺出版社，有新进来主播直播朋友在场的这套书，今天给你们做线下卖五六十的，线上之前我卖二十多，今天七块多一把，7.9块包邮，看一下厚度，宝子们7.9块包邮可以吗？宝子们如果觉得可以打个7.9块包邮可以吗？7.9块包邮儒林外史金花园，还有什么简爱什么的。来我一给你们过太高了。来简爱8.1必读书，简爱莎士比亚好像也是高中必读书，都是7.9块。这个书只要有货的，因为是出版社尾货，出版社尾货，都是7.9块宝子上。别急，都是完整版，宝子都是完整版,儒林外史
海底捞里不一定有货，还得养你爱三个火枪手，大仲马的三个火枪手有没有听过？基督山伯爵是大佐马的，也是初高中必读书，世界名世界世界前三十大名著，好不好？小学、初中、高中都在这里面。然后从小学到初中到高中，这一套书都包含在里面。小学版的以往什么最后一课，小学五年级对吧？还有小学还有什么很多书。宝子我一等会一给你们过，我等会一一给你们过，我先把链接搞了。这一套儒林外什么都是九都是7.9，不用9.9块。今天都是7.9块，我还给你包邮，都是7.9块。海底两里没有货了，宝宝海底两里，反正这套如有货的就7.9块，没有货的就没有货了。因为出版社的尾货，我以前拿货价都是十几块钱的。今天是出版社尾货，全部清管说很便宜，好不好？很便宜拿过来的。来有新进来的朋友们，儒林外史聊那个叫什么儒林外史镜花缘。在下方小黄弹窗那三本有没有？哪三本宝子没看到弹幕？宝子，那个云朵没看到弹幕，感谢龙南君。有新进来的朋友们刚刚展示出在一号三号，如果想拍单单本的再拍三号三号，想拍套装拍三号。三号是79一套，单本的是一号二号7块91本，7.9一本。宝宝们7.9一本。下方小黄车一号链接弹窗，一号链接7.9块包邮。新进的朋友们再给你们过一眼，再给你们过一眼，来三个火烧手。聊斋战士归战士，模糊战士归战士。兄弟们我喊出战士兄弟来，我的聊斋志异，聊斋好像没有货了。聊斋下方小一号链接，7.9块包邮。聊斋你们看聊斋看看还没有货，宝宝聊斋看看还没有货，反正有货的都是7.9块，没有货的就没有货。一号链接里面，这聊斋志异也是这么厚。三个火枪手都是由江苏凤凰文艺出版社跟北京银山出版社。像这个是李玉民翻译的，都带金彪李玉民翻译的。来什么时候发我48小时，来看一下还有简爱什么，来莎士比亚有没有听过什么哈姆雷特、仲夏夜之梦、罗密欧朱丽叶，家里有个小孩子，来小黄车卡了，我的那是你卡，你重新刷新一下。来如果家里有个小孩子，初中高中的拍套套，拍三号链接套餐A跟套餐B初中高中必读书，拍套餐A和套餐B如果小学的，小学中高中想拍单本的，去拍链接。一号链接套装在三号，单本在一号，7.9块包邮。海底两里好像没有货了，海底两领航好像真没货了。来还有汤姆叔叔的小屋子小学的，家里有小孩的小学的拍一号链接里面汤姆叔叔的小屋小学必读书，汤姆叔叔漂亮朋友初中必读书，猎人笔记初中必读书。听我的宝子听我的，相信主播这个书不满意还举报我，都7.9块包邮,儒林外史
来拿去都是这么厚，都是7.9块。因为是出版社尾货才能做这个价，好不好？小黄车你们看能看到弹窗吗？都7.9块包邮。宝宝还有什么安徒生的安徒生童话三年级必读书，安徒生三年级必读书，80天环游地球是四下必读书，泰戈尔诗选也是初高必读书，都在一号，都是7.9块包邮。来还有什么王子与平儿小学必读书，培根水笔是初中必读书，培根水笔。来还有什么苦儿流浪记也是小学初中必读呼啸山庄，八年级看呼啸山庄、地心游记，小学五年级看西游记，傲慢与偏见也是初中看啊一号跟二号有新进来主播，这位朋友加上我们的7.9块包邮，粉丝没人买。宝子们，我上了半天链接，一个一单都没得买，一本都没有买过。7.9块包邮，宝宝们是7.9包邮，都是竖封新书，拿去一号跟二号进花园儒林外史，什么都在一号跟二号链接。不是一号就是二号，不是一号不半天没人拍，是我卡还是你们卡了，宝子们。想卡退出重进一下，宝宝退出重进一下下方小黄弹窗，宝子7.9块是包邮的，都是7.9包邮。宝子们不管是一本牌还是套装牌，反正7块91本79一套好不好？所以有新进来朋友们，你们想展示哪本小学生吗？宝子小学生我看一下，小学生拍二号链接。小学生听好了，拍二号链接。爱的教育是六年级读书。小学生二号链接，爱的教育六年级读书。柳林枫是五年级读书，百万梦五年级读书格列佛游记，好兵帅克爱丽丝漫游奇境记，那时候是四年级。汤姆叔叔小屋，还有什么汤姆亚索历险记，这些都是小学必读书格列佛游记二号链接基本上都是小学必读书，一样是初中高中必读书，20都是小学必读书。不是好不好？来是正版吗？放心，红与黑，你是黄黄红黑，我有本书叫红与黑，110里面有本书叫红与黑。答案之书有吧？答案之书二号链接，基本上小学初中都在二号链接。有小学的拍二号，初中高中的拍拍一号。宝贝好不好？宝子们7.9块的世界名著都没人买好，那就过掉了。那没人买咱就过了，好不好？答案字数在154。那确定你们要咱下链接了吗？都挑好没有？还是说你们在挑，还是说我就下链接了。儒林外史是九年级必读书进花园儒林外史九年级读书，希腊神话是小学四年级必读书，希腊神话。那咱就过款了吗？咱就过了，宝子们咱过了，问了半天你们没人买，也不说话，那咱下链接了，宝子们给你们停留两分钟，到55分下链接好不好W。拿下去都是7.9块，一号二号都是7.9块包邮,儒林外史
有新进来的朋友，一号二号都7.9块，拿去给你留一会儿好不好？WZ那你说别下给你留一会儿，给你留个你适度，好吧。宝子WZ如果要拍套装，直接拍三号，直接拍三号，就不用一本拍了，一本拍太太慢了。云边小卖部在37号链接，宝宝云边有个小卖部在37号链接拍，宝宝37。因为1400难，但是他妈的采光钱是比抢不过少差不了，那草莓就一般去做强，就好像这能被抢不是秒个毒。但是金额我送ZW拍完跟我讲ZW，ZZW你是在拍一号二号是吧？拍完跟主播讲一下，太阳跟我讲一声好不好？比较厚的是三个火枪手、镜花缘、儒林外史、莎士比亚。除了个别表演，其他出动后，宝子们。给人家感觉又是170好几光。10.36元，十点前投的短发，一边我操。请问自己的重视，提高自己必须要证明顶级的。欢迎新进来直播间，各位宝宝们挑挑选选，都正版纸质情书下方小黄车优先挑，优先选哦啊快递。青年必读书有宝宝青年必读书在下方的小黄车，宝宝七年级在五号链接拍，宝宝去五号链接拍好不好？去五号链接拍。宝宝七年级是五号，不呸呸什么五号、15号，15号说错了，我不是五号15号拍，15号牌，不是五号15号。七年级必读书，初中必读书在15号链接。咱上个厕所去，欢迎新进来的朋友们，我坐着屁股。弹板它的设计比较有包括点到6米的感。青年必读书，宝宝刚跟你讲15号链接，宝子空调关了，有点短，这个400块钱。都拍到了，宝子们，还有想要什么书可以跟主播讲。欢迎新进来的朋友们，欢迎大家进来。主播你都正版，只是新书，放心，我不是二手书，不是盗版。刷微积分这个历程没有保证，这个便宜不了。像这种书的话，这种书都是比较冷的书籍，或者是这种属于技术类的书，就都便宜，便宜不了多少钱的，知道吧？大差不差，都这个价，真有你陪伴。好了，帮帮你上一下，稍等一下。买一本关注，没有点关注的送帮主播点点。你们一号链接要拍套装的，你们多拍的，为什么不直接去拍三号呢？那几个宝子们，我现在看到你们很多人在拍在付款一号，为什么不仔细拍三号呢？十本书79不是更更省事一点吗？宝子们，你那书几几十块钱，你那书我先帮你上，你稍等一下。要请到成功人士，韩国到底算成功人士还是算成都成功前市，因为全国旅游不好玩。我见的是一个小头套，而且妹妹以前我也差咱就八百多了。嘿某某处，因为小妹妹因为没以前，都11点，真爱在那边。不支持该地址就说明你是新疆、内蒙、云南、海南、贵州、兰州、甘肃这种比较远一点的地方就是不支持,儒林外史
不，咱们就不支持，知道吧？中国儿童百科全书小学一年级能读吗？可以，宝宝为什么不能读呢？贵州没办法，贵州不支持。微积分宝的微积分在最后一个链接，宝微积分的历程在最后一个链接。194号链接肯定上了，也不贵。194号链接好不好？万年历有限，帮你上帽子。下了什么意思？还是下单了？微积分历程在最后一个链接给你弹窗了。宝宝，万年历，万年历，这样子。万年历也有，万年先帮你上万年历。万年历也在最后面万年历。那个宝宝住在这里有，那个叫什么？你还是徒步之图之云，还是步之云？步之云你那一号二号福利树可以带，一号二十几米就可以带一波。什么压力不都是肯定放在心里，就是好比咱明年不行，一天一天高进速度比03 500烟烟烟都还有啥东西？作家之旅现在帮你看一下作家之旅。宝宝稍等一下下好不好？欢迎新进来的朋友们早出打出秒都遮满纸日新书。那个叫WZ还在不在？ZW还是WZ，ZW还是WZ？那个宝子是不是？包子还有没有谁在线呢？就是想拍世界名著的，我给你们偷偷的搞一波券，要不要？欢迎新进来的朋友们。在是不是你那视频不是拍了吗？我看你视频怎么拍的，是不是？中国古代政治制度帮你看一下，故事策略政治制度这两本书稍等一下，这个书帮你看一下，稍等一下。WZ灯牌亮一下，WZ你那个你看他，你看实体名字拍了吗？WZ加关注也没抢，你好久好久，你就都好久都了，七百多万关注。人生还有的宝子怕买，没错，名字也是包子。那你关注点一下，灯牌亮一下，进一下粉丝群，咱明天休息。人参还有的，我操人生还在147号链接卖价的数147，卖价数都在147里面。宝宝到147里面不包的，卖家的书都在147，都在147好不好？包子万年历在194，万年历，人生还在147。宝子早熟打树苗，欢迎新进来的主播朋友们，欢迎，佣金99块。软件差不多就是八百多，谁的钱应该是1000，谁的钱给他差不少钱，高速差不多确也很重要。1300买一些，一简单一些。我想想我想想，对吧，就是这种身体一。客服能找吗？宝子找你干嘛？100个人的十年宝子，帮你上架一下。客服找你干嘛？我你跟我讲一声，找你干嘛？宝子故事策略在最后跟你，故事策略在最后跟你讲。豹子，故事策略帮你上到最后一个链接了，故事策略100个人的十年帮你上一下，客服找你干啥呢？吼，你跟我讲一声，找你干啥，吼。把大量订书，你小黄车，宝子刚一号、二号、三号，你直接手动拍，这个比你批发还便宜,「废话」
你大量定数我批发给你我为我为你卖这个价，你懂我意思吗？宝宝豁听懂了吗？你看一号7块91本还包邮。二号也是7块91本，里面有三四十块。三号是套装79一套，你直接拍三号你线下来帮我把那个我给你看一下，像像这种书标价是四十多的，对不对？你拿货的话，顶天给你2到3折，顶天2到3折，就是十块钱左右。你拿货价我还要你，你还要自己出邮费。但今天是7.9块包邮，你自己想一下，你懂我意思吗？脖子就是你我批发给你我不会给你做这个价，7.9块批发我不会给按7.9块给你卖。我直播间我可以亏钱卖，但是批发我不会亏钱给你，懂了不？那个叫什么呕吼小黄车有很多是真的亏钱，在出的品是真的是为了做成交，是亏在亏钱的。但是如果你要批发，我不会给你按这个价走。宝宝你可以先拍一下质量，觉得怎么样，有以后再考虑好不好。然后有听到的听到，你可以比如说一号或者是三号里面挑一套拍个79，拍一套回去看一下质量。这个书线下你卖个19.9块没有任何问题122各是总共是三十多本，在三号链接没有合集，三号链接里面有总共是十本三个选项。你可以拍一个套餐A或者套餐B回去看一下质量，如果觉得好，你就把剩下全拍完。这个标价标39或者说49的书，这么厚的书，六百多的书，线下卖个线下你标39，打完折卖个30没问题。这个书线下卖29也行，卖19你也能赚，今天拿货价七块多，你卖19块钱，你还能赚个十几块钱，相当对半开的利润。百分之像是利润率在100% 100多对吧？100%多是不是七块多？你线下卖个19块钱绝对没问题，现在差不多，利润100%多，百分将近200%的。现在卖七块多，拿货价七块多，卖个20块钱左右是吧？赚个十几块钱，拿去赚个12块钱，13块钱。如果你要拍套装，你就直接去拍三号，三号里面是79一套，你买回去看看质量，如果觉得好，你就多搞一点，你就知道了这个书有多划算了。你们很多人不懂，很多人会觉得主播怎么这么便宜，很多是直播间真的亏钱在走的，但是我批发给别人不会卖这个价的，懂了吧？我直播我肯定为了销量，为了订单或者为了人气，我故意亏点钱没关系，但是批发我必须得赚你钱，我不可能亏钱倒贴给你，这是原则性的问题。布局九月牛棚杂意，经济学类的宝宝经济学类的看那个经济学看那个那个那个叫什么来着？资本论国富论。资本论在163，163，吼还在吗？吼你还可以看一下那个叫什么，九号跟十号链接，九号跟十号你2.9块的书，说白了你拿货价你也拿不到,「废话」
九号跟十号2.9块还包邮，2.9块还包邮，对不对？怎样，我批发给你也得个三块钱，是不是？可能现在观众都听懂了，观众都懂我什么意思了，对不对？1984有限帮你上。老是有人找我拿货，然后又说为什么比你直播间卖的贵批发价。你可以试一下三号链接，拍个套餐A一回去看看质量。如果觉得好，你就过来多带一点，或者是把那个都带完。然后我下次告诉你拍哪一个，我是亏钱上到直播间做销量用的。布局跟1984，宝宝在最后两个链接，布局跟1984去最后两个链接拍，宝宝去最后面两个链接拍。1984现在都这么便宜吗？198是跟动物庄园来。198是在那个1984跟布局最后面两个链接资本论在下方，小黄车163，资本论163，资本论国富论是关于经济类的，资本论国富论163，资本论国富论和经济城市一本通在163号链接。宝宝好吧，有听到吗？可以打在公屏上了，163欢迎新进来的朋友们，欢迎大家进来主播直播间的挑挑选选逛逛都正版，只是新手，放心，不是二手书，不盗版，说能拍都能发，好不好？看到一般怎么样？这不就是个很。一是一分一。欢迎新进入直播间的朋友们，欢迎各位宝子们进来直播间挑挑选选逛逛。早说打出名，宝子们都正版纸质新书。这种成本1150倍，还有微纤酸、维纤酸这种乙酰吊简酸。你看安全感策略战略没问题。感谢阳春突击，羊村突击拍好了吗？宝子们，其他有新进来直播间的朋友，在线的没有付款，宝宝已经付款了。欢迎新进来主播直播间，朋友们，欢迎大家进来主播直播间耐心挑挑选选逛逛都正常，只是形式，不是这手速，你们放下能拍都能发。欢迎新进入直播间的朋友们。紫微斗数全集，稍等一下，先帮你上。这前面其实跟巧克上面是就是读作为人颜值的巧克力酱面将。搞搞成中文的话，你一天上全天上一次，如果三个掉的话才会做人。优惠券差了一百多，你好久我们才这么多钱，优惠券挣两块钱。就一百多万。这种胆量没差不多就能一起谈，差不多跟你一起探。紫薇斗术，拳击宝宝在最后一个链接拍，你点开小黄车最后一个链接拍，最后面一个链接拍，好不好？最近不跟蜜酒钱，他妈的我发现后来金额都唱的是一盘棋，一盘他一盘酒，读懂刁蛮，但是这种能弄到，一般弄到电脑这种女流喊过他了，打电话给我，前面都17000、19000、66000。都这么心胸，你们放心啊。感谢小富婆关注的主播，感谢小富婆啊。明星杂志保证这个有。看到一百多块钱，赶紧集体吐槽，听懂啊，赶紧集体吐槽，然后就起了层层面,「废话」
对它也是二倍镜。明星杂志没有，宝子们，那咱就准备下播了，宝子们好不好？还没有付款，抓紧付款掉。看见宝子没有？明星杂志没有，这个书没有，我也收了没有宝子好了，那咱就下播了。还有没有找到书的？有新进来朋友们，如果还没有找到书，跟主播说视频还没有付款的，抓紧付款了，咱就准备下播了。宝宝们感谢ZW送的礼物，感谢ZW，Z在直播间有个Z的榜4。为什么不在这里卖吗？我为什么不在那里卖？心怡是哪里？宝宝心怡是哪里的那是念七还是念怡？风萧萧，欢迎各位朋友们，欢迎新进来主播宝子们，还有没有找到叔叔跟主播说明。咱播到15分下播，好吧，还有两分钟时间。徐州为什么保证在哪卖？不都是卖，对不对？你看香浓连会面。谢谢你，有好多没有？都是满，只是心酸。你们放心，我的不是二手书，不是盗版出，能拍都能发的，你们放心，拍到就赚到，抢到就是赚到。宝子们，早说选手也可以跟主播说说明。很搞笑，三十多加多C93，94 1把。许什么风霄关注点上灯牌相声，宝子那咱就下播了。宝子们大家晚安。其他有新进的朋友，那咱就晚安了，下播了宝子们好不好？好，大家晚安，大家晚安。后天见，明天休息，后天见好不好？关注没有点关注点上，把我们关注点上。当时很急，我听不清。好了，我咱就下播了。后天见，明天休息一天，后天见。大家晚安，大家晚安。关注没有点关关注一下，还没有付款给你们最后一分钟时间，现在14分，咱15分下播，还没有付款的抓紧付款，谢谢。C语言那能翻译。感谢无为关注主播。吴为，你们还有要说要的书吗？如果没有的话，那咱就准备下播了。宝子们，感谢乐游先生关注主播。好了，宝子，那咱就下播了，大家晚安。15分了，咱就晚安，好不好？,「废话」
