﻿original,result
什么的，来还有什么莎士比亚这个书有没有拍到，这个书有没有拍到？这个书有我们后面的包子没拍到，等我给你们炸一波。这个书完整无瑕版世界名著。来等一下下，我先来波王阳明，好，不有新，刚刚这个宝子在要王一鸣是不是新进入主播，完整无删吗？我还没那等一会儿。来有新进来直播间的朋友在线，我这个是王一鸣完整无删版，有新进入主播，这个是OK吗？我操王一鸣全集这个版本OK吗？全军典藏拿反了，圣人一个叫孔子小羊皮的。世界上最遥远的距离不是我喜欢你和那样子，还能这么虚假。所困中在我所有书里面质量可以排前三名，精装典藏王阳明全集OK吗？我们今天是9块91本这样书，9.9块的现装的小羊皮的新声音现装典藏版，这么责任不易掉的，到手一整套三十多块钱。文明拳击可以吗？文明拳击有多少脖子要来？有新进来主播这位朋友在上我的王彦明全集，给你们来一波。王明上了，来新进入文明全集下方小黄弹窗，宝贝下方小黄弹窗到手39 1整套。有新进来主播直播间朋友加上宝贝下方小黄弹窗，文明全集带一套走好不好？这个数还是很不错的，知行黑文明心学理念。下方小黄弹窗看里面内容，可以先拍，等慢慢看。没事，宝贝里面是文白，都要把文言文原文加白话翻译。我给你看一下目录，我找一下第一册，你们看下目录1到4，总共是四车书，到手4车书39.8块。下方小黄弹窗秋秋先拍，下方小黄弹窗，我来来文明语录，宝子文明语录。什么是文明语录？就是传奇路，就是文明的语录，就是传奇路。传奇路一二吴姗版好不好？传奇路下上中下传奇路三步，还有什么一些书信、自传、兑换等等等等，都在这里面，这是目录，还有纹路，卷期是纹路，纹路。来还有什么卷一卷二卷三是传习路，来卷卷四是纹路，卷四卷五卷六卷七是纹路，还有什么看一下，来还还有什么别录，看一下子，反正一些很多目录都很厚，玩网页面基本上内容都在这里面，纸张非常厚实好不好？有文12，下方小黄弹窗王一鸣全集，同步作文六年上册。下面以上来有新进来准备下方小单王一鸣全集有新进入主播成语在上，我的没有拍，我抓紧拍掉文明全集，文明心学理念下方小黄弹窗到手是一个四本书加箱子到手一整箱39.8。来过掉没有票的可以带上我，我面还是不错的。欢迎新进入主播直播间，朋友们。再跳一下，跳到我这个就没变。一面送上九好礼，6660的挂机跳过45斤,《王阳明全集》
你说的几号链接？欢迎新进入主播间的朋友，欢迎大家进来直播间有新进来主播的，这个书来一波，儒林外史进化有什么呢？来有新进来主播的这个世界名著给你们来一波，新进入主播世界名著来一波，有新进来这个后的世界明珠，给你们再加播。这个书就没有货了，明仓量是140号。链接，有新进入直播间，人间值得没？拍拍一下，有新进来直播间加上宝字，这个是这个是世界名著，完整如山，也是非常厚，七八百页。这个是OK吗？有新进来主播直播间，朋友在场听主播讲新进入的直播间，现在12点整点福利。有新进来主播直播，朋友在有在线保持，现在是12点05分，有新进来的朋友在线新人榜打个新字，老粉宝子如果说过打个收到觉得好打稿子。这个书每本书七八百页，世界名著经典名著三个火枪手，大仲马的三个火枪手。这个时候可以吗？先把大家亲自来，老粉如果刷过觉得好打个好字，老粉也能买这个书。就是尾货清完就没了。出版社尾货线下卖49一本的，由北京燕山出版社出版。那个用户还在吗？用户来这个是今天7.9块包邮。我以前卖19.9块，我一天卖19.9块，今天是7.9块包邮。李玉民翻译的都是很厚，7.9块OK吗？我7.9块这个说OK吗？我是7.9块包邮，但是这尾货没有多少单了，卖完就没了。每一本书是三五本，因为这么厚的书，说白了卖7.9块包邮。我以前拿货15的，我以前拿货价15是今天现在卖价是一半。555 2手。莎士比亚系列集，莎士比亚四大喜剧，四大悲剧哈姆雷特、仲夏夜之梦，也是六七百页，都是带书皮带腰封里面是这样子的。精装硬壳版带金标，里面都是金标雕刻的。听下声音，磨砂雕刻上去的凹凸立体手感全一本就完整无删版。这个是稍等一下，我暂时要给你们上车，都是7.9块。还有什么镜花缘也有，还有什么儒林外史，看一下儒林外史，中国的书，儒林外史也是这么厚。初中高中看金华园跟儒林外史，初中高中看金华园跟儒林外史，都是完整无瑕版。这么厚的书都是七八百页，大厚本都7.9块包邮。还有什么小学的，来下单就是睡觉了。来看一下什么书，来这个是中国神话，有稍等一下，中国神话等一会儿。宝宝来，这是汤姆叔叔的小屋，宝汤姆叔叔的小屋，看一下汤姆叔叔的小屋。来也是7.9块，这书非常值，是不是？来听主播讲，有新进来主播权有有想要买书的，左上角头像底下给你们发了波红包。新进入主播朋友，左上角头像给你们发一波现金购物红包，头像底下有个红包去领一下,《三个火枪手》
领到红包下单可以立减，领到多少钱？下单立减多少钱吗？领到多少钱？下单立减多少钱？红包先领掉，领完红包我再给你们上车，好不好？能更优惠一点点，领到红包十分钟之内变化扔掉。来这汤姆叔叔的小屋来都是北京燕山出版社，江苏凤凰鱼出版社。有没有听过哈利波特？老版本的哈利波特我没有记错，我忘了是哈利波特还是什么书，就是江苏凤凰。新版本是人民文学，我记得是哈利波特，就是江苏凤凰文艺出版社老版本的。有北京，现在我教你来这个是什么猎人笔记，看一下来简爱都是7.9块包邮，都是7.9包邮，都是7.9块。这个系列都是无删版，还有什么海底2万里、漂亮朋友、泰戈尔诗选，来傲慢与偏见等等等等，都是7.9包邮。这个是跟白给没区别，因为是尾货，就是出版社对外批发都是那种几十本，都是上百本上千本的批。是像那种三五本、三五十本没办法处理，没办法批。就统一清过来很便宜，拿过来，所以才有这个价，7.9块包邮。老粉都说我好不好？来自己不会小的。好货，对，好货，都都给你们展示细节，我先把链接上了。来有个新进来主播的，有在线的朋友，我刚刚展示那个数，在一号链接跟二号链接，你们刷新一下方的小黄车。来新进入主播朋友，你们刷新一下下方的小黄的一号链接跟二号链接，7.9块包邮，喜欢哪个拍哪个，好不好？有新进来主播的下方小黄弹窗，上了，下方小黄弹窗，这是猎人笔记，里面是带雕花的，里面是这样子的，外面有个书皮，一号链接里面，新进入主播间，一号链接一号链接，一号链接弹窗，左上角头像底下有个购物红包，没有领到的去领一下。有新进来主播下方上自己大宝宝放心，看一下正经的质地。这个出版社的在北京燕山出版社就出出课本出版社在北京燕山出版社出版猎人笔记，看一下来拿去，汤姆叔叔的小屋，看一下来都这么厚。一号链接里面速度拍掉这个书库存都不多，没有货就没有货了，有货你们就能拍，没有货的就跳过好不好？来，还有什么地心游记，宝子一二链接里面，地心游记看一下，这是地心游记，都是精装硬壳带书皮的，不会卷边，都是精装硬壳的。我来看一下，红飘带狮王帮你看一下来培根水笔王子与平儿来苦鹅流浪记，苦鹅流浪记安徒生真童话都书封新书，安徒生童话。来还有什么呼啸山庄，来最后一刻都在一号链接里面，有速度秒掉好不好，什么书没有宝宝，来还有什么80天环游地球，都在一号链接里面，一号跟二号，一号没有去，二号明天能讲讲,《猎人笔记》
宝子他是罗曼，罗曼我也没看过，我知道他住的叫罗曼罗曼，但里面讲什么我倒是没看过。欢迎新进入主播这边，朋友们，那这边。就好不用像尬我一样。你好，宫本坚定眼睛了，你发现宫本简光腚眼睛就每分两期发生了。一自通电有稍等一下，一号链接7.9块，福利时间卖掉。有新进来主播一号跟二号，不是一号链，自通电等下一波，带你们过一下儒林外史，一号链接里面儒林外史看一下儒林外史。一号链里面的书都是无山版，这是儒林外史初中必读书。有新进来主播什么一号链接先拍掉，一号二号都是这种大厚本的书。如果像那个用户4439，如果你有些书前面买别的版，买重复的就不用买，好不好？用户439，来宝子来看一下，没有成套链接，你说这个吗？宝子你说这个吗？这个书很多书没有货了，所以没有做成套的，宝子好不好？是因为这个书之前有成套的，因为很多书断货了，像之前有个聊斋志异，也在这里面断货了，所以没办法做成套。我明天如果要成套的，明天来行不行？如果不想一本拍，想要一整套一整拍，那就明天来，好不好？下方什么一号链接，新进入物主一号链接的书都七八百页，还有什么莎士比亚戏剧集，看一下都在一号链接里面。一号二号、一号链接里没有就去拍二号链接。李李锦梅的，来，李梅姐的有，稍等一下，湿巾跟湿巾保证这里面的如果想拍湿巾跟湿巾，不要不要拍这个链接里面的。来东北购物车在130。来这是莎士比亚哈姆雷特，仲夏夜之梦，罗密欧朱丽叶就出自莎士比亚。看一下好吧，还有什么三个火枪手，这个是非常值，老粉都说过非常好。下方小黄弹窗有新进来主播里面，下方小黄弹窗新进入直播间朋友们，下方小黄弹窗这个书今天是7.9块包邮，一号跟二号7.9包邮。有新进来主播家人朋友在上面的，没有拍的抓紧拍，7.9包邮。一号链接跟二号链接都是带书皮，都是北京燕山出版社出版和江苏凤凰文艺出版社出版。一号跟二号链接里面去拍好不好？来还有什么红与黑、双城记，来你要的什么？说保证，来清华园，那不对，来是完整版，宝清花园是完整版。一号二号，一号除了使史记也是完整版，只是说一号链接的史记是没有白话文翻译的，一号链接里面史记是没有白话文翻译的，一号链接书其实都是完整版，只是说史记跟史记是没有白话文翻译，知道吧？这是双城记，红与黑看一下来还有什么格列佛游记，百万英镑都在一号链接里面。然后看一下，来还有好兵帅克好兵帅克，来来拿去,《儒林外史》
古希腊神话这个是在二号链接，宝有古希腊神话在二号链接，刚展示的书，不是一号就是二号。三天光明没货了是吧？没货就跳过宝宝好不好？用户四三九没有货就说明是没货了。宝宝，懂我意思吗？这是尾货，卖完就没了，知道吧？没货就没货，宝宝没关系，没货就说明是之前就卖完了，好不好？没关系，你就拍有的就行，好不好？用户439，这是古希腊神话故事，古希腊神话故事看一下，这是4.1的书。二号链接里面，二号链接里面，现在展示假如给我三连光明，我看一下，没优惠，我明天帮你确认一下。新进入主播下半场一号跟二号7.9包邮。来还有雾都孤儿，汤姆亚索历险记，来还有什么绿山墙的安妮，这个小学必读书，小学必读书在二号，家里有小孩子，小学的去拍二号，拍二号名仓单是140多。一号链接里面有新进来主播直播朋友在上面的，还没有拍，我抓紧拍，没有付款宝宝抓紧付款了。一号跟二号链接7.9块包邮，都是7.9，再发个个红包，我等一会儿，好不好？现在展示就是二号的630和安妮雅宝子，现在展示是二号链接，一号跟二号都是一个系列的双，好不好？来一号哥哥还没有付款的先付款掉，欢迎新进来主播都正版，放心。宝子这书是这个书是尾货。但你以为这么厚的书，你以为能做这个价？看一下七百多页，三个火山石在一号链接里面。宝子有货就拍，没有货就跳过。宝宝没有货说不定就卖没了好不好？新进入主播权下方小红弹窗先拍掉，一号跟二号先拍掉好不好？一号跟二号链接先拍掉好吧，都7.9块包邮的世界名著。来这么厚的书都是无删版，你看这么厚，你要是觉得还有删减，那我就没话说了。而且每本书都给个书签，7.9块包邮先秒掉，牧师也让你有限帮你上来拿去。还有什么瓦尔登湖、爱丽丝漫游奇境记，然后来都是带书皮带腰封的，我操。来爱丽丝漫游奇境记，然后还有论语、欧也尼、葛朗台这些书在二号。我没有记错，这些书我现在展示的是在二号。还有高老头，爱的教育，这是六年级必读书，爱的教育柳林风声也是六年级必读书，柳林柳林风声6下必读书，在二号链接里面，然后还有这个复活，来一号二号去拍好不好？人类裙闪耀是有限帮你介绍，稍等一下宝贝别急一个来，欢迎新一号二号没有付款，先付款，用户4，用户439拍完了打个已拍咱就过链接好不好？欢迎新进入主播直播间，朋友，欢迎大家进来主播直播直直播间。男孩子托盘怎样？我吃烤肉吃早吃到1.9块，多买的再吃1.7块。好了，宝子都拍完了一号链接，你们有拍到打个已拍,《绿山墙的安妮》
三国志多少钱？三国志多少钱呢？三国志宝子，三国志有多少人要有新进来没有三国志，搞一波大的三国志。你问三本书有没有？你问哪三本书？宝子，哪三本人类群闪耀石吗？宝子有有，你们都有笑猫日记也有比心，你们找出打书名，我助一下帮你上。你们找出打书名笑猫日记，什么蛤蟆先生人类群星闪耀时、宝宝穆斯林葬礼、海底2万里都有。助理先给你们上架，走，你们稍等一下下，好不好？稍等一下下。欢迎新进入直播间，欢迎大家进来主播直播鏊子来有新进来主播，下方小单人兼职的没拍，我先拍下，有新进来主播的，下方小黄车主播自己个人补贴能兼职的。愿你历尽千帆，归来仍是少年。愿你看透真相，人绝人烟。编程在这，人间值得，人间值得。这今天是九毛钱价格，运费到手两块多。编程在这，宝宝是两本书，宝子好不好？三号跟四号都是主播自己个人补贴福利，每人只能先拍一单。三号四号没拍，宝去拍一下。三号四号宝子好不好？来人间值没拍去拍一下。刚刚是有人问三国志这个拿掉，刚刚是哪个宝宝问三国志？三国志谁问的？有新进来有多少人在线？有新进入主播直播朋友在手摇三国宝两个1字来注意统计人数。山海经现在是冒哪个？山海经敢杀不？中华帝国衰落，有稍等一下。七百多单，但是有点低。以前好多多人成功一千多，成功钱是一千多。但是外面一般五楼都卖了，这种成功精神跟前成功前是一般。中华帝国的衰落帮你看一下，来其他有新机，还有多少人在线？我是往小黄车里搜索，我是猫腾挪医院，紫藤医院。上给你们先刚过12点再给你们送波书吧。来这样子，有新进来主播直播间，朋友在上方听主播讲，不知道主播干嘛的，来搂过山海经王炸福利，山海经全彩版有多少人在线？全彩版山海经有听主播讲，有新进入主播直播间，有在线吗？打个在字后打个小一，全彩典藏版山海经，这个是OK吗？线下标价五十多的，我线上之前是卖个9.9块，19.9块的，今天给你们做4.9块包邮全彩版山海经有在线，哪个在的话打个小叶，这个书超值，闭眼入。来有新进的人听懂了山海经是什么书？给您介绍一下。有新进来的朋友叫上古三大奇书，上古三大奇书之一易经黄帝山海经。这全书分十八卷，包含了天文地理、历史、植物、动物、神话、医药、民族宗教科技等等，分为海内经、海外经、大荒经、南山经、北山经、中山经、西山经，也是上古百科全书，什么夸父逐日、女娲补天、精卫天、后羿是都是出自山海经，有原文、有佚文、有注释,《山海经》
全才典藏版就20个名额，有新进来主播的，现在是17分整，有新进入主播，你加上，不管是新粉老粉，只要没有买到过山海经，不管新粉老粉，有新进来主播，人们把小一打在公屏上，今天4.9块包邮，4.9块包邮山海经。如果我觉得OK有新进来主播直播间朋友在线宝宝你们打个小一在公屏上好不好？我现在需要这么多宝藏，我需要统计人数，宝宝们来助理统计人数上已经准备链接，宝宝们欢迎新进入主播，家人们欢迎大家进来主播。上一期是来打了小一的宝，这么多人一来20个，就20个，就20个多了，咱送不起亏钱。宝子，打了小一，有新进来有没有？小妹在三十多号链接，穆斯林葬礼上了吗？穆斯林葬礼马上上。宝宝穆斯林葬礼来打了小一的宝宝们有新进来。主播想顺手帮主播关注点点，把顺手帮主播关注点点好不好？上眼睛上了没有？来扇眼睛宝子，扇眼睛，善眼睛宝倒计时321，下方小灯扇眼睛，下方小灯贼拍山海经4.9块包邮，山海经4.9包邮，下方小黄弹窗4.9块包邮。20单就二十单，好不好？因为4.9块，说白了这种书保证你想要4.9块什么概念？今天真的很没保值，这猪太难卖了，咱真干不动了。4.9块包邮，下方小黄弹窗一句顶玩具在130左右，宝宝130到140，你找一下别样的自己。下方小黄弹窗有新进入主播山海经香拍照，新进入主播什么？下方小红弹窗山海经全彩版，今天到手是一个4.9。法律证书你搜法律会出来云面小人物在43号链接海上日出或猫有吗？盗墓笔记145，盗墓笔记145，国史大纲192，戏剧中换191人类群闪耀时，穆斯林的葬礼195，穆斯林的葬礼，来山海经有新进来主播直播朋友在我们下方手上的山海经先拍，你这能不能也能传种英雄？因为前面第二天集团你抛弃的。讲的一般狗屎，圆梦也不行，圆梦也要要两百多块钱。我又先拿出我的弓。新进入了山海经，拍盗版善你买的值是不是宝子善你买的值，其他有新的善，你拍到没？拍没拍到咱过掉了，有没有想过在43号链接有没有小卖部上点先拍照，有新进入户主播上点拍到打拍到。三国志，搞搞三国志有啊，宝子问你们要不要三国志，你也不回我。好问了半天没人回我要三国志的。宝子我前面不是问了半天吗？三国志没人回我，给你们搞搞搞，你们到时候要有人要。我操，问了半天没人回我，到底要还是不要呢？山海经先卖掉，要三国志难怪稍等一下,《山海经》
来山海经先拍照，有新进入户主人山海经全彩点他们山海经下方有小红弹窗，有新进入户主播朋友们来人类裙闪耀时，人类群闪耀时候，我主要没有样式保证，在最后给你自己拍，有新的兄弟直发。来欢迎新进入者，山海经咱过掉了，欢迎新进入直播间，欢迎大家进来主播直播间，欢迎新进入主播挑挑选选逛逛。一拍是不是盗墓笔记保存这还贵。盗墓笔记山东新华书店值班，咱能承诺是正版，别人能吗？宝子我能承诺是保真的。三国志是谁要的？有新进来主持三国志到手一整箱来十个名额，我自己个人搞搞波券，我自己个人补贴来主播自己个人补贴十块钱。有天津人民出版社出版，天津出版传媒集团精装全6册线下360全新校勘精出版白话文翻译版完整无瑕版三国志。然后到手一整箱来箱子拿去。到手一整箱三国志可以吗？有新进来主播红包。有新进入主播，山海经没了吗？山海经在小黄车最后面几个链接，有新进入主播有30款。三国志是哪一个宝宝要的？有啊，三国宝是有新进入准备三国志。来三国志哪个宝贝？大字版大字版有原文，有译文，有注释。三国志由天津人民出版社出版。这个书OK吗？天津人民出版社出版三国志，有有英文有朱师看一下，看一下三国志文白对照版，陈寿的三国志六本现装的不是胶状，这本子是不会掉落的，完整红杉版。三国志跟三国演义的区别是什么？三三国志它是正史，三国演义它是小说，叫演义，这个叫正史，叫三国志，承受的三国志。线下是到手一整箱，里面会塞很多泡沫，线下是360一套，线上之前是卖到了49。今天是主播自营个人，今天出版社补贴十块钱，到手39。主播自营课在补贴不到手，不对，三十九没错吧？就是六本书，六本书，六本书我卖59，出版社补贴十块钱到手49，主播自己个人再补贴十块，到手39一套，到手39一套。29做不出来，到手39一套，六本书39，一本书五六块钱，六本书39一套可以吗？有新进来主播人员在上，我六本书到手39，就一整套39 6本，我们正常价卖59，出版社补了十块钱，我自己补了十块钱，想补20块钱。我等会弄个券，我等会发券。你们先别拍三国志文链接，三国志六本书，六本书，六本书到手三十多，不是一本，是六本，好不好？有新进来主播，人家上的三国志，你们先别拍，先别拍。有新进入三国志，现在先别拍,《三国志》
现在是卖到现在是49，你们先别拍，我券还没下去，先别拍，先别拍，我给你们搞波券，你们等我一下说我个人补贴十块钱，就个人补贴十块钱，现在是卖49，你们先别拍，我把券下去你们再拍好不好，给你们来30张券，就30个名额好不好？有新进来主播的三国志，等我一下，先别拍，先别拍，我券还没下去，你们先别拍，我券下去你们再拍好不好？来三国志稍等一下，有新进来主播的家人们，三国志刷新下方小黄车，宝子来也可以，也可以来有新进入主播下方小单，三国志刷新下方小黄车，六号链接都只买六号链接，有山东西华顺直发别样的自己，有山东新华顺丰直发，有新进购物车，三国志券下去了，来刷新下方小黄弹窗，发了20张，还有30张券，券后到手39.9元。主播自己个人补贴的十块钱，到手3.9一套精装无限定版三国志有三年还删我完整无瑕版三国志承受的三国志下方的小黄弹窗，有新进入主播直播屏幕下方的小黄弹，三国志速度秒掉新进入直播间朋友们早出打说明，到手是39 1整套好吧，三国志买了是不是感谢？欢迎新进入的下方小车39一套，我自己个人发的优惠券39一套，下方小黄车好吧，速度秒掉。还有六套了，还剩只有六套，国外消毒真的。是正版宝贝七号链接，你说那个世界名著是由山东东平新华书店直发，是由山东新华书店直发。宝宝你说是正版还是盗版？宝宝山东新华书店直发，保证你放个心，别让自己山东新华书店你值班，一定是正版，你放心心。来三国志，咱过掉三国志，还有最后四套，到手39一套有十块优惠券，到手39 1整套。三十九海南不发，海南没办法，海南太远了，宝宝海南太远了。我三十九包子六本书，39 1整箱的运费要出个十块钱左右，10块8块的对不对？那到手就剩二十多块钱了，我还要给你海南再发，海南运费更贵，海南运费翻一倍。宝子那没辙，宝子海南没辙，宝子这真没办法，其他是海南我给你发，但这个书没办法。宝宝感谢理解和支持，好不好？也吸引你们定力，吸引人家将近就是三万多亿，有钱压力。从但是虽然之前你老师兄弟。一小一上感谢，感谢用户，435知道，感谢439支持，感谢。当然你拍的书都质量很不错，都是那种透本精装版的猴子，对不对？买回去绝对值，觉得不值你快骂我包子，你我看你也亮灯牌，是不是进个粉丝群，不止你在粉丝群喷我包子。我刚展示这些书都是物超所值的书,《三国志》
三国志有付完款吗？发三国志只有三套，可是还在海南，没办法，海南宝子海南要跨过来，海南其他书，但是这种我本来就亏，海南我还在给你包邮裤衩子都干没了，宝子好不好？我有些是亏点没关系，但海南、新疆、内蒙、云南、海南、贵州、兰州、甘肃、内蒙对不对？什么西藏你说我怎么办？宝子那没办法，主播也顶不住，包子来追风筝了，已经优惠后的价格追风筝了。欢迎新进来主播有没有很多书，你看像人间值得是一块钱，对吧？人间值得下方小弹窗有新进来的人间是没拍去拍的，人间值得也很便宜，对不对？欢迎感谢在人间关注主播在搞播出里面，刚是有宝子问知识通鉴是不是资质通鉴拿过来宝姿通鉴也搞过大的自动电宝子自动就没有货了，你咋拍？差价是保值，你就直接付款，到时候找我找我，找我报销就行。北斗星，你直接下单，到时候找我报销就行了。来有新进来主播，你在上我的直通进来有新进入直通店，要不要？也是六本装，这些东西需要我介绍吗？六本装比3国志更厚。今天也是39，宝子也搞39，行不行？比3国志更厚。有些三国志刚还也是挺厚的，但是这个比三国志还更厚，也是做39一套OK吗？六个精装版的资治通鉴，也是精装版箱子拿上来有线装书局出版社出版精装典藏版的。三资治通鉴作者叫司马光，某司马光砸缸，那个司马光写的资治通鉴，听主播讲。有新进来主播直播间朋友加上我家里都是有小孩子的。高中学文科日必读书，有现装书籍出版社。稍微买贵了，是不是？老粉之前都四五十卖，对吧？没有骗大家，外面可能卖五六十都很正常。之前是卖卖49还是59？老粉之前都是花49、59买，偏大我是狗，偏大我是狗。老粉之前是不是都是49、59买的。宝宝没有偏大，今天是39一套，由现装数据出版社版精装全六次，现价360。资治通鉴作者叫司马光，就司马光砸缸那个司马光写的司马光砸缸，司马光这个书叫帝王之书。它其实以前是写给皇帝看的，总共记载了16个朝代，1300多年历史，250多位帝王发家起义谋略管理叫铁。骆歆珊是250多个皇帝，他没有讲什么李白、苏东坡这种名人故事，讲的是帝王将相宁游走过，帝王战场起义发家谋略管理，朝代更替时国家兴衰法则规律，成功的经验规则。俄罗斯嘛好不好？来叫帝王之书，一些阳谋，一些谋略，也是中国阳谋第一书，也是领导人之书，也是伟人之书。咱有个很出名的伟人，读了17遍资通鉴精装版文言文原文加注释大字版的，不是叫小字的，现装版自动减。为什么这么多成功的？是多多领导全独立,《资治通鉴》
什么叫读史明智？倒数一整箱由现装书籍出版社六本书。今天三十九也是三十九到手六本。这个书已经卖断货了，一直在断货，陆陆续续到了一点，陆续到一点点，就卖点卖一点卖一点。今天剩个四五套，一整套到手三十多块钱，一整套。六本精装版可以帽子吗？也是主播自己个人补贴。有新进入主播，你在上网资治通鉴OK吗？宝子们OK不欢迎大家进来直播间的朋友啊，资通鉴准备链接，没人要吃通的，今天没人要直通的，真的假的？木有人要吃通奸吗？也是39一套好吧，有新进来主播人员，有在线宝宝，稍等主播下下。新进来主播自通力等我一下。来，我先搞券。宝自通力现在是卖49，先别拍，老样子先别拍，老样子先别拍，老样子，券下去了，库存管上了，三十九再拍，好不好？你稍等一下。来有新进来直通，你先别拍，先别拍，好像也没有库存，你们稍等一下。然后如果变成39了，刷新一下，变成三十九再拍，应该是搞券下去，全货到手价39，也是主播自己个人补贴，到手39，刷新下方小黄弹窗，到手39一套，下方有小黄弹窗做出主播承诺，买贵包退，假一罚10。正版新书如果你收到书，哪一个遇到哪一个地方比我便宜，便宜多少钱？我十倍转给你们，就比我便宜多少，我十倍我现在卖39，谁卖29我给你转100，谁卖19我给你转涨200。发家致富的时候到了。宝子们下方小黄车自动店到手是39，没有错吧？价格应该没有错，价格有没有错？看一下是不是39。新进来主播39到手一整套。六本精装版的资治通鉴作者叫司马光，司马光砸缸。用户439，你是老粉吗？用户439，你说你之前买贵了，是不是说明你之前是在我家买过书，是不是？439，我以为你是今天第一次来我家买书，就买这么多。宝子因为39你是老粉是吧？你说明是之前买过了，没有这个数，没有毛病。这个是我之前卖49都卖的很好。老粉应该知道我之前卖49买卖的都很好。今天是三十9，宝宝我们今天39 1整套，挺厚的，没有错，这个是不薄。那个用户49是老粉，今天买了1000块钱。你这个是应该之前买的，应收到过了，质量没毛病，对不对？今天是我个人补贴，因为今天业绩太差了。我不知道为什么今天就是今天今天、昨天、前天这几天就是没人买书。910自动念弹窗，自动念下方小黄弹窗到手39，一整套下方小黄弹窗39，一整套不是一本，好不好？一整套39块钱,《资治通鉴》
资治通鉴，司马光的资治通鉴精装版，来还是49吗？宝宝现在是39，有缺吗？宝子们，你们看是三十九还是四十9？因为39你现在看到39吗？不是49吗？不是49吗？宝子是49，是三十九。你们多少钱拍的人鱼5，帮你看一下49是不是？宝子你是三天想要来的，你你你他妈都34用户，439你是哪里来的？你是翻天小说来的，还是抖音来的，还是今日头条来的？可能翻天小说看不到我发的优惠券，你看他们都是30，怎么三十四？包子我不是卖39的，你们怎么三十四买的包子什么情况？我不是卖39吗？你们怎么三十四？包子有人说34.9块，你们为什么都是34.9块的？头条来的那你那你切换到抖音，宝子如果你头条来的，你切换到抖音宝宝行不行？你切换到抖音来，切换到抖音来，宝宝切换到抖音来，用户439，你切换到抖音来，抖音搜索棒棒糖宿舍应该就有券，可能头条券不同步，你切换到抖音来，宝宝三天有券吗？三天有券，那你们就拍，券后到手34更便宜。不对，三天有券的，券后到手34。那先拍掉，到手34的，39都去拍掉，暂停过掉，直通店暂停过掉了，宝宝们好不好？用户439，如果是头条来了看不到优惠券，那你就从抖音来，行不行？从抖音来切换到抖音平台五元券。好的，你们自己先拍掉。欢迎新进入主播这边，欢迎大家进来。主播耐心挑，耐心选，耐心逛，都正满纸，日期是我的。下方绳子优先挑，挑选一选，逛过好不好？宝子红包上不了，今天上超了大中华寻宝记，有项目已上一号链接，还没有付款的资通电，宝子。帝王之书，我们管理团队管理公司和管理国家其实是一样的，就是资质通鉴适合成年人看，史记适合学生或者年轻人看。实际讲的是比较正经点，固执直通链其实没有。它它的支通线叫编年体通史，对不对？史记叫纪传体通史，不好不好，自动下方详细还是49吗？宝子抖音的还是49吗？宝子抖音上看一号链接还是49，真的假的？宝子你是从抖音来的吗？用户4399，你现在是从抖音过来的吗？还是显示49吗？那我那我也不知道该说啥了。包子，那你是不是之前买过？不，你是不是因为你之前买过，所以你是不是因为之前买过，所以说这个书今天显示还是49。那那没关系，那没关系,《资治通鉴》
那你自己买过，你也不用重复买，没关系，我自己买过不用重复买，好不好？宝子有买过了，你就不用重复买，不要因为便宜而再买一套，对不对？宝子是不是宝子你想补仓了，是不是想补一下仓了，是不是宝子想补一下仓，之前49买的，今天39买补一下仓，到手折价就是44了，是不是少亏五块钱，一句顶冠军在下方，小的130多，180多吗？183，一句顶冠军，183。保持180多。欢迎新进来直播间的朋友们啊，主播喝口水啊。中央区二十测试版贵，中央区20侧板帮我上一下100链接，再过一下我的自己拍，别过了，你自己拍，再过没货了，没货了。你说过半天没货有什么意义？很多书已经没有货了，你有货的，你自己偷着拍不就行了。宝宝没说吧。欢迎新进入主播朋友们，欢迎大家进来主播直播间。来有新进来主播的在上榜单。来新进入直播间朋友给你们搞波月亮六便士来有新进来主播下方手上弹的毛姆的月亮，刘文士没拍，去拍一下。紫藤的我先帮你上，综合去拍月亮刘文是有新进度，月亮刘文士先拍。我的月亮来有新进来主播月亮刘雯是没拍，我先拍掉。今天下单送个书签，毛姆的月亮一边是今天的九毛钱加个运费，到手是来英文原著宝子，维多利亚什么什么的英文原著帮你看一下。有新进入主播人员，来有在线宝的，明天晚上还播。来有新进入主播人员，有在线宝。这个主播现在手上拿毛姆的月亮溜便士，今天是九毛钱价格，运费到手1.9块。哥主播自己个人补贴没拍，去拍一下好不好？生活不止眼前的苟且，还有诗和远方，对不对？月亮六便士，月亮代表崇高的梦想，而六便士代表为了生存不得不赚取收入，对不对？好吧，叫月亮六便士。就是有多少人是只身前行，为了生存而放弃了自己理想，又有多少人为了理想而生存的艰难。你不是一个人，你是一群人，你只身前行仿佛带着十万雄兵。很厉这一本书主人公叫斯特里克兰德，他为了理想抛妻弃子远走他乡。而毛姆的月亮六便士非常出名的一本书，毛姆的代表作月亮六便士装上去最后一个，你啥叫瓶装？这个就叫瓶装一号，那个就叫精装硬壳的，瓶装就是软壳的，知道吧？这叫瓶装，就是区别在这。月亮六六是先拍掉，有新进来的毛姆的月亮先拍掉，下方小的月亮先拍掉好不好？月亮先拍掉。中华数据自动订单最后个链接，欢迎新进入直播间，下方小的月亮拍到没有？新进来直播间拍到，还有只有13单10二单库存没有拍的先拍掉，有拍到有付款宝宝回答个已拍。新进来直播的朋友们,《月亮与六便士》
好了，宝子们，来已拍是不是燕子已拍？好的，感谢来，那咱们再打下波福利书吧下播你们还有什么书跟主播讲，还有什么书新进入直播间，朋友们，用户439，用户439，今天拍的是不是挺多？出来439我看你拍的挺多，109的439今天买的挺多，439没错吧？因为439今天买的挺多的。我想想我再炸再再炸什么书？有新进来的朋友们，如果我我推的书你不喜欢，你可以小黄车其他书自己挑选选逛逛好不好？想看什么书我可以给你展示。一号、二号、三号是主播自己个人补贴的福利，你拍了拍了十几本，感谢，感谢很多老粉的支持，感谢。成这种成本。别等到标语不妙。没人是可取的，才明白总有木板77可以炸。77什么时候77？我看一下七十七，七十七炸不了，那个炸不了。还有有啊，主要是我刚刚不是问你们要什么书，你们也不回我，你们要什么书得回我。再蹲一蹲，你们要什么时候可以回我，我你们也不回我。来稍等一下，我去再找两套书过来，好吧？欢迎新进来直播间的朋友，欢迎大家进来。灯牌没有亮的同学帮主播亮个灯牌。用户437怎么不说话？439不是437，用户439怎么不说话了，439怎么不说话了？欢迎新进来直播间朋友们，欢迎大家进来。三九是女的吗？439还是魅铭藏耐受，有明藏耐受已拍，感谢。来明仓奈是在小黄车147号链接，有山东新华书店直发明仓耐受。来125什么书？125宝子，小王子宝子在小王子在下方，小黄车宝子小王子几号链接？65号链接，小王子的小王子在65号链接宝宝65号链接拍小王子，65号链接拍，来好不好？65去拍小王子，125什么时候？125是宝子这个绘本很便宜，绘本鱼丸老师是三十多号链接，鱼丸老师宝鱼王老师是三十多号链接。有新进入直播间，月亮没拍，新拍月亮。主播这里拿下波精装书过来给他炸一波好不好？稍等一下，我看一下，看看还有什么直接没拿过来的。回来了，欢迎新进来主播的朋友们，有没有最烦有最烦下，没有上稍等一下，我最烦稍等一下下。欢迎新进入主播里面，还有还有要审码数宝宝，还有要审码数的人。月亮里面是没拍，先拍下，最怕项目上遥远就是有阿勒泰有宝宝。李娟的阿勒泰是不是李娟的？李娟的在李娟的在几号链接？李娟在122，李娟的遥远遥远救世主宝贝，遥远救世主在128，好不好？你们问数都有宝宝，来15439煤，15啥煤？15439什么煤？这里冒一个煤，我都不知道你在你你你你你你在说的啥。四大名著吗？四大名著要不要新进入者朋友们,《小王子》
青蛙修炼那个版四三是帮拿过来，艾瑞泰100，艾瑞泰120度没有吗？阿勒泰角落，另外给你上阿勒泰角落来，有新进来的朋友们再给他唠唠波新华书店斯坦比赛吗？新华书店版四大名著还在吗？新华书店版四大名著。你看一下有没有货。出神帽，难怪阿勒泰，我先帮你上二楼，泰稍等一下，26泰稍等一下，26泰先帮你上，稍等一下。输在后面，永恒保镖白话，我们四大名著。你要山D版还是无山版？咱有两个版本，有山D版和无山版。你们要哪一个版本可以跟主播讲？欢迎新进来主播的下方小黄弹这个月亮因为是没拍，先拍掉月亮好不好？来来四大名著你们要删减版还是无删版的，咱都有。白话文山地版和白话文山地版适合小孩子，维文无限版适合成人，初中、高中、成人。看你们要哪个版本，咱有两个版本。一个这个是新华书店直发，由湖北新华书店直发。这是适合小孩子看新课标必读书，无障碍阅读的宝子经典阅读。这是四大名著。不，这是学生版，学生版跟成人版。你们哪一个宝宝一个是学生版，一个成人版，有新进度，要哪个版本，要哪个版本？你跟我讲，给你们炸一波。欢迎新进来主播里面四大名著，到手是带一个礼盒的。这个是OK吗？欢迎新进入的，没没人要四大名著吗？新进来直播间，朋友要我手上这个是不是？那要我手上这个是这个这个手上这个是白话文版的学生，就是小孩子，幼儿园、小学、初中看的好不好？宝子们来可以把成人版的业务咱分开，这个数还有货吗？来这个书礼盒装带礼盒，带礼盒包里面如果你送人可以，好不好？不一样，自己看。送人，由湖北新华书店直发，不是新华书店发货，我出门干掉。由湖北新华书店直发带礼盒版的，四大名著带礼盒版的，带一个抽屉盒。来都是亲书，看一下来白话文的里面带讲解，大字版的我看一下，带讲解带精华。看一下西游记，来红楼梦还有水浒传到手四本书，精装硬壳版加个抽屉盒到手。今天是四本书加礼盒，二十多块钱，二十多块钱OK，二十多块钱。有新进来二十多块钱一套，二十多块钱一套。这个是适合小学初中看好吧？有心进入的四大名著，这是白话版的。下方详情由湖北新华书店直发来，帮我把奖杯拿过来。朱宇凡在最后个链接，奥兰你的安乐泰没上吗？阿勒泰角落，阿勒泰角落给你上，最后给你刷新，最后给你排保安乐泰角落。来米小圈下梦以上稍等一下，米小圈来阿勒泰角落，在最后一个点刷新去拍,《四大名著》
有新进来人问，这个29一套有湖北新华书店直发保湖北新华书店直发，湖北新华书店2023年度线上新媒体优秀合作伙伴，由新华书店直发保真。这书不是真正的，我把书吃了，湖北新华书店发布，不是新华书店发，我是狗来拿去四本书到手二十多块钱，四本来便宜不了，新华书店直发新华书店他也不会跟我讲价，我这已经能拿到底价，就新华书店的书能拿到底价已经不错了。新华书店带礼盒的整套29.9由新华书店直发，湖北新华书店发货，湖北省武汉市硚口区长丰路29号发货，湖北新华书店29一套。一这一整套带礼盒，带礼盒带一个抽屉盒。宝贝看一下，带一个抽屉盒，到手29过掉。来黄帝内经小黄车宝贝你搜索黄搜索内心欢迎新进入直播间的朋友们，来入手两套。什么时候买两套？你说四大名著吗？宝子你说四大名著买两套吗？439今天怎么买这么多，439今天怎么突然买这么多？439是因为收到我的书质量太好了，所以说就忍不住下手了，是不是包子？43939还是女的吗？4391般会取用户什么什么名字，一般都是大老爷们的。我看你头像也是个女的，真的假的？活着在四十多号链接读后感，现在帮你上。我的奋斗没有宝子希特勒的这个书没有。不，这个书真没有，这个书没办法。欢迎新进来主播姐妹，希特勒这个书没有，非常抱歉。书法字典你要什么什么类的，都你妈你在冲你个傻逼的，从我们等会一次一次点好了，一次点好了，应该是前面有现在从来。多赶，我先帮你上，稍等一下，稍等煮一下下。月亮先拍掉，有新进来主播月亮右边先拍掉，月亮先拍掉。欢迎新进来主播这位朋友，欢迎大家进来主播人都正版纸质新书，耐心挑，耐心选、耐心逛，不是二手播盗版书。有新进来主播这边下方小黄痰这个月亮流明是主播的一个坏蛋，是两点才没有宝宝。谢文东我小我小学也看了坏蛋是怎样炼成的，对不对？那个书其实挺好看的，但是好像他没有纸质书，什么我非英雄广目无双我本坏蛋无限嚣张。对，谢文东，宝贝，来来拿错了。有新进来主播什么月亮离婚时没拍南怀锦书，先给你上婴儿的书，你小王子搜绘本会出来。有新进来主播的月亮，六便士没拍的先拍下。来月亮溜边士宝子，毛姆的月亮流便士，生活不止眼前的苟且，还有诗远方。这是主播自己个人做的补贴，所以有新进来主播姐妹朋友在下我的下方小黄弹窗，这个链接里面没有拍好的先拍下，没有带宝宝先带一下。今天是九毛钱，没错，九毛钱加个运费到手1.9块,《四大名著》
某某月亮又是新进来主播家人们没有拍的先拍掉，新进来的朋友先去先把这个月亮右边时间拍掉，好不好？欢迎大家进来主播直播间，欢迎新进来主播们都正版纸质新书，先把这个书拍掉，到手应该是一个九毛钱，加个运费1.9块。盘龙没有包装好。月亮先拍掉，新进来主播鲁迅金融级有没有要的？欢迎新进来直播间朋友们。对，1.9。对对，真的没有了自己补贴的，每个人只能先拍一单，宝子每个人只能先拍一单，宝宝每个人只能限拍一单。使劲，你们买了没有？使劲，等我明小明上了吗？米小米小圈有宝宝南怀瑾，南怀瑾最后一个链接，来吧，读后感在197，刚刚有宝宝问读后感197，米小圈196，安乐泰的角落195，安乐泰角落195，宝宝195，南怀瑾宝子南怀瑾在198。你们刚问我说都给你们上了，好吧？去纠结跟拍都是正版，放心浮膜全套。好的，稍等一下，福摩斯探全集，OK OK宝子们月亮先拍掉，新进来主播月亮先拍掉，来福文书报难怪。来服务模式全集在这，有新进来服务模式下，你可以吗？全套来有没有后面的宝宝没拍到服务模式的，有新进来的服务模式全集看一下精装版1到3册。这是浮摩斯探全OK吗？我们浮摩斯探全集这个是OK吗？我说来有新进来人到手是这样子，我这是拆封状态，你们没有拆封的长这样。有个新进来直播间没有拆封状态长这样。你们收到书长这样的，有北方文艺出版社到手128一套服务模式OK吗？有没有其他宝宝要服务模式，到手一整箱，今天安排全部给你们安排箱子来，有新进来主播直播间朋友在线宝现在是北京时间12点四五分，有有要服务模式，有新进来直播间朋友在线宝宝打个在字或打个小一全，里面是塑封新书这样一整箱大厚本福尔摩斯探案全集，看一下福尔摩斯倒卤蛋一整箱好不好？里面是塑封膜包好了的。来那种就不文明，你宝宝他说我直播间出现不文明用语，我什么时候出现不文明用语了？我都我今天没有说出话了，没有吧？福博是这样的，一整箱可以吧？他他刚警告我说出现不文明用语，我在想我今天播的挺正经的，我什么时候不文明了？宝子我今天不是一直很文明吗？宝宝们没有错吧？能喊宝宝也不行吗？来这是服务模式探案全集，服务魔探案全集，服务模式探案全集，精装版服务模式。来看一下福布斯太阳全集，刚刚是没有拆封，这是拆封状态。16块大开本，不是小开本福，16块大开本，看一下16块大开本OK,《福尔摩斯探案全集》
宝子们欢迎新进来主播，这是16块大开本精装典藏满福魔之探全集，我的看一下，里面是带插图的，这里面是长这样，好吧。有新进来的朋友们到手一整箱，线下是卖一百多一套，线上之前是卖四十多。今天晚上三十多一套，今天好像是三十多一整套，三十多一整套，到手一整箱，29不是39 29 1整箱，29 1整箱福尔摩斯29 1整箱三本书上中下三册，完整无删版福尔摩斯探案全集到手一整箱是二十多块钱。帮你看一下腹膜子下方的小黄弹窗，29 1整箱，不是一本书，一箱29.9元一整箱三本书上中下三册。有新进来主播间的朋友，家里你们听主播讲，家里都是小孩子，三年级以上，3456初中高中看锻炼独立思维能力和推理能力，对理科成绩有提升。当然老狼洞看29.9到手三本，所见即所得。国之脊梁有阿勒泰，有阿勒泰最后几个理念，国之脊梁。下方以上福尔摩斯，下方小黄弹窗。好吧，龙族现在只有。对，只有兄弟们你怎么知道用户439？你怎么知道？因为439你这懂得挺多。对，有龙族，只有兄弟们福摩斯带一套福尔摩斯。29 3本精装版福尔摩斯探案全集，十六开大开本，比普通书大这么多，所见即所得。来，徽商我帮你看一下，徽商玫瑰的故事有限帮你上。稍等一下，我展示出来什么样，收到书就是什么样，所见即所得。福门看全集，有新进来直播间服务公司没拍，先拍一下。到手这样的一整箱到手这样一整箱，来来到手这样一整箱。对，这个就是原版原著无删版，全一本福尔摩斯探案全集。到时候这样带一整箱，29 1箱。到手这样一箱29块钱，不贵。好，来过掉。欢迎新进来主播人们，欢迎大家进来直播间。福利摩斯咱就过掉了。下方小红置顶链接，来用户439还有什么书？用户439再给你们来波个位数的福利书，就主播自己个人补贴。我有没有老粉在直播间？我今天没有骂人，我今天应该没有骂人。他他警告我说你不文明用语，今天没有，他提醒这半个小时之内应该没有说什么不文明的用语。那伏魔咱就过掉了，伏魔探寻家他刚警告，刚刚谈违规了，说我不不文明用语。米小圈宝子，米小圈在几号？来有新进来主播权下方小黄弹的月亮流便士，没有拍的宝子先去拍一下毛姆的月亮流便士。来毛姆的月亮流便是二宝子好不好？米小圈宝宝米小圈在194米，小圈194听到打听到。南怀瑾196，你当像鸟飞向女衫197国资脊梁198读后感在100 95，而阿勒泰的角落这么贵吗？阿勒泰的角落在193，阿勒泰角落在193,《福尔摩斯探案全集》
是啊，二在角落价格不对，你们现在拍，价格不对，价格没没调整，你们稍等一下，阿拉泰角度你们稍等一下，好不好？欢迎新进入主播直播间，朋友们，来有新进来主播的朋友，在下我的下方小黄的这里链接是这个叫什么？这里链接是这个叫月亮流面士。有新进来主播这边朋友在场，月亮流面是没拍的，下方小黄车去拍一下月亮。主播自己个人补贴的，每个人只先拍一单。2 124号链接什么书？你跟我讲一下，月亮没有拍宝先拍一下月亮。有新进来主播者毛姆的月亮永远是生活不止眼前的苟且，还有诗和远方。宝子月亮流便士今天是九毛钱加个运费到手应该是1.9块。九毛钱加个运费到手1.9块，主播自己个人补贴，所以有新进来直播间月亮流便士先卖掉，下方小黄弹窗，毛姆的月亮与6便士先拍掉。宝宝们，月亮与六便士先拍掉，欢迎新进入户直播，金色九包添加个运费，到手一块多。下方小黄弹窗，下方小黄弹窗先拍，每个人只能先拍一单。三题有的三体。把三体在96号链接，三题96去看一下96号链接。欢迎新进来直播间的朋友们，欢迎大家进来主播直播间哦。自卑超越，你说几号链接吧？你先拍，我等会给你展示好不好？有新进来主持人朋友们，月亮先拍，月亮是还剩最后十四单，遇到你们是主播自己个人补贴，没拍就拍，先拍下来。有新进来主播，还有在直播间的同学听主播讲下有新进来主播直播间朋友在上方左上角头像旁边关注，没有点的宝宝关注帮助一下。新进入主播朋友们点完关注之后有个爱心点一下，可以帮主播加个粉丝团。关注没有点关注点一下，点完关注之后有个爱心，点一下可以进入粉丝团听主播讲一下。有新进来主播什么？今天早上加了粉丝团同学，每天过来挂机打卡，就是点一下关注点一下爱心可以进入粉丝团。今天只要加入粉丝团同学，来每天可以过来挂机打卡。来又刷到我买了吗？感谢橘子点完关注之后个爱心点一下可以进入粉丝团。今天讲只要加了粉丝团品，连外挂机到10级灯牌可以找主播领套书，20元以内任选一套，我送你们。所以有条件的同学，有新进来主播直播间同学可以点一下关注点一下爱心进个粉丝团好不好？加个粉丝团，每天挂2 70级灯牌，找主播领书好不好？有条件加个粉丝团，没有条件自己发波抖币。没有钻石我给你们发波钻石，有钻石的自己加个粉丝团。没有钻石我给你发个钻石红包好吧。宝宝们来头像底下给你们发波钻石去领一下,《月亮与六便士》
新进入主人头像底下发波钻石，领到钻石的记得帮主播进一个粉丝团，加入粉丝团每天挂挂机头像底下钻石去点一下，我领到钻石帮主播点一下，关注点下爱心进一个粉丝团加粉亮亮了，灯牌打个亮了，我让助理截图的好不好？欢迎新进入直播间的朋友们，欢迎大家进来主播直播间，玫瑰的故事，最后的灯牌玫瑰的故事好不好？灯牌没有亮的同学可以帮辛苦一下帮主播加个粉丝团，感谢大家支持，感谢大家关注和灯牌。先帮主播做点数据好不好？要两要低，800 91单他金额能差多少？一千八九1单超过成果金额1000万，可能成本金额都那个外一外一般是一般散猪油，我们以前成功简直刚成功金额是第一个。金庸小说宝子就怕怕怕等你不在抖音买书之前，到不了十级，应该没问题。这一个月应该够了，一个月下雨雨咋了？一个月应该够。欢迎新进入主播朋友，感谢各位的灯牌，感谢宝子，咱还有这个号再播一个月，这个号播到9月份咱就不播了，咱就停播了，保证就咱咱咱就停播，咱就播到9月初，开学这波。开始直播，播完咱就不播了，这个号咱就不播了，埃隆马斯克帮你上，宝子咱就是直播到那个。欢迎新进来主播直播间，欢迎大家进来主播直播间挑挑选选逛逛都站满指日心兄弟们放个假。卡夫卡，你要什么书？不播换个号了吗？我都不播换个号了吗？我不播了不播了。左上角头像底下有新进来主播的，左上角头像底下，你们发了个福袋去领一下，好吧。卡夫卡你要什么书呢？卡姿兰你要什么书，你跟我说一下，说明好不好？聊斋没有货了，聊斋欢迎新进入主播的朋友。史记你们拍了没有？史记跟鲁迅现在鲁迅有新进来主播这边在什么？鲁迅先来一波，新进入鲁迅文集，有新进入主播这边朋友在什么？鲁迅没拍到后面的宝子有鲁迅哪个样子？新进入直播间，鲁迅买买买过没有？有新进来主播的朋友们打不开小黄车帮你那你退出重进一下，有时候卡了。来有新进来主播说一下鲁迅经典文具，我们后面的老子没看到鲁迅的，徕卡不卡，帮忙上传一下。有有新进来主播直播间朋友加上我的。如果有没有有我们后面的宝子没拍到鲁迅的，有鲁迅宝的，要是有中国文史出版社鲁迅经典文集，我们后面两个没拍到的，由中国文史出版社出版。鲁迅看一下，朝花夕拾从百草园到3味书就出自朝花夕拾，我操好不好？来，你们后面的包子没看到鲁迅2块9本，鲁迅的宝子们一整套才二十多块钱。鲁迅朝花夕拾狂人日记小学初中必读书，这个是八年级必读书,《鲁迅经典文集》
野草呐喊彷徨，阿Q正传祝福故乡故事新编跟孔乙己脱不下长衫，孔子的长衫好不好？有新进来主播的在场。鲁迅原名周树人，被誉为中国现代文学奠基人。我家门前有两棵树，一棵是枣树，另一棵枣树。鲁迅先生作品集好不好？家里有小孩子听主播讲，有新进来主播直播间，朋友在线网。家里有小孩子三年级上3456，初中高中必读书，就每学期语文课本里面都会出现鲁迅的文章。课外阅读考阅读题加考中考考教育部指定宣布中考必考书，近30年考了二十多次。鲁迅的鲁迅的作品集，什么祥林嫂、孔乙己、闰土、豆瓣案子书里面小孩子提升写作能力、阅读理解能力，语文课本也会出现，大人老人不知道读什么书，全看散文、短文、杂文都可以，好不好？线下是卖29块81本，298一套。线下买书三五十对不对？二三十很正常，买白纸一叠白纸都要四五十块钱。今天书一套书才二十多块钱，二十多一整套可以吗？明仓单是144，有新进入主播间的朋友在上，我的有啊，鲁迅宝宝们打个要字，我打个小一，今天是到手一整套二十多块钱，鲁迅经典文集二十多一整套。周树人先生弃医从文，他觉得学医是救不了婚的，是通过文在跟大家来鲁迅刷新下方小黄弹窗，我鲁迅盯住下方小黄弹窗，来倒计321。Lucky jack boss，来lucky jack，这不这这这这不是lucky jack，不是那个谁吗？不是lucky jack吗？来下方小黄弹窗，下方小黄弹窗宝子，来鲁迅29.9元到手十本正版只是新书，不是一本，是十本书。二十九有新家门，鲁迅先秒掉这主播自己个人补贴的福利，鲁迅先卖掉，下方有小黄弹窗，20 90个。明朝耐受144之后，144之后就是明朝耐受好不好？没有，这有什么书没有什么书没有包子。鲁迅没有宝子要吗？鲁迅没人要，咱就下链接了哦啊有新进来主播的朋友在榜听主播讲一下。新进入主播间，鲁迅今天是29，到手十本，不是一本，29.9元到手十本，有新进来的朋友听主播讲，有些朋友可能不敢买，就是太便宜了，听主播讲一下，如果有新进来朋友不敢买的同学，把手机录屏打开，给你们录个视频，有个证据，如果你收到书跟主播讲的不一样，那录屏回来举报我可以吗新进入直播间的朋友来下方位置上探讨有新进的朋友，29.9元到手十本，不是一本正版纸质新书鲁迅有性价比包含哪十本？录屏打开，朝花夕拾从百草到三位数字出朝花夕拾，狂人日记、孔乙己，故事新编、故乡祝福、阿Q正传、彷徨呐喊、野草,《鲁迅经典文集》
今天十本书29.9元，到手十本，不是一本。如果双方书不是十本，不是新书，不是买书怎么办？保证都有运费险给我退回来好不好？20 90本。小孩子我刚刚讲过，初中高中必读书，读你买买回来，我老师老师初中高中不用读鲁迅不用读导师，你还举报我说我套路你买。如果说二叔不是某是狗，不是新手，是狗出门卡掉，咱出门嘎嘣脆。20 90本正版纸质新书。然后鲁迅余华的书在四十多号链接，余华老师的胡子，四十多，女王老师活着在45号链接。对，朝花夕拾就在这。朝花夕拾，鲁迅朝花夕拾讲了半天了，你还过来。朝花夕拾初一必读书，野草也有呐喊，有十本书，二十九不是一本。我的十本二十九真的是初中必读书的，没有骗大家，五六年级老师也没让你买，初一时老师一定会让你看的。29.9元到手十本，不是一本，十本书29。下方小咱过掉，老子没人要，咱过款了。宝宝我练技能，嘴巴都练进口，但嘴巴你不拿破壁张嘴巴快要宝子我也不知道为什么今天女性真的没人要是吧？一起发，理想国，我不知道在几号我都不想回了。鲁迅搞得我今天心态有点爆炸。鲁迅今天一直没人要，想不到死人真好，死人好，再说一下，就差1000块钱。但鲁迅他买了脚，鲁迅就手残掉了。郭子刚刚说过，稍等一下，理想国152，我是理想国。欢迎新进来直播间的朋友们啊。穷不败有稍等一下。欢迎新进来主播的朋友们，欢迎大家进来主播的。有新进来主播下方小黄车、鲁迅名家、老舍、老鼠来新进入直播间，老舍要不要有新进来直播间的朋友，有没有宝宝要老舍的？欢迎大家进来主播直播间，欢迎新进入主老舍吗？宝子要新酒的，老舍也是2.9块的，有人要吗？有啊，打个要字能要我就不讲了，因为浪费时间讲的你们又不买。有新进来朋友朋友老舍，老舍骆驼祥子也是2.9块的。有新进来主播们在上面打个在字或打个小一骆驼祥子这是也是五六年初一必读书。来济南冬天，这是济南冬天也是吹的语文课文。还有四世同堂三百多页本，三本书一千多页无删版4世同堂好不好？看一下老舍代表作茶馆镇红旗下，我这一辈子牛天自传跟猫神记。有新进入主播权与在场老沈萌宝子要的来新进来的朋友问大家个问题，有新进来主播这位朋友在上我的老舍原名叫什么？打在公屏上，新进入直播间铁们老舍原名叫什么？有没有知道？打在公屏上，答对给大家发波购物红包好不好？好，来书，老舍原名叫什么？你们知道的，今天是2块91本，十本是29块钱,《鲁迅经典文集》
"老舍跟鲁迅一样，也是小学三四年级以上，三四年级上初中高中必读书也是每学期就三年级以上，四年级开始，每学期语文课本里面都会出现老舍的文章。语文课本里面什么老舍的母鸡、临海趵突泉、北京的春节、济南冬天、老张哲学等等都是老舍代表。这里面很出名的作品都在都是小学课本里会出现。课外阅读要考，阅读题要考，像这个骆驼祥子，每年中考都会考到教育部指定书7下必读书。大人老人不知道读什么，都喜欢看现代文学也能看好不好？这个书是2块91本，十本书29。老舍可以吗？我自己你看不，为什么没人要？为什么2.9块都没人要呢？十本书的九宝子就20 90倍，很贵吗？民主与建设出版社传骆驼祥子20 90个，可以吗？宝子们可以不？我不是boss，真不知道该怎么办了不退休不行了。宝子们来老舍下方有小黄弹窗，有新进来主播的下方小黄弹窗看一下。下面在弹窗的是老舍作品集，十本书29.8元，到手十本有运费险，到手十本29.8块带了运费险，带都带了，都上了运费险，下方有小黄弹窗。29块80本，不是一本，由民主与建设出版社出版，九千多。欢迎新进来主播直播间，朋友们，欢迎大家进来主播直播间，下方有小黄弹窗号宝贝的老舍，绑定还是没人要。宝宝我也不知道卖什么书的子，为啥啥书都没人要。我们这只是说到底该怎么卖，这只是说到底谁到底是谁在看啊，宝子们。你可能我觉得你的好。我操那么多天。Hello, 宝子们，咱早点下播，今天下播了，宝子们也不想播了，反正书也不想播了也不想播，这个也不想卖书的，也我也不想直播了，就是不想播了。宝子们今天要不早点下吧，平时播到两三点，今天早点下吧，我们今天早点下吧，好不好？今天早点下吧，就到这。不想不想播了，不想播了，没劲，播着没劲，推的书也没人买，我操，没啥劲，我也不知道是到底是人病还是社会病，我的妈这是什么情况，只是说就这么难买吗？只是书服我说我想不通，我真的想不通，我说我真的想不通，都是老粉在哐哐哐的买，就439那些人一直在拼着买，其他书都没买，一块钱就一块钱都没人要。这月亮我谈了半天，我销量也不见涨。鲁迅鲁迅也没人要，老舍老舍也没人要。几百个人在直播间，你看一套书都卖不出去。你说播了播了有播了有啥意思？我都播了还有啥意思？搞得上上不一样的，搞得是你买似的，光说废话。上不让你买吗？在中国神话吗？来上个不一样的宝子，来有心态，来上个不一样的，还来",「废话」
急了，宝子急了怎么了？我急怎么了，对不对？我给你拉黑了。宝子对了，我还给你拉黑了，怎么了？宝子对不对？我给你拉黑了对不对？宝子你不开心，是吧？我给你拉黑对不对？宝子真的是没点数。宝子，我直播间里还没点数，对不对？骚人骚的对不对？我的穷爸爸富爸爸，宝子穷爸爸富爸爸你刚刚不上了吗？宝子194号链接，穷爸爸富爸194号链接，余杭是在四五号链接吧，余杭的是45号链接。好了，宝贝咱就下播了，大家晚安吧，下播了，大家晚安。好，明天见，明天见，我们明天见，下播了，我这下播了，明天见，明天见，明天见，我在。,《穷爸爸富爸爸》
