﻿original,result
拖鞋也是我们精心为他选的，因为那种塑料拖鞋太有校园的感觉。把他穿那个睡衣还是那种圈传统团花的，特意给他设计的经典造型。就能演一个这么样的角色是多开心的一件事儿。你以后随时看，随时都能笑得出来，真好玩。咱们说选角这事儿，网上我现在看到好多评论，就是把您选的这些角色呈现出，因为很多细节那个叫片段已经流出来了。对你你这个选角是怎么选的？我觉得首先是我们可能对我们要拍这个题材要有一个认知。尤其像一人之下这种类型漫画改编，他有一些非常就是你绝对要达到的标准，就比如说演员的形象像要具备漫画感。因为漫画我们知道它往往是比较夸张的，形象都会比较特别的漂亮，特别的帅气，或者特别的有特奇特有特点，特别胖、特别瘦、特别高、特别矮、特别美、特别丑，他会很极端化。所以这个可能是一个漫画改编的一个前提，就是它跟一般选其他类型的电影可能是不一样。比如我们选一个生活现实主义的电影的选角，可能它的标准就是另外一个标准。所以首先他们的形象要具备漫改，另外就是他们内在的某种精神气质或者情感体验能跟这个角色有连接。因为我之前比较还是比较了解万达，他的生长鲸成长经历，然后他自己的个性气质和他自己的审美，跟喜欢的那些东西，很多内在的部分我觉得是跟冯宝宝是有连接的。比如他现在坐这看你的样子，就这样对他眼睛里面那种清澈的纯粹的东西，然后他自己生活在跟大自然地方，他没有太受着人类社会的影响，他还是在他自己对生命的体验里。我觉得这部分这些东西都是必须的。你发现他说话也是言简意赅，你直说就完了。对，也很重要。结合在一起完了我再去判断是否有专业精神。因为其实我很苦的对，很艰苦。你没有一个对表演本身一个我觉得绝。你面对这种竞争，对这种艰苦的训练，你有100个理由可以去训练营，他也从头开始就再去去去。其实很多人对，也有人放弃吗？有有放弃的，也有因为入选离开的对，但是在这个过程里，我在观察每一个人，他真正具备一个职业演员的最重要的部分，我认为是职业精神，坚韧艰难。对我要为达到我的目标，我愿意付出什么样的努力。因为没有一个演员他不经过努力能做到一个跟自己有距离的。因为这种演员其实是学习很多技能，然后逐渐的去塑造出一个全新的人生。因为这个过程是需要付出，也需要代价。上次咱们聊这个事儿的时候，就是你和费费翔老师来我这儿聊，那时候还没有现在说服力。因为那时候他说用新人，我还担心，我不认识，全是主角都不认识，都是新人，也是新人,「废话」
这激发也是对。但是现在这过了这么一两年以后，一看你说的真是对的，我的那些汗水让一些人能骑马，能射箭，对身形那么好。而且我觉得纳西在瞪他演邓婵玉，我们就看了一个彩蛋，就是就几秒3秒。对，就是骑着马还掂一掂。是这样的，所有人就记住这个形象了。这一次他一出场，我说我这不对，你给他设定的是的那种大妞的感觉。这里边还有一个特点，各位每个人都带有特色。对，是啊，万达讲的是四川话。对，那个张楚岚是北京天津，这北京河北它主要是河北这一带，北京天津普通话，然后那个风沙雁是非常明显的北京话，北京的海淀区口音，人的设定是海淀的。冯绍峰是上海话，天津话三个小桃园，那个天津话还有唐山话。你演员的时候有顺序吗？没有在一起进训练营，每个每一轮我都在看他们的进步。然后最后逐渐根据他最终我们倾向于万达之后，再根据他对他再增加他的一些表演细节。但是像四川话这个就是他原动漫的设定。对，因为他这个四川话是宝宝的一个标志，非常有魅力的是云南人。对，所以云南的方言跟四川方言其实挺接近的。对他本身就搭钩也要砍住。对，这句是标志性语言。对，是这个就是张楚岚，这次也特别出彩。你怎么想到用这个胡仙延续，这角色也是好多演员参加过这个选角来试戏，然后最终是小胡得到了这个角色。我觉得他从小非常有经验，他在他这个专业性上面是很强。然后他还有一个很重要的特点，就是它自带天津人的幽默感。尤其小的时候我觉得这个太可爱了。你是看过他小视频特别可爱，但来发现有点变化，就是长大他当时21，这个年龄有一点含蓄，然后有点没有那么外向了，内很多对我说这不行，这张楚岚能内敛的，张楚岚不露脸，然后跟他聊角色的理解什么这些方面我觉得更透彻的。但是他自己也是一人之下的粉丝，同时他自己有个各种漫画都漫迷，对，漫迷他非常种各样的漫画。我觉得这个角色的理解认知上面是超过他同龄的其他演员很多。只是我需要他要完全放下来，打开自己表演的可能性。第一场戏我都有点不能接受，就是从那个厕所底下爬过去，蹭着那个厕所的那个地面，而且张楚岚他处理的那个漫画，比如说那那那就是典型的我们小时候熟悉的漫画里的那种感觉。他需要把一个漫画给你呈现了一个很夸张很幽默的真人的表演，我觉得是有一定难度的。因为你很夸张很过分，会让人做作，对你得有一个分寸。所以我觉得小胡还有他我们所有的演员起床的排练过程，我们看后他们经历大概多月的排练，一场去排练，找到怎么去演这场戏最合适,「废话」
既要夸不让人觉得做作。喜剧我觉得表演是很难的，喜剧是特别讲节奏配合，然后讲那种你抛出来的包袱，观众能感受到，观众没感受的话可能这个也就玩。所以他们花了很多时间练，可以尝试各种一场戏的方法，让大家调动一下，随意的去发不同表演方最佳的是演对手戏的时候会笑吗？对，尤其是我不能因为真的很累，我就得憋就憋眼泪都要出来，我都得。而我们还去过，因为我们在黄岛，然后我们就是专门埋过他，去那个沙子埋他是练习。对，因为我们做剧本的分析训练，还要看这个很好玩，这个稍微有点危险的去找到那个感觉。因为万达也是其实也是跟很多参与试镜的演员一起对戏，印象里面试镜的内容就非常多，跟不同的演然后每个演员都有不同的表演风格，然后他都要根据这个风格也要做出他的反应和调整，但始终要保持冯宝宝，就是没感觉，不在意，不关注，只关注那个事情，也是对他是一个训练，怎么演我都是保持我自己的。我给大家透露一个导演做的细节是我唯一你们到时候看那个电影，你就回去看一下这一段。就是我在赶，我就看到他跟那个混音师说话，我就在猜，我说这是哪儿不对？我看那个就没什么用了，结束以后你让人改什么呢？就是这个张就那个车库，在车库里边跟张玲玉这个对决，被打到车库底下去了以后，在底下喊了一声，说来呀，打打，你不是喊吗？别的都没什么。演说了一个完，我觉得太牛了。我演人家看戏出这种刺儿来，他跟那个婚姻那个空洞的回音，加大混响，我说幽默感就出来了，就是那个不加气势，还有油被打到地下去，在这用一个回答这样。对，因为下马上一个情节就是宝宝上来就一定要把张楚岚那种自信爆棚的渲染到极致。就他在那个地张玲玉逼的实力了。对，所以他就是独白。就像这种他们没传，而且那个那个场景我们把它设计在一个剧场，特意给他设计。这不是动漫里的设计，这是我们电影的设计。就感觉张灵玉在他面前，然后他自己弄，我你要小心能打吗？要把那混淆英雄的气质推到极，我还是把会有那个极度的落差。所以这是一个我觉得这表达方式，就视听的语言会去喜剧色彩和时候更能表现出来的方式,「废话」
不是我我在看那个电影之前，你没想，你肯定是在的过程当中这么一个词儿想要改，这还是说您说这个词儿，这就是如果你去感受，这场应该更怎么样一点，比如张更嚣张一点，那怎么嚣张呢？那应该在声音方面可能给一些特殊的设计，因为表演已经到了，但表演到了我觉得还不够，因为我知道下面他要背，我怎么让他更狼狈呢？因为一定要把它做到更内心更加的有一个感觉，因为电影很直观的。可言说对我之前不会只能看的时候觉得对，这肯定不可能。说我今天去肯定不是。对，不是说我觉得这儿缺一点，来点这个就好了。艺人一个人玩电影玩到这种，你就能够经常可以再再动一动异能。对，可能拍电影是一个去做，就是不一样。昨天我学到了一个东西，我孙瑞雪老师他写自由那本书的那书卖他这个爱，持续不断的把那书这叫爱。你比如说爱孩子，这样输出在孩子身上，恋人上电影之城，这个道理很厉害。确实除了之外，剩下的人也个个出彩，其实我特别嫉妒。对，我的老师刘刘纯燕老师，金龟子老师，金龟子老师你看没有枣视节目？我看过我们同志，我们俩都是中央电视台青少频道，我们都都做那个小的时候，你竟然给他安排了那么酷的一而且我后来是看到那个漫画的档以后，对别的我服了。我觉得因为漫画里边大家就认为这两个人是不可能是真人，因为差别高差得有快一个一个就是有点职场女性的那种感觉，对，吃的那种感觉。对了，然后他没有觉得被冒犯吗？没有，我也让他演一个洗脑的。对我风车我也看过了，当时那时候我已经中学了。对，刘春燕老师有印象人物他的确里面比较少能找到，因为有经验，因为我他那种娇小体小的那个演员，另外这个角色他有一个最魅力就是的魅力。因为你看他没把那个在怀里，然后给他最温暖的对，睡吧？对，他的声音一定有那种催眠的，听完了以后就特别安心。如果他的声音没有说服力，这个角色就不成立。所以我就是在想就在声音上面给我印象的演员去找。想来想去就想起桂子老师，我觉得他对小朋友的那种情感就是让我觉得印象特别。他说话有一种态度，就是所有人儿子就变成小朋友了。对，这种控制力，这种让能够被心灵上被可能这是多当时我就斗胆宣讲，导演去金龟子组老师谈，金龟子是刘春燕老师谈，然后可能被拒绝的概率比较大，因为我戏没演过戏。对，而且好像穿裙子穿高跟鞋这种从来没有过。然后有什么结果？对，结果没,《爱和自由》
刘春燕老师非常开心的接受了这个邀请，然后跟我来讲非常荣幸，我不知道什么打动了，不是什么别的，就是我司他推荐我一定要来参加这个项目，我说那太好了，然后我就是说能不能可能对你有一个小小的有一个突破性的要求，能不能接受？一个是你可能这个短裙要穿高跟鞋，有穿越老师说我操也没穿过高跟鞋，我们都没有见过他改变过这个里面我觉得职业的演员为了角色他就完全走他们这个技能挺吓人的，就是会让你觉得有有点有点害怕的，但是很害怕。高宁坐在坐在病床上念咒的那个十二劳情阵酷对对对，都是一种语言艺术是吧？那叫酒色财气。四个人，全性四张狂，九色财气对羸。闫鹏杜斗眉刮轨道，下颌分秒沈冲。第一个出场的下颌，下颌的好帅，从摩托车上趴腿一翘下来，穿一身粉红色的衣服。对，而且她演完妲己以后，这个角色跟妲己毫丝毫没有受到影响，就没有人觉得她依然是另一个妲己，而是一个崭新的干净利落的一个女杀手的感觉。希望是这样，演员每一个角色都进入了另外一个人生，某一些角色都有所萌，当然也都来自于他们自己原来具备的特点，只是角色又能够让它丰富起来，能够放大点。你看观众应该这会儿能感知真喜欢我，每个角色都讲得出来就看了。你知道冯绍峰你看那段了没有？需手一伸，这儿有一圈那契各种气。我们是做小额借贷的对，因为这个戏有个好处是什么呢？它的设定就是现在对，就是我们现在这个生活里边有物流公司，有仓储，哪儿都通的这个货舱。对呃，然后对，最重要的是学生宿。对就是所有人一定会非常熟悉的小额借贷这样的东西。对我把这个钱贷给你，你要还我。对，真实还有什么？市值3000亿的这是吧？完了还有最终决战，你也放在了一个他熟悉的，比如医院的急救室里面。对，然后到一个最后的工地，那个那个大楼场景都是好像就我们身边发生的故事。好酷，我就真是我喜欢这个感觉。对，然后宝宝你看特别近，你看他每次出场穿的衣服都有点的。第一场是学生装那种黑白蓝，这不是学生装。那个其实是在早市里经常大妈们得到一种防晒服。我怎么觉得这种学生黑色褶裙，因为是原漫画画黑色褶裙。当时我一想他外面那个外套好像是你觉得白衬衫吗？白衬衫出现你刚才说的名，他宝宝是一个在丹火的。因为我觉得第一幕是让你诡异,「废话」
对，有一个人在那刨坟，有点那种灵异，但是所以给他选了一个，他里面穿了一个碎花的棉的那那边那是一个老年人去早市穿的防晒服，这还插能插兜，所以我设定宝宝他的生活是早市买个黄瓜，什么日常的睡衣、拖鞋感觉都是早市买的。他自己的生活的形态这样然后让其他的人不同，反正跟他同龄人也，所以他的整个的设定和完整的里面去找到的设定，包括那个绑在哪儿呢？袖子里，它不是凭空变出来的，它是从袖子里抖出来的，修在里面。对，而且你注意那个刀的形制，你讲包括讲那把刀，那把刀是我们给他编的故事。他是怎么来的？这把刀菜刀大菜刀宝宝他一脑子一有的时候他就会通过磨自己静下来放松下来了。他因为他有超过他这个，然后就一直磨一直磨细很薄的刀。是的，你仔细看那把菜刀的形式，就是一个菜刀的板上一个很厚辈儿的，然后还有那个锻造打出来的印儿，但它很窄，所以这个设计其实是他人物的一个设定。那把刀是窄刀，电影也多，就你他每一个地儿都不会随便，每一个镜头你都得有有讲究。因为电影最终还其实是在塑造人物，讲故事。因为电影的空间有限，但是他所有的这些服务器场景、台词、语言、镜头其实都要有信息的承载。这个电影表达方法和电影所体现的那种棕，我这个是选角说多了，因为我太喜欢这些造型。这个故事本身也非常流畅，很完整。每个人都有自己的情绪来源，每个人都有自己成长的过程和经历。你看我当时最打动驱鬼的那个柳岩岩，柳岩岩湘西傀儡师的后人就是那个柳岩岩。原因对我觉得就把这个故事的道德前提说出来了，把整个道德前提说出来了，说从小让我练这个生日都是跟这帮跟他们一块儿吹蜡烛，等我练成了用对你还都记住了，他就看一遍全记住了，就是完全不是。然后让我觉得人对像傀儡一样被他们操纵远离这个世界，我就要用。对，然后用全性派这样出了电影的这个道德，我们包括像张楚岚配合版的流程，对你不让用我就不用了呗。但实际上更早一步，等他开始把自己的异能，就是每一个人在人生当中都会有被压抑的那个过程。真实自我就是你没拍电影，拍不了电影的时候被压抑的。然后等到你认可了以后的那种感觉，就是忘了那种。因为这里面每一个艺人其实都要面对这个选择，就是别人怎么看你和你自己怎么样成为什么样的人的角色里面。而且坏人纯坏自己的价值观。我喜欢这种设定，因为只是不一样。没有，其实现实生活中我们也在不同的立场上面对手，所以我一般不用好人形容角色,「废话」
对我只是正面角色，反面角色、正派反派来讲，直观的不同学你看夏禾那角色你就恨不起来。再一个就是很难得的，这里边有大量的中国传统文化的东西。就是从一开始那个字儿认的字儿契过去很多人念无，那不是无，四个点是气气气字。您跟大家讲讲这里边的这个背景。我觉得这个一人之下打动我的非常重要的一就是他对文化的传承，一种当代表达的。因为气这个概念其实是就是我觉得几千年了，天地万物所有生命体中这种能量有不同的词。可能中国人把用气这个词来这个字来别的文化可能有他自己的说法，所以我觉得这个特别重要。这字他一定要学会。这个字它里面其实是有哲学，有有我们对我们现实世界里面，我们的生老病一个生命体的一概括的表达。然后在这个艺人的世界里面，其又变成我们能量的核心。它能被艺人所操控，才能变成超级的发射，它就变成我们想象力的一个依据。我觉得这个非常棒的。这个米二的把这个放进一人之下这些观点让我觉得就是太天才了太天才了。而且每个人在表现方式上面和他形成功法的方式上面，还有凯和个人风格。宝宝那个气是透明，所以他做都看不到，看不到，你只能感受到这种力量。就你刚才说的，房子削两半需一道气流过去。对，没有了，看不到。但那功法力整个的攻击力，会不会透明的是最厉害的。他倒没有比较哪一种更厉害。厉害不厉害在于修炼，你要把你自己的气，然后通过修炼，把这种能量变成更升级的功法。你看在故事里面，他最后把他自己，原来我又结合了宝宝给他的老农工之后，他形成了升级，形成了一个50 plus。中国的这种思维方式，我有代表性的就是众人相信的这种。无论所有超能力，它都来自于传承和修炼，在于你自己去去调动它，再通过你自己的修为变得更强大，这是非常中肯。我当时去看那个，我在路上还琢磨，因为我喜爱的电影漫威的什么。然后我在想说这中国对没有过超级英雄这个特意的对超能力车，像蝙蝠侠似的钱多买的。对，就是怎么能够让他有中国的特色，他一看大家就信这是中这种特别功法原创的东西。结果真的你给我的这个东西就是一个纯原创的东西，就是我觉得太好了，完全你不会在看这个电影的时候想到某一部电影，不就是那个什么什么吗？没有也不能有啊，咱们创的，而且是中国原创的。但有时候你看电影，这似曾相识，这个什么什么来的，对吧？这个戏真的放的东西太多太好玩，这是语言的宝贵的东西。而且我也觉得电影可以把这一点视觉化，就是真正说经路行穴位这东西，真正用视觉的方式表现出来,《一人之下》
我觉得因为漫画的电影其实也已经是这近20年全世界娱乐电影的主流类型。但在这个类型里面中国一个开，所以我当时做这个项目的时候，也觉得这是这个项目最有价值的部分。同你知道孟子讲的吾善养吾浩然之气，孟子是很讲究痒痒，这个东西就勿助长。你养这个气的时候，你要气气，你不能说我一定要做到一个什么东西，不能刻意，一旦刻意为之不好，他就揠苗助长，那个那个词儿就是讲这个道理的。曾国藩到晚年就是每天氧气修炼氧气。你练八极拳的时候着急了吗？我还在还在在，我觉得给我氧气的最好的方式，其实就是我的我家的感觉可以让我修养很多。对，恢复这个气这种感觉是真的有的。对我觉得简单的用现在的词汇概括，可以概括为生命的量。不只是人类的生物同样都存在，而且这个之间是可能我们是直接的方式去传递出来，但是我们是能有感受的，精神状态就影响很大的。你比如说你很难受到振华了，今天晚上都可以碰，就疼的浑身有劲儿。因为我读书里面讲过这个有有的书里面那这个劲儿哪来？他没有吃饭，他他没有说什么退，而是听到了一个消息，听到了一个消息就马上变得特别有劲儿，能量变大了，这就是气录入到你这儿。但是普通说不是艺人没有去使用这个棋。对，是艺人就是学会调动他，能有觉知，然后能够运用他，能操控他的人就叫你现在欠的债是越来越多了。这个戏还有下集对吧？因为在这一集打完他这个候选人之争，对，是大幕才拉开。很多网友说封神二什么时候上，这有能交个底吗？风神正在封神，第二部在做后期。因为第二部整个在学校技术上面就复杂了也需要更长的周期。不打架的打仗的场面更多了，加了否认，第一步要镜头，第二步就超过了镜头了的工作量也加大了。就是到底说上映可能还有那正式的是第二部已经在路上已经可以了。对对对，像一人之下，我们在剧本开发三部系列电影的规划。然后三部的故事写完，我们先把所有力量去弥补。因为宏大的一个他的故事非常从15年开始上线到现在还一直在他是一个一直在演进。所以我们只是先把开端部分规划系列电影完了，现在只是拍了三部中的给大家先介绍一下，基本的一些人物而已。这些一个刚迈进艺人的众多的大众，我看后来里边这个继承人眼花缭乱，各种技能全都在那儿。对，像卡牌似的一个个艺人大会对拍那得拍十集。我是希望像胭脂夏这样的好的漫画的总能够把它变成系列电影，包括影剧联动，包括所有的的那些剧集都能够全面的铺开。因为我觉得这个题材太宝贵了,《一人之下》
我拿你这个就不用干干别的事儿了，以后不用找工作了。这一辈子我就是宝宝，50岁以前就这事儿了，一直排不老少女是吧？老少女的状态，你看现在还跟十四五岁差不多，那个真的特别好。一人之下的整个世界观其实跟封神演义的世界观是共同世界观，都来自于中国的传统。然后有很多的设定，它就有共享的部分，它其实还有一个角色，你看像那场这种地形术，就是来自行孙对风雪义的同一个角色，还有像不是同一个人我风风只是确定上面是同一个，他打的那个贾正瑜，他什么捉龙追，还有他弟弟用的什么斩仙飞刀，就是那个陆陆压道人他的那个法器。所以很多东西已经是，所以你每本书都不就是看是好处，每本书都不白看。在这星期在那个书里学个法国在对上呈现出来的。另外就是封神的好多演员也参加林志霞的表演。刚才是纳兰纳西，包括冯绍峰在这里演太乙太乙付成林演的太乙真人。我们演雷震子的那个动态部的演员韩梦毅，他在这里面也演个角色。一个是吉云的胡子，跟张亮一起来的对，就开始不玩手机的那个对，小桃园里面那个流放。所以因为熟悉的演员也是好朋友啊，所以在这个故事他们合适就邀请他们都熟悉。那3秒钟的镜头让我看看，这真是好。有一个是你有没有发现就是他能够拍到每一个人最好的那个样子，你作为演员有这种体会吗？我觉得是最接近感觉，我最好我看就是我看电视剧的时候或者看电影这个人他跟他是角色本身有这种感觉。对，这真是厉害，所以我特别羡慕你的工作，虚幻的脑子里的东西，最后变成我们生活的一步。现在觉得这就是真的这人这个角色就真的发生了，就在身边是吧？对，很有可能连摄像师什么这些，很有可能晚上出去就有有点抢了，怎么回家的，控一些什么摄像头。所以从九号开始，我咱们这社会上会流行一个就叫做你也是艺人。对我觉得每个人都有他自己跟任何其他独特的独有的价值和独有一人之下有意思的用一个充满方式把每个人的特点和他的习惯，他的生活方是想象力的设定。其实宝宝这样的角色，一人之下的世界里存在。刚才你说的，其实我们每个人内心里面可能都有一个疯宝宝，纯粹的直接的面对这个世界，酷酷的对，然后我们要坦然地接受所有的负面的能量的事情，我们也希望自己能像宝宝那样淡然对整个命运的，因为宝宝其实角色追寻自己的前任。对，然后最后到了已经衰老的狗子的时候，说的那句话，你的气味没有变。这句话我特别的打动我，他经历了这一切的时候，他说的那么平静,《一人之下》
我觉得这种我们也希望我这种穿越时间接受医生体验的这种聪，现实生活里面可能都做不到，可以去电影里边感受。对，但是我们在角这个角色身上感受到这种豁达和透彻表达。如果让你给大家推荐重点看的那场戏，你最喜欢的是哪场所有的每一场戏所有不具营销力，具有营销力的应该是他真的每一个片段都已经最精简了，已经是最完美。因为我所有演员都一起去挺熟悉的，大家都每天在排练，他们都知道他们怎么或者我换一个问法，假如你去电影医院看的话，你现在要看这个戏了，然后你最想看哪一段戏，或者你最期待那一段戏是哪一段？或者就对不能说所有对自己的演过的戏里面，哪一场你自己要，我觉得特别我本身很喜欢的，也是你刚才所说的那个拿刀劈房子回来，因为那个是他在漫画里面有提到过，就是他唯一一次感受到紧张，他唯一一次有很比较强烈的情绪爆发。是的，所以那场戏我拍的时候我也感得到很触动，因为那场戏当时跟万达讨论这场戏，他这里其实说的词并他是跟张楚岚说你会回来输了回来，但这三个回来不同，对，都不一样。对，命令文章出来，对他背后听到了出门他又说了一个非常脆弱的回来，有点可有点对，让张传决然而去他最后你喜欢的批的那些回来。宝宝在整个的故事里面都是人淡如水。这场戏里面他说那种祈求，别忘了给观众展现出来了。我觉得这是我们逐渐触及到他内心的一个特别重要的。我也特喜欢里边铺一个铺凉席，我们小时候的凉席，手里拿把蒲扇，然后练功练气，艺人就是他一下子把这些感觉慢的感觉带到我们的生活里，特别现实了。就跟我说自行车是一样的，特别熟悉的那些特别，所以大家不用怕，去放心。这戏跟这戏你就现在让我看，也肯定还有很多细节没看到。对，因为这个故事大家粉丝来说，这个故事还是已经倒背如流流，都是我们有一些去电影需求的，会给大家一些惊喜。但核心的剧情就是来自于原动漫。我们在这个故事里面看的是如何用电影的方式寻找故事。它像一个人，类似于比如莎士比亚，几个人群去演都有不同的感受，给你提供不同的表演效果。我觉得大家不管是不是漫迷，如果是漫迷的话，你就背景你就沉浸的在里边去享受这么一段初试的生活，对吧？我你去走入一个EA，跟着他们打斗，跟着他们哭，跟着他们笑，我觉得这就很放松开心的一件事儿。对，还有一个这是叫艺人训练营的课程表。武英级的舞狮团队。对，老师张老师教大家八卦掌、八极拳、形意拳制造成对，这是一个主邪色的修这种拳法,《一人之下》
然后这是表演课的课程表，山下学的老师主要是吴建一老师为主的，像薛小轩老师给他们设计的流程。甩手91年什么叫甩？对，刘渊也不是操控傀儡，所以你们也跟着学，没有他这个角色，专门学他的功法，是主要你的身法加上衰老的手部动作，这里边我这行这指语训练，我觉得这专门针对你的是吧？就是不说话。是的，还能还不可以接触别人，不可以有谁笑，不能笑。你还练气的手法吗？练气的手法就是你看那个那把那个，当初他们有，他不需要，他直接来了，都不用这个女生直接来。他是他等一下的师傅了，应该是指导他怎么行气。比樟树大得有几十岁高了。对，7月20日上映，而且在这正好撞上了也非常有意思了。三个不同国家的漫改电影上映，真的对，美国的金刚狼和死侍，对，这是漫威的一个重要的电影。这个大片儿是啊日本叫蓝色禁区，蓝色禁区对日本漫画。然后沃尔善导演的意识下，7月26号同时上线，非常类似的相遇。我觉得我不用这个比拼，而是就多买几张票看看吧。对你有不同的感受一下对吧？但是我首推肯定推荐大家推荐之下，因为就是让我只做，我觉得你幸福太大了。因为我是看电影的，我的专业是看电影。我是学电影学博士。对，您电影学院毕业，北师大北师北师大电影系毕业，我们就学看电影专业人士。我们当时看就是最重要的一个原则，没有一帧浪费的好电影，就是你不能挑出一针说这真可要可不要在里边的每一句对白，你对电影的信息高度浓缩。因为我自己追求的一种电影院体验也是就这视听要高度不合。你可以在当时当下的现在去分析它，但是你一定会感受到的这种信息的密度的传递。然后这种我觉得狂欢式的新的语言的表，我觉得是电影的东西，你必须去才能感受到。它不是其他媒体可以替代的，其他媒体可能能够帮你解读。对，或者看到一些片灯，你看一个菜单，你喜欢之后你可以去去品尝这道菜。因为电影，所以每一道工序，一个原材料的选择，每一个烹饪的过程，其实都富含着信息。才会这2个小时的极致的这个都是希望大家做的电影能更多的人来走进电影院来看。因为他比的月的门槛更低。你封神你还需要有点耐心去看那个文化背景对吧？铺垫感情就上来，就从拍脑袋开始就已经到，那傀儡师夸一出来，然后就高手不断的有高手冒出来了是吧？新的真好，但我觉得这就是相信沃尔善的品牌，它不会让你失望的。我有时候经常会劝别人读书，我说的理由是啥呢？我说你这人写书多难，写一本好书，稍微好点的书，长一点的一大半辈子红楼梦，把钱买回家,《一人之下》
虽然你说我比作者只看10分之1，也超过你。人家拍这多演员了这么长时间，四年了，我飞来飞去的这么大。然后你这儿多少钱？去电视看你，你看了最我们的气吸到了，任何觉得的不够满意好的这个东西。对，这还有是划算的，是太太好的能量全部是对，这就是一个大的气场。因为我的作品其实是能量的，它其实就是气。它也许有的人通过会员、通过文通过电影、通过读书，是刚刚说通过文字。对，能量你给我写进去，写一读书怪让我一人，这不是西游记，咱这读书派的对，是吧？以文字，真好玩，可以的对，因为这个音之下的想象力的世界就是干煸，但是想象力特别奇怪，所以这就是米2拍日出就把它又一下。你老觉得宝宝这种哪个街头散步的时候碰到这样的一个古怪的，也不洗头，完了穿着很随意的一个睡衣，也叼一根黄瓜这种没准他就是艺人，不要小看他。而且要大家去自己内心的那个能量，发掘自己内在的气。每个人其实都是现在的生命状态活得更好的。这就是人生整个让自己变得越来越纯粹，把能量朝着一个方向注入，这就是爱。是因为我其实也是跟他有缘了？从14岁17年也是当时还萌萌知道是不是要做演员，在艺人训练聊天很坚定的选择作为这样的一个未来的发展的方向。我能量确实是的，我已经出对要做的角色里面去，也正式成为了一个职业演员，这个是加油没问题。刚光说这个一人之下了，说你那郑和下你要说吗？不就你就随便那句话，现在有计划吗？这个电影也已经工作了快三年了，前面剧本写作已经写了11稿导演？不是在拍电影，就是在拍电影的路上。对，然后现在已经建组筹备，应该会明年我们都就要开机拍摄。哇哇前面很多厂商也得有个训练营，您开始了。首先是我帆船的训练，然后与摄影师、美术师、造师，给他们先开了训练营。帆船的训练。然后我们又去做了长航五天五夜，从三亚皮沙群岛，然后让他们体验这种海军海上，因为这个经验也是一般人都会去触及的，但是你没有这个经验，其实你的工作无法开展。对你将来真可以搞培训或者是训练营，对吧？人家不管有没有电影，你先练着，航海都学着就有机会，对吧？特别好啊，这个也是为了创作的结果。其实你看他也能感受到所有在训练营里练习的和学习到的技能，最终角色上面没有什么东西。是对，太好了，最后的号召大家到电影院下一人之下。一句话两你先说呗，你先大概打个样。我觉得这是一部特别值得花钱去电影院看的电影，你会完全走入一个奇幻的世界，这是最希望在电影当中看到的东西,《一人之下》
很难说一句呗，我觉得这是非常好的让你进入另外一个世界的，然后你会感受到很气和能量依赖。因为我是因为太熟悉这个项目，所以一句话推荐的时候对我来说都是特别对，都特别难，就是很难概括。但是我是这边，他是一个可能我里面很少看到的，充满了中国风格的和这种异能设定的那这也是我做这个电影的初衷，希望让中国的。,《一人之下》
