﻿original,result
对，回头你女儿爱看书，爱看书了之后，就把你的书都给剔除出去了，就换他自己的书了。对，李娟老，但是李娟老师说我们目前没多少，李娟老师说只有一个阿勒泰的角落了。大家看自己喜欢什么样的，反正我们直播间说实话还是比较杂的。除了可能小孩子的书少一些之外，就是像文学社科、历史类的我们还是都有的。目前也正在丰富，正在给大家丰富品种，所以大家可以点点关注。对，我家的书孩子还和我都看不过来。洋洋说其实我也是，我到现在我家里，所以现在我就不买书了。就是我先把家里这些书看看，我觉得家里那些书就已经够多的了，都看不完。其实我大家有没有发现，好像有好处的时候总是忍不住要买，但是买完之后也不一定看。有的时候买完之后很可能也是因为时间的原因，就放在那儿就没看。但是所以还是劝大家，你们买到手之后，就先把塑封拆掉。塑封拆掉之后，然后就放在书架上，没准哪天就翻开来就去看了。刘振宇你可以你也可以考虑。刘振宇在七号链接刘震云的书真的非常精彩。刘震云我觉得擅长写底层的一个小人物，底层的小人物。我觉得他写完底层小人物之后，让我们看到底层小人物的辛酸，底层小人物的这些这些人物的生活。但是又突然让我们拔高一下，然后站在上帝的视角上去看这些人我觉得他的写作功力真的很厉害。然后嬉笑怒骂当中就看看清楚了生活，看透了生活，刘震云的小说很精彩。大家也可以去七号链接，七号链接你可以加入购物车。我觉得这些我们七号链接的刘震云这些书还是比较经典的，都是经典的书籍，你也可以选择。主打一个我可以不看，但是我得有是吧？是，反正我我我也是这样。但是我现在控制自己就不怎么买书了，还是先把家里的书看一看，可能书非借不能读。一句顶一万句讲了什么是吧？一句顶一万句讲的就是各个阶层，它里边写的各种各样的职业。从从杨百万讲了大概有四代还是六代人，应该是六代四代人。然后他们的整个的生活，其实我觉得里面更多这是让我们去看透婚姻，看透中国人的孤独等等。他写的就是各种各样底层老百姓的一个生活。但是你在这里面看到了很多人就是很孤独，对吧？里边那个经典的话，一个人的孤独不是孤独，一句话找另一句话才是孤独。我们刚刚还提到了说大家吵架，对吧？这个两口子吵架，吵着吵着就开始吵别的事儿。本来这件事儿本来是说的这件事儿，然后吵着吵着就开始扯别的事儿，然后扯着扯着别的事儿，就扯出另几件事儿。但是书里面也有一句话，他说我们的日子是过以后，不是过以前,刘震云《一句顶一万句》
所以其实里边有很多刘振云老师，我觉得对于人性的一些非常通透的一些说法，大家可以去读一读，一句顶一万句真的很精彩。飘在我们的。有飘在什么，要么意林，要么人民文学那个系列里边，你给他看一下，稍微等一下，我找一下。你把人民文学上一下。对，就这个。来一号链接，一号链接，你点进去有飘，你点进去有飘。一号那个开学文具惊喜袋儿是吗？开学文具惊喜袋儿我看一眼。我不知道开学文具惊喜袋，因为那个临时上的，是临时上的，我也没样品。点开链接有吗？里边是个啥？他他说的是开学文具惊喜袋，平凡的世界没有人民出版社的，写的是什么？玩具总动员、冰雪奇缘，说实话我真不知道是啥，因为我我没有没有样品，没有样品。16个文具，等他们拿过样品来吧，因为是临时上的，我还没样品今天有人问飘吗？大白说没有。我告诉你论这个店铺里的品，谁谁了解的最全，那肯定是小鱼。我告诉你，因为我天天翻店铺这些东西。一号链接一号链接有票。人文社的隋唐演义大字版目前是没有的，不好意思。然后平凡的世界我给大家去看一下，平凡的世界，目前有的就是这个平凡的世界，这个是我们北京十月文艺出版社的彷徨，目前没有。小魔女，不好意思，类似大时代那样的小说，大时代那样的好像没有。飘是人民文学出版社的，人民文学出版社的。但是那个样书目前没有在我这儿，你可以点进链接一号链接去看一下。那个样书面我没有在我这儿，但是你尽管放心，因为我们是河北省新华书店的直播间，就是你收到手，它肯定是正版，这个大家放心就行了。平凡的世界是这个，是北京十月文艺出版社在19号链接，目前是83的1个价格。大家还有想要哪个书籍的，可以扣一下。我看我们我们有没有，然后你们想要西游记精美版可以看一下吗？来，飘哪个出版社比较好？飘是公版书，就是你要看翻译就行了，看翻译就行了。对，满200减80，我们是满200。来给大家去看一下我们河北美术出版社的这个西游记，它是一个小人书，它是一个我们的连环画。这个书先这样，你看给大家大概打开看一下，它是一个缎面礼盒包装的，然后打开很有仪式感对吧？里面是36个我们的小人书，很能够带着大家引起童年回忆的小人书。它是用白描的手法给我们去绘制的。这个书你不要小看它它用了35年才绘制。这是我们美术社的编辑联合了南北的当代著名的作家给大家去呈现出来的一个非常精美的这么一套西游记我觉得很很值得去收藏的这么一套西游记,《飘》
给大家去看一下这个书，168的一个封顶价格，我们今天才72给到大家性某价比非常高。嘻游记礼盒包装的这个是连环画，这个书真的是我觉得算是美术河北美术社的一个镇店之宝。三号链接，大家可以去去了解一下这个数据。因为现在悟空非常，大家这一段时间都是特别关注的孙悟空，所以三号链接大家可以去读一读，是72.3块的一个价格，这个是礼盒包装的。孙悟空怎么了？孙悟不是最近那个神那个游戏，黑神话悟空，所以大家孙悟空又被提上了这个热搜。但是大家现在都在讨论孙悟空，然后都都那么喜欢孙悟空，所以我们今天也是蹭一蹭热度，然后把这个孙悟空，对，然后把孙悟空也给大家讲讲。这个包括我们现在还有这个二号链接的人民文学出版社的这个原著，就是大家想读原著的话可以去读一读。他说怎么找不到了，你再给他弹一下那个飘，在20号链接，在20号链接。这个是我们的西游记，西游记二号链接，人文出版社未删减版本的。说大实话，我说的我说我说这个大家对蹭一下热，你说我说蹭一下热度，对，大实话蹭一下热度。对，谁不蹭热度。现在大家都在蹭悟空的热度，那就很正常，对不对？反正书是正书，是正版书，书也是好书，对吧？而且我觉得西游记确实是值得国人去读一读的。西游记小的时候读不懂的，就是有了一定阅历之后，你长大之后才读的，才读懂这个西游记里边的门门道道。他说那个是谁翻译的，能能看到吗？飘是谁翻译的？我闺女看了看电视还看了啥孙悟空，那是应该写着呢。标那个图片是什么？不是，我刚刚给你看，稍等，让助理小姐姐给你看一眼。说到孙悟空了，给大家提个问题，给大家我现学现卖，我现学现卖，就是给大家提提问题。大家大家知不知道孙悟空的师傅菩提祖师，菩提祖师住在什么地方？大家还知道吗？菩提祖师住在什么地方？大家可以把菩提祖师住在的那个地方打在公屏上，好不好？我想大家一定有知道的，对不对？菩提祖师住在什么地方，大家还记得吗？来来，我给你拿。有没有知道菩提祖师斜月3星洞对吧？就是为什么这个神仙这么厉害的神仙要住在斜月3星洞里面呢？大家有知道的吗？我们其实昨天说过，然后其实我也是我也是后来来看到的，我现学现卖。然后给大家聊聊孙悟空，斜月3星洞，就是为什么神仙要住在斜月3星洞里边，大家有知道的吗？我给大家我就我就给大家直接说了，因为对有一种说法就是修心，协协约协约三行动。因为这个斜月1个月亮，弯弯的有点像新的那个下半部分，然后三个星其实它就是三个点，然后点在上面就是心,《西游记》
所以说神仙要想当神仙就是要修心。你的心心这一关得过，所以才能当神仙。这个是我这是他说找到了吗？我回他了，回他了。李野光是吗？代侃李野光，代侃李野光，那个是翻译飘，你要谁的翻译？我们目前有的那个版票，就是人民文学出版社的这一版。因为它是公版书，所以其实很多很很多出版社都有。但是我觉得人民文学出版社的书出的品质还是相当过硬的。你可以考虑一下。来，这个是我们的西游记，反正大家想拍西游记的话，二号链接是原著朋友们，三号链接是小人书。所以大家大家自己去选择。他说果然舒适之后是不会不买书的，是不会不买书的，还是不会买书的。我刚刚还看到有一个人人名叫欢迎来到抖音，不会不买是吗？我以为你们收拾之后就收手了。但是200减80这个力度还是能够推动大家的看来还是能够吸引大家的看来。说不了一点哈那就是舒适的时候没有买够，反正现在确实是。你看这个大字版本的这个四大名著跟舒适的价格基本上是持平的。如果说你们在有平台券的话会更合适。四大名著如果到现在大家你的书架上还没有的话，非常推荐大家去入这一版。人出版社的未删减的版本。二号链接加入购物车成套去拍它应该可以200减80。或者你们单拍西游记的话，就是45的1个价格，45.7块，这个是我们上中下三册。书架上没有是吗？书架上你不是买了吗？这个四大名著有经典，那个还买不买大字版？那我觉得不用买，就是有一套能看就行了。如果说大家还没有买的话，就买这个大字版本。因为字体相对来说比较大，我们是更推荐这个版本。但是它内容是完全一样的。人家想买山是一个全彩插画的一个类似于心灵鸡汤的书籍。你喜我不知道你喜不喜欢那种书籍，它是姑苏阿娇写的一个类似于心灵鸡汤的书籍。那个药书找不到了，暂时反正你可以点开链接看一下。因为我刚刚给你推荐的一些，就是我觉得都是比较经典的书籍，你可以先去，你可以先去拍一些经典书籍，人家想买这种，你可以再考虑。因为我我可能是我个人，我个人就对，你看那咱俩是一种类型，就是我也不喜欢心灵鸡汤的类型，还是经典书籍更值得放在我们的书架上，尤其是那么大的书架是吧？你今天这个就想把它填满，还是要这个经典书籍比较好一些。其实这心灵鸡汤看不了一点，包括什么如果国宝会说话，98号链接的，如果国宝会说话，我觉得也可以，也可以，那也算是比较经典的书籍，经典书籍你都加入购物车了,《西游记》
还有一个我们毛选还有吗？毛选应该是没了是吧？毛选那是啊没到是吧？那就算了，反正今天比较推荐大家去入的。二号这个三号链接的这个7070年都有啥？啥叫70年都有啥？对，这里是中国，那两本也很推荐。这里是中国，我们也给也给大家谈一下。这里是中国国民典藏地理书籍，在58号链接。来我给大家做个预告。朋友们如果说大家喜欢西游记的小人书，西游记的这个连环画，大家新进到直播间的朋友点关注，下周你们可以期待一下我们这套书籍，哈100 100出头给到大家。这个样书，你们收到手可不是这样的。我再次解释一下，你们收到手是完好无损的，因为我这样书已经破了36本小连环画，西游记全的内容，而且每一个都有收藏证，每一个都有一个收藏证。然后大家打开来你看独一无二的收藏号，加上我们河北美术社的一个印章，所以非常具有收藏价值的这么一个书籍。这套小人书不错，你有是吧？那太好了，这个书大家可以期待一下。因为上周已经卖完了，下周正在录，下周应该就能到。所以新进到直播间的朋友点关注朋友们，下周一百出头。这套书给到大家非常有品质的一套西游记。这套书反正收到手之后，你们就知道品质了。下周一定要入这个书籍，下周把这套书给我拍空，朋友们下周把它拍空，真的让我们河北美术社的老师，然后他们没有就让他们加印。小月姐说说到手不是这样，你知道小梦干了啥吗？小梦干了啥？他把这套书弄坏了是吗？这不是我最喜欢的小鱼吗？是的，王同学，我都要下播了，你才来。大家都拍完了吗？朋友们，大家都拍完了吗？我马上要下播了，还有几分钟下播，大家都拍到了吗？拍到的话我就下播了。你买书了，不容易。王同学，我跟你，你老是来，你老是你看你老是在这儿夸我，给我洗脑，然后你就不买书，是不是？终于买书了，你今天买了个啥你今天买了个啥？小朋友说旧的是吗？小梦同学有时候不在线，就在我们店。对，王同学你买啥了，你告诉我，你别忽悠我。我要我要我下播之后，我要去查订单的，不是你在廊坊店买的，你怎么你看看。你下次你说你天天的，你老忽悠我，你天天来就忽悠我一句，你就走了。你能不能在我这儿买本书？你在廊坊店买的，你在省电不行，就必须得在省电，在劳动店买的不一样。大家都拍到了吗？拍完我下播了。朋友们这个大家都拍到，三号链接72.3块，朋友们72.3块给到大家。小人书礼盒包装的，拍到就是赚到,《西游记》
小萌拿着笔记本说是说叔叔旧版没有最新版本，但是人家问叔是不是？没事，他他今天应该是累了，他今天应该是累了。来，我走了，朋友们，我走了，大家周一见，周一见。,「废话」
