﻿original,result
来，宝贝准备一下，不要扣了，下来543211上链接。朋友们别让我抢到了，我也要来抢。今天人太少，那也没抢到，没有，那天我都抢到了，也是一天的夜晚，你好幸运，真的手速这么快，必须的，我在直播间抢到的朋友们，你们敢相信吗？你们谁抢到了？哪个宝宝抢到了？恭喜恭喜宝宝，你看真的抢到了是不是？我们真的恭喜大家，恭喜抢到的宝贝们，然后大家可以多给我们点点关注，一会儿再给大家来放。是的，没有抢到的朋友们也不用灰心，我们再增19个关注，就给大家还上一元。大家，谢谢，感谢宝宝的支持，感谢宝宝的支持。你喜欢哪本书？可以给您讲一讲。是的，都是没问题的那你有需要的话，在公屏里跟我们说好。是的，你喜欢哪本书？然后接下来我们还是给大家带来一个我们的其他福利书籍。我们的阿甘正传，阿甘正传真的是推荐大家。因为阿甘正传这电影大家应该对他都不陌生，对不对？很多朋友们应该都看过我们的这个电影，现在给大家讲的就是我们这个阿甘正传他的一个原著。就是大家可能看电影和读文字给我们带来的感受是不一样的。就是看文字它会更加的一个真实，我们更能了解作者想要向我们表达出来他的一个感想，并且是带有我们自己理解的。而影视作品我们已经看到了它构建好的一个场景，包括他的世界观、价值观都是直接只给到我们，缺少了我们去思考的一个过程。所以真的是推荐大家如果喜欢看一些电视作品，影视作品看完了之后，你喜欢也可以来看看原著，会带来不一样的启发。这个也是一样，今天给大家带来的这一个阿甘正传，它是一个20周年的一个新版，也是一个我们的精装纪念版硬壳包装封底价格39.8块，今天12.9块您到手，先给大家来上三单库存。好，先给大家上三单库存，来321上链接。这本书真的值得大家看，因为我觉得阿甘正传它是一个什么呢？就是一个非常励志的一个作品。看过电影，看过影视作品的朋友们应该都知道，它就是看完之后会给我们很多的勇气，让我们去前进的一个作品。我们会看到我们的主人公，他在有起初不被人看起，大家都调戏他，觉得他是一个笨蛋。然后他慢慢的通过自己的努力，成为了一个闪闪发光的一个明星，成为了一个成功的人。正是他这一路艰辛的努力，包括他的坚持，他的毅力，给我们带来很多很多的鼓舞。如果在您觉得自己能量没有那么强，觉得自己干劲不足，冲劲儿不足的时候，来看一看这本书。只剩一单库存，朋友们，当前只有一单库存在链接当中。大家如果想看一看这种励志类作品的，就不要错过它了,《阿甘正传》
今天您到手20周年的新的精装纪念版本，封顶价格39.8块，今天12.9块您到手更具有我们的收藏价值。而且我们阿甘电影这部影视作品，这部电影它是荣获了六项奥斯卡大奖的作品类。好吧，也是我们非常推荐给大家一本书。我相信大家童年的时代肯定都看过这部的电影，无论是朋友推荐，还是老师给看的。今天我们给大家带来的这个版本是我们全权益无删减版本。大家能在里面看到一个更加全面、更加细致的阿甘，然后从他身上汲取到更大的力量。是的，朋友们，这本书真的是给我们带来很多能量的一部作品。现在是没有了。是的，没有库存了，我们再给大家补两单库存。我们的封顶价格是40 40多块钱吗？是39.8块，49.8块大家在别的直播间看是29.8块，在我们直播间12块9只，剩十来单了。是的，只有我们直播间有这个价格，12.9块先给大家补两单库存。来321上链接，先给大家补两单库存，值得大家去看的一个作品好不好？大家就不要错过它了，真的是其他地方您是看不到这个价格的，只有在我们直播间给大家谈到的这个价格，所以你们就更不要错过它喽，朋友们好不好？然后大家如果还有什么其他感兴趣也可以告诉我们，我来给大家进行一个分享哈那我们这个就给大家放在这里了。然后既然提到阿甘正传，就让我想到了另外一部翻拍的电影，我们的乱世佳人的原著，我们的飘飘，我的票在哪里呢？在那边你找一下，那你先找我先给大家说，相信大家对于影史上那个女主人公的那一期绿裙子都非常的有印象。我们今天给大家带来的是全三色全意无删减的原著版本我们的飘。这里面的女主人公，她从一个相对来讲有一点点小自私自利的小女孩，小小家子气的一个女孩子，成长成一个可以承担起整个家族重任的一个伟大的女性。她从中经历了一些友谊也好，爱情也好，事业也好，各方面的成长，变成了一个更好的自己。是的，在这里我们全三册，这本书也是非常推荐给大家的。我们是一个全集无删减的版本给到您。如果您被我们这个斯嘉丽的魅力吸引过的朋友们，这部作品我们就不要错过了。因为乱世佳人他的原著就是这个飘，好不好？我们全三册您到手，29.9块的价格，这三册得一得一千多页了，朋友们，而且这个颜值也是贼高的。我觉得这个作品就是把我们这个形象都是非常丰富且真实的。这部作品也是全年龄段都适合去读的。我们会看到斯嘉丽，她从起初有一点点自负，有一点点自私，有一点点虚荣的一个人物。慢慢的他就变得充满责任感，承担起整个家庭的一个重任,《阿甘正传》
并且他不断的去努力，然后让家庭就变得很好，好不好？所以这个也是给我们带来很多给鼓励的。我们现在先给大家上两单库存，来来321上链接。大家可以看一下它的体量，这个体量给大家做到29.9块的价格确实是很不容易的。如果大家喜欢这一类女性觉醒女性成长的故事，真的不要错过它。作为一个百年的经典，在这里一定是有它独特的魅力和它特殊的气质在的，有它的不可替代性。朋友们，是的，我们日常这套书它的封底价格是128，今天给您120，128，今天给到您29.9块。真的，大家前面的一个给我们主播小姐姐都干懵了，真的直接干懵了。咱们就前面这个一，咱直接抹掉了29.9块您到手这个飘是乱世佳人的原著，如果您比较喜欢看乱世佳人的，喜欢斯嘉丽这个角色，来看看我们的原著。通过文字去了解会更加的真实，会让我们了解的更加的透全面和透彻。好了，没有库存了。朋友们，那么我们再给大家上两单，我们要过掉这本书的朋友们，因为它的价格实在太香了，我们也不给大家讲太久。是的，再给大家上两单。来321上链接，再给大家上两单的库存，大家一定要抓紧时间了。现在这个一个大体量的作品日常封顶价格128，今天给到您29.9块，到手封顶价格128，今天您到手29.9块。没听错，朋友们，我都以为我看错了，好不好的，这个价格真的很夸张的。朋友们如果您喜欢就千万不要错过这些了。因为这个和我们基督山伯爵一样，都是我们给大家带来的特价的。是的，如果大家喜欢的话，我们都不能保证它能在这里待多久了，大家就直接冲好了。没错，它是一个超合适的价格，大家一定不要错过它喽。是的，那么我们就把它放在这里，给大家带来我们的今天的慈悲的法则，这个真的很受到大家欢迎。是的，这本书马上就要没有了，真的要跟大家说拜拜了。慈悲的法则这本书是一个中国的科幻侦探作品，也是一本可看性极强的作品。因为我们这部作品它就是选取的全部都是心理学的一些案件的原型来进行改编的，所以它可看性很强。并且它不仅仅是悬疑质推理，它还涉及我们社会学和心理学。很多社会学的老师会把它当成什么？当成我们上课堂上的案例来讲，给学生们去听，所以还真的是特别有意思,《飘》
如果你喜欢看这个类型的，又喜欢看那种猜不透结尾的，看了开头咱猜不透结尾，有不断的自己去情节反转，然后来来回看来回看，就是不知道咋回事，层层深入的喜欢这一类的，我们就不要错过它了，好不好？这个慈悲的法则日常封顶价格49.8块，今天9.9块福利价格没有多少库存了。先给大家上两单库存库存来321上链接。宝贝们这个真的是推荐给朋友们，因为今天真的很受欢迎，我们就马上就要没有了。然后没有了之后，大家不可能在这个价格见到他喽。是的，我们已经跟出版社的老师再三的确认这个价格不会再有了，我们下周不会有，今天卖完，今天也加不了了。是的，就是卖完了咱就没有了，直接下架。大家可以蹲一蹲，见证它的下架。对，马上咱就见到他，拜拜。是的，我们这个不唬人，也不给大家整夸张的事情，确实就是没有，我们就下。大家不信可以蹲一蹲。对，大家可以来给我挑挑刺儿，看看我们是不是真香。这个没有了，真的就是没有了，没有库存了。现在没有了，是不是还有五单是吗？因为我刚才贴了两单。是的，踢了两单没有付款的。目前我们只有两单的库存了，朋友们好不好？9.9块的价格您到手非常的合适，我们再给大家补上两单，一单。朋友们，两单没那么多了，先给大家补一单。来321上链接，先给大家再补一单的库存。这个真的是值得我们去看的一本书，因为它是一本非常有趣的书。它是涉及我们悬疑侦探和推理这个类型，它这些里面的作品全部取自于真实的一些心理学案例的原型。而且它这个里面不仅涉及心理学，还涉及我们的社会学。很多社会学的老师会在这部作品当中的故事把它取出来，当成他课堂上的案例讲给学生们去看，所以它真的可看性极强。而且大家可以大家戳进详情页就会发现，它其实是有一些是根据我们社会热点事情改变的。但是在直播间我们没有办法跟大家说所以大家可以自己戳进去看看就明白了，就看得到了。是的，而且这个就是我觉得很贴合我们，就是我觉得很让我们看了之后有一种共鸣感。然后也许是我们会听到过的一些事情，见到过的一些事情，所以大家都可以拍回去慢慢去看，好不好？直击人性的社会学案例、心理学案例给到你是的。那么我们这个就给大家放在这里了，我们给大家再补一下我们的中国古代文化常识。好的，来给大家我们的中国古代文化常识给到我们,《慈悲的法则》
如果想要提升自己，让自己变成一个有文化的人，你看起来腹有诗书气自华的话，这本书就不要错过了，因为这本书真的是读完之后让我们感觉变得上晓天文，下知地理，并且这一本书也是北京大学中文系的一个专选教材，是他们的必读书目，你想一下，他被加入到了必读书目当中，是不是我们就知道它的一个含金量了，真的毋庸置疑了。朋友们，是的，他是圈内人才知道的好书，如果大家听完这些之后，会觉得他会不会很难读懂？放心，我们这本书也是给大家做的生僻字注音，文言文成段的翻译，重点都是画好的，并且还有很多这种高清的图片，图文并茂，让它的可看性更加的提升。在这个新的版本当中，新增加了一百多张彩色高清的文物实拍图，在某瓣有9点5分的一个高分评价，好不好？今天在直播间日常封顶价格59.8块，因为我们是新加印的版本，所以它的价格会更高一点。但是我们在直播间给到您19.9块，没有加价，一点没有加。但是朋友们大家要知道这个价格之所以能做到这个样子的话，是因为我们争取了，我们争取到的也就是这周能要我的，下周五就要也都要统一涨了。是的，咱们在其他地方很难降这个价格。我们先给大家开上两单库存，好，给大家开两单库存，3221上链接给大家开两单库存。宝贝们就是不要错过的一个作品了，好不好？这个是非常合适的。如果你想提升一下自己的文化素养，想让自己看起来不会那么脑袋空空的这种感觉。我觉得真的就是看一看这本书。这本书里面涵盖了什么天文历法、地理、直观、礼俗等14个方面的内容。而且它对我们文化小白也是极其之友好的。如果你想提升一下孩子的一个综合素质，想提升他的这个知识储备量的，我们把这个送给孩子也是没有问题。因为生僻字都给我们注好了音，把文言文都是成段翻译好的，重点也是给我们划分出来的，所以咱们看起来也是更加的简单一点，这就是这本书给我们带来的一个魅力，好不好？没有库存了，朋友们现在被拍光了，拍光了，那我们再给大家补两单。朋友们好，再给大家补两单库存。来321上链接。朋友们，因为这本书它确实是值得我们看，我们这是一个新加印的版本，这个新的版本新增了一百多张彩色的高清文物实拍图，在某瓣有七千多人给他打分到9点5分。你想一下9点5分的一个高分，是不是就知道它真的是值得我们去看的一个作品。然后今天我们它的封顶价格，家用的书价格更高，封顶价格59.8块，今天19.9块咱就到手了，所以是一个特别合适的价格，我们就不要错过了,《中国古代文化常识》
没有库存好吧，又没有库存了。是的，那我们再给大家来加上库存。好朋友们，我们再给大家加两单库存。因为现在这个价格真的是只有我们直播间您才能见到。来321上链接给大家再加两单的库存，这个价格真的大家很难去见到的，一本可看性这么高，圈内人士才知道的这本好书。今天分享给大家，就是不希望大家错过它，好不好？真的不希望大家错过它。他作为王丽老师出品的一本书籍，大家都说王丽老师出品皆精，精品值得咱看。大家可能不知道王丽老师，他是我们梁启超的学生，也是中国汉语言的奠基人。所以这本书它的价值是非常高的，也是能够不断的提升我们的一个作品，现在也是推荐给大家，希望在直播间的朋友们遇到了，我们就不要错过它了，好不好？真的是推荐给所有人去看的一个作品。我刚才看到有朋友给我们的小王子立体书拍空了，我们正好给大家补一下，讲一下我们的小王子立体书。小王子拍掉了。是的，我们这个小王子真的颜值贼高。这个立体书它的封顶价格是328。因为我们这个真的是，您看一下，它这里面有小小的机关，有二十多处这种小的机关设计给到咱，而且还有这种大的场景，我的妈呀很梦幻好看，大家可以看一下。而且它这里面所有的场景也好，机关也好，都是按照小王这本书的脉络来的。它同时里面还附有原文，您不用担心说，我没有看过原文，或者说我的孩子没有看过原文，他会不会看不懂。没有关系，我们这里面附了整体的原文。对，同时我们今天给大家带来的89块钱是我们的微瑕价格。微瑕瑕在哪儿呢？它送给我们一个塑料的函套，那个函套上可能会有压，可能会有裂，或者它的书脊上面会有碰会有被碰到。但是他输内页的所有机关是不会出现任何问题的。如果有问题的话，您及时联系客服，我们直接给您调换。是的，所以大家完全放心，我们内里都是没有问题的日常封顶价格328，今天的直播间89块，您到手微瑕的好吧？来再补上，再补上两两单。好，3321上链接给大家补14个关注，给大家上一元。朋友们给我们点点关注，然后蹲住直播间。同时我们这里面是内含九个机关和我们的故事环环相扣，甚至还有超多的大长宽宽。叶，我们新秋的朋友你又来了，谢谢。最后一页还给大家留了一个惊喜，它那是一个最后一页，翻最后一页是的，它那里面是一个温控的色纸，它那底下说人的人手心的温度是36到37摄氏度，用这个温度跟小王子告个别，我们这里不给大家演示了，因为留一个我自己看一看好浪漫。对，留一个惊喜给到大家,《小王子立体书》
如果大家喜欢小王子的话，完全可以买这本书来收藏来装饰。同时它也是打开我们小孩子阅读书籍的一个门槛。因为原价328，我们今天给大家带来的是98块钱，3折都不到的一个价格。朋友们，这本书真的特别的浪漫，尤其是他后面给到大家的这个惊喜，我刚刚都要掉出来眼泪，我真的觉得好浪漫。朋友们跟小王子告个别，我一下鸡皮疙瘩都起来了。如果你们很喜欢小王子，你们自己之前有读过的，有这个情节在的这本立体书真的不要错过了。因为日常确实说实话，这本立体书它价格蛮高的，328。哪怕很喜欢很喜欢我也会考虑一下自己要不要下单，对吧？毕竟价格不低。但今天你遇到他这一本立体书给大家做了这么多。就是我们有九个大的场景，二十多个立体的机关给到您。包括后面给到了我们一个非常浪漫的一个小小的惊喜，真的非常多库存了。给朋友们再补两单。好，再补两单。来来321上链接。真的朋友们后面这个惊喜您一定要拍回去自己去感受。我觉得您在看到这儿的时候，一定要从头往后看，然后翻阅到这儿，看到这儿的时候自己去体验一下，我们会感动的掉眼泪的。而且他真里面所有重点的情节给大家做了大的跨越，所有小的故事给大家做的小机关，就像那个吞了大象的蛇给大家做的小机关，我们的玫瑰花给大家做大机关，我们玫瑰花遇到那只小狐狸也给大家做了大的跨越，大家简单翻一番。对，就是这一页非常的精巧，也非常的好看。如果我真的觉得小王子他是一个老少皆宜的动画故事，无论是您排拍给我们的小孩儿，拍给我们的孩子，还是留给自己做一份留念，都是非常好的一个故事。是的，小王子是写给所有成年人的童话，它能给我们带来一个非常温暖，让我们保就让我们回到我们的一个纯真时刻。所以我觉得其实大家生活在当前的，比如说压力当中，每个人都有工作的压力，有生活的压力。在这种时刻我们来看一本小王子来治愈一下我们，让我们回到我们充满童趣的那个心里。然后去感受，真的看到最后这一页的时候，我觉得超级戳人。他说到真的那句话就很戳人。他说要哭了，朋友们，他说人类掌心温度是36到37度，用这个温度和小王子好好告个别。真的，您从头翻到尾就是看再看一遍小王子这个作品，然后去体验，去看到他这些场景。然后再到这儿跟他告别的时候，真的会热泪盈眶的,《小王子立体书》
给我们带来不仅仅是一本书的阅读感，还有好像我们就是真的他小王子就是我们的好朋友，他一直在我们的心里来治愈我们一样，好不好？这本书真的朋友们不要错过它小王子的立体书给到我们非常浪漫且好看的一本书，你也可以拍回去。就是我觉得虽然它是一本微瑕，但我觉得送给身边的朋友也是一个很浪漫的选择。如果但是要跟大家说一下，微瑕的数据它就是会有破损的。是的，如果您介意的话，就是选择送朋友的话，还是建议您先拿到手里来看一看。如果看合不合适的话，如果对方也能接受，你也可以接受的话再送。是的，但自己收藏我觉得是完全没有问题。因为当时这个东西，我们我们当时直播间两个主播，然后一个我的中裤都买了，买回家摆在家里真的太好看了。你看有没有说它真的很好看。是的，价格我们这里就是地板价了，大家在别的地方也看不到这个价格。天他有点太浪漫了。来，现在拍一张给自己，我真是，我马上就下单了，家人们。好了，这一单库存我们给大家简单放到这里了。如果大家喜欢小王子的话，不妨来看一看，然后跟我们小王子好好的告个别，好好的交一场朋友。是的，我现在带薪在直播间看小王子了，朋友们。好了，然后我们就把它简单放在这里，然后给大家补一下我们的9.9块福利，我们慈悲的法则。大家可以看到，我们就剩五单了，我们我都甚至把我们的福袋口令都换成这个了。大家可想而知它的这个紧迫性和它的真实性。大家拍完这五单来见证它的下架。没错，拍完这五单大家来见证一下它的下架。真的，这个作品它是非常值得我们去看的。如果大家比较喜欢这种情节，极易反转让我们猜不到结尾的，我们只能看到开头，真的是看不到结尾，然后来回的变来回变。就喜欢这种阅读体验感的这本书就更不要错过了。它是一个中国的科幻侦探悬疑，就更贴合我们的一个阅读习惯，更贴合我们的生活。所以大家阅读起来就感觉它没有距离感。再加上什么，它里面涉及里面取材的全部都是心理学的一个案件的原型。它书写了人性的晦暗和光阴，和他光明什么光阴和他的光明性的黑暗和和光明搭在一起。人之上的那种善与恶。真的是一种很纠结的碰撞。而且它反映了我们社会上的一些问题，而且它里面很多事情是取决于我们网上的一些热点话题。但是的我没有办法跟大家讲，大家戳进详情页简单看一眼就应该能明白他说的是哪件事情了。是的，这个真的就是大家可以去看一看。然后这个没有上链接，9.9块福利价格先给大家上两单,《小王子立体书》
来321上链接，先给大家上两单的库存，这真的就是推荐给朋友们去看一看。现在我们就只有几单的个位数的库存，没有了之后就彻底没有了，他就真的跟大家再见了，不可能再以9.9块的价格拍到它了，好吧。宝贝们如果有需要的，有喜欢的一定要拍回去。没有了，朋友们现在又甩一单，我们只能一单一单给大家上了。大家蹲住了，大家拼手速，因为太少了，我们没有办法，两单给大家放了。是的，大家拼拼手速，我们一单一单给大家上9.9块的价格，日常封顶价格49.8块。今天9.9块咱到手，先给大家再补一单，来321上链接，先补一单。本书我个人是翻了，然后特别喜欢。因为我本身大家知道我，不大家也不知道，我是一个非常喜欢本格推理，我对社会学的书都一般，就比如说对硅谷什么，我看他们都一般。但这本书让我觉得非常好看，首先是因为它结合了我们当下的热点，而且它反映的是我们身边的一些状况，它比国外的书更加的让我感觉到亲切和有感觉。是的，同时它也把心里和悬疑都融入到这个侦探小说里面，会让我们更加感觉到酣畅淋漓。它里面的那种光怪陆离的感觉会让我觉得非常的舒爽。没错，他就没有那么强的距离感给到我们，所以大家如果喜欢的话就可以来下单。我觉得他很喜他很吸引我的点在于什么？就是他这个情节是我们猜不透的，他是不断进行去反转的。我觉得这会勾起我的一个好奇心，我想去探索，我想知道究竟是怎么回事儿。而且我们这个真相它真的是层层递进的，会有一个很强的一个阅读体验感给到大家。并且我们这本书日常封底价格要49.8，今天9.9块我们就到手了，好不好？然后我们现在还有一单的库存在链接当中，这个拍空了之后，大家不可能再以9.9块的价格见到他了的。我们这里也没有了更红。是的，别人那里的，因为这个是我们给大家要来的。是的，我们好不容易给大家要来的，这个价格真的大家就是见不到。现在又抢空了，是不是没有了？好，那我们再给，现在还有几单？我们现在还有三单了，朋友们还有三单了，宝贝们只有三单了。一会三单过后，大家不可能再以这个价格见到，然后还有一个朋友没有付款，没有付款，我们要踢单了。因为这个真的是的，没有那么多。朋友们拍了一定要抓紧时间付款，咱们不要卡库存，因为9.9块的价格，而且就这么几单。如果您还没有下，您想拍，咱们留给需要的宝贝们好不好？我们再给大家补上一单的库存。来321上链接，再给大家补上一单的库存，大家不要错过它,《慈悲的法则》
跟大家说，这本书首先它是没有的，受不了了，又没有了，好吧，我不说了，我不说了，大家抢，好吧，真的没说完，咱就又没了两单了，就剩两单了。朋友们只剩两单。看看最后的两个幸运小宝是哪个？两个小宝贝？朋友那个朋友没拍到，没付款，真的我上完这两单，你要是还不付，我就给您掉给到大家了。是的，有宝贝说想要咱们先给这个宝宝上一单，好不好？因为现在只有两单了，您一定要抓紧时间，因为没有了，我们真的没有了，好吧？来321上链接，没有了，是真的没有了。朋友们，然后21号稍等一下，宝宝这个我给大家讲完就给您看啊，莫奈的那个花色。好的，真的稍等一下，稍等片刻，马上给您拿出来。刚刚那个柠檬朋友你有拍到吗？对，宝宝有拍到吗？因为这确实现在9.9块价格只有这么几本了。然后是一本非常有意思，情节极易反转让我们猜不透结尾的关于我们人性的。恭喜宝宝，恭喜宝宝拍到了，感谢宝贝关注，麻烦给我们点个关注，因为我们还差九个关注，给大家上一元了。是的，没事，客气的宝贝。这个也是恭喜大家拍到，因为现在这个9.9块价格真的是超级香。好吧，只有最后一单喽。看到宝宝关注了，感谢宝贝的关注。现在只有一单，我们把那个踢了吗？还没有没踢呢，没踢，我上完这单，他要还不付，我再剔行。朋友们，现在还有一单，我们再给大家补上一单，好吧？准备好，准备好了，就是最后一单了。真的没有了，拍空了之后，不可能再以这个价格见到他，我就直接下掉。来321上链接。朋友们，刚刚那个宝宝是已经不在直播间了吗？我们这么说他都不付款。是的，宝贝不在，那我们就只能给宝贝踢掉喽。是的，大家抓紧时间。如果拍完这单我还能给大家补一单。如果不拍的话，我们就没有了。是的，这是真的非常少，而且现在是一个优惠9.9块的价，待会儿给您看。请稍好的宝宝稍等一下，马上给您拿出来。我要现在给他下架，大家就不支持，我现在给他下吧。支持，就是我看一眼那个朋友付没付，还真没付，他肯定是走了，他要是不走，应该会付掉，那我踢掉了，我是的一单一单了一单了。大家现在蹲住直播间，看着我们把这个链接下，大家看到我们真的不是给你们搞什么饥饿营销。你们看一下，马上就没有，只有最后一单了，只有这一单9.9块的这一本慈悲的法则，好吧？来321上链接,《慈悲的法则》
这一本书是取材心理学的一些真实案件，它改编来的社会学的老师会把它当成真实的案例，在课堂上跟学生去分析分享，由此我们可知道它的一个可看性，并且我们在阅读的时候，里面每一个故事我们都猜不到结尾，它的情节是非常非常曲折且易反转的，所以我们的这个真的读起来特别的过瘾，很爽好吗？恭喜宝宝抢到不拍吗？抢到了我们这里怎么还有？我们这里显示还有。宝宝你抢到的是哪一本？现在目前还有一单。是的，好不好？宝宝我这儿我这个网我这个也显示还有一单，因为其他宝贝显示也是还有一单的。是的，朋友们抢吧，抢完了我好吓掉他。我要跟大家证明，我们不是言而无信的人是的。然后还要给这个微微宝宝看看21、22号链接。大家不拍吗？不拍那个宝宝还在等，要不然我先给大家看那个。这个一单一单就只有这最后一单，我们还想看看是哪个幸运小宝拍到。是的，大家对它都不感兴趣了吗？那一单那就只能给大家放在这里了哈那就给大家放在这，待会儿拍掉了，我再给大家下，让大家见证一下。是的，哦哦哦哦哦哦恭喜宝宝恭喜宝宝，恭喜宝宝，恭喜宝宝抢到了。那这一单就放在这里了，给刚刚那个宝宝看一下那个14和15号链接。如果你两个都看的话，可以姐姐想看21号、22号链接。21号是那个礼盒，哦哦哦是礼盒，但我没有那个，你先给大家讲一下，然后我给大家找他有没有那个姐姐，稍等一下。这个真的是颜值贼高的，然后它也是一个特装的一个。刚开始发它里面是莫奈画集的一个特装的版本，然后也是150周年的一个纪念版本。大家做到的是一个飞机盒的保护，是这样打开的是双开的硬核书套，并且三面做到了双边。现在正在给姐姐就给宝贝去联系，去联系我们找一下样书，看能不能给您找到。大家都知道前段时间上海有书展吗？是我们上海书展的时候给大家要到的一个东西。但是就是现在我们还现在偷偷的在给大家卖，所以我们要书可能没在手里。我现在给您问一下我们的老师，来给您问一下我们老师，大家可以先看一下这个书，真的非常漂亮，而且我们是给大家做到了一个飞机盒的保护。它是一个这样从两侧来打开双开的硬核书套，并且里面全部给大家做的是三面的彩色刷边，特别的好看的，真的绝美，我真的来着真的超级的漂亮。然后那个白色您说的是哪本？您可以把链接跟我们说一下。是的，宝贝可以把链接告诉我们，然后继续跟大家讲，我们这个三面全部做了这个彩色的刷边，超级漂亮，里面还有什么？全部都是铜版纸，就是特别的好看,《莫奈画集（150周年纪念版本）》
你又来了这个青姑山，白青姑山坡。是的，恭欢迎宝宝。白色没有了，我去问一下，您稍等。这个没有了吗？可能大家拍的比较多，我给您问了，您稍等。这个颜值贼高，超级好看，真的有品味，非常复古性的。然后我就跟大家讲刚刚姐姐还在不在？行，拜，好的，后天见。我再看一下，这个真的是特别好看的，里面包含了450幅作品，就是让我们通过这一部作品来看懂莫奈。我们在这一步您要是拍的话，我们姐姐我们现在正在给您联系，正在给您联系我们的那个老师，看看能不能拿到直播间我们的样书。然后现在先给您通过图片来讲一下，是没有寄回来，实在不好意思。是的，宝贝，上海书展特供的书，我们是偷偷拿回来卖的。正常应该已经没有这个价格，要恢复原价。这个是有优惠的价格。是的，宝宝，这是有优惠的，因为它是我们上海书展的一个优惠价格，给大家保持住的。但是我们没有拿到样书，您通过这个图片您看到什么样，咱拿到手就是啥样，到手会比图片更加好看。因为我们那个三面刷边真的颜值贼高。而且今天大家拍我们99的1个价格，您拍到今天价格是99，日常在其他地方卖都是128，优惠过后128，因为我们封顶价是298。还会送给大家一个睡莲的手提袋，还有藏书票以及还原的海报是吧？对，都是给到大家的赠品，超多超美。有历史类的书。您稍等，我们给你讲好遗憾。我也想看看这个的样书，很漂亮，真的很漂亮。朋友们现在是有优惠的，您下单是这个九十九的价格，就是我们优惠过后的。因为您在其他地方买，它都是128的一个价格。只有在我们直播间舒展回来之后，给大家要的这个福利，现在是99的价格，好不好？刚刚看到腹肌朋友，白色的已经给您加好了，可以直接拍。在16号链接，在16号链接当中。然后历史类的书，这不来了吗？我们今天给大家带来的是我们大热的一本中文系必读书目。是的，这个是北京大学中文系的一个必读书目。你想一下它被加入到了北京大学必读书目当中去，是不是？由此我们可知这本书它是一个可读性非常强，它能给我们带来很多帮助的一本书。如果你对历史比较感兴趣，想要去提升自己，想要丰富一下自己的知识素养，然后让自己不要脑袋空空，变得更加有东西。我们都可以来看这本书。您读完这本书之后会有一种什么感觉呢？就好像我一下子上叫天文下知地理，就是腹有诗书气自华，能够给到我们的一本书。然后这本书是王利老师的作品，他是梁启超的学生，也是中国汉语言的奠基人。这本书涵盖了天文、历法、地理、礼俗等14个方面,《中国古代文化常识》
,「废话」
