﻿original,result
有有是有，但是这个说那这个说能上不咱这样，就是想看的多不多？百多，那个书贵。对，七百多，要的扣一米花。那个书有点贵，七百多块钱。但是全如果要的话，你打个小一，我等会儿给你看一下好不？咱要看李老师的书的朋友们多不多？多的话就是大家要看的话打一波小一人，多的话我给你们上。那个书大家也都懂，就是我有有点不敢上，有一点不敢上来。给大家来一波这个，朋友们，孙子兵法还有没来？有，我们给大家说一下这个书。这个书你看就是我们到现在为止，为什么孙武的思想到现在为止还在影响世人？因为人生如战场，职场是战场，商场是战场，就是想到办公室政治也是战场。所以这个数我们是能派上用场的。而且像大家现在搞营销的，我们做销售的，你们用的那个营销理论体系，都是从孙子兵法里面给他推导出来的。包括说大家学管理的，像哈佛商学院，欧美的些学校，他们在培养高管的时候，用的都是咱们孙子兵法来去当做教科书的。这个书它的一个用范围还挺广的，里面有很多高阶的思维，什么知己知彼，百战不殆，兵无常势，水无常形，什么上兵伐谋，还有什么不战而屈人之兵。哪怕我们学会一个，其实应该都会对大家的一个为人处世会产生很大的影响。这两套书，孙子兵法和三十六计，它是大的谋略，大的战略，这个是具体的方法论。什么美人计、反间计都在里面了。来这个书内容很全，里面有原文，同时是给大家带这个什么的。朋友们看吧，带注释的，带译文，就怕你们看不懂，生怕你看不懂。还有这个名家点评，兵法解析很详细，还有古今实例给你举例子，让你把这个兵法咱们给他用的透透的，好吧？很全，版权和书号都在这儿了，正版书可查可证。来这是一套。朋友们来后台四本，直接改39上车你倒数吗？大家以后还来找我，就这么简单。来吧，带大家来简单参观一下。朋友们，福利我就先炸到这儿，我现在大家来简单参观一下，看的过程当中，你们如果有什么想看的书，随时来跟我说好吧。这一套资治通鉴到手是六本，高定版的书是未删减版本的，就是三百多万字，全部都在里边，而且参考的是辅助本。天津出版社的给大家看一个好价。还有论语，然后这个也是高级版的三十六计，孙子兵法。这个是把刚才那个书给它拆开了，讲的更细，内容更多，开门也很多。六大名著朋友们，这些书都是我们线下走通过渠道的书，还有曾国藩本草纲目。朋友们，这个是资治通鉴御批版无删减的对，这些都是未删减的。来还有这个名将篇，给大家大概看一下，讲什么岳飞、左宗棠、徐达、关羽、韩信,《孙子兵法》
这个是名匠十本，一盒是十本。带礼物带磁吸的这个书扣这个是名相片，打开以后还是十本。还有这边是45斤高定版的，包括刚才想看这个老师说的，要看这个老师书的朋友们还在不在？在的话打小一，等会儿给大家来看，好吧？来还有这个书，美术就是那个美术生的书。您这样来看，可以名将来一套是吧？来给您看一下名将杨霞姐姐来看过来了，您在在您看这个书可美不美？很美，是不是礼盒装？来都是礼盒装，咱们给自己孩子卡送人都行。岳飞，您是稍等一下，徐达白起卫星咋弹窗了，你是弹窗了，先上，大家先发一下，一会儿我再给大家讲一下，好吧。我还以为我又说啥了，要把我抬走了。戚继光、韩信，还有李静，这个是弯弯过来的，弯弯过来的不是大陆这边的。十本书一套，我给你看一下里边，它都是双峰书，很美。来双峰书名相片看一下里面的排版印刷，这个书就是品质很好好不？华中科技大学出版社的一个书十本。然后这十本的话到以后带这个精美书壳，还带一个帝王世袭表。带个很大的一个帝王蟹的家里书房。对，就是给孩子学习更方便的。然后还有一个包包，然后还有一个磁吸的书签给大家携带的。这个我再给大家看一下价格，这是一本的价格。你们如果去线下买的话，书店买的话这是一本。今天是十本，十本给大家一盒装的，拍两套。后台准备一下链接，99开199，直接上名将，开名将开199。然后这个时候给大家看一下，有要的有药尼诗的是不是？药尼诗的朋友还在不在的话，打一波小一好吧？这个书给大家快回来讲一个。来金匮要略一本，针灸大臣一本，神农本草经一本，还有黄帝内经一本，伤寒论一本。朋友们另外还有笔记，还有这个书，我等会儿来跟大家讲，我说一下给大家来翻开看一下这个书。朋友们看这儿，这个它是原文译文加实录的，视频里说的话都有了原版的。就是大家找那个黑皮在金方管陈列的那一套。对，这个是原版，其他的都是黑皮的复刻版。大家都知道这个原文的话，它是文言文，对吧？但是这个是给大家直接翻译过来了，是那个繁体字，这是直接给大家做成简体字了。这个部分它是什么？它是绿皮，就是那44册对照书里面的译文。这下边的这个白话文，它全部都是这个里面的视频翻译出来的，对照的是书里面的实录，一共是五本书。跟大家来说一下，还有三本是笔记，黄帝内经的图文笔记，还有针灸这个图文笔记，还有一个神农本草的笔记。大家看一下，里边我给大家翻一下，他是根据书还有视频的核心知识点给他总结出来的,《名将》
学的时候咱把书籍视频笔记给他同时打开同步的。这一套都是由他的野生弟子助于整理出来的对，这有很多是他弟子手写的一部分笔记。然后就不管大家买哪个版本的书，这一套都能配得上。七百多块钱是给大家，一整套都有了，你们就需要给你们弹窗了，直接带回家去看吧，好吧？对，然后基本这个是买这个，然后这些都是赠品。大家也不知道，这个书的版权现在是到手是九本，买一本送八本。然后还有有视频也是送的，这个视频里边有130多、130斤。来再上30秒，赶紧把这个下了，好不？这个我不能上太长时间，大家理解一下好不好？来咱们现在有没有新粉丝？是不是来了很多新粉？是的，怎么一下来这么多新粉？这样有新粉的给大家上波福利，朋友们的新粉朋友们给大家上波。这个来资治通鉴一套四本，29，来新粉打一波666后台准备一下链接，准备一下库存。我说一下这个书，这个书它是讲权谋的。司马光花了19年的时间写了16个朝代1362年的正史，写给谁看的？写给皇帝去看的。让皇帝看什么呢？看里面的政治经济，还有军事，皇帝这个角色干了什么事儿，以权谋君临天下的活这个事儿这本书它是高度匹配的，但是它对于我们现在而言，其实一个参考意义非常大。你看古往今来什么都在变，唯有人性不变。司马光在里面把人性这两个字是给他琢磨的透透的。很多的大老板、领导、董事长在他书架背后都会有这样的一套书。他们在看什么？他们在洞察里面的人性，他们在学里面那些权谋，他们在谋里面那些城市的方法和策略。朋友们，冯涛老师把它称之为一本破局之书，历朝历代成大事人必读之书。看一下，这是我开的版本，朋友们来看过来吧。硬壳形状的这个品质很好，肉眼可见。伍叔开的是一个文白对照的版本，有原文的带译文的，文白对照肯定能看明白。来新朋友尤其看这个版权书上都是有的，确保正版可查正版书确保正版可查可证，好吧？好的，一套来后来几本来六套29上车，新朋友就是给大家走一波图，啥以后你来买书来找我。好不咱有的说这个什么块儿八毛的，有的书纯纯就是福利，给大家上了。来，还有啥这个是不对，长短金来给大家来波反金。朋友们，我说一下这个书，这个书应该有很多朋友之前是不是在淘宝找不到了，它就是大家在找的反击。这个书和资治通鉴两套书是并称为古代的两大帝王之书的。只是资治通鉴他讲的是阳谋大道。然后这个书它里面是讲一些阴谋诡谋，就是有一点后悔的意思，所以在古代是一直被打压，打压就不让人看,《资治通鉴》
那么什么叫反间呢？反间的意思就是说世间的万物没有什么事情它是绝对的，都是相对的都是相对的。然后有正必有反，有阴必有阳。反间里面就是用反向的思维来去跟大家谈权谋，教大家用一些反面的思维来去思考事的。他的作者是赵蕊，赵蕊是李白的师傅，他这个人终其一生都在研究一件事情，帝王之术。像这个书里面就记载了大量的皇帝是怎么样来去统治老百姓的。什么时候实施大道之术，什么时候实施王道之术，是如何来去驾驭部下的，怎么样来去掌握这个长短之处的，道理都在里面了。如果大家想在持人的时候知人善任，或者说想在处事的时候随时变通，你们都可以翻一下这个书原文。而注释戴玉文的这个是一个三全本人都能读懂的一个谋略之书。乾隆皇帝还有南怀瑾来共同推荐的团结出版社大麦哲的书，正版书一套。朋友们不便宜，但是今天直播间给新粉朋友们，咱们走一波。来三本书给大家开到29上车。好的，三十九朋友们口误掌嘴，来39上车了。这个时候你们也可以出去，现在去找很多渠道，淘宝你们找不到了，好吧？现在我有直接去带。来再给大家来一个来个鲁迅来吧朋友们给大家来一个鲁迅的书，有用。对，咱们家书开的便宜，有的地方如果太偏了或者是过去不方便，我就纯纯的福利。所以我基本上都是包邮的。偏远一般可能会有一丢丢的那个啥。来看一下这个是鲁迅的书，朋友们看一下哪几本？给大家看一下茶馆，这是老舍，老舍来我这一辈子脑子不在线登机了。同堂骆驼祥子，还有一本济南的冬天五本。这个书是大版社的中国出版社，还有现代出版社两个大版社的书，双峰书，青少年必读名著的。家里有孩子的你们就顺便收到给大家发是全新的书。如果有瑕疵的话，可以联系客服给你重新发补发或者是退回来带塑封的，都是全新的。来生僻字带注音，还有注解的。这个是个微黄的护眼纸，加厚的纸张。朋友你们自己来听声音，加厚的纸张来毒品物资，还有后面的读书笔记，边读边记边写。正版书版权页、书号都在的，可查可证，查可证。来这个是123四五本，五本直接给他改，49上车。好的，49块钱没啥说的，这个时候咱们就当个见面礼上一下。鲁迅上一下来朋友们看过来，给大家来走一遍，看一下，给大家看一下呐喊彷徨、祝福故乡、故事新编、26正传，还有杂文精选野草，还有短片文精选朝花夕拾狂人记、孔乙己和刚才老舍的是一样的，是一样的出版社，朋友们，里面的纸张也是一样的，就里面的所有的排版印刷都一样的,《反间》
这是五五，本来今天也是一样的，开一个价，49来5本鲁迅上车，三十九宕机了，来39上车了。朋友们好的，后台还能开啥？说你看一下我后面福利还能开啥。来这样，给大家来个这个史记，来给大家来波史记。朋友们，史记我想给新粉朋友们炸福利，来给大家上播。这个时候后台是这样，所有朋友们先听好啊，咱们有新粉朋友们，大家听好了，来一套史记全集未删减的版本，给大家开到39，给力不给力？给力后台来统计下库存，咱们新粉朋友们打波666成不成？好的，史记这个书，它和资治通鉴是并称为史学双璧的，它在我们国家地位很高。官方正史二十四史第一步是什么？就是史记了，它对于后世的成熟影响很大，像什么汉书、后汉书，包括三国志，还有像什么水浒传、三国演义，都是受了史记很大的影响，都有他的影子。我们知道的什么刘邦、韩信、吕不韦从哪里来的？史记里面来的史家之绝唱，无韵之离骚。鲁迅给他的赞誉，我们历史上很多的大的文学家，大的历史学家都在研究他，包括曾国藩扳豪钱穆是一直把这个书当做一个什么书，传家宝，子孙后代必读的。如果家里面有孩子三年级以上要开始接触历史的，咱们就从实际给他看齐了。光明日报出版社大阪社的一个书，朋友们来看古色古香的一个书，硬壳精装的，给大家看一遍，我是不是举得有点高。130卷是全集，里面是原文带注带译文，生僻字有注音。朋友们来这本书版权书都是有的，确保正版可查可证，好吧？一套书带书箱发货，来后台准备一下链接吧。几单来给大家上四套，宝宝们直接上，39上车。好的，给大家到手确保都是正版新书假一赔三包邮加运费险的。你们就来我直播间，咱们就能顺手带就顺手带。虽然说不说大家赚到了，但是以后来要花更高的价格，没那个必要。来我们来这个四大名著每家每户必读之书。有没有朋友到现在为止还没有给孩子买这个书的，家里面书架上没有这个书的，来，我给你开，朋友们看一下，开的是全集未删减版本的。西游记开的是100回的，还有红楼梦开的是100聊斋有的三国演义开的也是一个120回的。哪个出版社的？光明日报出版社开的都是大版社的书。水浒传大家也都知道，市面上有很多是不是六十回八十回的，我这也有，我给大家开的是100回未删减版，没有的还有20回，那个是书上加上去的。朋友们，这个古白话文的生僻字带注音的，然后注解都在这儿。来给你看这个新的红，往这儿看，版权书上都是有的，确保正版可查，确保正版可查拿回家以后输的身份证可查可证,《史记》
好，不来一套四大名著，再给大家带一个印章，稍等一下人物关系图，后台来直接改。四单39上车。好的，给大家到手确保都是正版新书，假一罚三包邮加运费险的。刚才聊斋和王明聊斋有吗？先来个这个，聊斋开的是一个文白对照的版本，到手是四本。郭沫若评价啥来着？肯定要聊斋的朋友知道，评价他写人写妖是入木三分。刺探四写人写妖高人一等，刺贪刺虐入骨三分。这里面写了很多角色，每一个角色都有自己的特点，而且里面很有趣，都是直指人性趣味的。啥叫个文白对照？来给大家翻一下你们就知道了。有原文带译文的文白对照的版本。这故事也都不长，都是正版书，版权人书号都在的，确保正版可查。这个朋友们强调一下，是新书我就跟你们说，库存书我也跟你们说好吧，新书直接跟他拍。后台来翅膀，这个拉拉两套。来吧，400链接给239上车。来，我把对照的版本过了，王阳明再来，在这王阳明是吧？王阳明在这儿，正好在旁边。来，朋友们，王阳明知识行之始，行事知识纯修身修心必看王阳明。我们古代的历史上有两个半身人一个是什么？一个是孔夫子很少当中有就是王阳明。王阳明很厉害，他基本上是没有打过胜仗的。所以大家都说能文能武，文能提笔安天下武，能上马定乾坤。如果说大家现在你的当下处于一个比较低谷的时期，你比较焦虑的、痛苦的、迷茫的。大家看一下王明能在里面找到一种非常强大的一个精神能量。我看了王阳明的朋友们有一个特点，大家知道市面上的王阳明是分为三类书的。一类是讲文明的心学，一类是讲文明的大篆，还有一类是整理王阳明的文章的这一套三者合一六本开本多，为啥？内容太多了，直接给它合到一块儿了，以后再有完本的书大家都可以不考虑了，这一套全无了，版本很好。来辽海出版社，出版社的书16开大开的朋友们感受一下。这个是个皮面的，给大家看一下。里边我们翻开看这个排版印刷行不作业行间距很大，字也很大，但看起来舒服，舍得用纸。给你们说打板的时候，就是冲着高定版去走的，版权说都是有的，确保正版可拆。不便宜，你看我刚刚才开的那个，说是我们不便宜。来吧，我就直接给他开了六本，今天三位数也不开，直接给他改。有译文的，有有英文。来七十9上车。好的，本草纲目一套六本，本草纲目是吧？本草给我们来个高货，好吧，曾国藩有啊有注释吗？那个是原文译文，来给大家来个本草纲目，给大家上个高低版的书吧。曾国藩在这儿一会儿给大家看啊，两个版本是一样的,《聊斋》
这两个版本儿本草纲目也好，还是曾国藩也好，给大家开的都是我们线下专供渠道的一个书。现在八一我就不好说了，我就先不讲了好吧？说一下这个疏中国书店的，这个是个皮面的朋友们，大16开很大的一个书，这个不是一张画，你摸上去是有凹凹印的，烫金的，是皮面的。对，皮面的。很多朋友们，大家找本草纲目的朋友，你们应该都知道这个。2013年的就是大家看2015年之后的是不是都没有这个李鸿章有是不是都没有人？是的，我们这个是全集，人部被删减都在里面了。它是插图，白话本的书很大也很厚，开本的是开了足足六本。然后是给你们带书箱发货，这个书是高定版的书，咱线下是走这个新华书店的这版權書，都在这儿了不便宜的。所以其实说白了现在其实动销也确实不快。今天直播间也没有几套了，这个书同系列的。像我记得我们家有个山海经，还有啥来着？金黄金内心也没了，这个就是拍一本少一本，给自己留了几本送人的。要的朋友们今天来听好了，后台拉出来两单，直接给大家改。188到手六本朋友们带书香发货的。给大家看一下这个书挺大的，你们看十六开大开就这么大，而且很厚。给大家都是这种纸箱发货的，123456都在里面。给我翻开来，曾国藩再来给大家看一眼，也是六本。这个书有要的我就给你们开了，好吧，有没有要的？要的打一个小一，等会儿过来给大家开成不好的来给大家来波新粉福利，5000年给大家来一波。有没有新朋友先说一下，咱不卖关子，一套四本，上下5000年29来给不给力？朋友们给力炸不炸裂？喜欢的朋友们，大家就是新粉的打一波，66后台来统计一下库存。上下5000年，市面上版本说实话真的特别多。为什么你来我这儿要买这一套？来给大家来看一下。咱用实力说话，一般的来说市面上都是从远古夏商周给大家讲到唐宋元明清，开到这儿没有了，我给大家开的一直讲到开国大典，加量不加价。朋友们，四本里面都是用小故事串联起来咱们中华文明的历史脉络。拿回家去读，历史脉络搞清楚了，咱再去读别的书都易如反掌了，轻松了。版权上都是有的，确保这班课程来一套四本，后台几单来四套，29上车。好的，这个咱就过了。刚才还有要啥来着？上一下李鸿章砂岩有吗？没有竖版的，但是手机上面，实际上面实际头上面，这个是吧？这在这来李鸿章要李鸿章来这给大家快快过一波。曾国藩全传有一本，李鸿章全传有一本，然后左宗棠全传带一本。这是林晓光住来，朋友们看里边排版印刷，这个是都白话文，这咱就不说了,《本草纲目》
给大家看一下，这个地方版权书都是有的，确保正版可查。新书，这个是一本的价，这是一本的，拿回来三本，这个能开多少钱？29来吧，29 3本上车了。新朋友们，你们正好有喜欢的，我这儿有拿回家捡个漏。来吧，上车了。三言我没有竖版的，但是我有三言两拍，你看你要不要要不要看，要的打一下。小一好不来，琼瑶的小说有吗？小说今天没上，今天没上小说，点个关注。咱以后有的话，你过来好，不来给大家来一波这个。初中名著还有没有？还有来吧，给大家来本书中名著。朋友们来看这个六本，给大家来看一下，有什么书给大家看一下，镜花缘、猎人笔记、名人传记、电影春天、奥美偏见，还有简爱，六本书，朋友们开的都是精装书，它是双方的，都是全译本，翻译过来了。然后的话我跟大家说一下这个书系列，我们原来是有七八十本，就现在卖的不全了，是从剩下的这些里面的，对照着我们孩子初中高中必读的名著书单给大家整理出来的。一共是六本，现在我给经销商处理的话，一本是九块钱，不如给大家一本九块。六本是多少钱？接下来不说了，咱接40块钱，不开来直接改。39上车，朋友们一套39。如果直播间有老粉丝的这一套你们一定要带，因为我本身整理出来的也就100来套了。你可以看一下，现在销量就没有多少了见底了好吧，以后再过来，有可能这个书就没有我正好过来了，家里面有初中孩子的，高中孩子的，直接去带，对吧？一套六本，到手六本，给大家都是包邮加运费险的。刚才说了个啥说了个啥来着，来再给大家来走一波。刚才是不是有个叫曾国藩的，要叫曾国藩的朋友还在不不在，我就先不讲了。好，不给来一波四大名著，朋友们来看这个书，这个时候有没有到现在为止家里还没有的一套四大名著？所有朋友们听好了，全集未删减版本的给大家开39，咱们刚来的新粉丝们全屏打一波666好不好？后台来统计一下库存，这一套书我说一下全集未删减版本的，三国演义是120回，红楼梦是个120回，西游记100回。说一下水浒传这个书，市面上60回到80回的都有。我给大家看的是100回的光明日报出版社出版社的书，到底是不是100回？看还有20回，那个是书上加上去的。咱一百回已经是拳击微伤了，这儿是生僻字带注音的，还有注解拿回家吧。孩子看你看都成，版权书上都在的正版书，朋友们这个咱就别担心了，好吧，可查可证。来一套带书箱发货后台来准备一下四本出来，39上车。好的，一整套。家里没有的你就赶紧去拍,《初中名著（镜花缘、猎人笔记、名人传记、电影春天、奥美偏见、简爱合集）》
咱有的说确实挣个块儿八毛的，有的说就是给到新粉丝们一波纯纯的福利纯福利。来这我就过了，再给大家来波这个。福尔摩斯我顺便来走一波，正好走到这儿了。朋友们来说好啊，一套四本福尔摩斯风靡全球的一个探案小说，开二十九新朋友们给大家的一波福利，朋友们有新粉的咱们打波66来吧。给大家说一下说如果家里面有孩子的孩子，他的数理化的成绩相对有点弱的，或者说他的这个逻辑思维能力、他的推理能力、他的观察力、他的思考力相对而言有点偏差的。你们都可以看这个书，老师推荐大家给孩子买的一套书。我开的是全集，已经翻译过来了。光明日报出版社出版社的书，看里边排版、印刷、版权页、书号都在这儿了，版权书号都是有的，确保正版可查。一套4，本来后台改一下价，几套四套是吧？来29上车。好的，给大家都是包邮加运费险的，反正这个书你们正好刷到我了，你们就顺便给孩子带一波。来论语来给大家来一波。这个论语朋友们开的是一个比较特别的版，是一个名家批注的论语。大家看到市面上很多论语是有原文带注释，但是那个是一家之言，他是记录孔子和他言行的一本书。这个里面是带名家批注的多家之言在里面。我们一起来在里面探讨一下，这个去学。来朋友们看这个原文，带译文，带名家批注，它是带绣像图的。这个是双彩印刷，双色印刷的。这个纸也蛮好的，有一种那种宣纸的那种感觉。来我们这个是穿线版的，好吧？到手是四本，四本一套不易包脚的，带硬合金装有牛角扣的。这个给大家拉四单出来，直接上，39上车一套。宝宝们39论语就直接给你们上了，好吧？20 40有啊，20 40有来就这。二十四史嬉笑而生。你看一下这个是高山主编的。大家应该知道就要20 44室的朋友应该知道高山他的这个绒的这样的一个地位。提前跟大家讲好啊，二十四史它肯定不是一个全集的。因为他这个就是他的一个原文，有非常多次，好像是几千万字。如果我们接下来不去做任何事情了，我每天只看书就看二十四史，要看好几年，所以他肯定是个精选版的。我们如果说全集的话，适合这种专业研究者去看，这个就是咱们普通家庭去看的话，完全已经足够了。来看高山主编的在这儿，还有它是光明日报出版社的一个书，文白对照的全本。这个是一个典藏版，一共是26本，它里面是十六本，十六本来这个是原文，然后带译文的文白对照的，文白对照的版本拿回家去看吧，版权说的都是有的，确保正版可查。这是一套，一共是十六本,《福尔摩斯》
咱今天肯定不是这个了，这个后台拉两单，拉两单出来一套十六本二十四史高山主编完败，对照来开138上车，好的一套。这个书挺重的，拿回家书放书架上。他整一个，哇塞来这个书我就过了，好，不来大家还想看什么书？新朋友们有没有新粉丝？刚刚刷到直播间的朋友们，小学秘书还有没民政记？有的，有要名人传记的是吧？那是这样子，我先给大家上波小学名著，然后给你们来波那个名人传好吧？朋友们来往这儿看几本书，六本给大家看一下，六本我先说一下，是小学生的世界必读名著。家里面有孩子注意看我，这个环节看的都是全一本翻译过来的。这个书都是双封的精装书，来看里边微黄的护眼纸，纸字儿挺大的，孩子看着也舒服。全部都是正版书，可查可证的。我们这个系列再来给大家强调一下，本来七八十本就是卖的不全了，现在剩的这些发大货也发不出去了。所以就对照着还是必看的小区的书单给大家整理出来的。出了六本出来组了一个组合，然后现在处理给经销商，一本是九块钱给你们。咱六本是五十四不开，直接开39来后台上车。但是我这个得说一下，这个确实不多了。本来一共是整理出来有一百多套，初中一百多套，小学一百多套，到现在为止就见底儿了。大家你们有需要的，咱们就顺手带一带好吧。都是正都是什么正版书？小学的我就过了，有没有要中学的？要中学的，咱们扣波小一，咱就先来上。如果没有的话，我就先给大家开别的福利了。好，不听大家的好吧？来这个没有这个我上个月就炸完了好吧？来资治通鉴给大家炸一波。新粉朋友们给大家来一波大书吧，就是做一波见面礼，来好多新粉是不是？是的，给大家说一下这个书，点赞的刷666的。这样，先来说清楚，朋友们这一套给大家一套四本资治通鉴，到手二十9新粉。朋友们是新粉的。刚来的第一次刷到我的，咱打波666，后台来统计一下库存资质推荐。这个书很大，他是讲权谋的。司马光写了19年的时间，花这么大精力让皇帝在里面看什么的，看政治经济还有历史，皇帝做的什么事情。这个角色做的是以权谋君临天下的活。这本书对于他而言是高度匹配的。到现在为止，很多的领导，什么董事长、老板的书架上都有这样的一套书。他们在里面看什么呢？他们在看里面的人性，他们在学里面的权谋，他们在学里面的尘世之道。几千年过去了，什么都在变，但是只有人性没有变。司马光在里面把人性写透了，咱们只要把人性读懂了，则万事可破。冯丹老师把它称之为一本破局之书,《小学名著（组合）》
来看版本，朋友们，这个是文白对照的原文加译文，文白对照的版本来看，这儿版权数都是有的，确保正版可查，正版可查好吧？几单五套朋友们，二十九新粉福利上车。好的，给大家到手，确保都是正版。新书假一罚三包，加运费险的天无理由可退。都是正版书，有的书确实挣个块儿八毛钱，但是有些书纯纯给大家的一波福利，好吧？来大家还想看什么书？新来的朋友们有想看车的，你们也可以来点菜。沉默给大家来一波这个，史记给大家走一波，朋友们。史记证书和资治通鉴是并称为史学双璧的，它在我们国家的一个地位还蛮高的。二十四史的第一部开就是第一步就史记了。我们知道的像什么刘邦、韩相、吕不韦，从哪里来的？吕后、秦始皇哪里来的？都是里面来的。咱们就是鲁迅把它称之为史家之绝唱，无韵之离骚。曾国藩和钱穆是一直把它当做一个必读之书的。家里面如果有孩子的三年级以上的，现在要开始学历史的，接触历史的，咱们就先从实际看起。这个里面有很多典故，孩子读懂了以后，他去写作文也可以引经据典。这个是全集未删减的，光明日报出版社大版社的一个书，130卷都在里头。朋友们看看到没？是不是翻的有点快？130卷来原文带译文，生僻字有注音的朋友们来是不是这么来说，大家看一下，版权书上都是有的，确保正版可查这一套。后台拉四单，给大家带书箱发货，朋友们一套直接改39上车。好，第四套你们就是拼拼手速，给大家都是包邮加运费险的，都是正版书。这个反正就别纠结，咱们家卖书正版书是底线，你们可以放心，还是放肚子里边了。来中医四大，给大家来一波中医四大的套路。朋友们学中医的，或者说人到中年开始觉得什么金山银山不如有好身体的，你们开始懂学养生的，咱都可以把这个书背上梳开的。这个出版社挺大的，专业出版社，中医四大。呸中医古籍出版社。对，中医古籍出版社，懂的朋友知道，这个是咱们上面当时点名要成立一个出版社，所以他出的书大家可以闭眼拍。这个是个烫金的一个封皮儿，硬壳精装的皮面。看里面皮面的朋友们很舒服，软的很，来给它放里边。原文带图，注释译文都有了。三全本这本版权说的都是有的，确保正版可查。第一次来朋友不知道这个是说的身份证拿回家，出版社地址、电话都在这儿，可证可查好吧？四本朋友们来吧，给大家看哪四本，看一下哪四本又差点忘了给大家经有黄帝内经一，本来伤寒论有一，本来还有金匮要略，还有便条变600块了，来四本直接给他上,《史记》
39上车了，朋友们没啥说的，这个书纯纯福利给你们放了，好吧，给大家搂一波。来，再来接45斤，来吧，来个45斤。朋友们，我这个老推的时候，我要抬他卡住来。四书五经、大学中庸论语、孟子、诗经、易经、礼记、春秋是不是都在里面了？是的，咱们这个华夏5000年，儒家思想影响了我们三千多年。我们既然要出去做事情，是不是得有一些行为准则，是不是得有一些道德规范？人义礼智信，忠孝廉水，我们哪里来的？中国是有的，修身养性，为人处世，只有这四书五经的把它里面是讲的兔兔，咱们中国人的一个精神滋养在里头。朋友们看一下，看的这个版本，书壳子这个是个断面的，断面的45斤里边16开的一个大开原文注释带译文的来带图好吧，版权书都在这儿，版权书都是有的，确保这边可看这个书说一下，这个书以前的时候库存书就是他现在想清出来挪一挪地方的，拿一点资金给他，再上一些新的书好吧？来吧，一套后台来拿两单，直接改，49上车。好的，大家就给大家搂一波，好不？49块钱，朋友们还想啥呢？一整套16块大开，还带一个书可拿回家去看。如果不是说放了有一段时间了，这个价格真的拿不了。好吧，你刚才要啥来着？三国志来看，这不是英雄，不读三国。朋友们给他来套三国志。这个书是一个啥是个文白对照的一个珍藏版的书，它是一个绸面的，朋友们来绸面的书。说一下三国志，就是有很多朋友们，大家就说怎么还有个三国志，不是三国演义吗？三国志和三国演义，它其实是两种，说我们知道的什么像孙权、曹操、刘备，都是刘罗贯中的三国演义给到我们的刻板印象。但其实，大家想看这个正史，想看历史的话，你想看真实的历史人物的话，还是看三国志。因为三国志，它讲的是正史，它更讲究的是中立和考究。但是三国演义，它是文学小说，就是它里面的是七分实三分虚，有情有义有美人啊。想看正史的，看历史的，咱们就来看这个。但是两个都是好书本上来说，朋友们来给大家看一下，这个一共是六本书，都是绸面的。这个是裴松之作著的，三国迷们都知道它本身是只有75万字，但是给大家开的这六本下来一共是144万字。因为裴松之老师在里面有大量的注来原文，这个是裴松之的注，还有译文。一共是174万字在里面了。好了，这个咱就不翻了。好，我们拍卖印刷，你们自己看一下正版书，版权书都是有的，确保正版差。这个书也是一个高定版的书，但书壳然后一套后台直接上。七本来上个76本，上车好的，76块钱一套,《三国志》
三国志拿回家研究，不是英雄不读三国。你们自己去看吧，就这个价格我们自行去感受。正版书都是可证的。好，不来个啥上这个徐霞客我没说来，正好走这儿来给大家来波给大家放一波徐霞客。朋友们来看这个书吧，徐霞客的书，徐霞客游记。徐霞客是一个千古奇人，他提在哪儿了？他生活的那个时代，大家都是以修身、治国、齐家、平天下，就是我们都是以为官为正道的。但是徐家坡我偏要去旅游，而且他一游就游了半辈子，他就活了五十来岁。但是三十多年就34年都在旅游的路上。他的这些书里面，现在讲的一些地方，记录的一些景色，都是我们到现在为止竟然没有办法去到一些人际涵盖的地方，还有一些是没有开发的景点。我们到现在为止，其实谈论这个徐霞客的时候，更多的是在谈论他的一种精神，就是一种敢爱自己的，敢用自己的这样的一个意愿和喜欢的方式来去过自己一生的这样的一个精神。明朝那些事儿结尾就是用徐家汇的故事来去探讨什么是成功的医生。宝宝们看吧，团结出版社大版社的书哈里边是原文注释带译文的正版书，版权书号可查可证。人活一生，草木一秋，对吧？什么活都是活。新加客真的可以说是大家的偶像了。一套是能开，你看一下单能开多少钱来着。来吧，五十九朋友们，12345 500倒数59，拿回家看一下。如果现在有抖音的话，徐家科他肯定是一个千万级的一个旅游博主了。来这个我就过了，一套徐霞客邮寄来。大家还有没有想看的书婆们这样，带大家来参观一下。资治通鉴是老版本的还是新版本的？目前版本是新版本都有啊，我都有精选版的，还有未删减的都有。你看一下你是要精选的还是要未删减版本的，你跟我说一下，你打出来我来给我来给你看来，带大家来参观一下朋友们，这个系列的书刚才刚才给他炸了一波，这个是库存书。然后你们如果还有要的，我再来给你们放拉拉着。然后预批版的给大家来看一下这个卫生间，看看这边这是新书，20年这个书就贵，就是有点贵，除了贵没毛病。它是司马光诞辰1000周年的一个纪念版，特点是什么？康熙和乾隆的御批在里边。我给你打开一本看一下。这个到手一套24本，一套是24本，我给你翻一本来看一下，翻这个。来原文，然后带到译文，同时还有这个康熙御批，还有乾隆御批，就康熙御批和乾隆御批在这个批文下面还有一文。这个是生韩愈，他是一个文史大家，就是普通世人的思维，还有皇家思维都在里边了，就共同来去看这个字的重建,《徐霞客游记》
你感受一下这个排版印刷，肯定是正版书，这个咱就不用说了，好不？版权说的都是有的。这个给大家看一下多少？这个是24年4月的书，这个价格1100万次。资治通鉴前原文才只有三百多万字，有八百多万字出来，就是各种预批都在里面了。还有译文，还有一文，这个版本中华大讲堂E然后康熙乾隆御批，司马光花了19年的时间写的。来，我们这个我就准备上了，这是1套123多少？本来着24本，然后给大家直接上，后台来直接上两单。399上到399。好，不给你们上399。这个确实线下走的不便宜的。咱们今天399直接带了一套全系被删减带雨披的，好不好？金新书20年的新书，新版本的团结出版社肯定是新版本的。哪里出版的？团结出版社？就是我一上来就给你看了，团结出版社好不来？这会我就不看了，好吧，这我就过了。来大家还有什么想看的书，带大家来这边转一下，转一下高定版的书吧。有新粉的，大家是新粉来打波六六给你们来波新人福利好不好的。来朋友们，曾国藩大叔开本六本周易大书，这个都是高定版的线下组特供渠道名相片名相片儿。四书五经，有没有要这个老师书的？有的咱们打波小一，这个老师的有的打波小一，还有这个美术生的皇帝全传都有。这个绝版书没剩多少了，十本，还有一个苏东坡。对，两者有一个办公室全书，还有一个国学百部，还有文学白布纸陶瓷史，没有陶瓷史今天没有。这有一个中国电影编年史，这也是剧本书，没剩多少货币史，有他要中国陶瓷史，没有货币史，没有。那个老婆婆先进智能，来智能全集大王挖看看，有的，我还没找你，sorry，走太快了，我是飞毛腿。来朋友们智能全集好吗？卡卡来给你讲一下这个书，正当权益这个书我来讲一下朋友们它和资治通鉴的是什么？就是它是称为挺经和并建有一会儿给你开个国藩全集，对他被称为小资治通鉴，为啥呢？智囊冯梦龙在里面搜集了一些货币史，稍等从先秦到明代，然后讲了很多的什么帝王将相，还有什么明君贤臣，还有什么像什么能人富士市井街巷，还有一些精明到制图都在里面了，写这些人身上发生了什么事，他怎么处理这个事儿的。处理这个事的时候，用了一个什么样的高明的智慧。这个高明的智慧是如何想出来的？就是锦囊类的一个书。如果大家觉得我是一个直肠子直性子，我在生活当中吃了不少明亏暗亏的,《智囊全集》
你们可以看一下这个书，它里面的故事都很短，但是都是在教大家怎么去为人，怎么去处理、怎么去博弈、怎么去对抗，怎么去避险的一套书，就是一个方法论的书，好吧？讲谋略的，给大家看一下里边，这个就是正儿八经风吹哪一页，咱们就看哪页了。里面每一个故事都很短，他不像很多书，我们得从头看到尾。咱哪怕一天看一个，有原文带译文，一年365个，那就是365个故事了。正版书、版权书都是有的，确保值班可查。来两本这个书很划算，团结出版设备给大家开。29上车好的全集，曾国藩还有货币史，货币史看一下。好，来吧，先给大家看哪个，先看曾国藩这个箱子，就先给大家说这个。朋友们来看过来了，曾国藩全集这个是六本开本，看了六本，它是中国书店出版社的大版社的一个书，不是所有书店都叫中国书店，这是我们家线下的专供特供渠道的一个书。但最近八一我不太好讲，我就不说了。大家应该都知道，这个曾国藩全集他有一个特点，就是他的什么像这个什么家书、挺经、兵谏，都是从这套书里面给他出去的。咱们有这一套曾国藩全集，其他的说其他的中国翻咱们就可以不看了。给大家看这个品质，这个是个皮面的大十6开。来这个是带凹印的，摸上去它不是一张平面画。看里边朋友们给大家翻一下，这个是白话文，白话文的最新整理的一个藏版珍藏版的一个书。什么修身处世第一卷、第二卷。你看曾国藩的家书，我来给他翻一下，你们就知道了。我就翻第一本，翻第一本。曾国藩的大篆家世，还有第二卷是曾国藩的家书。来再来给大家翻一翻，十人交友在这，这是第二天。对，来玉子持家育子之道，还有第三卷持家之道挺金边线啥的也都在里面了。我就给大家大概翻一下，这太多了。这个书开本很多，六本要不然写不完。为政治军第四卷这才到四点，这才到第四卷，后面还有曾国藩的家训，好吧？不，一个一个翻了，这个太多了。好，不就大家知道就是挺近，什么家书、家训都在里面了，冰鉴都在里面了。这个书线下是走新华书店的经销，新华书店的那高定版的书。我们目前为止这个书出完了以后我就不出了，就是剩的也不多一套。今天咱也不说这个了，直接给大家加开一个三位数的价格，一套六本。这个书挺大的，好吧，你看16块大开比一下。来吧，后来拉两套，188上车，188，来再给大家来上这个。刚才要这个是吧？货币室这还有一个西洋镜，还有一个三国，还有个故宫里的中国史，贼好看。对，真的贼好看，太漂亮了,《曾国藩全集》
这个是个特装版的书，中国货币史，这个也是特装三面霜边儿的，这个是3D立体的，两边3D立体浮雕，摸3D立体浮雕。对，你看这边来给大家翻一下中国货币史。这个说咱也看不明白，我就不跟你讲了。给你来翻一下里边唐代的货币，什么进到随的货币，两汉的货币，货币的发生就翻一下目录，看一下是不是你想要看的书，你想找的书，两宋的货币，大概翻一下金源的货币、明代的货币、清代的货币。来就翻到这儿。朋友们，这是一本，里面是带这个彩图的彩色印刷。这是有注释，看到没？来这个书O不OK我就翻到这，成不给大家看一下是不是正版书，版权书都在的。后来这个书能开不？99块钱好吧？新书2024年的四月第二次印刷新书，正在发大货的一个书里面看一下，可以给大家再看一下，给你翻翻一下里边。对，这里边都是有这种带印的。你看货币出来的都是给彩色印刷带彩图的对，后边台币什么都有。对，然后还有注释好吧？来吧，99块钱弹窗了，需要的朋友咱就直接带了好吧。咱们那个主播休息了，风吹麦浪老粉是不是一看就老粉，这个咱就过了好吧？然后带一个这个带一个书袋，带个书袋。对我觉得这个书它就是侧方这个印刷，就是日进斗金的意思。来刚才还有啥书来着？忘刚才还有啥说忘了我也忘了我走在你的，别要不然我又出镜了。这样，朋友们给大家来波这个。五运六气直播间有没有高人给大家上波这个五运六气。这个书妈呀好重，这两本书好大，这两本书差下来差不多得有八斤。这个时候我也讲不明白，就是我真的是挤破脑袋我也看不懂。有高人的话你们拿回家研究给大家看一下，它是中国出版社大版社的一个书。朋友们来看里边双丰书，这个是一个烫金书皮，它也是一个这样的一个硬合金装的。来吧，翻一下里边的这个是个双彩印刷。朋友们看北京中医科学院研究生院的学生，来，朋友们看到没？现状红楼上个月都清完，上个月那都是上个月的书了，版权书法肯定都在的。这个是个正版书，朋友们，然后这一本书的话，它是这个我觉得这个的话肯定我不开。然后你们现在就可以出了我的直播间，大家去某东上面，你们去搜一下，看一下某东上的这个书。我觉得这个价格就这样的一个品质，开的也挺良心的。咱们直播间今天是这个价，也不开两本儿，厚厚的两大本中国出版集团的五运六气，其他是直接也是上一个九十九，99来上车，99块钱上车来吧。过了，有需要的朋友大家就直接去带，这就顺手给他录一波,《中国货币史》
你们先去某东看一下也行，好吧，回来你看一下我这儿更划算的，你们就来找我成不？刚才还有个啥来着，又给忘了，忘了上个啥，说来后台发指令。你给他干啥呢？后台猛了，后台宕机了。来给大家来波这个。朋友们给到新粉丝的一波福利。后台这样，你把四大名著一套，朋友们听好了，一套四大名著全集未删减的开39。来后台准备一下链接，新粉的咱们打一波666成不成？给到新粉的一波见面礼。这个书我是给大家带一个一米长的人物关系图的，一米长的人物关系图带给你们。来这个不重要，重要的是啥？给你们看一下，西游记是一百回，红楼梦是120回，三国演120回哪个版本的？来光明日报出版社的大版社的一个书实物传，大家应该也都知道，市面上给大家60回80回的有很多，我这儿我仓库里面有很多，但是我这次给新粉直接看100回全集未删减，还有20回。那个是书上加上去的生僻字，就是那个古白话文生僻字是带注音的，版权和书号都在，正版书确保可查核证一套。朋友们来给大家带书香发货后台几单？四单39上车。好的，拿回家给孩子看家。里面小学、中学、高中的孩子，里面有考点的，这个我就过了。给大家到手确保都是正版新书减130包邮加运费险的。给大家来播这个，来播这个小学，刚才没上小学，来个小学名著。我来看一下朋友们，六本给大家看一下屋都过爱丽丝漫游奇境，假如过三天光明古希腊神话与传说、安徒生童话，他们是我的小屋。大家能看见，这六本书都是全一本的，这个是个带塑封的，它是一个双封书，看全是新书。然后这个是我原来系列是有七八十本的，现在就不多了。现在剩下的这一些是对照着小学必读名著的书单给大家整理出来的。一套六本现在处理给经销商，一本是九块钱，给你们，一本九块也不要。然后一本九块的话，六本是54块钱。咱今天后台来准备直接上，三十九弹窗，上车，39块钱，39到手六本给大家都是包邮加运费险的，然后肯定都是正版书。北京燕山出版社的大版社的一个书，老粉朋友们有刷到的，你们赶紧去拍。这个剩的不多了，就整理出来一百多套。你们看一下销量已经见好不来，这一套咱就过了，怎么地了？来一套39上车了。来再来，再给大家加个啥，来个宏观指明朝那些事儿。推荐你去官网买，那个那个版权被一个出版社买断了，你在哪买都一样。来给大家看这个书文观止，古文观止也是开给孩子的一套书。朋友们这个古文观止它讲的是啥？就是你读古文到此为止，看这一本就够了。他的书名就是他的意思,《小学名著（爱丽丝漫游奇境、假如过三天光明、古希腊神话与传说、安徒生童话等合集）》
我们历朝历代有那么多的好文章，什么司马迁的、李白的、苏东坡的对吧？你光靠孩子去看，他是看不完的。所以清朝的这个吴楚才的叔侄就做了这样的一件事儿。他把历朝历代的好文章全部整理到一块儿了，一共是222篇，是作为当时作为教科书来去整理的。我们现在小学生三年级以上要学古文的，尤其是初中生，这个古文观指的是他必读的一本书。来吧，看一下朋友们，天津出版社的一个书，硬壳精装里边选文导读原著，大量的经著，还有译文，朋友们行不行？辉煌的护眼纸行好吧？那太行了对吧？这个太行了，很炸裂，版权数都是有的，确保正版可查，正版可查。来四本到手一套，全集222篇都在里边，39上车。朋友们，好的，给大家都是包邮加运费险的，就是给到大家成熟的一波福利，好吧，我就上车了。来拍到的朋友们，你们能不能回来打开心图啥，你们把我哄开心了，对吧？为人处事，把我哄开心的书再给他便宜点。好不来，这个书顺便给大家看一下，这个书应该有链接。来我们给大家看一下这个。这真的好香，拿过来的时候就扑那种墨香扑鼻而来。生灵西蒙宝宝说，唐诗三百首、弟子规、三字经、千字文、千家诗、史记故事、宋词三百首、寓言、神话故事、故事、成语，这个一共是几百本，八本。然后给他放里边带彩图的，就和我们小的时候看的那个小红书一样，带拼音带音版的，全是注音版的书。你看啥啥什么什么一目十行。然后下面是一个典故，给孩子他们说后来这个能开多钱？29一套到手八本，给大家到手是包邮加运费险的。八宝，今天这衣服好看是吧？我今天这衣服特别显胖，就一身白。来这个我就过了。朋友们还有啥想看的，带大家看一下大数，大家来参观一下。朋友们，莎士比亚。那就这样子先给大家上波这个，我们莎士比亚给大家走一下。反正今天直播间这么多说，就是咱们多给大家开一些好吧。莎士比亚到手是悲剧喜剧都在里边了。六本，这个是个双文书硬壳的精装的朋友们，而且开的是谁的版本？朱生豪意，你们要看沙剧肯定是看朱生豪意的。就是没有什么人能够那啥超越它，这是大家对他的一个评价。里面都是这样子的微黄护眼纸，大概翻一下版权书号肯定都有的，这么说可查可证。是的，这是一套朋友们精装到手是六本书，然后给大家开。后来这个能开个开59。来吧，上车59一套书可是带给大家的，好吧？好的，孩子看你看都行。这种经典的文学知识，它是不分国界的。这个我就过了。来再给大家来一个这个吧，来一个这个中国哲学史,《古文观止》
朋友们，中国哲学史给大家看一下，这个书两本，你看中国人讲究什么呢？一阴一阳为之道。你看这个排版印刷带一个塑封，可这个是个典藏版的。冯友兰著看到没？全两册典藏版的一个书。大家所要看到的一些哲思，什么老子的、孔子的、墨子的、庄子的、孟子的、张载的等等等等，全部都在这，拿回家去看吧。硬壳精装两本给他看，里边这个书真的是好舒服。这个值你们看感受一下排版印刷正版书就不给你们看了，每本书都看，我也翻的很累，肯定是正版，大家可以放心好吧？今天给大家直接开来后台，开45，来上车，45块钱，两本书可带给大家。来这个四十三，43还能再优惠，再来再便宜两块钱。43来还有啥想看的？道德经书书，道德经，来道德经给大家上一下，我先上这个，我特别喜欢这个书，我要上这个书。来我们看这个书，大家看过来。所有的朋友们，这个是我直播间给大家准备的一个特装书，三面刷边儿特别漂亮，给孩子看的书。咱自己也是也也会觉得很好看。这刷的是一条神龙，这个是美货。中国神话顾名思义是把山海经还有搜神经里面的那些故事全部给它画成图了。华文出版社的大版社的书霜分疏，我们硬壳精装的给大家看一下，里面来简单翻一下，你们感受一下，这个是神族人族，什么鸟兽都在里面了。你看神人、鸟兽其他族就是一个完整的神话系统。它里边是这样的一个彩色印刷故事，生僻字是带注音的，然后每一个故事都有彩图。这个彩图画的是非常精细的，很美。找了两个大老师专门给他去画的，好吧，拿回家咱去给孩子当做一个礼物吧。这个书不是我给大家推荐的，不是我一个人喜欢。你看中国人民大学什么文学院的院长，还有什么鲁迅博物馆的馆长，科幻文学博士共同推荐它，还能扫码。听雨辰说，但这样的书有一个特点，就是它比较贵，以前很多朋友可能舍不得买，是吧？今天咱给大家就露个底儿，好吧，下一个车什么第什么版，好吧？拿两单，后台直接改，宝宝们给他改到29，上车带回家给孩子当礼物的一套书，很漂亮。你们要是在书店看到的话，肯定会挪不开腿迈不开眼，挪不开眼迈不开腿，挪不开眼睛。来再给大家来一个诉说，来个什么？来个道德经，帛书版的道德经，有没有朋友知道这个书？这个书大家看的是知道是不是都看了没？博士版的道德经跟他说一下。1973年从马王堆当时是出土了两个本，一个是甲本和乙本，咱们这个对照的是传世本，所以它是德经在前，道经在后,《中国哲学史》
开篇第一个就是第三十八章，所以拿回去以后不要说，哎呀哎呀你们怎么前37章去哪儿了？朋友们，德金在前，他是请的崇贤馆的馆长李克老师来去做注的。甲本、乙本、和尚、宫本王弼注本都在里面了，这两个是市面上的通行本。那么甲本、乙本和它比起来多了有三百多处的不同，还有700到800个字的一个不一样。如果说要读道德经的话，一定读读书版的道德经，因为它是更加接近于老子的哲思的原文，这个是没有被识别出来的字儿带注释的。还有一节这个书，去年很多朋友们买的时候，这个价格确实挺硬的，今天不要这个价了。然后再给大家带一个速读本，里边生辟字是带拼音的，就是道德经的全部内容都在里面了，直接给他改了，后台两单来29上车。好的，这个有没有要的？有红楼梦吗？有渡水这号召一下，有什么啥板我都给你炸成这了，你还跟我要凤品，你是想让我破产是不？给大家来个那啥，那志愿家有没有在四大名著来这样子，先炸一波四大名著，然后我把那个之前摘单独拿出来给你再上一下来我们四大名著给大家上，我给大家来看一下说这个我先问一下咱有没有要的？如果你们有要的话，能不能打一个要字，我就给你们准备一下这个库存。如果没有的话，我就直接开始直接摘了，好吧？好的，来几秒秒钟时间来这样，先来上现摘来给大家来一个证言摘。咱要红楼梦的杜还在不在？在的话你来跟我说一下，我给你看一下这个书。为难你了，我自己来啦，来吧，看一下这个三本儿，这个是知彦斋版的石头记红楼梦。我给你看一下这儿，在的好，渡水你看这儿你可以截屏，这个是重中之重。本书是以胡适所藏的什么什么为底本，你看一下，然后书中汇集了六大支皮本，评语三千余条。给你翻一下里边，你看一下下面这个叫啥来着？下面这个话不知道，我也不懂，反正就是好，就是一个高版本的书。这个里面都是这种红色的字，都是那个注，双色印刷，双色印刷。对，你看一下。这个时候我觉得你要是要看批语都有的，你就一定带批注。批语都有好不？正版书，版权书号都在的。这两本能开多钱？前面也是这个有画，我给你翻一下。正版书三本，三本是三本，倒数是三本书，上中下123版权书都是有的，确保芝麻可查新书。你在市面上要拍的话，你看一下正在发大货的书，这三本能开多少？39，好不？39上车来上车上车摘渡水给你上了好吧，你直接去带。那个书你买回家肯定不后悔。还有朋友在点赞，来，今天穿这衣服好显胖。这个书给大家炸一波，好吧，拿出来了,《帛书版道德经》
这样子我先来说一下一套四大名著四本。朋友们三十九好，不有新粉的，咱们打波666给不给力？朋友们快来帮我准备一下库存。四大名著说一下，朋友们开的是光明日报出版社的全集，未删减的。这本是三国演义，是120回，水浒传，红楼梦120回，西游记也是一个120回的。来说一下水浒传，大家也都知道市面上60万的本是有很多的版本，是有很多的。我这儿也有，但是我今天给你们开，咱就不开门，见面礼咱就扎实一点，开了100回的啥意思？全集未删减的版本，古白话文生僻字带注音的，有注释。好吧，这本书版权页书号都在的，朋友们可查可证行不？一套，后台来准备一下链接吧，帮我准备一下，你看一下有几单，然后是这然后给大家梳箱发货。再带一个一米长的人物关系图。好多福说四大名著哪了，人物关系诉讼复杂，我把图带给你，拿回家去研究，正反都有来，一套39上车了。好的，一套39，这个我就过了。好，不给大家到手，确保都是正版新书假一罚三包，加运费险的七天无理由可退，这个肯定是底线，成不成？来带着大家来简单参观一下。朋友们，书很多，就大家想看的书你们可以打出来讲权谋的、学中医的、想养生的，或者家里面有孩子想看名著的，或者说想看一些其他什么国文课的，你们都可以来说说很多的，好吧？这样子，给大家来一波那个啥，给大家来波那个史记，朋友们给大家上波史记，史记来新粉朋友们大家听好啊，所有的朋友们史记一套四本拳击微商案件给大家开39，后台来准备链接。咱新粉的是新粉的，刚进来的咱打个666好不好？看看见面礼好不？史记这个书，它和资治通鉴是并称为史学双璧的。它在我们国家地位还挺高的。我们国家就是官方证实是什么？二十四史是吧？二十四史的第一部就是实践，它对于之后的像什么汉书、后汉书，包括三国志影响是非常大的。就连水浒传还有三国演义里面都有史记的影子。我们知道的刘邦、韩信、吕不韦、吕以后、秦始皇哪里来的？什么一统天下、完璧归赵哪里来的？史记里边来的。咱们历史上很多的大的文学家，大的历史学家都在研究他。鲁迅还有什么不是鲁迅，是曾国藩，还有胡适，是一直把他当做一个传家宝，子孙后代必读一个书，史家之绝唱，无韵之离骚。家人们如果有孩子的三年级以上的，想要开始接触历史的，咱可以先从实际看起来全集未删减的版本，朋友们来看多少回多少卷130卷无删减,《知彦斋版石头记红楼梦》
原文译文、生僻字带注音，还有注解版权书都是有的，确保正版可查，肯定是正版书，这个咱就不担心了，好吧？一套来后台准备一下，拉四单，39上车。好的，给大家都是包邮加运费险的。你想要什么什么十本那个版本的，咱好像是不是没开那个。你就去中华书局的官网买。好，不来，这个我给你们炸了也是一个拳击微删减的版本。家里面有孩子，拿回家一块儿跟孩子去看好不来？给大家来一个三言两拍，朋友们一个蛮有意思的一套书，三言两拍给大家讲一下。我最近正在看这个书，给大家分享一下三言两拍。朋友们先看一下有什么书。初刻拍案惊奇2刻派惊奇，还有警示通言、醒世恒言、喻世名言来五本。这个是啥呢？这个是明代的小说，传奇小说冯梦龙3言对吧？他就是如果你们喜欢看那个什么基因什么没的话，你们也可以看这个。这个里面冯梦龙他特别敢写，就是他特别会编排人，他里面写了非常多的什么生动离奇的故事，什么宋徽宗、李师师、周彦邦的什么三角恋，还有像什么唐璇，那个安禄山和杨玉环好上了，唐玄宗看到了敢怒不敢言，还有像什么虞姬失之于曹植等等等。就是别的野史不敢写的那些事情，冯梦龙在里面写的是有板有眼的，就好像他在旁边看到了似的。而且他里面也讲了很多这种风月的这种故事。如果大家想读一些有意思的，一些生动的，或者说一些离奇的故事打发时间的，咱都可以看这一套好吧？这一套是五本，我们给大家看一下，这个是一套。然后今天给大家直接开开到6 59，好吧，59 5本全部改价，直接上车，59到手一套三两拍。拿回家去看吧，挺有意思的一个书。来这我就过了什么杜十娘怒沉百宝箱，还有像什么什么玉堂春，苏三都从三两排里面出来的，我就直接给他上车了，来再来参观一下，马上下播了，给他发个那个啥，一会儿发个下播福袋。朋友们来看一下，六大名著有没有要的？郭德纲的很多单口相声都这里面的，是不是一看就看过。来，同道中人，我最近正在看看的有点晚了，觉得相见恨晚。还有这个孙子兵法，这个开的版本也很内容很全，什么商战等等都在里面了。三十六计史记，这个是全集未删减的资质通鉴是有四百多万字，天津出版社的。这个有没有要的？有要的咱们打一个一好吧。还有倪老师的书有没有要看的？倪诗的书有没有要的？带大家来这边转一下，朋友们，这样的书是要给大家等会儿要去亲一下的。这个书就给大家开400块钱钱一套都是大书16块大开。曾国藩的全集，挺进、兵剑、家书家训都在里面了,《三言两拍》
周易、孔夫子的实业，还有周期收益等等，各种大家收益都在里边来。这个有没有要的？给大家看一下这个书，我觉得家里面有孩子这一套，真的给孩子带回去。今天这个是很香。朋友们看一下名将篇，这个是带书壳的，带一个书箱，然后里面是十本，什么左宗棠、白起、韩信信、徐达、岳飞，有感兴趣的我给你们来挨个翻一下好不？还有名将篇，诸葛亮拿走了诸葛亮的李斯，还有什么狄仁杰，有有什么感兴趣我，给你们来仔细看一下。还有这个四书五经给我们看一下，有没有要看这个老师说的，有木有？有的话打一好吧，因为打二行，听你的，刚那个打一，如果有要的话打一个二。然后因为马上下播了，本来我如果正在上播的话，我不敢给你们开，有要的话打2，我等会儿给你们开。还有这个美术生讲美术生的，这个是个绝版书，中国皇帝全传好吧？来这边藏书百部，这个书就是原汁原味的书。用你的话说原汁原味的大皮面的都是中国货币史电影史。给它大概翻一下，你看朋友们就是蛮漂亮的书。这种书可能要的朋友不是很多，比较小众专业。如果有要的话，你们在屏幕上跟我说好吧。西安静，西游记，故宫里的中国史。来翻一下，你看三面双边里的书，这个书看起来让人心情一下就拉到谷底了。通过西方的视角来去看咱们中国那个历史，藏在故宫里的中国史。这个有没有要的朋友们，这个很漂亮。三国演义里面是带大量的这样的一个彩绘的典故加彩绘典故加彩绘，然后还有罗贯中三国演义书。有要的话，你们跟我说就行了，好吧。来这样，给大家来炸波下波福利。朋友们，我们马上要下播了，给大家来一波来波下播福利。准备一下那个啥，给大家加播知识通鉴还有没有？了，那就这是通电再给大家炸最后一波，最后一波，我们下播福利了，就几分钟时间了，给大家来说一下这个书。这个书我先来说一下，朋友们一套资治通鉴到手四本开29，给不给力？来那朋友们觉得给力的朋友们，咱们新粉们屏幕上打一波666好不好？后台来准备一下库存。好的，我跟大家说一下这个书。资治通鉴是讲什么的呢？它是讲权谋的，司马光花了19年的时间写了16个朝代1362年的政史。他写这个书给皇帝看了，为皇帝去服务的皇上的这个角色，他干的就是以权谋君临天下的活，是吧？这个书和他是高度匹配的。你看几千年过去了，什么都在变，但是只有一个东西没有变，就是人性。我们现在这边去处事也好，你们要去接触任何的周遭也好，其实我们站在对面的那个就是人,《名将篇（包含左宗棠、白起、韩信等名将相关书籍的合集）》
如果咱们把人性读透了，则万事可破，世界的本质咱就一眼看到头了。冯刚老师把它称之为一本破局之书，研究权谋，研究人性。咱们就看这个书，历朝历代有一个就是咱们近代历史上有一位非常厉害的大人物，枕边说，就是资治通鉴。朋友们，这波输入下播福利我给你，我我来给大家去看一下这个品质。来吧，硬壳精装的开的是一个文白对照的，原文加译文的都在这儿了。来是不是正版书下播福利，朋友们给你们就弄一波。法庭说都是有的，确保正版可查。文白对照，有原文带译文。咱们现在玩的什么饵于谋谋尔尔、尔虞我诈等等的，在知识空间里面都是小来。后来这样，拉四单，下播福利了，直接给大家开29上车了。好的，朋友们，这个书真的就是纯纯的福利。你要说有的说我挣个块儿八毛的，但是这个书就是纯纯的给大家一波福利。还有一些说咱就是专门为了腾地方的，好吧？来吧，上车了，我就过了。下波服务业就剩这一波了。来，再来，常广金行，常广金给他说过这个，说有没有知道的返金，返金也叫长短金。他在很多的渠道现在已经上不了了。你们现在去淘宝去看，你们在别的渠道去看，找不到了。朋友们，我说一下本金，正好刚才讲的就是中介，他和资治通鉴两个是并称为古代的两大帝王之说。只是刚才的资治通鉴他讲的是阳谋大道，所以一直被广为宣传推广。这个他讲的是什么呢？他讲的是阴谋诡谋，所以在古代的时候一直被打压为什么叫反击呢？因为它里面是用反面反向来去谈拢权谋的，就是教大家用一些反向的思维来去看待事情。它的作者是赵蕊，赵蕊这个人终其一生都在研究一件事情，帝王之术。像这个书里面就讲了大量的皇帝是怎么样来去驾驭权术，驾驭部下，如何来去掌握长短之术的。皇帝是怎么样来去拿捏人性、统治人性的。什么时候实行大道之术，什么时候实行王道之术，里面都有大量真实的案例。去看一下，挺好看的一本书。讲讲那讲那个啥权谋的，这个书里边是原文带注释，然后带到译文的文白对照的版本。三全本李白的师傅，乾隆大帝当时看了以后说赵瑞不当官真太可惜了，还有南环杰老先生推荐过，好吧，团结出版社的大版社的一个书，一套朋友们正版书，版权书我就不看了，肯定是正版书。咱们今天开播给你们看了那么多了。一套这个你们去线下买不便宜的对吧？而且主要是买不到了，今天给大家直接开，三本书，29讲权谋的3 39下播了，我的脑子已经飞了。我们下班了跟大家讲，如果你们想要去识人辨人，你们想在处事的时候灵活变通，你就去看一下反击,《资治通鉴》
很多渠道找不到了，好吧，刷到就合适，直接去带。来，再给大家上来个啥王阳明。听见没下播最后一波福利了，朋友们给大家炸波王阳明，正好走这儿了。本来我都不想开这个，说我说一下王阳明，这一套书是六本儿，其实王阳明的书我开个三本开完，但是我为什么开版开了六本？朋友们，因为它有一个特点，就是市面上有很多讲文明的书，一般是分为三大类的。第一类是讲王阳明的心学，他的哲学体系。然后第二类是讲王阳明的大篆，他传奇的一生。第三类是写王阳明的文章，整理他文章的。但是这一套书16开大平面的，给大家是三者合一。换言之，咱有了这一套王阳明以后，王阳明的书我不看了，全乎了。说朋友们皮面的，这边它是带有凹面的，它不是一张画。来十六开打开看里边舍不舍得用纸，都是大字儿，看起来也很舒服。微黄的护眼纸好不好的？来吧，给大家来看。之前说的都是有的，确保正版可查。你看就是你拿到手就看到不一样，这个是个高定版的书。下波福利的朋友们，咱不说那么多了，六大本全集直接给大家开79上车下播福利最后一波了，就是能抢到咱就合适，好吧？过了个交个朋友。朋友们以后你再来买书，你来找我。不开了以后不开就是不开了，咱今天不开了，今天王明不开了，王明来最后一波，好不好？播凌晨时间录好不好？来再给大家来个啥，来个这个，给大家来一波鬼谷子，来吧，给他来个鬼谷子，在这儿。给大家来个鬼谷子，朋友们来一套54本。这个书新地方的，它是库存书。先说好，但是经典的就是不分那个什么，不分什么老和旧，你们刷到咱们就捡个漏。鬼谷子这个人现在很火，他比什么庄子、老子、孟子都火，为什么？因为别人太温和了。但是鬼谷子不一样，我上来我就教你招，我不墨迹，教你一些具体的方法论的一些层面的东西。他是纵横捭阖之术的鼻祖，徒弟很多，苏秦和张仪，封面庞涓都是，尤其苏秦和张仪，大家看过什么大秦帝国的都知道。凭借一张巧嘴脚了春秋战国各个古诸侯国之间是不是不得安宁，就是一张巧嘴可抵百万雄狮。在古时候很长的一段时间，鬼谷子它是作为一本什么就是什么书的不让去看，为啥？因为它里面强调一种精致的利己主义者，就是我为了要达到一个什么样的目的，我可以不择手段。但是我们觉得，其实工具它就是这个方法，它只是一种工具。重点是在于这个用工具的人，你的发心是什么？就好比一把菜刀，我拿在手里，我是拿它切菜，还是拿它干什么，取决于咱们自己好吧,《王阳明》
想学一点雄辩的这样的一些口才的，想学一些谋略的战略策略的，咱们就去看这个书，给大家看里边朋友们一套这个是个缎面的，很舒服。断面16开大开辽海出版社大版社的书里边是给他放这儿翻。原文带注释的，然后来带译文。同时还有大量的一些案例，真实的历史案例在里边，拿回家研究一下。版权书好，肯定正版书，肯定正版书来一套。朋友们咱加个小数点成不成？往前挪一下，好吧，然后来准备，最后一波拿两本，拿两套。来49上车。好的，一套书可带给大家好吧？快下播了，咱们就给大家来一波。好的，这个我就过了。大家还有什么想看的书，来打在屏幕上，就最后几分钟的时间了。最后三分钟的时间，有没有想看的书来点一点，没有的话我再给你们炸一波那个啥下一波上下5000年咱就准备下播了，来给大家播上下5000年鬼谷子，鬼谷子我还有那么几本，来我们来播这个上下5000年。朋友们来看看路北归今天没有，我说一下这个书，下播福利朋们一套，然后上下5000年到手是四本，后台29，下播了朋友们，所有的朋友们大家听好了。这个是我今天开的，是29块钱。我来说一下它里面就是市面上很多的上下5000年的版本，是不是你为什么要拍它？真的是有原因的，我们是给大家诚意，真的肥满了很多上下5000年，是从远古夏商周讲到了唐宋元明清。讲这儿了，但是我给大家多讲了一个近代开国大典，好吧，加量不加价429。因为是以这种小故事白话文来去串联起来咱们中华民族的一个的历史脉络。党军书浩说的身份证拿回去查，出版社的地址、电话都在这了，好不好？四本来后台准备，最后一波了，29上车了。好的，一套29。好，不来再给大家来一波。这周围的也不跑了，给大家来一个这个。宝宝们湿巾给大家开个25块钱，我就上了三本，分享送都有了。男楚辞女诗经是吧？很多的琼瑶、屠呦呦呦鹿鸣，还有像什么林徽因名字哪里来的这里面来的？你们喜欢一点美的东西的，咱把这个看一下。中国诗歌的源头开的是个珍藏版的这个书，它是一个三十二开的，但是很精致。你看里面是带彩图的原文，然后带注释给大家再翻一下。宝宝们看生僻字是带朱茵和注解的，大量的注释。咱把这个书给他看好了，你以后再去给孩子起名，给孙子起名，咱不求人了对吧？书里面名字都有了。一套朋友们给大家开25块钱上车下发波福利给你们开了好吧？好的，来咱没点关注的朋友们点点关注。今天开这么大的福利图啥？朋友们就是图大家点点关注,《王阳明》
来给大家上面这个经济国富论，有没有学经济的，搞金融的，这个书当时的影响力还挺大的。英国的这个叫啥来着？亚当斯密他的这个书里面的很多观点，是当时影响到了我们国家的上层建筑的一些方法和策略。有形的手，无形的手是怎么样去影响我们人类这样的一个市场社会的？你们可以去看一下微黄护眼纸，双峰说两本，朋友们9.9块拍了。9.9块好嘛，我跟大家讲9.9块，但现在这个快递多少钱？你不得个8块10块的吗？请你们看了好吧？9.9块的书给大家走一波了，朋友们你们就顺手带。这个书我不说你们赚到了，以后你再过来肯定比今天要花更多的一个钱，好吧。来讲书法的三本，朋友们9.9块直接开了好吧，给你来翻一下来，咱们有喜欢书法的自己拿回家看吧，都是9.9块，好，不下播了，朋友们下播福利，还有最后的不到一分钟时间了，咱没点关注，点点关注。来那再来个拍了个啥，来这样，给他来一波那个啥，中学名著还有没？还有来给大家来波中学名著。朋友们来吧，给你们来波这个，来看一下六本，给大家看一下镜花圆脸笔记、名人传、寂静的春天、傲慢偏见，还有简爱。六本书都是全一本，它是双文书，双文书朋友们看到了吗？然后里边给孩子看的书，都是微黄的护眼纸。这个书本来我们是还有七八十套，但是到现在为止已经卖断了，不全了，所以我现在发大货发不出去了。其实中间有从剩下的这些书里面找了，就是对照着咱们这个中学必读的书单给大家整理出来了。六本现在处理给经销商，一本是九块，然后给大家就给你们了，也不给经销商了。九块也不要好吧，后台来六本直接拍。39上车，朋友们说我就整理出来100来套，你们可以看一下销量，现在已经出了100来套了，我就见底儿了，没有了，所以我就不卡库存了，你们就能捡漏的，咱们就捡漏，好吧。资治通鉴要未删减的，还是要赛博士上要那个来吧，那给你们来一波吴山的资质证，到手六本，给大家都是包邮加运费险的对，到手六本。这么说好吧？来咱们要资治通鉴的书友你看过来，开的这个是一个未删减版的资治通鉴，开本是六本，开本很多，为啥呢？因为它里边写了四百多万字，资治通鉴本身只有三百多万字，这边就开四百多万字。首先它肯定是全集卷294都在这儿了。然后为啥有有那么多，啥为啥是四百多万字？给大家看这儿。朋友们看胡三喜参考的是胡注本，还有其他多家注本的基础之上，择善而定，杂采众书,《经济国富论》
本书有一定的什么价值？就是这些版本什么银元的、课本的、名明刻本的、银本的，清同治八年，什么清光绪年什么什么版本全部重新整理。然后校勘以后，君主的一个珍藏品，给你看一下里边芬兰印刷原文带注释的生僻字是有注音的，看到了吧？还有注解，都在里面了。这个书你看一下就很方便。因为很多的书它的注释你要先看原文，然后再翻译才是注释，那样看不方便好吧？这个书这个纸纸张也是加厚的。这个书挺好的，版权数都是有的，确保正版可查下波福利了，好吧？这个肯定不开，咱们这个这样子，朋友们直接给大家开。三位数带书箱发货。这个是高定版的书，所以你看发出的书箱都跟别的不一样。好，不来159上车，到手六本。给大家都是纸箱发货的，到手六本。这个是全集微删减的，它是天津出版社的全集，微山的资治通鉴。你们想要去看拳击微商的就看这个本。好，不来，朋友们还要啥？我来给大家再上一波这个，给你们来个世说新语，朋友们来看一下这个。马上下播了，大家有要看的，有要看啥的就抓紧时间了，好不？世说新语朋友们来说有没有知道的？如果大家想看一点轻松的，你可以看一下这个，它里面讲的是从汉代到魏晋时期的很多的名人佚事。你看古时候有很多的书，他讲的是非常务实的，要么就教你一项技能，要么就是祝你科举什么大展宏图的。但这个书你去看，它就好像是给你的精神世界开辟了一片桃花源。就是你整个读起来会觉得整个人非常的有松弛感。就连里面的这个纸张给大家做的都是那种奶乎乎的，很舒服。平时咱没事了，喝茶的时候，临睡觉的时候，放在床头咱随便翻一下。里面的故事很短，有的就几行，有的就三言两语的，带原文的，带注释的去看。这是一本世说新语，今天是这一本。然后再给大家带一个闲情偶记，再带一个浮生6记，再带一本容斋随笔四本到手下播福利了，给大家开39来上车一套好吧。正版书都正版书。然后你们拿到的书都是带这个塑封皮儿的，都是新书好吧，不是什么什么旧书，你们这一点可以放心。拿回家以后，支持大家七天无理由的来再给大家走一波这个。下播了，朋友们有没有想喝茶的，这会儿就高情商的，高情商版本，直接给大家看一下。如何成为会社交的少数人，懂得把话说得文雅动听，改变人生的说话技巧怎么样？情商课都是情商课，它是美绘插画版的，带插图的。然后是这样是一个彩色印刷。如果你们觉得我好像这方面欠缺一点的，你可以看一下,《世说新语》
你会发现生活中有很多人和他说话说不到一块去，说几句话能把你呛死，是吧？咱们看一下这个书，这个是我朋友的书，专门拿来支持咱们直播间的活动的。然后四本朋友们一本咱九块钱给你们开了好吧。四本来39上车下播福利给你们了，到手四本，到手是四本包邮加运费险的。来给你比个小心心好吧。还有咱家老粉了，这个给大家看一下有没有朋友想要的读心术，读心术沟通术，还有工心数，还有心理测数FBI这一套给他翻一下，里边都是故事。对，都是一些实用类的东西，心理对对讲心理的沟通什么的。对，一套东西就是一本。然后今天是四本，给大家开来39上车。下播了朋友们，没有点关注的朋友们，咱们就点点关注。大家还有什么想看的书也可以现在打在屏幕上留言，好吧。然后我们尽量能给大家开的下一次直播的时候，你们点关注，下次直播的时候可以第一时间收到咱家的这样的一个通知，好吧？感谢各位的支持和信任，今天的直播我们现在马上就要结束了，对吧？咋没弹读心术？读心术给大家弹一下，有需要的朋友们，你们可以自己带线点赞数读心术没事儿不谈了。长短筋有硬壳儿吗？长短筋不是硬壳儿，因为就现在很多渠道已经发不了那个书了。就是我这还有它是一套，然后长短巾不是硬壳，但是二十9确保是正品。来39，我就下播了，好吧？来吧，长短金左岸夜市还需不需要？我再给你看一下，如果需要的话打个小一，如果不需要的话，我就下了。好吧，来拜拜朋友们，拜拜。,「废话」
