﻿original,result
可以去了解一下，我们真的是生活在一个巨大的差距里。定价35的直播间是17块钱，直接给您包邮到家。178号链接，有感兴趣的朋友们可以去带一下，精装硬壳的十几块钱都给咱包到家了。所以咱早说的话都可以打一下书名，刚进来朋友们可以打一下书名，可以来挑选一选。想找什么书想选什么书的朋友们，刚进来朋友们找书选书都可以打一下书名。因为品类比较多，书籍比较多是吧？咱小黄车里面可以优先的去逛一下，选一下像咱的25号链接的一些世界名著，都是清仓的，一个价格九块多钱。圆柱的，这个是原版无删减的精装硬壳的锁线版本的，在25号链接。像简爱、假如给我三天光明，里面都有六七百页的一本书籍，今天都给到咱九块多钱，直接包邮到家了。都是一个北京燕山出版社的和和一个江苏凤凰文艺出版社的两大社出版的一个书籍。保证正版新书给他发货。25号链接想给孩子买的，自己想去了解一下，想去读一些世界名著的是吧？都可以去带一下。九块多钱，真的是闭眼睛去拍的一本书籍，因为每拍一本就少一本，后面咱已经没有了，不再加印了，都给咱清库存的一个价格。所以刚进来朋友们，莎士比亚或者是检验，傲慢与偏见里面都有安徒生童话、漂亮朋友、三个火枪手，都在25号链接，都有运险险的或者是咱可以放心的来带，放心的来选。咱想找哪方面书都能都可以来带一带。然后这个莫言的书籍，咱还有没有？没有读过的朋友们，这个也是主播比较推荐的一个精装硬壳的。然后莫言获得过诺奖之后的十年来，首部作品里面收录了莫言的12个短篇小小说，特别的好读，每就是每一个故事都特别的吸引人。他把人性写的比较通透，把人性写的比较大胆，比较直接。他说善良的人都是都比较晚熟？后来是被坏人给催熟了。就是当一碗水端不平的时候，往往会牺牲那个最善良的。一旦最善良的不再配合了，就会被扣上一个不和谐的帽子。所以如果咱也是一个晚熟的人都可以来戴一下29号链接哦，定价59的直播间是29块钱，晚熟的人直接给他包到家了。所以他说年轻的时候爱上什么都不为过，就是长大了之后一定要学会放下。晚熟的人比较推荐二十几号链接，精装硬壳的、双封皮的、双封面的，咱都有运险险的哟，所以咱可以放心的来去选一选，放心的直接去带一带就可以。咱想给孩子买一些书的，都不要错过咱们直播间的很多比较给力，比较炸裂的毛选。还没有入手的朋友们，这个价格且拍且珍惜的价格。因为咱补贴的一个书籍毛选，平时咱真的是没有这个价格,在这段直播文本中，主要介绍了25号链接中的世界名著（如《简爱》《假如给我三天光明》等）、29号链接中的《晚熟的人》以及直播间补贴的《毛选》，由于无法确定具体是在介绍哪一本图书，所以输出「废话」。
经常买书的朋友们都知道，咱点开小黄车第一个链接，给咱在讲解的那个毛选，咱可以直接就去带。不管男生女生真的闭眼睛去拍的一个毛选收藏，都可以去反复阅读的，不要推荐给所有人，咱去读一下。十号链接的是咱那个山海经十号链接，就是福利价格的定价58的1个全彩图完整版的，里面有原文、有译文、有注释的，大人孩子都可以去了解一下。上古三大奇书之一个位数十号链接直接给咱包邮到家了。所以咱想找一些书，想选一些书的文学历史，心理学方面，言情小说或者是经典的国学，能够提升自己的一些书籍。想给孩子买一些书的，都可以去慢慢的来挑选一下。进来的朋友们都可以去感受一下，有合适有喜欢的都可以直接去带去充就行了。今天拍的话，明天就给他发货了，然后两天三天咱都能收到货了，是吧？都可以读起来了，收到书咱都要读起来。然后喜欢咱就留，不喜欢都可以给咱退回来，都没关系的哟。然后重点推荐是瓦尔登湖，精装硬壳完整无删减的梭罗的一个必读必看的一个书籍了。至少能读十遍以上的，就是每次读都会有一个不同的一个感悟。瓦尔登夫为生活做减法，为思想做加法，感受心灵上的纯净，精神上的升华。定价是32，直播间是9.9块。160几号链接？9.9块的一个价格，比较实惠。有需要的朋友们，家里没有的话都可以来带着。咱喜欢的话都可以直接去带，因为价格都是一个开好的一个价格，都是物美价廉的一些书籍是吧？咱在哪里买都是要买的，今天赶上直播间了，咱就不要错过了。一些很多一些比较给力，比较合适的一些福利书籍。咱真的有的，买到就是赚到了是吧？毛选还没有入手，朋友们这个价格咱都不要犹豫，是吧？不要考，不要直接去带就行。想找书的话，咱可以打一下说明。所有书籍源头工厂直发的，保质保量保售后的，咱们可以打一下说明，都可以。然后咱不知道读什么书的，也可以让推荐一下也可以。如果女生咱不知道读什么书的，咱也推荐这个，凉爽的把自己重养一遍。这个是定价52的直播间是二十几块钱都给包邮到，在50号链接。特别是小时候不开心的，长大后一定要去好好的去爱自己爱自己这件事情，希望你能拿满分？一定要去把自己当个小孩子一样的把自己虫痒一遍。如果能把自己虫痒一遍，咱最想做的事情是什么？所以咱都可以推荐给所有女生的，咱去读一下，把自己重要一遍。在50号链接，二十几块钱都给包到家了，保质保量保售后的,《瓦尔登湖》
或者是咱王慧玲的一个基层女性是吧？都是推荐给女生去读的，这个是特别是原生家庭不好的，像作者一样来自农村的，学历不是很高的，是吧？咱一定要去读一下基层女性，推荐给所有人。咱都是一个新书，正新书给咱发货的哟。没有库存书，也没有二手书，都是一个正版新书给咱发货。然后咱收到书的话都是带有塑封膜的，都是带有塑封的，咱支持自主体验的。咱可以把外面的塑封膜打开？咱感受一下质感，喜欢就留，不喜欢都可以给它拿回来。都是一个全新的一个字，全新的一个书籍。没有库存书，放心。好，第一次来的朋友们大胆放心的直接去带就行。咱小黄车里面200个链接，都是主播给咱精挑细选的一些书籍，都是当下比较受欢迎的，反馈比较好的，价格比较优惠、比较合适的一些书籍。所以咱买书的话还是在直播间里面，在抖音上直播间里面去买，还是比较优惠很多是吧？然后如果咱经常买的话，买的比较多的话，真的还是省省不少钱。所以咱进来了，咱们不要空手而归，咱可以带两本书再走。因为品类比较多，总有咱喜欢的是吧？想给孩子买一些书的，自己想去读一读，没事的时候想去翻看一看的各个方面的想去提升自己的是吧？都可以带一带，有很多几块钱的都可以。随喜欢几本咱们可以带几本。这个给咱推荐的是一个散文集，定价是49的。像都是一些大作家的一个散文合集。直播间是9.9块，30号链接，9.9块直接给你包邮到家了。当然的枕边书都可以睡觉之前去翻一翻是吧？都比较好的一本书，提升文笔都是特别的好。我从未如此眷恋人间。给它过掉了，还没有带的朋友们可以去看一下。所以咱品类是比较齐全，比较多咱可以打一下书名，也可以想找书，想选书的打书名，直接打书名，打在公屏上，或者是优先的去购物车里去选一选是吧？购物车里面给咱上的数据其实都很全了，品类都比较全了。咱看一下有没有适合咱去读的，想去了解的一些书籍，都可以直接的去带一下。小王子在18号链接，精装硬壳大开本的小王子，福利价格个位数，直接给您包到家。家里没有的话都可以，顺便的话都可以去带一下。咱所有书籍保质保量保售后的，刚进来的朋友们都可以慢慢的去挑选一选。想找一些文学历史、言情小说，或者是一些经典的国学、名著，还有一些能够帮到咱的一些工具类的一些书籍，能够提升咱的一些书籍，都可以去选一选。然后这个点推荐是余华的一个书籍，精装硬壳的，余华的我胆小如鼠，定价是三十多的，进直播间是29块钱，直接给咱包邮到家了,《基层女性》
如果咱也比较胆小敏感、健壮自卑的这本书咱比较推荐。咱可以去感受一下余华比较敏感怯懦的样子？他是怎样从敏感自卑变得强大，变得松弛的。咱可以去读一下比较引起共鸣的一本书籍，在170几号链接，我胆小如鼠。然后给他推荐的是一个人间小满，比较温暖治愈咱的一本书籍。在在这本书里面感受一下人间烟火是吧？人间烟火才最抚人心，能够让咱们感受真正快乐的一本书籍。他说有的人用财富之名判断成功与否，有的人用logo代替生活的态度。其实生活一直是自己的，就是他人嘴中的三言两语，不过是日常的喧嚣而已。都是在里面的一些人生智慧，人生哲理，都在这里面。他说忙是治疗一切的良药，就是不胡思乱想，不做白日梦，是吧？不想着天上掉馅饼，不想着你到底爱不爱我。定价58的人间小满在20直播间是二十几块钱，都给包邮到家了。所以在还没有读过的朋友们，感兴趣的朋友们都可以去带一下20，几块钱的一个价格，在57号链接，有一个二小满才是最好的人生状态。价格来说真的是比较符比较给力，比较合适。小黄车里200的链接，咱去挑一挑，去选一选。还没有带的朋友们真的闭眼睛去带。品类比较多，比较齐全，咱去逛一逛，选一选。价格都是开好的，明码标价的，不讲，就是价不讲价的哟。很多一些比较优惠，比较给力的一些书籍，毛选还没有带的朋友们给他弹出来了毛选，这个是补贴的一个书籍。所以咱推荐所有人，不管没有读过的，不管男生女生，咱还没有读过的话，都闭眼睛去带的一套书。这个价格咱真的是可遇不可求的一个价格，而且保质保量保售后，都可以放心的选，放心的来带。这个梁世秋的一个书籍还没有带的朋友们，今天就是一个比较给力的一个价格哟。定价52块钱的快乐，就是哈哈哈能够让咱们开心快乐。不要风趣幽默的一本书籍，被称为民国段子手，人间吐槽机。和鲁迅都吵架，吵了八年了是吧？特别的厉害。关于给了我们很多人生上的智慧，人生上的这里9.9块，60号链接，9.9块全新的一个正版纸质新书，推荐所有人咱去带一本。保持快乐的三大秘诀就是无所谓，没必要，不至于。比较开心快乐这本书籍，所以可以带一下。因为做人最重要的就是要开心快乐，因为人生苦乐参半是吧？咱可以去带一带9.9块，推荐给所有人去带一本梁实秋的一个书籍，60号链接。然后这个点推荐这个茉多先生的一个制度，就是他他说成年人的烦恼和谁说都不合适，是吧？因为世界上没有真正的感同身受，一定要学会自己去治愈自己,《我胆小如鼠》
世界上最爱我的人有，我看一下，我找一下，稍等一下，我找一下。所以咱就现在去小黄车里面去选一选。刚进朋友们小黄车里面优先的去逛一逛，都是一些挑选好的一些数据，价格比较给力，比较合适。世界上最爱我的人。200个链接，咱去逛一逛，选一选啊。进来朋友们，世界上最爱我的人。没有，这本书没有，世界上最幸运的人，没有没有最爱我的人，没有。世界上最快乐的人，最幸福运的人都有，都没有最爱我的人。超级大坦克科比写的。刚进来朋友们，小黄车的咱去选一选，走过路过的朋友们，咱去选一选，有合适可以直接的带。没有，确定没有，这位朋友没有。咱优先的去小黄车里面去，200个链接，都是主播给咱精挑细选的一些数据，有合适有喜欢的朋友们都可以直接的去带就行。还有没有要找书的朋友们，要找书的话直接打在公屏上。咱因为小黄车里面也可以直接去感受一下。想给孩子买书的，自己想挑选一选的，都可以直接去带。然后这个是小王子还没有带的朋友们，18号链接精装硬壳大开本的直接去带，直接去选必读必看的哟。天花板的一个存在了，大人孩子必读必看的，写给大人那个童话故事。三年级以上是吧？四年级、三年级以上都可以去读了。关于爱和责任、勇气？关于一些人生的意义，都可以让去孩子去多去了解一下，大人都去读一下。然后山海经在咱小黄车的一个十号链接的山海经定价是58的。直播间就是一个个位数全彩图的一个典藏版本的山海经，在十号链接还没有入手。朋友们当下比较受欢迎的一个上古的百科全书，咱可以去了解一下，很多神话传说是吧？里面都有啊。二号链接的人间值得以自己喜欢的方式过一生，感觉生活比较累的朋友们都可以去带，特别的推荐比较温暖治愈的一个短片，都是一个短篇故事的。每一个都是一个一个故事的，比较好读半天的时间，一天的时间咱都可以去读一读了。看透生活的真相，仍然觉得人间值得，仍然有热爱生活的勇气。因为小黄车里面咱可以优先的去逛逛。进来朋友们，因为品类比较多，文学、历史、哲学、悬疑？言情小说或者是经典的国学、中医方面的一些书籍，各个方面如果咱想提升自己的能能帮到咱的一些书籍，都可以去挑一挑选选睡觉之前没事的时候都可以去读一读，各个方面的去去选一选，可以喜欢几本带几本。今天拍的话，明天就能发货了，两天三天咱就能收到货了。然后这个是在25号链接的世界名著，有简爱、莎士比亚、假如给我三天光明、傲慢与偏见，里面都有,《世界上最爱我的人》
今天九块多钱一个全新的正版纸质新书，精装硬壳的七百多页的一本书籍里面有很多，咱可以去选一下。九块多钱直接给他包到家了，一个尾货了，给它清掉了，后面不再加印了。所以咱刚见朋友们赶上了，朋友们想给孩子买，想收藏，想想装饰书架的，是吧？咱都不要错过了。这个是镜花缘，质量特别的好，特别的厚实，九块多钱。咱闭眼睛去拍的一本书，25号链接还没有带的朋友们都可以直接的去带就行了。平时的话是没有这个价格的，所以赶上的朋友们可以去直接去带。咱所有书籍保质保量保售后的，刚进来的朋友们，咱都可以来挑选一选。走过路过的朋友们，还没有带的，没有在我们家带过的，第一次来的都可以放心的来带，放心的来选了。余华的一个书籍，精装硬壳的，在咱二十几号链接，精装硬壳的。没有了解过余华的他说，生活是属于每个人的感受，不属于任何别人的看法，活着就是为了活着本身而活着的，不是为了活着之外的任何事物而活着。定价是45的精装硬壳的，直播间是29块钱，二十几块钱都给咱包邮到家了。所以咱还没有入手过的，没有读过的话，可以去带一下。小黄车咱去挑一下，选一选。找书选书，咱可以打一下书名，刚进来朋友们可以打一下书名。然后还有没有要早说的？没有的话，咱就要下播了。刚进来朋友们，咱就直接下播了，然后咱都可以。还有没有要早说的？,《镜花缘》
