﻿original,result
全世界在等我们分手全世界都在等我们分手。是给到大家3333本书，山一程水一程，爱情骗子临水潮，我们给到大家，现在在所有在今天直播间去拍的9.9块的一个价格。来54321上链接了，右下角给大家上链接了。宝贝们39.9块带走三本，39.9块，39.9块可以直接去拍，直接去拍。而且我们今天直播间的这个也是给到大家十多米的一个价格。想到昨天姐妹们就觉得那些人太不理智了。之后我会强硬起来的，不会再挨骂了。来，我们的全力在跟我们分手，全世界在等我们分手。一本书十多米的价格，昨天也让我们的粉丝宝宝们受了很多的委屈。不好意思，因为我们直播间确实是一直都是一个蛮peace的地方。这里面不仅有有很多有喜欢谷子的，有喜欢我们的乙游的，有喜欢那个盗笔的，也有喜欢斩神的，很多粉丝都杂糅在我们这个直播间里面。所以之后也会不仅不单单顾，直到我们一方的粉丝都会给大家，要哪本书的，我们都会给大家，一本一本的讲的，不会再出现这种情况了，不会再出现这种情况了。还有天官的粉丝，还有天官赐福的粉丝。对，我们没说到就太多了，太多了。谁有我们直播间这个粉丝种类这么多？来自由是否没了？自由自否这个好价，没了，全家人都我们分手，我们给大家三本书，一本书十多米的一个价格。天官赐福的这个有我们的周边，能给大家上吗？可以，天官赐福的周边，官赐福的周边，天官赐福的这个周边给到大家也是，加上我们的一个小说，那个价格199。我我我觉得街口老大爷都知道我们天官赐福卖199了，没没有别的价格，没有别的价格，没有别的价格，天官赐福就这个价格。来我们天官赐福的周边可以给你去做一个好价，有我们的文件夹，还有我们的那个贴纸，贴纸很大的一个大贴纸，好大一个。来我们所有想要这个贴纸的，想要这个贴纸的准备好，我天官赐福加文件夹再加贴纸。9.9的周边版本54321上链接，右下角给大家上链接了，9.9块宝贝们点进去不要犹豫。对的，9.9的一个价格不限身300年，就在那个购物车里有什么品盲狙的陈年猎狗，陈年猎狗祝就是希望每一个盲区的宝贝都得到一些快乐。这个陈年猎狗两本书，正常是给到大家五十多米的价格，现在是49.8块加7000米芯片再加印章版本。成年猎狗色不问39，所有的人都好看，但成年猎狗是很特别的一本。两个人从小就长大，桃淮南和吃苦的这个就是什么告白都是什么,全世界在等我们分手
我是你的小狗，来准备好我们的这个成年猎狗，5431小你放学等我们，放学等我在我们的六号链接，29.9块的这个好价应该剩下三本，剩下三本，三本晨间猎狗的，这个还很推荐大家。如果是说文荒或者是找不到什么好看的那你去看我们不问39的文，这个就是两个人这种成长性写的特别的好。如果是说想要都可以直接去拍。再给你上一个那个什么，我们这边还有。驯狼高手一本完结扉页亲签巨狼和巨兔的爱情故事，每个人都有这种动物属性在身上，我们如果是说想要我们驯狼高手的给到大家，也是一本完结。加上我们的新签，还有我们的周边，来我们的训练高手54321 30多米，不需要15.8块，右下角给大家上链接了，宝贝们15.8块，叶钦签，粉叶钦签给到大家。我们如果是说的话，想要卸妆高手有有个要主公蚁大的文叫什么多宠着我点扉页亲亲，这个还都挺，不是那个int亲，不好意思。印特亲，印特亲叫多，是叫多宠着我点吗？印特亲，印特亲这个还挺甜的，从头甜到尾那种没有什么波澜。来54321上链接了，右下角给大家上链接了。宝贝们，这个多宠着我点，还是给到大家硬特尖足以的。我看过能吼的，看过偷偷藏不住的，全部都可以直接去拍。不见上仙300年，给大家弹一下。不见上仙300年有个完结本，然后这个是有彩绘飞机盒，还有周边的一个家给。如果是说想要的都可以直接去冲，不限上限300年。现在所有在我们今天直播间，想要这个好价的，来54321上链接了。不见上仙300年，然后我们所有在我们今天直播间想要去冲到来，我们那个给到大家，你们现在去拍。然后这个是一有没有完结篇？有没有完结篇，完结篇给大家上一下。来我们所有想要完结篇的，你们有那个周边版的完结篇了吗？有了，有了80号链接，宝贝，80号链接，80号链接给大家弹了，谈了告白也在购物车里。我们如果是说想要这个我们的一个硬特签的，硬特签，不是想要我们这个周边，周边版本的，也可以直接去开。再给大家上下和徐先生协议里结婚之后，这个也是给到大家的一个男生文夫妇离婚结婚文学，这个也是给到大家一本完结。今天的好价三十多米的价格，不需要给到大家，26.8块，再加亲亲，和齐先生协议离婚，结婚之后54321上链接了。右下角给大家上链接了，宝贝们南红给你找一找。宝贝，南红给你找一下。我们今天还有那个撒野群三色套装给大家上一下。好的，撒野南红就这个价格。撒野前三寸的一个套装，一本书给到大家是一个非常香的一个价格,成年猎狗
如果是说想要我们撒野的，撒野这个前三次也是一个库存捡漏。然后加上我们15厘米的立牌牌，还有我们四人的明信片，加人物的透卡，还有彩绘飞机盒，还有我们的海报，还有我们主角的一个海报，给到大家庭内桃花没有，和那个就是现在要冲撒野了，这个也是卖完就下架的版本。来我们的撒野54321上链接，右下角撒野给大家上链接了，宝贝们撒野，撒野我们所有想要撒野的现在都可以直接去拍。然后还有我们的彩绘飞机盒，还有我们的周边版本四联的明信片，然后加上印签的一个藏书票，给到大家加上我们Q版的贴纸，全部都可以直接去冲我们的剩下都在购物车里，还放个完整本在购物车里面。再来给大家上一下，我们的下一本，下一本是我们的破云全三册的一个套装。这个主要是破云一要没有库存了，如果是说还想要我们破云的，还可以现在去拍。而且这破云的也是那种，那个一本、两本、三本，三本全部给大家做好价，在家隋书加给。来我们的破元54321上链接了，右下角给大家上链接了，破云经及售空了，荆棘售空了。我们所有想要破云的，前三册，前三册一本书给到大家，是一个二十多米的价格，再加上我们的一个马口铁的一个细闪徽章，还有我们的三联明信片，再加我们的色纸，再加我们人物海报，再加透卡哈，全部都给到大家。如果是说想要我们破云的，想要我们明信片的，想要我们周边的，还有这个许愿卡是给大家掉落的，可以直接去拍。再给大家来上一下，我们的下一本偏执，校园救赎向的一个言行文，偏执的这个也是印特签的一个好价，三十多米的价格不需要。我们给到大家16.9块的价格，5431上链接了。姐要多长时间发货，你上面的也发货。你看一下你下单的商品详情页，为你而名双新鲜的版本吗？为你而名给大家弹一下为你而名双拼鲜的一个版本，而且我们的为你而名还是给到大家加上我们的水晶发光的一个吊饰，还有我们的珠光双面色纸，再加ABS的一个卡套，加我们镭射的小卡，还有我们双闪的，我们烫色双闪的镭射票，是给大家乘二的。我们如果是说想要的都可以直接去拍。这个是给到大家双钦签的一个版本，可以直接去抽。而且这个也是小树苗德萨罗人鱼，一个海人鱼和一个生物研究员的设定，再来给大家上一下我们的下一本顶端优势，赛博朋克末世废土，再有一个人形武器和土匪头子的这个男生们的设定,撒野
而且去给到大家我们给到大家是一个就是非叶亲亲，19.9块的价格，来54321上就上链接了，扉页亲签，扉页今天只有今天卡了，今天卡了这个我们的顶端优势亲签卡给到大家，也是一本完结19.9块的一个价格，可以直接去拍。再来来给大家上一下那个什么，我们的难缠，古风男生文哈，两本书，一本书，9.9块的价格。来我们的难缠，54321上链接了。难缠的这个好价，好价，而且我们的难缠的这个也是给到大家，古风男生纹，男生纹现在可以直接去拍。来我们的难缠，54321上链接了，有吗？我没找着，是那个难缠，就是南方的南蝉鸣的蝉，没有。再给大家上一下超感官知觉，台风也没有新，超感官知觉。然后这个也是一个刑侦队长和实习记者的一个设定，一本完结的一个填。如果是说喜欢这种仓鼠系男友，来54321上链接了，右下角给大家上链接了，宝贝们上链接了，上链接了。我们如果是说想要去冲的都可以，都可以直接去看一下。你们现在所有在我们今天直播间去拍的话，也可以直接去看一下一个好价，好价。再给你上一下那个什么，再给你上一下我们的那个黑天顶端优势没完结。超感官知觉这个是11.8块，黑天的这个是木苏里的纹，星际双强纹。我们如果是说喜欢我们黑天的这也是给到大家两本书，一本书给到大家9.9块的一个价格。来我们的飞天54321上链接，右下角飞天给大家上链接了，一本书19.9块，一本书19.9块，一本书19.9块，全两册套装是36米的一个好价，正常卖四十多米的一个价格。喜欢木苏里的文案可以直接去拍。我们今天还有一个，我们的那个杀杀破狼，杀破狼全三色套装。喜欢我们顾昀和长庚的这个，也可以直接去拍。而且我们今天杀破狼也是给到大家所有在直播间去冲的，这也是一个好价。我们那个沙漠狼的这个价格是一本书十多米的价格。喜欢古风男生纹的可以直接去拍。来54321上脸右下角杀破狼，古风男生们给大家上链接了。宝贝们来，我慢慢给大家上迫降。娱乐圈双强文，这个就是给那个影帝当陪练，结果后来的时候和影帝谈恋爱，爱的男生们迫降的这个还要给到大家，我们的一个就是扉页的亲签，亲签在家隋书加给之前是卖三十多，现在是给大家二十多，你就可以直接去拍。来我们所有想要我们的这个迫降的，喜欢娱乐圈文的还可以直接去冲5432 12，右下角给大家上链接了，宝贝们上链接了，上链接了,顶端优势
然后这个也是我们迫降它有20厘米长的一个长卷轴，还有给到大家双面一面的色纸，再加上我们双人的立牌，再加卡再加上我们碎玻璃的一个吧唧，5.8厘米的碎玻璃的吧唧，还有我们的书签，还有我们双眼的明信片。我们这个是20乘1米长的一个卷轴。然后所有想要我们这个好价的，也是给到大家亲签版本，亲签版本可以直接去冲，而且它这个里面，还有我们透楷，也给到大家所有想要一本完结的男生，还有两本，新签还有两本。这个是一本完结写的也是一个娱乐圈文哈。主要是他这个金签，这是扉页的，不是金签卡，所以他会不会留没了，还能加吗？还可以，我们所有没有抢到的付款的，付款的我就不提了。然后我们现在所有没有付款的宝贝，没有付款的宝贝，我们给到大家这个迫降的新鲜，真的就只有少量一本完结。男生们东西太多了，他如果是说卖三十多块钱给你这么多东西，我觉得还正常。他现在有碎玻璃的巴西8就正常。你去拍一个那种关州的吧唧，他都要给到大家。非常贵，大概25块钱一个，25块钱一个。我们娱乐圈文艺本完结还是好价，5431下。右下角给大家上链接了，不是娱乐圈文，是电竞文哈。我们第五次没有，不知道。明天，应该是有应签会，得去问问，三野这个已经是好价了。我们所有想要迫降的，迫降的这个是给到大家二十多米的一个价格。尤其是它那个1米长的一个长形卷轴，然后还有那个双人立牌牌，银边的色纸，都很好看。这也是那种双强文和陪练打打游戏，一边打游戏，一边一边谈恋爱。这个也是给到大家加上我们的那个特别好看的，我们的周边再来给到大家上。在我们的那个就是铺要上一下我们那个什么看一下我们的碎玉投珠前两色套装，碎玉头珠前两色套装。我们碎玉投珠浅浅两册，一本书给到大家，是一个二十多米的一个价格，而且这也是一个古风男生文哈。所有想要碎玉投珠的拼手速，给大家上库存了。来我们的碎玉投珠，这个师哥师弟文学也是我们北南大的文哈。来54321上链接了，右下角给大家上链接了。宝贝们，我的天哪，怎么救？而且这个是所有在我们今天直播间去抢的，也是给到大家二十多米的价格直接去拍一本两本书。49米的吵架，完结了，四十头猪是完结了的。我们今天还有那个荣光，荣光全三色的一个套装，龙虾的纹。喜欢我们这种比较古早向的，我们的一个男生纹。我们今天所有想要在直播间去拍荣光的，都可以直接去看一下荣光的这个。拍下就是一个好价，荣光在拍下就是一个好价。三本书，一本书，十多米的一个价格,迫降
来我们的荣光54321上链接，有光给大家上链接了。咱们1到3的套装是一个限量签名版。然后宝贝们咱们可以点进去看一下，也是一个多规格，点进去能看到1到3的那套装。对的，我们这个好早，睡醒了吗？不知道，不知道，不知有种不知今夕是何年的感觉，不知道。来我们的这个荣光1到3册，1到3册一本书给到大家是一个就是你现在去拍的话，一本书十多米的价格59.8块，直接去拍三本书。而且这个荣光还是给到大家一个电竞文，就是所有的电竞纹的都是那种很热血很燃像。如果是说喜欢同类型的，也可以直接去拍。再有荣光这个也是个套装，39价格不需要，59.8块直接给到大家。34.3块的一个价格，104米的价格不需要，五十多米的价格也是一个好价。再来给大家上一下我们的这个那个什么，再给大家上一下我们救你机灵加救我机灵。小说名叫百万up主学神天天演我，这个也是那种很香的一个好价。而且这个百万不宣传，天天演我，也是给到大家，你们现在所有去拍的，它这个也是给到大家一本完两本完结，两本完结的一个好价，给到大家来。我们的百万是学神，天天延误。54321上链接了，右下角给大家上链接了，咱们两本亲亲宝贝们好价66.9块，带走两本。就你机灵和救我机灵宝贝们没错，就你机灵家就我机令。这个也是给到大家，加上双亲鲜的一个版本，可以直接去拍。我们给大家再展示一下，展示一下我们的那个就是金风。金风的这个书也是给到大家，就是书做的很好看。而且如果是说想要在我们直播间去拍金风的，这个还有我们的周边，周边来给大家展示一下。我去换好的，我去换个衣服。咱们目前京东的话，它是33 39 3，它是有一个周边加赠的这个流氓版本。宝贝们这个版本是咱们现在直播间拍下能有的。折烛二折竹二没有了，完结篇没有了。咱目前只有折竹一是18块钱，16块钱宝贝们。看这个封面，然后目前京东他是只出到1，然后第二本还没有出，然后现在只有一可以买，给大家弹一下链接吧，金风。33块钱加赠一个流氓版本，二和他的白猫师尊是有的。折竹3，折竹三就是完结篇，完结篇目前没有，目前它只有一个折竹一，就是16块。钱宝宝你可以在小黄车里去搜一下哲竹这个名字，然后就能看到川塔精锐琵琶声。我给你找一下，是高糖舒瑟老师的吗？好像可以有，好像可以有，给你找一下宝贝高糖。稍等一会儿给你找一下。然后大家喜欢金风的话，可以看一下左右下角的链接。33块钱带一个家乡的流氓版本，这个是随书自带,百万up主学神天天演我
然后随书自带。除此之外还有一些像这种马克里的周边，这种吧唧。折皱二没有宝贝折竹现在只有一盗墓笔记。有盗墓笔记在宝贝你就在那个这是折中，这是惊风。对，这是惊风的那个垃圾盗墓笔记。有宝贝你在小黄车里直接搜一下盗墓笔记，就能看到它是多规格链接。然后像什么沙沙海可能有，那里面多规格你可以看一下都有什么，然后可以直接挑自己需要的。成年猎狗链接还有亲签吗？宝贝，我给你看一下它现在是一个亲签的明信片规格。给你弹一下陈年的狗，它是有一个盖章亲签的明信片的规格，然后是两本书。我给你看一看，好糊吗？不会，现在我给他拉远一点，宝贝跟你谈的那个成年猎狗的链接，它是有一个亲签明信盖章的明信片版本，然后那个也是少量的库存了。你喜欢的话可以看一下右下角给你弹了，还有宝贝们想要哪本书可以打在公屏上。然后折姐要五十以内，我主要就是那个标价，我们现在没有办法再给你做50以内的好价。成年鬣狗链接还有亲亲吗？那个是亲签明信片，那个是亲签明信片，明信片。然后大家印章版本，如果说想要我们成年猎狗的，可以直接去拍。而且陈年猎狗的这个也是给到大家两本书，两本书亲签明信片，亲签明信片。我不问39，所有的文还都挺好看的。如果是说喜欢这种感情线情感密度特别的浓。我们如果是说喜欢这种类型的，什么都可以破云，破云一号链接，春堂鲜葡萄说没有，我们的破云哈珀云全3册再加周边版本。如果是说想要我们破云的话，也可以直接去拍，这个也是给到大家，前三册，一本书是二十多年的好价。来我们的破云54321上链接了，右下角货源给大家上链接了。宝贝们个位数的小库存没错，还有我们的周边版本，还有我们马口铁的一个细闪的徽章，还有我们三连的明信片，还有我们的色纸，还有人物海报。你们还想要什么？你们有没有想要男生的变译文的男生的变译文和编译文一本完结，还是叫封疆破八步文学。这里面的华容，因为寒冷就是那种家破人亡。后来他向寒冷发起复仇，在这个过程中，也是那种无我不用提及。结果后来的时候，他们俩是因为是古早的，所以有各种的就是那种各种的就是那种各种那种不能播的，不能播的那那种内容。因为是个古早文，所以说你们如果说喜欢这种类型的话，可以直接去拍我们的只有否知否知否的这个也是给到大家，所有在我们今天直播间去拍的，这个价格也是那种不是具有机是那个枫江一本完结。华华容因为寒冷了，后来的时候就是去世了,成年猎狗
"后来大家很年轻的时候就去世了，在后面的剧情就是韩朗一个人那种孤独终老的剧情。我们来给大家上一下一本完结我们的封疆。毕译文来54321上一了，右下角给大家上链接了风疆，新疆24.9块的价格，宝贝们对的，枫浆风江24.9块的一个。好，既然小蘑菇有漫画的，有小蘑菇漫画能给大家上吗？小明哥的这个漫画也是给到大家，就是我们所有想要的，一本书是给到大家，我们的我看两本书加在一起，小蘑菇两本书加在一起，一本书给到大家是一个十多米的一个价格，一本书你算下来才二十多米的价格。我们的那个仙游小说如果要漫画的话，它也是有那种画风很好看的一个漫画。来我们的小蘑菇的漫画，大家准备好了吗？Yes, 不行，他上不了了，上不了了。对，来来我们那个小蘑菇的漫画上不了了，上不了了。那那个上风上那个什么小蘑菇的小说吧，小说这个两本书，一本书是给到大家，是一个十多米的一个价格，二十多米的价格。这要是卖八十多米的价格，现在不需要了，56米直接去拍两本书。来我们的小蘑菇我写321，上链接了右下角小蘑菇，上链接了三面刷边的一个版本，印签的版本。对的，然后我们所有想要小蘑菇的都可以直接去拍，56米的价格可以给到大家。这个也是有我们烫金的工艺，要硬签的都可以直接去冲。对的，而且这个也是给到大家前两侧三面刷边再加礼盒的一个版本。都可以说都可以直接去拍，而且还是一个烫金工艺和烫金工艺，再加上你们现在去拍的这个，还是有5 14周的一个印特签，印特签，再给大家上一下我们的明知故问，小庶民的信息诉讼，我们不可能明知故犯的，这个也是给到大家我们的一本完结ABO文哈，再加一个亲签。我们如果是说想要明知故犯的，现在可以直接去拍，来我们明知故犯的一个好质量。就是他们的家之后，一个信息素分化成了一个橘子味儿的，一个信息素分化成了一个桃子味儿的，也是那种从头甜到尾的设定。小说名叫信息素说我们不可能，来我们的明知故问，54321上链接，右下角给大家上链接了，宝贝36块钱带走一个明知故犯的亲亲均有即否他更完了吗？没更完，没更完，他现在就只出了一本，他只出了一本，还没出完。我们明知故犯，明知故犯这个加新鲜版本，然后还是毛球的一个新鲜。还有我们给到大家那个书风，也特别的可爱。如果是说喜欢这种类型的，还可以直接去拍。而且这个还有我们的一个正反面，做的也特别的好看。这也是那种从头甜到尾的一个男生，你的再给大家加上我们的荣光电竞文",小蘑菇
想要看我们这种新鲜版本的，想要我们的这个电竞文的，现在可以直接去拍荣光的。这个也是龙栖大的纹，拼手速给大家上链接了。来我们荣光，54321上链接，右下角给大家上链接了。宝贝们上链接的周边，周边有啊，周边有啊，展示就在购物车里面。然后荣光这个是1到3次，给到大家签名版版本的话都可以直接去充。而且我们这个荣光也是给到大家34.3块，直接去拍两本书，一本书，给到大家荣光这本书。你算下来的话，他一本书才多少钱？十几块钱，十多块钱一本书，真假的一本书十多块钱。我们的荣光，我们如果是说想要的可以直接去拍。然后再来给大家上一下我们的放学等我，放学等我今天有好价，所有想要放学等我的，放学等我的。这个正常的话是给到大家放学等我。正常的话一本书是三十多米的价格，现在是29.9块。如果是说想要我们放学等我的话，都可以直接去拍。而且这个也是给到大家，所有在我们今天直播间去拍的，都是一个香香好价，还相当好价。来54321上链接了，右下角放学等我给他上链接了。宝贝们来放学等我，放学等我都可以直接去拍哈，都可以直接去拍。再给大再上一下那个什么，再给大家上一下我们的营养过良，营养过良的这个也是我们一本完结一个治愈向的一个甜饼文。想要营养不良的也是给大家29.9块的一个加给版本。如果是想要冲的可以直接去拍。再有今天我们直播间所有去拍的话，都可以直接去看一下我们这个文哈。主要是它的这个价格，也是真的很合适，价格也很合适。我们再来给你上一下。再来给你上一下我们的那个什么，再给大家上一下我们的杀破狼。杀破狼前三次当然没有新鲜灰塔笔记，有新鲜灰塔笔记有新鲜灰塔笔记，有亲亲。我们所有想要灰塔笔记的灰塔笔记这个一本完结战争背景的设定，一个密码学，然后和一个密码学的一个研究员和一个上校大人。我们如果是说想要，我们会卡笔记的，都可以直接去拍。来54321链接了，右下角会台笔记给他上链接了。咱们芊芊25块，27.5块的一个价格，宝贝们也是一个个位数库存，是我们不补了，没错，没错。如果是说想要的话，都可以直接去拍，直接去拍。来我们这个还是给到大家会台笔记，加例会的折页，例会的折页再加上给到大家我们的明信片，然后小物的一个贴纸，贴纸我所有想要这些的都是可以直接去拍，都是可以直接去拍的,放学等我
再有我们今天直播间还有给到大家，我们特别好看的那个章鱼的漫画，想要吗？章鱼的面章鱼章鱼所有想要章鱼的，想要我们的一本完结的，一本完结的，然后这个漫画都可以直接去拍。来，我们章鱼一本完结的漫画，54321上链接了，右下角章鱼漫画给大家上链接了。宝贝们来来来，我们所有所有现在我们直播间去拍的话，都可以直接去抽。而且你们现在在直播间去抢，也是OK的，也是OK的。我们给到大家单卖没有？单卖那个就是折竹2，没有丹麦折竹2，但是我们今天有那个折竹的一的好价。是的，折竹16元1本，16元1本，16元1本。我们如果是说想要章鱼这个漫画的，这个已经抢光了。章鱼这个漫画你炸开的不对吧？哥，章鱼漫画吗？不是29吗？36那就是36，现在36还是现实的，现在是36，就是改不了了，改不了，那就是这个价格了，那就是这个价格了，那就是这个价格了。因为他可能加周边了，加了那个双人的一个大巴机，就是类似于那种泡泡面吧唧的，给大家多加了周边。来，我们再来给大家上一下我们的折竹，折竹一是16米的一个价格，而且折竹这个也是好价。还有所有想要折竹的，来54321上链接了，接下来要给大家折烛上链接了。宝贝们，折竹16块钱的一个价格，折竹16米的价格直接给到大家。然后还有我们的周边版本，先到第一小白脸，然后这个也是一个修仙稳折住的完结本，完结本没有签了，完结本没有新签了。如果说想要折烛，大概16元1本，16元1本。再来给大家上一下，刚才没有讲到章鱼的一个漫画的，这个漫画有个15厘米的泡面八只是给大家单加的，所有想要我们追逐的漫画的话都可以直接去拍。来54321上链接了，右下角给大家上链接了。宝贝们来，我们的折竹，折竹所有想要折竹的给大家过掉了，我们先给大家上一下，我们章鱼的一个漫画，漫画的这个是16元，十不是29米，29米的一个价格贴给到大家。然后这个也是有你去领券去拍，你领券去拍，它有个券，它有个券，领了券之后再去下单。就是29米的一个价格了，我们还有宝贝没有去抢到我们的章鱼的，还有我们的周边版本，主要是这个烫金的明信片，烫金的一个色纸，然后加上那个亚克力的双层挂链，还有给到大家我们的双人的人物巴西，人物巴西你全部都可以直接去拍。再给你上一下那个什么，再给你上一下我们的下一个。那个人鱼陷落吗？人鱼陷落有的就在购物车里，当万是两本，单万是两本，两本。如果是说他想要当万能的话可以蹲一蹲，单罐的话可以蹲一蹲,折竹
来，我们再给大家上一下我们的下一本，下一本是。下一本是什么乔韶，不需要安慰，这个也是个男生文案。然后两色套装是带签名的。我们这个乔乔不安慰也是给到大家，就是一个卖完之后是不补的，也是一个校园文哈。来我们所有喜欢小勺不需要安慰的，给到大家。两本完结加新鲜还是龙思雅的亲仙龙思雅是荣光的作者。来我们的小勺不需安慰的校园文54321上链接了，右下角给大家上链接了。宝贝们，咱们48块8两本一个有一本是随机亲签，随机一本有新签宝贝掉落新签，掉落新签，掉落新签。然后这个是给到大家，我们还有所有想要的这个有20的明信片，然后有包边的色纸，还有Q版的一个钥匙串，全部给到大家，再给你上一下。我们的解药，解药前三次喜欢乘客和张玉铎的，然后喜欢这个双向情感，让你的街霸和被赶出家门的富二代少爷，也是那种双向治愈，还是那种甜文的一个设定。来我们的解药，解药两本书套装好价，三本书套装好价，一本书十多米的一个价格，54321上链接了，右下角解药给大家上链接了，宝贝们来来来，台风也是的，是的，他那个要卖没了，库存马上就要没有了。我们如果是说想要这个，我们的解药的前三册有我们的调慢，还有Q版的小立牌，再加上我们给到大家特别好看的这个啫喱卡，还有明信片的加给，然后还有主角的直尺，异形的书签，还有我们的贺年卡，全部都有。我们如果是说想要，我们想要的话也可以直接去拍解要的，这个也是给到大家，还有时光的海报，Q版的这个明信片也是有的。三色套装售完不补货，一本书给了大家十多米的一个价格。来，我们给到大家再上一下那个什么，再上一下我们的成婚游戏，成婚游戏两本书再加特签，35.5块直接给到大家所有想要成婚游戏的，一本书十多米的一个价格。所有想要在直播间去拍成婚游戏的话，也是给到大家的一个好价。来我们的成婚游戏，54321上链接，右下角给大家上链接了，咱们一个特权版本的成婚游戏，宝贝们，不健全关系还有吗？还有我给他找一下，我给你找一下，我给你找一下我们所有在我们直播间充这个成婚游戏的。成文游戏这个也是给到大家两本书，然后也是一个甜宠的言情文哈，如果是说想要的话，都可以直接去拍，而且这个还是给到大家。你这一声姐姐叫的我，你昨天来了吗？你昨天来了吗？你昨天来到我们直播间了吗？我现在好像都很难看到我们之前的那个老粉丝了。对，都是一些就是我还没有见过的新人宝宝,乔韶不需要安慰
来，我们所有想要这个成婚游戏的两册套装，一本书给到大家十多米的价格。破云还有吗？破云的这个我们这里有的破云，全3册套装一号链接给大家弹一下。一号链接，一号链接两本书，两本书，而且这个破云还是给到大家，你们所有想要的有那个马口铁的细闪徽章，还有三连的明信片，再加上我们的色纸，还有人物的海报，还有透卡是两张的。来我们的那个所有在我们今天直播间，想要去拍我们破云的，想要去拍破云的，想要去拍破云的，哈珀云不要占库存。这个哈只要那个是三色套装，三色套装我们所有想要这个就是三色套装的，我们的破云的一本书给到大家，30米的价格，不需要的，二十多米直接去拍。尤其是我们有破云的一哈珀云的一来54321上要给大家上链接了。宝贝们来，我们的破云的一哈珀云的一支给到大家，也是一个好价，好价。来我们的所有在今天直播间想要破云的哈珀云的这个也是有周边的一个版本，还有三联的明信片。怎么样才能分辨它是不是正版？看那个书号，看书号，然后这个是我们给到大家透卡L两张，透卡还有两张。然后这个还有Q版的尺子，还有我们的一个许愿卡，是给大家掉落的，许愿卡给它掉落。我们如果是说想要我们破云的，也可以直接去拍。主要是破云的这个书只有少量库存了，只有少量库存了。是的，再给你上一下那个什么。我们再给大家有一个天官赐福的一个就是书签天官赐福的这个文件夹，再加上两张贴纸的一个版本。我们的天官赐福天官赐福给到大家9.9，加上全部的周边，54321上链接了。天官赐福这个9.9加全套的周边，还有我们给到大家的好价。现在可以直接去拍三十多米的，不需要9.9价格，可以直接去抢。全这个也是给到大家，只有少量，只有少量，再给你加上我们的那个，给你上个明知故犯，明知故犯这个一本完结，明知故犯这个一本完结，我们给到大家一本书，加上我们的好价，加上我们的好价，还有给到大家加亲亲。ABO文哈打了一架之后，发现一个分化成了欧米伽，一个分化成了一个阿尔法之后，两个人开始偷偷的谈恋爱。来，我们所有想要这个的都可以直接去拍。54321上链接了，右下角明星给大家上链接了，一个千千版本的明知故问。宝贝们没错，千千版本的一个明知故问，明知故分全部都可以直接去拍。而且你们现在在我们直播间去抢的话，也是一个蛮香的一个价格。而且你们那个就是今天直播间去拍的这个，明知故犯的话，还有我们的正反面的一个卡通那个贴纸,破云
通海没有，金千瑜期有吗？渔期有，逾期没有吧？没有逾期没有，逾期没有。再给你上一下我们的那个什么。下一本，下一本是我们的折竹，折竹十多米的一个价格，拍一本，十多米的一个价格拍一本。来我们的折竹，折竹这个也是小树苗先到第一小白脸，然后也是那种越克制越反扑的一个设定。而且两个人的也是那种一个凤凰和一个那个小小傻瓜。他们两个就是前面开场的时候，你以为是故事的开始，但实际上是故事的结尾。但是如果是说你看到后面才发现整个的这个故事全部全部都有我们的好价给到大家。来我们的折竹，折竹16元1本，5431上链接了，右下角折烛给大家上链接了。咱们折烛16元1本，16元1本。折烛二没有单卖的，现在只剩下折逐一了。折烛大家觉得完结篇的新鲜也没有了。折逐一还有谁没有抢的，先可以直接去抢。我们今天还有，刚才没有讲到我们的破云的全三色套装好价，也是我们怀上的完全三本一本书给到大家是一个十多米的一个价格。破云的这个也是一个好气啊哈好气，给到大家来我们的破云，一本书下来二十多米刚出头。来我们的研学和姜婷的这一本，54321上链接了，右下角破云给大家上链接了。宝贝们破云，破云所有想要破云的，三色加上马口铁的徽章，加三联的明信片，还有Q版的尺子，还有人物的海报，还有我们的色纸，还有我们的透卡哈，直接拍两张。还有我们给到大家，许愿卡也是给大掉落的，如果是说想要我们破云的，都可以直接去拍全三册这个一本书给了大家二十多米的一个价格，加上我们的人物的海报。我喜欢你男朋友很久了吗？那个精装硬壳书是吗？还真有这个精装硬壳书还真有。我们再给大家上一下我喜欢你男朋友很久了，小说名叫我等你很久了。陈景深和玉凡的这个文哈也是那种就是和前和现男友在门里面贴贴，但是和前男友在门外偷听，也不是偷听，就是他过来敲门，反正就是一种很很密的那种文学。很茶系，有点汤茶泡饭的感觉，抹茶味儿的肉饼。来给大家上一下，我们的这个我喜欢你很久了吗？我等你很久了，我给大家找一下，我等你很久了，我等你很久了。再加上我们那个精装硬壳书法医秦明吗？啊，见春天法医秦明回复大一下，这个绝地存AWM，一会儿给大家回复大家一下。哈法医师，你等一下一会儿给大家找你要哪个系列的，是哪个书？还是你要单本的，还是哪个书？来，我们那个破云没抢到，再给大家补点哈珀云这个不要占库存哈那一本书才给到大家，就是二十多米的一个价格，而且这个还是前三色行政那个套装,破云
来我们的破云54321上链接了，右下角破云给大家上链接了，宝贝们破云海幸存者看看有没有。来我们的法医信念之幸存者，这个还是给到大家，我们的那个三联明信片，然后还有我们的马口铁的徽章，我们破云的这个也是，主要是破云医药没有货了。如果是说没有想过，我们的破云的现在可以直接去拍，一定要留个一整套的。我们现在书架里的书都还挺便宜的，在我们的小黄车里面，所有想要破云的全深色套装，宝宝们真的不要一直占库。我上了就占库存，但你又不付款。我的天哪，破云，破云不要占库存啊不要占库存。你们白菜价的书，那你就去买白菜。宝宝们，来，我们还给到大家上一下我们的破云哈珀云全三册这个里面我不知道什么叫白菜价的书，但是你可以去看一下哪个书符合你心理价位的，都是给大家开了好价的。这个也是给大家争取来的我们的一个生日场的福利哈那你去看一下，如果都不合适的话，那我你就只能去看看你心里合适的了。来我们的破云啊不要占库存。这个也是给到大家我们的那个马口铁的徽章，马口铁的徽章加上色纸到底你是谁？又没了，还有没付款的，当时这主要是你们不付款，你们抢着干啥？你们又不买它，我天呐不加了，就这样吧，又不买它，然后你们也不付款，又QQ放购物车里囤货。给你上一下我们的整冬天与我恋爱等等等等，来给大家上一下为你而名为你而名的这个两本书，双新鲜的版本，牙声纳的文哈，双新鲜版本的为你而名。双签好价，一本书三十多米的一个价格。来我们的为你而名，54321上链接了，右下角为你而名小亲亲朋友们给大家上链接了。宝贝们这有我们的一个水晶的一个发光吊饰，还有我们的珠光明信片，还有我们给到大家我们的那个滴胶闪粉的钥匙扣，镭射边的一个双面色纸和双面色纸，再加上我们滑盖一个ABS的一个透卡，给到大家。如果是说想要的可以直接去拍。它有我们给大家掉落的两款亲签，这个亲签也做的很乖。这个是两款新鲜一一本书是三十多米的价格。重生之将门独后，有的，重生之将门独后，给到大家我们的是四本书，小说名的将门嫡女，然后也是给大家一本书十多米的一个价格。来我们的重生之将门独厚，54321上链接了，右下角给大家上链接了，咱们是一个典藏的版本，一拳两侧对脱云检测只能等等露出来的宝贝了，现在大概有很多宝贝加购物车没有付款。撒野的这个全套也要等等露出来的宝贝了。它现在还有那个，现在所有就是你能看到的，你能看到的应该还剩个两套,破云
撒野在我们的二号链接，人设还有吗？人设给你找一下包包来，我们将门嫡女的这个完结本人设在购物车里，再给大家上一下我们的AWM绝地求生，这也是胖黑心的一个纪念版本。喜欢我们的这个就是其罪和我们的阳神的，都可以直接去拍绝地求生是吧？宝贝稍等，AWM绝地求生的幻影直播没有，没有来我们所有想要AWM绝地求生的也是给到大家套装两本书一这本书给到大家是一个十多米的价格，39.8块价格只给大家来5431。右下角给大家上链接了，三号链接，绝地求生AWM绝地求生39.8块，上下两本，上下两本，一本书给大家十多米的价格。再有有什么伏栾是吧？伏栾给大家找一下我们白芥子的纹，它所有的纹都是那种真香现场的一个设定，而且伏鸾的这个也是给到大家一个好价。而且芙兰这一本也是属于那种诗意文学，然后还是那种灭你全族的这种恨意。我们如果是说想要扶鸾的有吗？给大家给这宝找一下，我们给大家找一下，然后再给大家上一下我们的烟火童话。烟火童话只要丁哥结婚快，没有悲伤，只有爱烟火童话的。这个也是所有AB所有188男团里的不受欺负的老婆人设。哈丁小伟和我们的周谨行来给大家上一下我们烟火童话，还有亲亲，亲亲54321上链接了，右下角烟火童话给大家上链接了。宝贝们烟火童话烟烟火童话，烟火童话我们所有在我们今天直播间去冲的，给到大家。这个里面还有我们的海报，还有我们的细闪一细闪卡，然后还有我们的那个年历卡，年历卡也是有的。主要是你们在直播间去拍这个烟火童话的话，也是给到大家二十多米的一个价格。停了一桃花没有，但是我们今天还没有抢到破云的，再给大家补一点。破云没有抢到的，刚才没有付款的宝贝，我这边整理好了，给大家踢出来一波全三色的一个破云，一本数给大家二十多米的一个价格。来我们的破云，54321上链接了，右下角破人给大家上链接了。宝贝们咱们这次拼手速，然后不要占库存，咱们以付款为准。对的，以付款，以付款为准，不要占库存。如果是说想要的都可以直接去拍。主要是你们在我们直播间去拍的话，也是一个很真香现场的文就是这本书你是用那个随书，就是你是用把它那个，把它那个放在你的书架里面留作收藏，都是可以的,AWM绝地求生
对，但是有没付款，宝宝咱们不要占库存，等一会儿，等他们这边提单还是他现在他在他，你等会儿，他他他你们是怎么是直播间进什么小耶鲁牛了吗？怎么回事儿？来我们的那个破云，宝宝们以付款为准，等大家去付款，再给大家上一下我们的见春天，一本完结一个虐文。见春天这行三十多米的价，现在是24.9块。来，我们见春天给大家一本完整的好价。54321上一右下角見春天给大家上链接了，宝贝们见春天，24.9块，喜欢我们这个的都可以直接去拍3，这个也是给到大家，你正常去拍的话，它也是那种虐文BE版本。如果说想要的都可以，都可以直接去拍。再给大家上一下我们的有中一本完结的一个女生纹扉页特签给到大家，加上我们今天只需要二十多米的一个价格。来，我们所有想要我们的这个有衷的想要这个有中的，一本完结54321上链接了，有小姐上街了，咱们女中文一本完结的一个北业特权的有中来来来，我们所有这个有中，有中这个也是给大家特签。然后一个都市行真文29.28块的一个价格，而且它还有随书的家给给到大家。我们如果是说想要的，他也是妈呀都没见过这么发货速度快的，五小时发货，5小时发货有中，29.28块的一个价格，可以直接去抢。再来给你上一下我们的那个入戏，入戏的这个楚家军和金永涛一本完结。世人都赞我英勇，只有我自己知道我亲手杀死我最爱的人又入西的这个一本完结的一个虐文，29.8块的一个价格，尤其是这个也是给到大家那种BE的男生纹。来54321上链接了，右下角陆续给大家上链接了，宝贝们入戏，入戏的这个还有我们的那个浮生一瞬，如果当时还梦醒时分的这个，我们镭射票票也很很好看。如果是说想要的都可以直接去拍。再给你上一下我们的乖大神别闹，我们的青梅降，关于大神别闹的这个也是给到大家我们的那个电竞纹，上侧裸书下册这个新鲜版本的套装。好，这样如果你去买套装，一本书也才十多米的价格，是2 39.8块，直接拍两本。来，我们的乖大神别闹，54321上链接了，右下角给大家上链接了。咱们是一个扉页签的版本，乖大神别闹，乖大神别闹，这个还有给到大家，加上我们的扉页亲签，扉页亲签我们下次下次，是给到大家亲亲上色，是给大家印签。而且周边也是非常的香的，随书周边也非常的可爱，这也是个男生纹，如果喜欢电竞纹的都可以直接去拍。再来给大家上一下我们这题超纲了校园文，两个学学渣和学生，他们二位的是那种双向灵魂互穿，很都市玄幻色彩，但又很甜,见春天
来给大家上一下我们的这题超纲了，两本书，一本书是二十多米的好价。来54321上链接了，右下角给大家上链接了，咱们木瓜黄老师的这题超纲了，喜欢的宝宝可以右下角去点。破云还有破元，又没了没了，破云还能在家吗？破云哈珀云全3册套装，刚才没有付款的宝贝，给大家提库存了，所有想要破云的全三册全三册这个主要是破云一加2的1个套装给到大家，给到大家，而且我们这个破云1加2加3的套装给到大家。一本书是给到大家12 10多米的价格，破云不要占库存。来54321上链接了，叫破云给他上链接了。宝贝们破云，全3册套装，全三色套装，还有我们的随书家给有马老铁的细闪徽章，然后还有我们的纸，还有我们的三联明信片，然后还我们的Q版尺子，还有我们人物的一个色纸给到大家。所有想要我们破云的全三册全3册，而且一本书是给到大家一个，就是你不用多拍。只是你手里如果没有这个套装，留一留它后面就要给大家下架了。你现在去抢的话还是有的，我们今天还有陈年猎狗，裙两侧加上我们的那个不问39，亲签明信片，再加印章版本。来我们所有想要成年猎狗的，现在可以直接去拍，来成年猎狗的好价，54321上链接了，右下角晨间猎狗的好价格上链接了，这个版本有亲签明信片，没错，晨间猎狗的这个也是一个亲亲亲亲。我们如果是说想要这个套装的话，直接去拍加亲签明信片，然后再加上我们给到大家特别好的一个就是今天芯片之外还有印章，这个是两本书，五十多米，不需要我49.8块，直接拍两本。请冬天与我恋爱，这个冬天与我恋爱好像没有给大家看看迫降，娱乐圈双强的一个电竞文，而且迫降的这个是给到大家新鲜新鲜，这个也是有娱乐圈的元素，还有电竞文的元素。来54321上链接了，右下角扩张给大家上链接了，宝贝们，来我们所有想要破降的，20乘1米长的一个卷轴，还有双面银色的一个包边色纸，还有双人的这个立牌牌加透卡，再加上我们的巴基在5.8厘米的一个碎玻璃吧唧碎玻璃吧唧伪装伪装学渣是吗？有伪装学渣两本书两本书，两本书，伪装学渣一本书，给到大家是一个十多米的价格，两本书它还是给到大家有不同的一个书封。这个疏风是那种双面梳风，外面是套白金的，里面是那种黑金镭射的一个书风。两个学霸伪装成学渣的这种设定。来我们的伪装学渣，54321上链接了，右下角伪装学渣给大家上链接了，伪装学渣，伪装学渣的这个还有我们的周边版本，49.8块不需要39.8块都可以直接去拍,这题超纲了
一本书十多米的一个价格，二和白猫师尊在购物车里，在购物车里我们破云，前三次套装好价，也只剩下这一丢丢了。你们如果是说抢到就直接去抢，抢不到之后可能也很难再给大家补了。我们所有想要我们破云的，都可以直接去拍。再给你上一下，再给你上一下我们的下一本。下一本是，下一本是我们的折竹，折竹的这个16元1本，16元1本。我们所有想要折竹的，这个折竹也是给到大家折逐一的一个好价。来54321上链接了，右下角折竹给大家上链接了。宝贝们折竹，折竹16元1本，还有我们的随书，随书的一个加给我们。如果是说喜欢这个仙道第一小白脸的，都可以直接去拍。这个也是一个修仙文里面非常好看的一版，我们再来给大家轻狂没有，轻狂没有，我们再来给大家上一下，我们天官赐福加上给到大家的一个好价，还是我们的一个周边版本的好价。我们天官赐福的这个一本书给到大家是一个十多米的一个价格。不对，那个天官赐福这个一个周边，一个周边正常就要卖到十多米，但我们今天周边是加两张贴纸，再加上给到大家我们的那个天官赐福的一个文件夹，文件夹我们如果是说想要天官赐福的话，也可以直接去拍。来我们的天官赐福，这个周边54321上链接了，下角给大家上链接了。宝贝们，咱们天官赐福的周边9.9块，来我们所有想要天官赐福的周边的，你们都可以直接去看一下，很香，真的很香，真的很香。而且它这个也是给到大大家，你们所有在我们今天直播间去拍，也是一个你们现在去拍的话，这个价格也是很合适的。来好，来我们现在所有在我们今天直播间去抢的话，还可以直接去冲。这个也是一个好自然，也是一个好价格了。再有我们今天直播间想要我们的这个天官赐福的这个好价的话，一定要现在去付款。而且它这个之后很难再给大家补我们这个好价了。来，我们再来给大家上下下一个，下一个是我们的家与往事。140米的价格，不需要今天35米的一个价格直接去拍。我们的家钰往事，家钰往事的这个也是一个那种某风某水文学，然后也是那种东方神秘学大师爱上爱上那个人兮老婆的一个设定，可以直接去拍。再给你上一下那个什么，我们所有在我们今天直播间去抢的，来我们的家一往事，54321上链接了，右下角佳音老师给大家上链接了，宝贝们一级律师没有，某某的话在购物车里，某某在购物车里，再给你上一下。刚才要救你指令加自我激励的，这个是有亲签，这个是有亲亲,折竹
我们所有想要救你机灵加救我机灵的，这个亲亲好价，两本书加亲签的一个版本，54321上链接了，右下角给大家上链接了，两本亲签的一个版本，就你机灵加就我缉令，就我缉令。我们如果是说想要的都可以直接去拍，而且这个是两本书，两本书一本书。这是这个价格吗？就你今天家，就我今天你现在看一下啥价格，五十多吗？59.9块，我现在看成66块多，我给他看一下，改不了吗？印象改不了，跟这个上面不一样。要跟这个上面一样来，我们再给大家上那个那个什么，金风玉露这个也是白芥子的。我们如果是说想要金风玉露的，我们今天也是给到大家所有想要这个好价的，都可以直接去拍。而且金风玉露的这个也是给到大家，就是你现在去拍的话，也是一个还蛮合适的一个价格。今后月度现在去拍的话，也是一个看过江山许你的这个是同作的作品，它的每篇文都巨好。看来我们的金风玉露喜欢古风男生纹的，是一个权谋纹的一个好字。54321上链接了，右下角给大家上链接了，宝贝们上链接了，上链接了。如果是说想要的话，都可以直接去拍。主要是说你们现在在我们直播间去冲的话，这个价格也是真香，现场很合适。之前在我们直播间没有拍过这个，大家现在可以去冲一下。我们的这个是只要是说你们在直播间去付款的，喜欢这种狗血虐文的都可以。人鱼5不是金签，不是特签，也不是印特签，也不是印金签，是普本哈。然后再给大家加上，我们给大家上一下那个。给大家上一下我们的那个什么，下一个人鱼引力，一个小人鱼上岸找哥哥，结果找到亲老公的这个纹。如果是说想要我们人鱼引力的话，也可以直接去拍。我人鱼引力也是给到大家一完结，然后他们每次哭的时候会掉小珍珠。我们如果是说看过这个类型的文哈，也可以直接去拍一下人鱼纹，每一本都还蛮好看的。来我们的人鱼纹，54321上链接了，右下角给大家上链接了。宝贝们这个人鱼纹也是给到大家一个好字，可以直接去拍。主要是说你们现在在直播间去付款的，它这个价格也是真的很合适，买到就是赚，买到就是赚。这个也是给到大家，你们现在所有在我们今天直播间去拍的话，也是一个好价。现在这个是15.8块，15.8块这个也是它正常是卖到三十多米的一个价格，可以直接去拍。我们刚才没有讲到破云的，破云全三色套装好价，破云全3册套装好价。而且我们破云是给到大家，只要是说你们现在在直播间去付款的，都是给到大家一个三本书全册的。三本书全册少任何一本都不叫全套,金风玉露
来我们的破云，破云54321上链接了，右下角破云给大家上链接了，宝贝们破云给大家上链接了。如果是说想要的话，都可以直接去拍。而且破云是给到大家全三色的一个套装，然后加上我们的一个周边版本隋书，加给还有周边，再给你上一下我们的野糖。这也是那种钓系替身，就是男主角是替身，就是女主角也忘不了的人。他是那个女主角找了一个替身，一开始两个人是那种贴贴的关系，后来是那种真香现场的关系。如果是说想要我们野糖的，这个是三十多米的价格，不需要，15.8块的价格一本完结。我们的野桃54321上链接，右下角隐藏架上链接了，咱们15.8块可以拿到一个粉印特权版本，15.8块，15.8块，然后还有我们的周边，周边给到大家。我们如果是说想要野糖的，这个十多米的一个价格，可以直接去冲野糖。这个是言情纹理非常甜的一个设定，再给你上一个那个啥，我们再给大家上一下我们的刑侦档案，刑侦档案这个是一加2，还有单独的一，两本书的周边，一本书也是十多米的一个价格。来我们的刑侦档案，54321上链接了，右下角刑侦档案给大家上链接了，宝贝们刑侦档案刑侦档案刑侦档案的这个也是给到大家，你们所有在直播间去拍的，两本书的一个套装，这种刑侦那种抽丝剥茧哈珀案子的感觉，我们再来，今天还有撒野的这个套装还能再加吗？撒野全3册的一个套装，撒野全3册的一个套装，正常也是一本书给了大家将近50米的价格的时候，卖到三十多。但现在你去拍一本书，十多米的一个好价。我们所有想要撒野的全3册套装，一本书给到大家是一个十多米的，二十多米的。好，可以直接去拍。来我们今天给到大家撒野，撒野54321上了右下角三野给大家上链接了。宝贝们，三野和三野所有想要三野的，全部都可以直接去拍，而且三野的这个价格不要太划算了。三本书，巨厚每一本书都是那种巨后一个。某某人鱼线路，周边有啥人鱼线路都给大家把周边全上了。周边有我们的镭射票，还有我们的抱枕，还有我们特别好看的那个小的东西。如果是说想要我们人鱼陷落的，人鱼陷落这个还是给到大家，加上我们的周边版本，都是非常香的。惊鸿也有人鱼线路，人鱼线路给大家上链接了。人鱼线路全套周边，全套周边现在你就可以直接去拍，主要是它这个全套周边的版本也是给到大家，就是好价。好价就是你们现在去拍的话，也是给到大家，这个价格很合适，价格很合适。全有的全有，他这里面能有的都有，都加点。对的，能有的都加加不了的,野糖
就是你一打开一看，就是库存没有了，或者是灰了，根本点不了的那就是说明没库存了，那就说明没有库存了。我们如果是说想要这个的话，都可以直接去拍。再给你上一个那个什么，我们再给大家上一下下一本，下一本是我们的月光和你都市甜宠的一个男生纹。然后那月光和你也是给到大家，一本书是十多米的一个价格。喜欢这种甜宠的男生们的话可以直接去拍。来我们的大月光和你4321上链接了，右下角给大家上链接了。宝贝们来，我们给大家上链接了，可以直接去拍。而且这个也是给到大家，所有在我们今天直播间想要去拍的这个也是十多米，这不是19块84块9。那我给他看一下，就是我看能不能开14.9块，14.9块他昨天咋跟你说的，是能开还是不能开？他如果现在没有的话，那可能是掉了。因为我这边他是直接没有专属，那不是他那他他那个专属侍只是昨天一天，还是说我都可以沿着弄。但是我感觉是可能是之前卖卖完了，卖完了。对他如果因为一般我们都开一周，就没有说开一天，那他再给你。对，那个是谁给我，就是都直接能按着生日的那个价格。好的，那我们给大家找一下，找一下太阳雨，能上吗？太阳雨给缩小可以，29.8块的一个价格，这不对。它这个价格全部都是以后面的这些为主。那就是他有的价格不一样，不一样了是吗？那就改不了了是吗？对，因为我这边都没法弄这个证书。行，那他有的就是什么，冯登冯登冯登是吗？我可爱的时候，你没有你没没有人觉得可爱。来，我们给大家上一下为你而名。为你而名的这个也是给了大家两本书，再加上一本书，全部都是两本书，全部都是亲亲。来我们给大家展示一下，给大家展示一下为你而名的这个新签，为你而名的这个亲签，这个是雅声纳的新签。我们现在给大家展示的是特，但是你到时候到手的是新鲜。我们如果是说想要雅典娜一个新鲜的两本，两本两本一本书给到大家三十多米的一个价格。来我们的那个为你而名，54321上链接，右下角为你而名上链接了。宝贝们来，为你而名套装，双钦签冯灯就是这个价格，逢灯就是这个价格。我们的那个双新鲜版本可以直接去拍，而且这个还是给到大家一本书三三十多米的一个好价，好价。再来给大家上一下那个什么，再给大家上一下我们私人订制的总裁，这个也是那种时尚圈久别重逢稳。我们如果说想要这个的翡聂金仙，非聂金仙，我们想要这个私人订制的总裁，也是给到大家一个一个那种时尚圈的文哈,月光和你
来我们的现在所有想要的都可以直接去拍，来5431份也行，右下角给大家上链接了，宝贝们，然后咱们是一个扉页亲签的版本，大家可以看一下15.8块，然后它现在点进去能看到它的库存也是一个个位数的小库存。宝贝们刑侦档案在几号链接？没有魔道祖师，没有魔道祖师，刑侦档案，刑侦档案刑侦档案在113号链接，宝贝刑侦档案在113号链接。如果是说你想要的话，可以直接去上课吗？你要我不是细神上课吗？是要上车吗？还是什么是怎么的？他那个是三九英语老师的新作眼影，有没有？你头发真的很多，很羡慕是吗？可是我这里面掉了一半头发了，这底子太好了，有点来，我们的这个细神上了吗？细神今天上吗？没听说，没听说。你们三九老师又要出书了又要出书了，签名了又要签名了，又要出书了。我天哪，他真是你们老师，真的是高产家人们。来我们再来给大家上一下驯能高手。不是姐姐，你问我还没回复我什么，他问的啥问题？宝宝你问的什么问题，我找一下闫友有没有也有没有宝贝也有没有也有没有，也有没有。难哄，难哄，他不来问，都让你都启动来，爸爸妈妈来问了，现在都已经。我的天行没出书，细神系神还没出书呢哈，细神还没出书。来我们所有想要这个驯狼高手的，驯狼高手加上我们给到大家一个扉页亲签的一个版本。那巨狼和巨兔的这个就是有点动物属性在身上的。男生们来我们的驯龙高手，54321上链接了，右下角给大家上链接了，宝贝们上链接了。我们的驯狼高手这个也是给到大家，我们的非叶新鲜，非常新鲜，而且也是给到大家三十多名价格不需要十多米的价格就可以直接去拍。15.8块加周边版本的话可以直接拍回去。再来给大家上一下我们的田文哈，田文，我们还有一个田文有个什么呢？我们来看一下上一下我们的那个刑侦档案，给大家谈一下。喜欢刑侦文的，喜欢刑侦文的，想要我们这个就是一本完结的，然后两本完结，两本完结还是好价的一个版本。来我们的刑侦文哈给到大家，这个刑侦档案也是那种双双男主，然后也是给到大家我们的那个剧情线呢，还有他的那个破案线呢，都非常的好刻。来54321上链接了，右下角给大家上链接了，宝贝们寻找答案。对，刑侦档案，刑侦档案都可以直接去冲。这个刑侦档案也是给到大家两本书，一本书是给到大家十多米的价格。观鹤笔记吗？有的，当然也有。别来无恙下半年会就是什么？这个不知道，以官宣为主。光刻笔记有好价，给大家找一下,驯狼高手
就是有价格有这本书，但是价格就是正式的一个价格，没有什么太过，就是太让你觉得我的天哪，这书卖这个倒倒是没有倒是没有，倒是没有。来我们的官，就是当年万里觅封侯，一本书十多米的一个价格，给大大家当万的这个也是给到大家的一个好价。30度的价不需要15.8块，54321上链接了，18.5块右下角都有给大家上链接了，宝贝们18.5块，当年万里觅封侯，现在就可以直接去拍。我们如果是说想要的话，也可以接着冲来。我们的那个将近酒将进酒的这个也是四本书，而且将进酒还是给到大家全四色加印特签，还有我们的周边版本，我们沈泽川和我们的萧驰野的这一本，也是给到大家。我们所有想要将进酒，喜欢全木纹的，喜欢这种群像纹的，都可以直接去拍。来我们的将进酒54321上链接了，右下角将进酒给大家上链接了。宝贝们将进酒，将进酒的这个还有给到大家，我们所有想要去拍的，它里面还有我们的周边版本和周边版本。破云没了吗？破云还能再加吗？破云还能再加吗？破云的前三次宝宝们有太多宝贝没付款了，先不给大家加库存了，因为我们已经上了很多本了，从开播到现在哈他这个就有一直有宝贝，不知道到底是什么原因，有那种小遗漏，你又进直播间了，就是疯狂在抢这个，但是他不付款，那我们的库存已经要耗光了。来，我们给大家上一下明月为何脚，明月为何角角的这个十多米直接拍一本的一个文哈。所有想要明月为何脚脚的明月为何脚角，这个也是给到大家，就是一本书加亲签版本，直接给到大家女生纹，校园纹一个好价，5431上链接了上链接，上链接了。来我们的那个等一等，等一等，给大家点时间去付款，然后给大家提库存。我们因为和早早这个女生文化，现在所有去拍的真香现场，再来给大家上一个我们的下一本，下一本是，下一本是我们的罪恶号列车罪恶号列车，罪恶号列车的这个也是给到大家，我们的那个就是加悬疑推理，而且还是一个好价，二十多米的一个价格。这给到大家所有想要做好列车的，这个也是那种东60个小时极限探案东方列车杀人案，然后类似于的一个剧情。但是是那种一环扣一环的，就是很真香的那种，属于很真香的那种闻，来给大家上一下我们悬疑推理的男生闻最号列车54321上链接了，右下角给大家上链接了，宝贝们4月2号列车，罪恶号列车,当年万里觅封侯
我们如果是说喜欢这种，就是行针纹的，然后喜欢我们这个好价格，拍下就是新鲜，拍下就是今天的一个版本，现在可以直接去拍来，再给你上一下那个什么，再给你上一下我们的下一个，下一个是下一个是那个什么？再来给大家上一下我们的下一本，下一本是顶端优势，顶端优势的这个也是给到大家加吃铅卡的一个版本。所有想要顶端优势的，这个顶端优势也是给大家一本完结，就是那种人形武器和土匪头子的一个设定。我们的这个亲亲卡一本完结，加好价，加那个隋书，加给来我们顶端优势的好价54321。上右下角给大家上链接了宝贝们。明信片的那个没有了，现在只有文件夹加两张贴纸的版本。昨天不是一张吗？明信片因为没有了，然后拿一张贴纸给大家补偿了一下。我们所有想要听赐福9.9的。天官赐福的这个999也是给到大家一本书，而且天官赐福这个9.9加上文件夹，再加上我们的一个贴纸拼手速，给大家上链接了。来我咱们这个天官赐福的9.9给他上链接了，咱们点进去不要犹豫，拼手速了。对，天官赐福9.9的一个价格，还有我们的周边版本。我们如果是说想要天官赐福的，我们给大家9.9就可以直接去拍了。畔城也是有的，判城这个是给到大家一本书，有民国的，有各种的CT还有土匪和大小姐的。反正就是他这个CP把你所有喜欢的这种设定全都给你，真香现场了一下。来我们的天，那个就是判成，判成9.9给到大家。5431上链接了，右下角判成给大家上链接了。咱们一个小合集文，9.9块可以带走了宝贝们。对的，我们所有想要判成的9.9，9.9别来无恙没有，没处说。我们这个判惩是给大家9.9一本三十多米的价格，不需要9.9，可以直接去拍。再来给大家上一个我们的张起灵三合一，是支架，是夹子，它还是个小夜灯。所有想要三合一的这个张起灵，我们的一个周边75米的价格，不要给到大家20米的价格。来54321上链接了，右下角给大家上链接了，宝贝们上链接了，上链接了。我们所有想要冲这个大家可以，不对，看错了。不是，他是他。来我们的这个20.1米本，20.1米个，20.1米个，20.1米个，都可以直接去拍。如果是说他想要推荐的话，你们可以去看一下我们的小蘑菇两本书。这个是一个末世的赛博朋克文，但是他每本书的类型不一样，你有没有什么特别喜欢的，你也可以跟我细细说一下。这个是给到大家，我们三面刷边的一个版本，加上我们的印特签，还有一个好价,顶端优势
而且这个是给到大家，我们14周的一个文，14周的一个纹，14周的一个纹，而且还有给大家精装印制的礼盒。这个是14周两本书都是印章加上印特签版。14周折逐新鲜，没想到的一定要留一个印印特签，好歹留一个，好歹留一个。来准备好，我们的印特签，再加上我们的礼盒，再加上我们的周边，每一个所有想要在我们直播间去拍的两本书的一个套装，一本书给到大家是一个二十多米的一个价，二十多米的价格。89不要了，56直接拍。5431上链接了，右下角给大家上链接了，宝贝们上链接了，上链接了。我们所有想要去拍的话都可以直接去抽。而且你们现在在我们今天直播间去拍，现在就在我们直播间去拍的话，也是一个好价，主要是这个不开金手指的一个末世纹，不开金手指的一个末世纹，我们的那个全都可以直接去看一下。来这个也是只要是你们今天在直播间去付款的，我们全部全部的都可以直接去抢。来来准备好，准备好我们这个那个观鹤笔记。排风也没有单独的下观，不是观鹤笔记，不输观鹤笔记的BE古岩BE古言，那就是那个许仙华行纸碗，然后还有那个西河传。来，我们所有想要这个的准备好，我们先给大家来上一下我们的小蘑菇。前两本书的一个套装，全两本书的套装，别占库存，别占库存，拼手给大家上链接了，54321上链接了，右下角给大家上链接了。宝贝们，这个是两本书的一个套装，套装都可以直接去拍。我们如果是说想要的，大家可以直接去冲。这个也是给大家一本书是二十多米的一个价格，还有我们给到大家的一个好价版本。二十多米直接拍一本，56米直接去拍两本书，再加上我们的一个典藏版本的书和文笔不说那个就是光刻笔记的，主要是观看笔记写的比较特别，还真没有这个类型的非学生读者天真的没有那个类型的。再给你上一下那个什么，再给你上一下我们的那个下一本，下一本是我们的迫降加新鲜不降价。好像有个，但是它不是BE，有不是BE的那种文笔很好的文来给大家上一下。我们的所有想要这个特鲜的特鲜，那个新鲜的我们的迫降的亲亲，拼手速来给大家上链接了，而且这个迫降还是给到大家一个好价。迫降的这个一本完结加亲亲。好，下来，54321上链接了，右下角给大家上链接。我们如果是说想要我们的这个迫降的，迫降的都可以直接去拍这个，尤其是它这个娱乐圈文，它还是一个电竞文哈。我们如果是说想要电竞文的，想要娱乐圈文的话，都可以直接去拍这个,小蘑菇
而且它有我们的周边有20乘1米长的一个卷轴，还有我们的立牌牌，还有我们的周边版本。再给大家加上我们的非常多的一个周边，还有我们给到大家的一个好价。一本完结的男生们家亲签，一本完结男生文家亲亲。想要古言文的我们给大家上一个那个什么，虽不是be但很虐，叫做什么就是长公主有吗？长公主没有，长公主没有。对，还有那个女配不想让主角分手，这个是那种穿书穿到一个虐文里面，男主角就是主线的男主角，一直在和女主角互相误会，这个要把一个BE的一个文走成一个H的一个纹，这也是后来的时候，女主角和男二号在一起了。来给大家上一下我们的这个好件。好见来我们所有想要这个女配备上主角分手两本书套装好价。54321上链接了，右下角给大家上链接了，上链接吧，上链接了，可以直接去拍。你配不上主角分手，你现在就可以直接去拍，而且这个是两本书，也是那种分批反派。如果是说这个类型是你喜欢的话，也可以直接去抢一下，再给你上一下我们的下一个，下一个是章鱼的漫画，章鱼这个漫画给大家加了周边。对的，是的，到了十来个的时候会有一个大礼包给到大家。我们到了十来个的时候，会有再给大家上一下什么，你们要的那个招鱼。招鱼三十多多米的一个价格，三十多米的价格不需要。然后我们今天直播间是给到大家，所有想要。,女配不想让主角分手
