﻿original,result
34号、三号和四号链接还可以直接去抢。再大家上一下我们的惊风，惊风有我们的胡鱼辣椒的一个印特签。如果说想要这种无限流的前两个副本，载人小镇和爆裂末班车整个大海报有A3的纸这么大。我们如果说想要京东的这个大海报的，也可以直接去拍。来54321上链接了，来上链接了，宝贝们，我们京东现在一个好价格，大家宝贝们，然后咱们还有加给了A3印签的一个大海报，它现在应该不会了，因为他现在所有的书不再加印了。如果是说没有了，没有办法再给大家补。对的，是没有办法给大家补。我们如果是说没事，我看着这个我还可以自己回家去穿。然后它这个还有特别好看的。我们的一个给到大家做的一个袋子，这个袋子也很乖，主要是他十张小卡才9.9块的一个价格。如果是说想要我们道祖师的，来54321上链接上了。宝贝们，魔道祖师小卡给到大家还是一个9.9块的小卡。我们如果说想要魔道祖师的这个含油，我们给到大家一个就是那种双面的满天星色纸，还有给到大家长条马口铁的一个徽章，它也是全的。如果是说没有拍过的宝贝，可以直接去拍。这个也是给到大家没有去想的，全部都可以直接去冲一波。而且它这个也是给到大家的那个好价。对的，好价。我们所有给到大家的这个好价的，想要去冲的全都可以直接去拍。没有去拍的话，现在都可以直接去抢一下。而且它这个还是给到大家，你们去冲的话，它那个15厘米的，15厘米的那个就是镭射的，镭射的立牌牌，也很好看。我们如果是说还没有去抢过的宝宝可以直接去拍，买到就是赚。这个还又给了大家，那个小卡也是我刚才说的啥？我们小卡就是990张。然后他我刚说的是哪一本书吗？好，小卡的这个9块90张小卡帝国上限能上吗？没有，上不了。给大家心眼能上了吗？那个是外部的，人家还没回然后再加上判官能上吗？判官对，旁边也没有。咱们有还有什么我看一下。看他们那个沙特龙海棠音乐版本，就是那个盛夏的那些，夏日的我基本都差不多了。然后咱们有一个悬疑的好价合集，玄英文好价合集来给大家弹一下。对的，宝贝们，咱们玄英文好价合集，又天哪宝贝们悬英文的一个好价合集给到大家，来给大家上链接了。然后这个也是那种什么消失的十3级台，6个小时之后you will be dying。什么这都咋说？这个反正就是这个全英文的合集。如果你喜欢这种解密的，然后全部都可以直接去直接去看一下。如果是说没有想过这个的，还可以直接去拍。而且这个也是那种推理系的一个剧情,《惊风》
我们如果说喜欢这种推理文的，小的时候看东野圭吾好，再小的再小一点看那个怎么说来着？我的天哪，那个柯南对的，十几晚了都乐乐，新吧什么什么的，真相只有一个。对，然后就是那个什么，我怎么觉得我会，我怎么觉得我背过来了。我们的这个反正你们喜欢看这种悬疑文的都可以直接出来。婷婷的校园文可以看一下我们的男生文的校园文，男生文的校园文你可以看一下那个明知故犯有吗？找这个得等那那个方向等我，方向等我算甜文，就是微微小虐。好的，大甜小虐。家人们来，放学等我，放学等我。这个大甜小虐文来给大家上链接了，宝贝们放学等我也是一个好价给到大家这样子被老师的校园文，大家都知道的。对的，放学等我这个酱子辈的一个校园文，然后还有给到大家15厘米的一个立牌牌，还有我们那个仿UV的拍立得成三道，还有PVC的一个钥匙扣，再加上我们的彩绘飞机盒，全部给到大家的。如果是说想要放学等我的，现在可以直接去拍。然后这个还有那种细闪边的一个色纸，做的也很乖的。没有去抢购的宝贝，可以直接去抢一下。对的，我们如果是去拍裸树版本，29.9块。如果去拍我们家里版本，A是彩绘飞机盒加全套周边，B是有那个流麻加巴西给到大家。我们如果是说想要放学等我的全部都可以直接去冲。再给你上一下那个什么，我们的人鱼陷落，人鱼陷落1234全部都是20米的好价，人鱼陷落四还是一个硬特间。如果说想要人鱼陷落的，也可以直接去抢。来54321上一上链接了。不要问我人鱼陷落，现在也好价给到大家。宝贝们，咱们人间乐事还有印特签给到大家。我的天哪，印特签，印特亲，我们如果是说没有去拍我们人鱼陷落的，全部都可以直接去冲，这也是二十多米的价格，给到大家见天光有新鲜吗？现天光先下单，就是清新。来给大家上一下我们的暗河长明一本完结。李野和陆年宁的这一本也是给到大家全套周边。来我们的见天光54321上链接了，要上的。最后我们天光线的好价给到大家这个链接来拍一下。对的，然后亲亲宝贝们这个也是给到大家，加上我们的那个珠光的明信片，然后还有向日葵的手帕，还有我们的拍立得，也是给大家乘二的，还有PVC的一个卡片。加油，我的天哪。18000除了那个附加遗产，还有个烟火童话，老婆孩子热炕头。然后也是这种只要丁哥结婚快，没有悲伤，只有爱捡到一个貌美混血儿，结果就是又会做饭，又会哄孩子，还会照顾家里，非常的完美的那种妻子人设,《放学等我》
但实际上他是老公，后面的时候他就恢复记忆了，发现他是一个原来是一个那种才发酵的小儿子，然后身份非常的高贵。后来的时候谁给丁哥一笔结婚费，说你不再要再来纠缠我了。那个听哥就说好，这就走，拿着这笔钱就去跟别人结婚了。这个也是那种是怎么讲呢？一八八男团里面老婆多半是受委屈的，但是丁哥还算是爽文人设的那一个。也如果是说喜欢我们的这个剃那个烟火童话的，来54321上链接，上链接了。宝贝们，我们的烟火同越来越小虐。这个倒是没有什么替身文学，这个替身纹把替身纹的我水大有个职业替身没有出书。对，宝贝们，替身文互当替身有言情提什么呢？他要那个针锋对决，针锋对决上不了，给你上个小蘑菇。小蘑菇的两本书，再加上三面刷边，再加千张，加上印特新，我们的小蘑菇可以直接去拍，还有我们精装印制的一个礼盒。来我们的小蘑菇的好价，54321上链接了蘑菇好再来给大家上链接了，宝贝们三面刷边还有双一千的小蘑菇，没错，没错，我们所有想要这个小蘑菇的话，全部都可以直接去拍。如果是说想要的，全部都可以直接去冲了。没有去抢过的宝贝，都可以直接去看一下，很哇塞的哟。还有宝贝没有去抢过这个的，现在就可以直接去抢了。这个再给你上一下那个什么，再给你上一下我们的下一个，下一个是，下一个是净山水。对的，净山水的这个一本完结。然后净山水的这个也是给到大家的一个好价。然后也是那种女主角暗恋男主角，男主角不知道，后来男主角跟别人结婚了，女主角生病去世了，这个也是那种文，超虐的，真的超虐。这个很虐，超虐，这个虐的不要不要的的，虐的不要不要的。家人我们所有喜欢这种虐文的，全部都可以直接去拍。来我们的虐文，54321上链接了，链接宝贝们，我们的净山水虐文给到大家还是个逻辑锁线工艺，还是个逻辑锁线工艺。如果是说喜欢我们这个虐文的，全部都可以直接去拍，这个也是个好价的宝再给你上一下那个啥，我们今天应该还有那个还有还有均有即否能上吗？均有即否上了，均有即否，均有即否。我们所有想要军旗的军旗，这个也是给到大家一个精装硬壳。这个也是给到大家一个朝堂小说，喜欢这种，就是想把对方置于死地的这种喜欢来给大家上一下，就是互相折磨到白头家人，但是是那种甜虐文。来我试一下一闪给大家上链接了，宝贝我们真有机会喜欢那种古代的，来来来古代潮。长纹也很好看，我们如果是说想要升级的话，全部都可以直接去拍,《小蘑菇》
来54321上链接，上链接了，宝贝们征集好价格，还是咱们全彩飞机盒给他发货。没错，没错，我们所有想要征集的，全部都可以直接去冲。来，吾今有此否，54321上链接了，给大家上了。宝贝们喜欢朝堂小说的我们还没有应该虽然朝堂小说的这个还是有一个特别好看，禁止犯规针锋对决没有，禁止犯规。给大家找一下唐小说有一个就是啥给你上一个群像，将进酒能上吗？将进酒看一下，将进酒我就喜欢，因为不是咱自己的。那再给大家上一下，我等你很久了，小说名叫我喜欢你男朋友很久了，也是给到大家我们的一个好价。来，我等你很久了，这个也是给了大家一本完结，再加上我们的那个巴基，然后全套的周边，所有想让我等你很久了的，这个也是给到大家一个那种我行他不行，绿茶老公的这种设定。来54321上给大家上链接，宝贝们我等你很久了也是一个好价给到大家。宝贝们没有去抢的宝贝，可以直接去拍一下。我们如果是说想要这个我等你很久了的，它也是有12厘米的立牌，还有马口铁的徽是乘二的，再加上加带贝卡的马克铁的8G也是乘二的。还有我们给到大家，这个给到大家特别好看的，长条马克铁的徽章全部都可以直接去冲彩绘飞机也很哇塞。对，这个也是给到大家一本完结，一本完结精装硬壳书，都可以直接带回去。对的，还有宝贝在我们直播间没有抢到这个校园文的，可以直接看一下。今天还有给到大家我们的那个论文之后费度的这个也是那种，那个就是好价，它也是八十多米的价格，不需要，是给大家六十多米的一个好价。我们如果说全三册，再加上我们的精装印制的一个礼盒，54321上链接了，上链接了，宝贝们，我们的默读给到大家，现在费度生日给大家做了一个好家，宝贝们默读也是给到大家我们费度的一个生日，想给大家做一个好价。如果是说想要的全部都可以直接去穿默读的。这个也是给到大家的一个徽章是乘二的，还有我们的笔记本，还有我们的书签，还有我们的折笠卡，都可以直接去拍。对的，全身册一本书二十多米的价格，再加上一个精装硬质的一个礼盒。我们如果是说喜欢P大的这个文化，一本书给到大家二十多米的价格。纸飞机有吗？纸飞机没有，美妆世家也没有没有，都没有，都没有。我们再给大家上一下小蘑菇。对的，宝贝们，小蘑菇我们有小蘑菇现在也是好价给到大家。宝贝们小蘑菇这个也是精装印制的礼盒，再加上我们三面刷边的这个，我们的一个多，而且还有我们14周的签章加印特签，或者说想要小蘑菇的也可以直接去拍的,《默读》
我们是给到大家一个好价。来，我们的小蘑菇54321上链接了，小蘑菇好价给到大家了，宝贝们三面刷边56米，还有1000版本的小蘑菇给大家56米先去拍两本书的礼盒，再加上我们的刷边版本，还是一个烫金工艺。所有想要小蘑菇的一本书给到大家是一个二十多米的价格，不要去错过。我们如果是说想要这个烫金工艺的话，也可以直接去拍。对，而且这个小蘑菇的礼盒再加上我们点藏版本的书盒，都做的特别的好看。这个也是正常卖九十多的，现在是给到大家一本书二十多米的价格。来我们的小蘑菇典藏版本的书盒54321，上蘑菇给大家上链接了。宝贝们，我们小蘑菇现在推荐的，今天可以去看默读。今天因为默读是个好价，从80米的价格便宜到了我们的六十多米的好价。来我们的默读，默读还有87，这个八七也是你在别的地方买不到的。而且默读还是全三册一本书二十多米的价格。每一个副本全部都是以名著来命名的。这个里面有基督山伯爵讲那个不受宠的小儿子一朝回朝翻云覆雨家族谋杀案。还有那个洛丽塔讲未成年人犯罪的，苏家三代无一幸免，毛都立起来了。还有那个鱼莲，39.8块的螃蟹，想要往198的螃蟹里面爬。就是那种凤凰男功亏一篑，杀了一个童孙的，很很崇拜他的一个很善良的人。这个里面每每一个的一个副本的全部都是那种细节特别的好，而且它的推理先写的特别的好。主线CP就更不用说了。我们的洛雯周和飞度做评委席的两位，这个就是一次豪车。来给大家上一下，我们默读5432，一上一下默读给大家上链接了。宝贝们，我们默读现在也是好价给到大家。飞度生日给大家做的，飞度的生日给大家做好价。然后八十多米的价格不需要五十多米的，六十多米的价格拍两本书，拍两本刑侦文。如果你看刑侦文，如果你没有看过默读，你要去尝试一下它。这本真的就是我们公司所有的几乎所有的人，只要是看男生文的，全部都看过这本书。就是P大的所有的早期的文都很好看。一级律师没有，天官就这个价格199，我们还有那个啥再给你上一下。刚才没有讲到小蘑菇的，小蘑菇这个套装，小蘑菇这个套装给到大家来。我们所有想要小蘑菇的两本书加精装印制的礼盒，再加上我们14周的硬件，再加上我们的一个篇章版本。来给大家上一下我们的小蘑菇，给到大家我们的小蘑菇也是一个好价，给到大家的宝贝们小蘑菇也是一个好价。然后再加上一个精装印制的礼盒，可以直接拍回去,《默读》
然后我们还是一个三面双边的版本，三面刷边的一个版本的话给到大家，我们所有的话想要的全部都可以直接去拍。来我们这个小蘑菇也是14周的什么C语言修仙的，主要么就不全，要么就没有，这个也是那种不开金手指的末世纹能留则留。54321上链接了，小蘑菇给大家上宝贝们，我们小蘑菇现在也是一个好价心眼能上了吗？好，我们的小拇指过的这个也是给到大家三面刷边的一个版本，给到大家所有想要的全部都可以直接去冲。石青没有，但是我们有那个可爱过敏原，你要吗？可爱过敏原两本书的一个套装，一本书是给大家二十多米的价格。如果是说想要可爱过敏原的，也可以直接去拍。来两本书套装好价，54321上链接了，上链接了，宝贝们好可爱，过敏原现在也是一个套装的好价给到大家。咱们喜欢这种伪骨头的，就可以看看它可爱过敏原的这个套装，可以直接去拍两本书，一本书是一个二十多米的一个价格，就可以直接去冲了。没有宝贝去拍过这个的也可以直接去抢一下，然后加上给到大家一本书二十多米的好价。接下来给大家上一下我们的净山水，净山水真的也是那种言行纹、鼻翼纹，然后也是那种一开始的时候喜欢男主角，后面的时候就生病去世了，男主角从哪儿都不知道，后来男主角就跟别人结婚了。几乎你看过过秋天哪，看过什么潇潇雨声迟，甚至说你看过什么15年等待候鸟的，都可以看一下它。来54321上链，先上链接了宝贝们，我们净山水现在也是一个好价给到大家，而且还是净山水，净山水然后加上我们的双面的亚克力的杯垫，还有我们马口铁的一个细闪徽章，再加我们印签的一个摇摇乐，双面旋转的立牌是有的，这个案例的透卡挂件的话也很好看。这个里面还是给到大家人设卡，然后加上我们的红包，我们所有想要进山水的这个也是一本完结，一本完结。再来给大家上一下我们的那个什么。穿堂惊掠琵琶声的这个由我们沈石岩和孟欣堂的巴基做的很乖，还是这种带细闪的。如果是说想要穿糖的，这个也是那种一眼万年，没有什么恨的不要不要的剧情，只有那种细水长流的感情线，两人三餐四季的一个感觉。来我们的春堂，一本完结的一个好价。54321上链接，上链接了宝贝们，这个8G还给大家做了细闪的攻略，给到大家细闪的一个巴西，给到大家如果是说想要的全部都可以直接去冲的。这个也是给到大家加上全套的周边加给。如果说想要的也可以直接去拍精清风来给大家展示一下我们的清风,《可爱过敏原》
清风的这个也是由我们A三的一个大的海报，再加上我们的一个印签，所有想要惊风的给到大家也是加上前两个副本，赛壬小镇和爆裂末班车54321。上链接了大家，上链接了，宝贝们，我们的清风好价格，大家清风现在还有咱们家给的。眼线大海报，没错，然后还有双面的一个彩绘的飞机盒，还有我们的流沙那个杯垫，还有15厘米的一个镭射票。我们夜幕之下的手机支架就是你如果不会的话，可以问一下抖音小店客服，因为我现在也没有看到实物，我不知道什么样子的。来我们清风那个大桌垫，想要我们的那个鸿运辣椒的一个印特签的一个大桌垫，全部都可以直接拍回去。这个也是，清风现在没有其他的印特签，这个就当做印特签返场的。我们如果是说想要我们湖鱼辣椒的这个硬特尖的，现在就可以直接去拍。对的，宝贝们，咱们金松现在真的是一个好，现在是一个好价格。大家宝贝们荣光能上吗？荣光正在稍等。瑶瑶呢瑶瑶瑶瑶瑶两本书，一本书9.9块，喜欢年轻人的好价可以直接去拍。来，我们的瑶瑶54321上链接了，瑶瑶好价格大家了宝贝们咱们一本书9.9块，两本书9.9块，两本书还是9.9块，然后合起来是18.8块的好价格大家对的，如果是说想要我们瑶瑶的，也可以直接去拍。两本书还是一个微公关天才，然后和一个艺术生导演的一个设定。对的，我们所有想要去拍的全部都可以直接去冲一下。如果说想要我们瑶瑶的前两本书的一个套装好价，54321上链接给大家上链接了。宝贝们现在一个套装好价18块8米给到大家。对的，18.8块的一个套装，现在就可以直接去拍。然后我们今天还有给到大家的一个小卡，我们的那个给大家来展示一下，我们的魔道祖师的一个小卡哈。好的，三九什么时候来不知道，不知道这个小卡不要漏后面。好的，宝贝们，宝贝们，咱们可以看咱们的小卡，9.9块就有十张小卡给到大家。宝贝们，咱们魔道祖师的小卡给到大家，而且真的超美。大家看这个超美巨仙的小卡，都是看看能对焦吗？宝贝们咱们喜欢魔道祖师的宝贝有没有喜欢魔道祖师？这个还是咱们可以涂鸦的小卡，涂鸦小卡给到大家，对方交怎么回事？对上了，宝贝们看真的很漂亮宝贝们这个也是它上面还有那种做的一种闪的工艺给到大家只要9.9块，宝贝们还是一个官方正版的宝贝们。这是咱们的魏无羡，很经典的一个形象给大家，的经典去撤回，很好的一个形象给到大家,《惊风》
大家宝贝们，咱们有没有喜欢魔道祖师的？宝贝们，咱们魔道祖师9.9块就十元给到大家宝贝们，然后大家弹一个链接吧，宝贝们咱们这个魔道祖师的好卡小卡现在也是一个好价格了。大家单抬头眼二不单卖，宝贝们目前没有单卖，目前只有盒的。给到大家，宝贝们。这个也是小卡给到大家，宝贝们好价9.9块，然后超美。它的这个外面的这个包装上，它也是有超美的，这个上面都有点那种波光粼粼的感觉，宝贝们给大家欣赏一下，他好像每一个还一样。十张小卡，宝贝们只要9.9块。我天掉地上。战神目前没有签名，宋轶也没有新签了。后面的盗墓笔记书立宝贝那个不是一个书立，那是一个典藏，那是一个合集。你要想要的话，我给你弹一下。宝贝那个是拍下那个版本的盗墓笔记之后，就会有这个书封书立啥？盗墓笔记书立看看有没有书立，就是那个典藏的那个小卡的这个你们拍了吗？巨可爱，真的宝贝们巨可爱。我们如果是说想要这个小卡的，全部都可以直接去冲，不要太哇塞了，家人们，我们这个小卡给它放在我们的一号链接。好的，来，把你那个新书放新书后面的。好的，来我们见天光现在下单就是新鲜，见天光现在下单就是新鲜。宝宝我们所有想要我们的见天光的，来54321上链接了，不要上链接了。宝贝们我们天光现在这个链接拍下就是亲亲宝贝们拍下就是亲亲。有宝贝想要我们见天光的，这个里面还有那个随书的一个家给也很哇塞。如果是说没有去抢到的，全部都可以直接去抽，买到到就是赚。姐妹们我们还有宝贝想要我们的见天光的话，也可以直接去拍，这也是一本完结，然后也是我们的暗河长明这本书。如果是说喜欢我们李琰和路宁宁的，也可以直接去抢。来来来，我们的这个好件，好件这个也是给到大家。我们现在去拍的话，下单就是新鲜。但是不仅你们在抢，直播间外面也在抢的。它的那个库存只有少量，没了之后也是加不了补不了的。再来给大家上一下我们的解药，解药前三次像情感障碍的街霸和这个被赶出家门的富二代少女的设定。全3册套装一本书给了大家十多米的一个价格。来我们的解药54321，上链接了，上链接了，宝贝们，我们解药现在全3册是一好加给大家，宝贝们没错。如果是说想要我们迪奥的这个调慢，哲丽卡还有Q版的一个小立牌，然后还有我们的主角直尺，再加明信片，再加书签，全部都是有的。来我们给到大家所有想要周边的全部都可以，只要全身册一本书，十多米的一个价格,《解药》
再给你上一下我们的那个什么，图灵密码，图灵密码有吗？没上的，给你上一下，放学等我，放学等我。A一版是给到大家加上我们的彩绘飞机盒，然后还有我们的大力牌。B版的话，我们的那个有那个啥的B版，有那巴基，然后还有流氓。来54321上链接了，宝贝们，我们现在放学等我也是一个好价格的。大家如放学等我，放学等我可以直接去拍。如果是说想要放学等我的这个15厘米的游乐场的立牌，然后再加上我们守护神的亚克力的钥匙扣，还有我们仿UV的一个拍立得，再加上PVC的一个钥匙扣给到大家还有彩绘的一个飞机盒。刚刚宝宝们说什么说那个夜幕之下灯光话是被刺买家，然后不前开始不送，后面不补是什么意思？这个灯光话是因为大家很想要给大家补了，我们不上也是也说，然后上了也说，那你觉得我是该怎么样呢？而且现在已经卖没了，它就是限时限量的。对的，宝贝们。来我们的这个解药全三册，全三册一本书十多米的一个价格给到大家。来54321，上链接了，上链接了，宝贝们我们解决现在全3册59.9米一个好价格调，再加Q版的一个小立牌，再加折利卡，再加明信片，给到大家我们所有想要的我们的解药全三册的一个套装，而且这个也是五折的，我它有个5折的硬特签小卡哈也很好看。对的，再来给你上一下我们的默读全三册，一本书给了大家二十多米的价格，喜欢邢真文的可以直接去拍。而且默读的这个还是一个那种抽丝剥茧那种感觉，整个的剧情线的设定。好，哇塞，来我们的默读，543214号链接，我要上链接。宝贝们，我们的默读好价给到大家，宝贝们65.6块的一个好价，还有咱们家给的徽章，65.6块，65.6块。然后还要给到大家一本书，是一个二十多米的价格。我选你的申诉叫做阿野吗？阿野没有阿也没有，也没有AB欧文只有见天光了。现在的见天光，这个就是暗河长明，想看一下，暗河长明想看一下。来我们的见天光，暗河长明这个一本完结在家亲亲的一个版本，54321上链接了，来上链接了，宝贝们，我们的暗河长明见天光是在这个链接拍下。今天宝贝们我没有任何觉得怎么着的意思，但是我也不知道我该怎么做，因为有宝贝天天来，要说没有抢到，然后给大家做个返场。但做了返场之后，你们依然还是不开心，我也不知道该怎么才能让你们开心，就是没有你们也不开心，有了你们也不开心，那我该怎么做呢？全都没有也可以，把所有的这个周边全下掉也可以,《默读》
怎么样是你们会开心的呢？来，我们的这个暗河长明，暗河长明，暗河长明，这个还有全套周边。然后这个还有我们给到大家的那个新鲜版本，新鲜版本所有在我们直播间充这个新鲜的，还有我们的项链加上我们给到大家，那个小卡替换的小卡全部都可以直接去拍。人鱼线落来给大家上个，一家四色一个套装，1加4色的一个套装。我们的人鱼线落，人鱼线落的这个也是给到大家，二十多米一本，二十多米一一个。如果是去拍硬特签的话，还有我们的一个人鱼线路四的印特签。来54321上链接，上链。宝贝们，我们人鱼陷落现在也是好价格了，大家24还有叶子特权，宝贝们对的，然后这个也是给到大家，一本完结，一本完结。还有我们镭射的那个小卡哈也很好看，然后还有我们亚克力的一个钥匙扣，给到，这没有人鱼线都没有。不是，那是见天光。不好意思，这个人鱼陷落的这个也是前四本，因为人鱼线路五现在都没有印特签了，人鱼线路四是有印特签的。你们可以直接去拍我们那个就是再给大家上一下那个什么，小蘑菇还能再上，小蘑菇。对的，宝贝们，小蘑菇大家疯狂在亮牌牌，小蘑菇的这个还全三次全两侧。然后这个是三面的刷边，三面的刷边再加上印签，再加印特签。如果是说想要我们的小蘑菇的，也是那种不开金手指的莫氏纹，它的衍生品就是我们的所有的好价。这个也是，之前是卖八十多，现在是二十多一本两本书是56米，加上我们的一个礼盒版本，礼盒版给到大家，我们直播间不知道，我也不知道为什么，反正就是没有上过坠落这本书，我们没有上过坠落这本书，就是您所以就是没有签名。来我们的那个小蘑菇，小蘑菇全3册，不是全两侧，然后三面刷边加上千张，再加上我们的印特签，54321上链接了，上链接了，宝贝们，我们小蘑菇好价56米全量。好，再给大家了。没错，没错，我们如果是说想要的全部都可以直接去抽。而且这个也是给到大家一个很箱的一个价格，一本书给到大家是一个二十多米一本书，二十多米的一个好价，好价。来我们没有去抢的，现在全部都可以直接去冲的。破云只有三了，能上吗？对的，宝贝，你要吃药的话，我给你给你上一下。对的，只有三了，目前你看要不要已读不回。可能是我们实习生点进去的。如果到时候有什么问题会给大家处理的。对的，再给大家上一下，还是什么意思，我也不太清楚，你要不问一下店铺的客服？对，宝贝咱们对的就是我也我我不主要是不知道是什么情况，来给大家上下我们那个什么，月上下我们的西河传,《小蘑菇》
这个看过那个剑天啊，不是看过那个叫什么来着？叫行止晚、宫墙柳。然后你们如果是说想要我们这个西河传的家千千那个版本，10 60 19块钱，19块钱。我们的新鲜，我们的十河传，54321上链接了，宝贝们，我们西河传现在还有千千好价给到大家。宝贝们咱们西河传就是一个古言的虐文给到大家。咱们想看虐文的可以看一下西河传。宝贝们，新河传的这个加上新鲜加上印特签那个版本，全部给到大家。如果是说想要的话，可以直接去看一下，而且这个还是给到大家一本完结，是那种穿到虐文里面，然后就是重生虐渣的一个爽文设定。如果是说想要的，全部都可以直接去拍。是的，再给你上一个那个什么，再给你上下我们的叫什么来着？叫解药简要全身做的一个套装。然后解要这个一本书也是给了大家十多米的一个价格。全三本书再加我们的周边这个还有5折的一个硬特鲜小卡片。如果说想要我们简要的都可以直接去对的一本书给到大家是十多米的价格，所有想要解药的，所有想要解药的这个也是那种救赎文。因为后来的时候，乘客是因为他被赶出家门了。虽然是个富二代小少爷没有受过苦，但是遇到张宇朵之后，才知道江宇夺过得那么苦。张宇多小的时候就被绑架了，绑架之后就失去爸爸妈妈，爸爸妈妈后来的时候又被拐卖到那个地下拳场，只能靠打黑拳为生。然后后来的时候，因为实在是太痛苦了，他就有得了双向情感障碍，然后会看到很多的幻觉。直到他被好心人救助，后来成为了一个在那一条街收租为生。遇到了那个就是乘客之后，他们两个就是吵吵闹闹的，然后有一点那种烟烟火气很重的感觉，而且真的就是两个双A那种双A撒娇怪，这个很难形容。对的，来我们的那个解药，全身色，全身色54321。上链接了解药全身三色给大家上链接了，宝贝们现在解药全身三色已经是好价格了。来宝贝们全身色然后告白和长期的特征没有，沧海月明有吓我一跳，我寻思你告白和长期的亲情也有。沧海月明有，而且这个是牙声大的。我们看过那个为你而名的德萨罗人鱼的这个，我们沧海月明也是个师尊文学，无四十一赏来了，宝贝们，我们现在沧海月明就是好价格，大家而且还是亲亲。宝贝，对的，我们所有想要沧海月明的，全部都可以直接去拍，然后给到大家也是很香很香，很香。没有去想过的宝贝，现在可以直接去拍，也是一个好价。对的，而且它这个沧海月明也是属于女匠心，没有重生之将门独厚。目前没有目前没有目前没有,《解药》
那个无为什么没是什么意思？我为什么没什么意思？宝贝我不知道宝贝什么意思。宝贝然后那个什么上了这边不太合适，见面不太合上女将军有吗？没有，红白喜有吗？没有有红白喜上不了了，红白喜上不了。人鱼像个舞，人间任务也没有，女匠心也没有，女女匠心也没有。这个也是给到大家我们沧海月明这个人鱼纹，还有那个双叉的立牌。对的，还要给到大家滴胶闪粉的一个钥匙扣，还有双闪的这个，还有我们透光卡，还有珠光的一个色纸。为什么没有？就是上不了伪装学渣也上不了，店铺上不了链接，不知道为什么。对的，这个珠光明信片，明信片也是有的。所有想要在我们直播间去拍的这个粉丝团的礼物，是不是看见了就会给他发。宝贝你得私信，撤回完了，撤回，你得跟后面的客服钉钉一下。你这俩字也不能说钉钉也不行，还说我们之前都是。就是你得主动说一下，宝我们要不然是没法看。他说了，他说你不是，宝贝，那可能是没上班，马上。对，就是你，反正我天哪，反正就是这样，反正看见了就会就就就就可以了，就可以了，就是你OK的，OK的。好的，就是看我OK，我知道了，我知道了，我帮你反馈一下行吗？我帮你反馈一下，你记录一下，我让他我打字可能违规了吗？没违规，目前撤回。我跟他说，我能跟他说让他在哪一遍吗？就是公屏上。这个我能这个我无能为力。我我我没关系，先继续。咱们还有咱们的那个除我之外全员主角，现在还有咱们的特权。宝贝们，来我们给大家上一下小蘑菇，去三面刷边。我真不是我真不是不想说话，我能说的真的很少。来，我们的小蘑菇的这个三面刷边，再加上我们一直送到千张加印特写，违规了没有？我只是看你看我想象仙剑套组有有宝贝，仙剑套组不是没有了吗？加单加那个那个加给版本吗？对，加给没有，加给没有，但是有双亲。现在这个套组如果你想要的话给你上。然后我们现在这个小蘑菇两本书再加上我们的礼盒版本，还是一个精装印制的一个书盒，可以直接拍回去。对的，选两次，一本书给到大家也是一个二十多米的一个价格。来我们的小蘑菇54-1上链接了，上链接宝贝们，我们小蘑菇现在也是面刷边的好价，宝贝们没有穆苏里的亲亲要啥呢？我的天哪没有。来我们的小蘑菇两本书，再加上我们的礼盒版本，这个也是给到大家，印签版本再加签章版本，然后正常也是卖到80多米的价格，现在是56米，可以直接去拍。我们还有唇膏没有，无限流你可以看一下我们的清风，清风是今天给他加上湖鱼辣交的印签大海报,《小蘑菇》
周边明天来吧，是不是？对，明天来吧，今天没有了宝这个也是给到大家我们京东的一个印签，印签。来所有想要京风拼手速给大家上链接了。不仅有剧情的反转，还有人设的反转。来我们的金风54321上链接了，给大家上链接了。宝贝们，我们金方现在还有一个加给的咱们A3印签大海报给到大家。宝贝们，没错，然后还有我们15厘米的镭射力牌拍，还有给到大家，我们特别好看的一个流沙。那个流沙对的，还有我们给到大家A3印签一个大海报，也很好看。这个还有我们长条马口铁的婚姻章，也是给大家乘二的，还有满天星的一个色纸，也是有的。如果是说想要的，全部可以直接去拍。无限流里面非常带感的货源只剩三了，没有其他的了。如果你要我可以给你上。再给大家上一下我们的瑶瑶群两本书嚣张能上是吧？有大家笔记也能上，有这俩都有。来，我们的瑶瑶PR残次品。没有，但是有那个默默读默读友好站，你要吗？宝贝们默读有好价，默读的这个也是给到大家咬定没有，默读也是给到大家。我们的三本书再加上精装硬质的礼盒，我们所有想要沫读的一本书是给到大家一个二十多米的一个价，主要是之前都是卖到八十多的。来默读家精装印制的礼盒版本，54321上链接了，墨读给大家上链接了，宝贝们，默读现在是一个好价给到大家。宝贝们，我们的默读没有想要过毒的，全部都可以直接去冲。如果你是想要去拍的，全三次的一个套装给到大家。我们没有去抢的，现在可以直接冲一下，还有我们给到大家特别好看的这个，我们的徽也是乘二的，它还有我们的笔记本，加折笠卡，再加书签，礼盒的一个套装，也很合适。在判官，判官没有，没有吞海3，现在还没上，还真有紫水在购物车再给大家上一下我们摇摇，摇摇的这个前两本一本书9.9块的价格。如果是说想要我们瑶瑶的，现在也可以直接去拍，也是给到大家。你们所有想要去拍摇摇的，也是一本书9.9块，两本书18.8块的一个好价。我们喜欢这种娱乐圈文，还是这种和男团爱豆暧昧，后来爱上了男团爱豆的爸爸，但他们都是同龄人。这个剧情到底为什么是这样的？你可以看一下苏他所有的都很好看。对的，洋洋一本书9.9块的一个价格，我4321上链接了，大家上链接了，宝贝们，我们的瑶瑶好价给到大家了。我们所有想要瑶瑶的也是9块91本两本书18.8块的一个价格。没有去抢的宝贝可以直接去抢。文里又乖又好看，剧情没有带感，而且还不怎么删减,《默读》
青山看我应如诗，就是那句咋了？没有青山好应如诗，就是那句什么我看一座青山几万年，仍觉甚是妩媚。料青山见我应如是一个就是三生三世历劫我一个就是表面非常清冷，实际内心很很暴力的。这个就是我们的佛尊和一个哈他养的石梦魔三世力杰，而且是甜虐文。来给大家上一下我们的青山见我应如是一本完结罗辑锁线工艺，5431上链接了，给大家上链接了。宝贝们，我们的青山见我阴柔是也是一个好价格。大家了宝贝们来，我们所有想要这个好价的，现在就可以直接去拍。烈火浇愁有随加给，也没有其他的了。这个自然抗英汝是今年是卖到三十多，现在十多米的一个价格。烈火教授隋书加给这个能上吗？有烈火轿车，有烈火轿车。现在有一个这个链接，宝贝给你看一下，咱们现在还有咱们P大的手写印签这个链接宝贝们手写印签，印签手写的被印签了，来我们阴间，就是阴间阴间阴间烈火浇愁，还有我们的双面彩绘的一个飞机盒，给到大家家里有教程。还有那个就是纯深色套装，你看你要彩绘飞机盒的，你就去拍那个烈火大结局。有飞机盒的版本是一二或者是一加2一起去拍也行1加2一起去拍也行。它那个残废之后，你自己去看一下，然后还有全身色的一个套装，都挺好看的。然后这个也是宣姬和圣灵冤，就是赤渊的火永不熄灭。然后这个也是P大的一个架空好古穿今，还有各种前世今生，回不去的那个就是是回不去的童年，回不去的就是之前的好日子。这个也是后面的时候就是很虐，虐文再给你上一下我们的嚣张。好的，嚣张也是好价给到大家。宝贝们，某某也没有，某某今天谁要来着？某某没有，某某没有然后这个嚣张是全两本，全两本。然后我们所有想要嚣张的也是给大家六十多米价，不需要四十多米的价格，直接去拍两本书，一本书是给大家二十多米的好价。来我们的那个嚣张54321上链接了，给大家上链接了。宝贝们，我们嚣张一给大家上链接了，嚣张的这个也是两本书，两本书，然后加上给到大家人物卡，还有我们的印签明信片，还有我们的给到大家的书签、拍立得，全部都有。这个嚣张的是前两本，一本书给到大家是一个二十多米的价格，49.9块可以去拍两本书。是的，破云只剩三了，破云只有三了。这个也是故事刚开始就是林无隅在所有的是他学校的老师和同学面前告诉大家所有人的人本来是做检讨，后来说自己喜欢男生。后面的时候就那种很哇塞的一个设定。这个剧情的设定还是很香的，如果是说想要的全部都可以直接冲一下，也是一个很香的价格,《青山见我应如是》
宝宝们，再有今天我们直播间也是有其他的给你上一下。我们的那个见见天宫有新鲜宝贝，见天宫有新鲜。某某没有周边，但是我们今天有魔道祖师的周边一样吗？对的，某某没有周边，但是有魔道祖师的周边，你要吗？还挺好看的。我们这个魔道祖师的周边也是给到大家的一个蛮香的价格，蛮香的价格。我们如果是说喜欢的，全部都可以直接去拍。暗河长明见天光的，这个也有亲亲见天光也有亲亲，一本完结。还有我们的暗河长明，54321，上链接了，上链接了，宝贝们，我们的见天光给到大家，现在这个链接拍下就是亲亲宝贝们，还有咱们的钥匙扣，还有咱们的银凇泡面八斤向日葵手帕，还有咱们悬挂立牌，这些都是给到大家的宝贝们。我们如果是说想要我们见天光的，还可以直接去拍。而且这个也是一个还蛮香的一个价格类，还蛮香的价格。我们见天光的这个也是加上。周边的一个版本，很哇塞的一个设定，也是那种ABO文里面的一个AB纹。现在下单就是新鲜，现在下单就是新鲜的话，少量库存。不仅是直播间你们在拍，直播间外面的人也在拍拍完之后加不了，补不了，宝贝们违规了。没有我这我现在长得这么。我真的害怕了，没事再给大家上一下我们的附加遗产。好的，宝贝们，附加遗产的这个也是一个好价，而且附加遗产的这个还是给到大家你们所有想要的。10 19.9块加上印。亲，喜欢我们的那个水仙城的，我也可以直接去拍，它也是一个很香的一个价格。大家来，我们的附加遗产，54321上链接了，直接上链接了。宝贝们，我们的附加遗产现在是一个好价给到大家了。附加遗产的，这个也是给到大家，很香。而且它还有给到大家，我们的随书加给4折页、加书签，再加上海报，都是全的。这个也是我们的水仙城的一个那种非常古早文学的一个感觉。如果说想要的可以直接去拍。再给你上一下我们的为你而名，为你而名上色金金下色印特签的版本。我们如果说想要为你而名的小说名叫德萨罗人鱼，深海人鱼和一个生物研究员的一个设定。来我们的为你而鸣的好价，来54321上链接了，一本书是一个二十多米的一个价格，我们的为你而名，54321上链接了，大家上链接了，宝贝们对你而言现在是好价格，大家嚣张。还有的还有的，还有还有嚣张有两本书的一个套装，你要吗？嚣张一本书是二十多米林木鱼和丁记的这个纹。来我们的嚣张全两色的一个套装。好，接下来5431上链接了，给大家上链接了。宝贝们，嚣张现在是好价给到大家，咱们还有加给的人物卡印签明信片给到大家,《附加遗产》
宝贝们没，如果是说想要嚣张的话，也可以直接去拍我们还有色纸，色纸做的也很乖。如果是说想要我们那个，就是所有喜欢我们的领那个优等生不重华和我们的屠龙少年，我们的丁记。来五四无语无语，这个也是给到大家一个刑侦文，里面还有我们的吞海的CP的出场。来54321上链接了，嚣张给大家上链接了。宝贝们，我们嚣张也是一个好代表大家了，不是嚣张，不是嚣张吞海，吞海吞海吞海。我刚才说错了，吞海通海的这个也是给到大家一个刑侦文哈，然后再加上我们给到大家特别好看的这个色纸，全部都可以直接去抄，没有拍过的宝宝们可以直接去冲。来我们的臀海54321上链接了，给大家上链接了。宝贝们，我们屯海现在也是好价格，大家还有咱们家给的漂亮的色纸。宝贝们没错，没错，我们所有想要囤海的这个色纸的，全都可以直接去抢。两张色纸加给给到大家，这个也是那种给到大家做的那个有扒鸡，马口铁的扒鸡是乘四的。对的，还有给到大家15厘米的一个立牌牌，再加上我们的双面色纸，还有15乘20的，给到大家一个特种的色纸。这个色纸就是这个色纸真巨大。我们如果说想要的全部都可以直接去拍的，再给大家上一下不露声色，这也是个男团文哈，也是一开始的吊车尾和一个男团C位。后面的时候就是很哇塞的这种设计的话，我们如果是说想要男团纹的，这个也是一本完结大家亲切的一个版本。54321上链接了，链接了。宝那么不露声色现在好价格，大家还是咱们芊芊版本的不露声色宝，不露声色的一个好价，现在就可以直接去冲。如果是说想要我们不露声色的，全部都可以直接去拍，也是一个很香的一个价格。没有去抢过的宝宝现在可以直接去抢一下，主要是不露声色，这个是一本完全大家亲签他的兄弟们是那个CV是我们那个谁？CV是我们的边疆老师。如果说喜欢的全部都可以直接冲一波，再给你上一下我们的美人挑灯看剑的新鲜。这个也是那种恨比爱长久，疯批美人和南疆巫师的这种设定。三生三世前世今生人间美覆灭一座城，天上就多了一颗星，众神在天上过看星星，人间是炼狱。这也是那种天地不仁以万物为刍狗的感觉。来给大家上下，我们的美人挑灯看剑，54321上链接了。来了宝贝们，我们人挑灯看剑现在也有亲签给到大家了，宝贝们每人挑灯看剑还有亲亲版本的话，然后再给大家加上我们的周边。捡漏链接是哪个？好问题，言情简陋吗？言情我的简陋吗？东海完结篇，8月3号的，8月3号屠恩海的完结篇,《吞海》
然后我们如果是说想要的，来给大家上一下，给他上了。宝贝们我们上什么？上一下那个吞海OK OK一整套方向灯，我没有上方向灯，我就出了一一套方向灯，我就出了一套。宝宝吞海的这个来给大家上一下吞海的这个还有色值，还有八自己喜欢行政纹的都可以。破云只剩三了，没有12，没有一二的。要的话可以给你上，给你再上一下我们的放学等我，放学等我只剩上册了，而且放学等我也是给到大家的一个好价。所有想要去从放学等我的这个也是给到大家。我们加上周边的版本，再加上给到大家的一个彩菲兹和还有我们的立牌，然后还有我们的情书。如果说是拍B版的话，还有我们的流氓，再加上巴基给到大家，然后放等我的那个还有裸书版本的好价。喜欢陈景诗和玉凡的这个，54321，上链接了，上链接了。宝贝们，我放学等我好价给到大家。来我们所有的小伙伴等我的全部都可以直接去拍，也是一个很香的一个价格给到大家。这个也是加上周边的一个版本不健全关系没有。如果说今天想要小卡的宝贝，我们有那个魔道祖师。对的，魔道祖师的一个小卡，连他的袋子都做特别的好看。9点90张小卡给到大家。来我们的魔道祖师54321上链接了，魔道祖师给大家上链接了。宝贝们，魔道祖师的小卡9块90张小卡，咱们喜欢魔道祖师的宝贝们可以去看了。来我们魔道祖师小卡，它也是一个涂鸦的小卡哈。如果是说想要魔道祖师的，全部都可以直接去冲。然后也是这种，它还有那种流光感。来我们的小卡这个也是。你如果是说想要更多的话，那个小卡还有就是三十多张的，看你要几个？对的，看你要几个。这题超纲了的漫画吗？这题超纲了的漫画没有，不健全关系也没有。就是唐瑞宇和前作的这个吗？我们好像有不健全关系的周边，这个也能上吗？找不健全关系的照片，不一定。不健全关系周边等一下，那等一下，家人再给你上一个心眼，心眼。这个是两本书双新签的版本，而北南的文案这种就是乔元亮和梁场年少相识，后来因为误会分开，分开八年之后的一个破镜重圆。所有喜欢北南的纹的，要这种甜纹的，而且他饰演多了一个设定，是它还是一个伪骨，它这才是一个尾骨科你的距离卖没了。来我们心眼全两侧的套装，54321上链接了，上链接了，宝贝们心眼全两册套装好价给到大家了。宝贝们所有想要新兖的这个前两侧加上我们给到大家套装的好价，全部都可以直接去拍,《放学等我》
而且这个心眼也是给到大加加上我们的15厘米的双人力盘，还有镭射的8G，然后还有我们5.8乘8.8的一个流氓，也是很好看的。这个里面还有满天星的那种双面色纸给到大家。这个是加周边的版本，如果不要周边版本，只要裸书，裸书更便宜。裸书不要三十多，要29.9块，直接拍两本，一本书十多米，而且每一本全部都北南的亲戚，宝贝们的悬疑文有合集，你要吗？悬疑文有一个合集，来给大家上一下我们所有想要悬疑文的合集的。这个也是今天给大家上的。如果是喜欢这种悬疑推理的，要男生们可以去拍默读。如果是说喜欢行真文的话，也可以去拍破云。但是你要悬疑的，你可以去拍这个里面，这个里面就是真的很专业的那种悬疑。像从小喜欢看柯南的，看东野圭吾的，然后看那个什么啥阿加莎是吧？然后那个喜欢看什么东方列车杀人案的这种，还有西区科特什么之类的，你们就是可以看一下，你们可以看看一下这个他的这个悬疑像是那种很专业，真的是很烧脑的那种，悬疑文的那一个合集。如果是说你们喜欢看男生们的悬疑文，你们可以看一下有那种刑侦文还挺好看的。那个莫读对了，宝贝们默读的每一个副本都还挺好。看来给大家上一下我们的墨读吧，全身色再加上一个礼盒套装，一本书给到大家二十多米的一个价格。来我们的默读的好价，54321上链接了，墨读好价给大家。来宝贝们，我们的默读今天是咱们飞哥的生日，给大家做好家了。宝贝们对的，默读，默读这个也是给到大家加上我们的徽章是乘二的，还有我们的笔记本、书签、啫喱卡，三色礼盒的一个套装，一本书是一个二十多米的一个价格。所有想要默读的，这个也是给到大家65.6块。这个正常是卖到八十多的，但是喜欢这种旋翼纹的，喜欢这种形针纹的，都可以直接去拍。八千里路连山有的宝贝们，咱们还有签名版，真的假的？真的，来八千里路连远生，给到大家一个签名版的。上链接啦，来上链接了，宝贝们，我们八千里路连远山全三色的一个好价给了大家第二次还是亲亲了，宝贝们对的，太是一个亲亲，亲亲可以直接去拍它也是一个很香的一个价格。还有宝贝想要哪本书的，都可以直接去看一下。再给你上个那个啥，再给你上一下，再给你上一下我们的为你而鸣，就你机灵，哼就你机灵加就我机灵，这个也是那种百万up学神天天演我，然后他也是一个好自然。如果是说喜欢这种吊马纹的话，可以直接去拍。你今领家救我，今天的好价54321，上链接了，不要上链接了，宝贝们我们救你今天救我今天的好价,《默读》
来来来来救你今领家救我今天的一个好价。然后这个也是个校园文，还是个吊马文，很好看。如果是说想要的全部可以直接去冲的话，来我们的好价给大家过掉。这个也是那种再给你上一个，我们还有一个为你而鸣战神。战神一二来给大家，不，战神三四给大家上一下链接。对的，战神三四的这个也是给到大家特别好看。而且我们战神的这个也是有红尘剑仙的木块，和我们的那个戒指转折的戒指也是有的。如果是说喜欢的全部可以直接去拍。还有给到大家我们的那个5656的话有一个大的桌垫，对的，56的话是有个大的桌垫，大的桌垫，然后还是这种全员图的一个桌垫。所有喜欢我们的斩神的，现在就可以直接去拍，加上这个桌面版本到56，8月4号就没有了，8月4号就没有这个桌垫了。来我们的斩神的这个54321上链接了，上链接了。宝贝们现在战神五6现在加给的一个大桌垫，30乘80全员大桌垫给到大家了。宝贝们咱们喜欢斩神的可以直接去拍了。斩神没有签名，新书的时候就没有签名了，新书的时候一下子就没有了。对的，如果是说你们想要这种书的签名的话，都得新书开售当天来。他不是天天在这卖的，然后在在这放着卖的那种签名给你上一下。暗河长明是有新鲜的，为你们就在购物车里，暗河长明来给大家上个新鲜。暗河长明这个一本完结，再加上我们的新签版本，54321上链接了，链接的宝贝们，暗河长明那个晶晶，然后加上我们的周边，还有项链加六张一个小卡。一二没有灯光画了，卖完了已经。这个里面还有我们的亚克力的一个悬挂立牌，再加上银聪的一个泡面吧唧。对它还有我们亚克力的一个钥匙扣，珠光的一个明信片。我们如果是说想要这个PVC的卡片，也可以直接去拍，36.8块的一个价格。这也是一本完结的，还是我们的李琰和陆年宁的这一本一个AB文。但是这个贝塔也可以升baby，他这个文写的还是越到后面劲儿越大，它是那种后劲儿特别的足。我们再一起上一下那个为你而名。为你而名是一个上色金尖下色硬件的一个版本。如果是说想要我为你而名的，可以直接去拍。也是一个好价。喂，牛肉面给大家上链接了，一定的一个好价，上错新鲜下挫新签的一个好价，上错新鲜，下挫新鲜。还有novo卡，还有海报，还有镭射票，加明信片，还有藏书票两本书，一本书是一个二十多米的价格。如果是说想要为你而名的，前两次的套装好价，来54321，上链接了，上链接,《斩神》
宝贝，我为牛肉面的好价给到大家，只要你没有，这怎么了？没没，为什么我都不知道不知道，没有消息，不知道，这是啥书，哥这是啥书？我不知道，没有这个消息，还没有这个消息为你而鸣。两本书套装，一本书给到大家二十多米的一个价格，可以直接去拍给你。再上一下我们的婵能上吗？可以有这个动了吗？没动伪父子文，昨天动了吗？昨天动了一大段的。解药有那上解药，解药有的宝贝OK解药这个填三本书，一本书十多米的一个价格就可以直接去拍。如果是说想要我们解药的这也是给到大家，就是三十多米一本在家隋书加给的周边，我们的解药54321上链接了，给大家上链接了，宝贝们姐要给大家上链接了。只要这个还有我们的Q版的小立牌，还有我们的条纹，还有我们的哲理卡，还有我们的明信片，还有主角的直尺加彩虹的贴纸，还有我们的计划表。如果是说想要我们只要的全三册的一个套装，一本书给到大家是一个十多米的一个价格，不要去错过。我们如果是说没有在直播间拍过，只要的也可以直接去冲一下，选深色的一个套装好下。然后还有我们的周边版本娇嗔没有，我们再给大家上一下我们的那个火焰戎装。能没不能上。老师，你觉得需要再让他们给点电线光的签名吗？今天只给了100，然后现在已经卖了30，还有70。让再补点吗？还是没了就是吗？还有，但是我怕到晚上如果人再多就没了。见天光的这个签名的话差不多，也那就今天应该不用补了。来我们的见天光，见天光的这个亲亲给大家弹一下。对的，我们见天光亲亲妹妹还在折腰。没有宝贝只要出什么出了吗？不知道没有，还没有见天光的这个今天今天你们可以直接冲，还有周边的一个版本。如果说想要你就还剩七十单呗。哼差不多我去，他那块还能给多少？昨天都那么多，他是每天是吗？不是，他是今天不是给新弄了一下，说所以他就随便又给了点，可能是随便施舍了一点。不是，反正就是我怕如果一会儿要的话，太晚了，那边不好弄。烛下不用了，应该OK逐下，逐夏烛下的。我们不是十点下播吗？那就不用了，应该那个竹下的限定疏风来给大家上一下。对的，竹下这个限定书封，我们所有想要竹下的这个也是给到大家加上我们的一个限定书封。如果说喜欢这种校园文的青梅竹马，多好的词儿。竹马选我超甜，又骗感情又骗钱。来我们的这个如下，这个也是那种前期不太OK，后期的时候就觉得真香现场的。我们如果说没有看过这个文的，现在可以直接去看一下。这个如下也是属于那种木瓜黄的书，它所有的写的校园文都还挺好看的,《解药》
魔道祖师我们有魔道祖师的小卡，这个小卡真的特别的可爱。这个小卡也是给到大家，就是你现在在我们直播间去拍的话，他连这个小卡的给到大家的这个就是卡的卡包的带都很好看。对的，每一张小卡都很特别。我们的温宁，我这也太温宁了，还有我们的那个兰，这是在什么时候，他俩为什么穿成这样子？这个也是给到大家特别好看的小卡，真的特别的乖。如果是说想要魔道祖师的这也太魏无羡了。来这个每一个都很好看。这个小卡如果是说想要的全部都可以直接冲一下。我的江城来54321上链接了，要上链接了。宝贝们，我们的魔道祖师小卡好价9.9块给到大家。宝贝们咱们喜欢魔道祖师的不要错过。我们的这个魔道祖师的小卡哈，这个也是给到大家的那个某某刷边版本的，没有了，上不了了。然后这个小卡也是给到大大家的一个十张小卡，只需要9.9块的一个价格。不是你来就是为了看我，我的天哪，好久不见哪，好久不见的，真的是。来再给大家上一下我们的那个什么，上一下松毅松燚这个有加給的周边，两A相逢必有一欧。这个魔道祖师的小卡你们自己去拍。然后松毅的这个周边也是那种就是喜欢AB欧文的，从小把自己当阿尔法培养，后来给自己培养成了一个欧米伽天选欧米伽来给大家上一下好了，什么没有抢到，什么是没有抢到宝贝，什么没有抢到？淞翊给大家上链接了，宝贝们我们松毅大家好赞。综艺实体书掉落这什么活动不知道。你们那个video发的那个从7月1还是到8月30，条件是怎么参与？是我也不知道，你也不知道怎么参与，我也不知道我今天拍了一天，我也不知道怎么参与，没人通知我。现在我拍了一天的那个，我也不知道怎么参与。说实话来我们的这个等等，我也我给你去问问，我现在我还不知道怎么参与。这个松意，松毅所有想要松意，这个也是给到大家加上周边的。没有某某，没有某某对的，没有某综艺的，这个是6乘9的1个PVC的一个合影卡，像PVC合成卡是那种硬质的，不是软皮的。如果是说想要我们的松邑的，加上全套的一个周边版本的话，全部都给到大家。它也是还有15乘10的这个双面色纸，也很好看。还有我我们12厘米的一个立牌牌，也很香。好像八点的活动我是吗？我问问我紧急问问你，你问问，我问问，这不知道，没有人通知我，八点，今天八点的活动，再给大家上一下我们的我等你很久了。OK我想问一下，我等你很久,《我等你很久了》
这个也挺好看，加上我们给到大家的一个巴基，再加上我们给到大家的一个什么彩绘飞机盒来了，我等你很久了，这个8G版本，8G版本给你展示一下。这个8G算了，没有了，没有8G了。盗墓笔记是吗？盗墓笔记有吗？盗墓笔记有啊，宝贝们，盗墓笔记有，盗墓笔记的这个也是九色套装，然后再加上给到大家的一个礼盒，还有我们的油墨纸这样的一个书，一个手账本。如果是说想要我们盗墓笔记的，喜欢这个，全主线剧情九人组的不是那个三人组的。来，我们盗墓笔记54321上链接，笔记给大家上链接了。宝贝们现在盗笔记的一个套装好价也是给到大家了。宝贝们咱们盗墓笔记现在买这个玩意儿还有一个书立。宝贝们哪个书立买哪个要树立。他那个后面不是书立吗？就是这个盒书可书壳，它是书的礼盒。宝贝们，对的，书立是另一个东西卖一百多，书立是另一个东西卖一百多。这是书壳，宝贝们买的书壳，这是书壳。书可无邪塞牙，比西铁雄道笔十年不在这里，不在这个链接里面，应该不在别地方，不改那个是那个得改的，给你上一下别的上一下，别的上一下。我们的那个还没人回应，我不是没还没一读就没人通知我是吗？啥八点，到底啥八点？宝贝们我们先到，我们先对接。颗粒度对齐，我们还没有对齐颗粒度。对的，给你上个洛驰。对的，洛驰这个两本书，成飞是和叶青的。这个前期是一个小白菜和一个富二代少爷，后期的话是一个大佬，然后和一个特别可爱的那个那个谁特别可爱的一个18线小糊咖，也是这种，有一点那种酸涩纹，还有点古早的那种设定。我们如果是说喜欢这个感情本的，可以直接去看一下我们的洛驰，陈维持和叶青54321上链接了，要上链接了。宝贝们，我看了一下那个小video，那么大个8月1号开始，你听了再说，这么大个8月18月1到9月1号开始。你现在问我，行来，再给你上个别的，再给你上8月1号开始，明儿来，明儿来，再给你上下我们的那个8月1号开始，不是今天给你上个府，给你上个我们的争一本完结。一个傲娇少爷和一个贴身小男仆的一个设定，那上面不是写8月1号开始吗？你现在来问我，你现在来问我哪知道？真是，你现在来问我，我哪知道？来我们的这个给到大家上一下我们的那个就是争的这个养成系的一个男生，我是从头甜到尾的这个设定。来我是321上你觉得给大家上链接的宝贝，还有咱们争的一个好价给到大家，铮铮的一个好价，可以直接去拍。如果是说想要的话，可以直接去冲。我们的铮铮这个蒸蒸也是那种从头甜到尾的一个设,《盗墓笔记》
嘿哇塞如果说喜欢甜文的话，你可以直接去拍。对对对，妈呀你怎么你复制了宝贝。对，是，8月1号。宝贝是是是，8月1号，今天31号。今天不是，今天不是31号，急啥呢？在这儿急啥呢？31号今天是来我们再给你上一下我们的那个什么。除了双色不露声色，这也是一个新鲜不露声色新鲜版本。如果是说想要我们不露声色的，这个也是给到大家一个就是男团文一开始的时候是真是那种互相对付一个吊车尾和一个C位。说的是今天开始，什么什么说的是今天开始。宝，你看你发的上面都写的白衣，是不是你们那个口20点掉落，这不就是8月1号和9月1号吗？对，宝贝，但今天是7月31号，7月31号，今天不是8月1号。这个什么就是这个什么，你听一下，你给他放大声听，可能你们口说连送一个月时，你说每天20点准时惊喜，到底是1到9号？没说呀没说呀，没说，呀，没说，这不是8月1号开始的吗？他在包着呢，都没有时差，但有时差怎么八点呢？有时差他也正好八点。你在french 36个小时，你在american比较晚，你在你吹了2个小时，不对，你在哪儿？你在哪个纬度？你是跟我们有时差吗？我们今天是8月1号，今天是31号，我无限流了。咱们继续，咱们既然说到无限流，不然不得不提我们的除我之外全出去也不是，但是咱们还有特权。宝贝这个除我之外全员主角。来给大家上一下我们的特签，也是今天的一个新书，给到大家来54321上链接了宝贝们，给大家上链接了，宝贝们除我之外全员主角给到大家现在还有特权新鲜宝贝们对的，有特鲜有新鲜。铮铮是一本完结，也铮铮是一本完结。健天过的新鲜，快没了，还有个六十多本，还有个六十多本哈。今天光给大家弹一下，今天光的这个一本完结，还是我们的那个少量库存，现在还有新鲜给到大家。我们见天光54321，上链接了，上链接了，宝宝们，峥峥是一本完结的，对的，宝贝们，铮铮是一本完结。对的，咱们健身观赛还有少量的库存给到大家。然后这个链在拍下就是亲亲宝贝，我们拍下就是亲亲，见天光的这个也是给到大家我们的周边版本。如果是说想要我们见天光的，全部都可以直接去拍。确实东十二区，东十二区是哪里？东十二区是有什么？东十二区，东十二区现在是8月1号，那那就是那东十二区问题是没有地儿比咱们比比china它可以吗？选china行，比china它早还是正好12个小时,「废话」
因为刚才那本正好说八点，他可能就是看的时间，我也觉得是就是没有没有我我我也没有什么印象，是完完全全跟我们差一整天的。除了对american那边，他们是american。已经是我想到的非常哇塞，他现在应该是我看啊，现在是晚上，不是小钗，那不是那个就是他应该唱4个小时，怎么可能，他是差4个小时，但是是8月1号来，我们那个亲亲真真中间没有了。是的，这个有点裸树版本了。哪个是亲亲？暗河上面是亲亲见天光，暗哥见天光是亲亲，见天光，给大家上链行，见天光的。这个是新鲜，是新鲜。然后我们是8月1号开始，是在china这个地方，就是你要在别的地方，你得算一算时差。再给大家上一下我们。,「废话」
