﻿original,result
两本书套装，上色金签下色印签，也是那种古早的狗血纹，也是那种古早的人鱼纹。54321上链接了，要上链接了，宝贝们为你而名上色。今天下册印特签一个好价四十多给到大家。宝贝们没有去拍的话，都可以直接去冲一下，而且这个为你而名的也是那种很哇塞的一个设定。还有宝贝没有去付款的，这个是两本书，一本书给到大家是一个十多米，一本书二十多米的价格，尤其这个还是雅诗娜的闻，雅诗娜每天闻都非常的香。没有去抢的宝贝可以直接去拍，也是一个很香的价格。他还有给到大家，我们特别好看。那个罗梦卡乘4的，我们的海报乘2的，还有我们的镭射票，也是乘二的，还有我们的藏书票，加上明信片，再加书签，为你而名。两本书一本书给到大家，是一个两册加起来一本书是一个二十多米的价格。贝们心眼给大家上一下。好的，我们心眼现在是好价给到大家。宝贝们，咱们新兖宝贝们给到大家心眼的这个，是一个双新鲜的一个版本。喜欢北南的，我要这种破镜重圆的，都可以直接去看一下我们的心眼，这也是给大家两本书的一个套装。来54321，上链接了，上链接了。宝贝们，我们今年现在两本书套装有新鲜好价，二十多米的价格给到大家了。宝贝们对的，然后加新鲜，再加上我们的好价，一本书十多米。你们看过偷风不偷月的，看过碎玉投珠的美男，所有的文都很好看。S断腿的老公人设和这种和这种胡说八道的老婆设定。他每一个老婆的这个设定都是属于那种话非常的多又密，而且把属于那种会突然之间语出惊人的那种。来我们的心眼还是个伪骨科，他们俩再次相逢是因为父母再婚了。如果是说喜欢我们的心眼的，全两侧加上亲亲，给到大家。再给你上一下我们见天光，见天光拍下就是亲亲了。对的，宝贝们见天光现在拍下，今天也是一个好价给到大家，宝贝们见天光，给到大家见天光。一本完结，一本完结。对的，宝贝们见天光是一本完结，然后原作叫做暗河长明，咱们喜欢这种酸涩纹的宝贝们不要错过今天光，而且现在这个链接拍下就是亲亲宝贝们。再给大家上一个那个什么人设，宝贝们天天光现在下单就是亲戚。对的，亲亲。然后我们的人设的这个也是加上我们给到大家，他是硬千的一个版本，还有这种细闪的印特签。我们所有想要给到大家冲这个的都可以直接去拍加周边的一个版本。54321上链接了人设给到大家，也是一个好价格。大家它还有加给的立牌更感的明信片，宝贝们还有咱们双面签的一个色纸,《为你而名》
宝贝们对的，我们所有想要这个带细闪的，我们双面的这个，我们的印签全部都印特签，全部都给到大家。而且人设这个还是一个娱乐圈文掉马文哈吊马文给到大家，全部都是可以直接去吞海的，这个两个大的一个色纸，而且吞海的这个还是无鱼和不重华的这个纹，也是那种优等生和我们的屠龙深渊屠龙的少年。如果说想要的，来我们吞海五四加一上链接，大家上链接了。宝贝们吞海我们现在也是一个好价给到大家，而且还有咱们家给的大色指给大家，宝贝们。行，真文，邢真文除我除我之外，全员主角那个是女主角穿越到了由三个小说世界拼成的一个故事里。后来的时候他遇到了所有的人都是主角人设，就是那种逆袭大男主。一开始的时候所有被不被所有人看好之后逆袭了所有人。后来的时候又遇到了大女主，就是被所有人欺负。然后后来欺负所有人只有女主角，她还是前世是跟那个反派在一起，然后成为了一个被等死的炮灰。后来的时候，他决定在反反还没有遇到反派的时候，就是抓紧躺平，然后等待的这个小苦娃反派的就是那个出生。后来的时候就开始了这种肯定是剧情和前世不一样了撒，然后也是那种快穿快穿文，它也是今天有特签。这个新书很好看，很有趣。来54321上链接了，要上链接了。宝贝们，我们除我之外，前沿主角目前还有亲签给的，还有特签给到大家。宝贝们，宝贝的详情，商品的详盒飞行盒给大家看一下这盒，不是有，我看一下上传情页，我看一下详情页。宝贝们，他倒是没说，他这图也太简单了，没说我瞅眼他没说某某没有我去后面处理，某某没有，对，某某没有。宝贝们除我之外。我帮你看一下除我之外全员主角是一本完结吗？看一下啥同意同意点同意不去，这什么是不是得用那个。这个好了，吓死。然后宝贝们给你们找一下。宝贝们除我之外，那个全员主角不是一本完结。宝贝们一共不是一本完结，不是一本三个故事，三本呗，那肯定是差不多对的，差不多，差不多对的，它是三个环节，然后看看有没有飞机合宝贝这个分析盒倒是没说，反正他好像是那种普通的分析盒，普通分析盒子发货。对的，他有我们给到大家的那个卷轴，然后还有我们的亚克力专有做亚克力专业要不要去看一下？对的，再给你上一下我们的那个什么。那个净山水，净山水的这个也是给到大家女主角暗恋男主角，男主角不知道，后来男主角就是娶别人了，然后女主角生病去世了。我们的净山水给到大家还是在巴西的一个版本，也是那种很虐的虐文,《吞海》
来54321上链接了，净山水给大家上链接了，宝贝们，净山水现在也是一个好价给到大家，而且还有咱们家给的巴基，咱们的杯垫，咱们的书签上的明信片，这些都是有的。宝贝们，我们所有想要进进山水的这个，还有我们双面的亚克力的杯垫，还有我们的瓜，那个印章印签马克铁的灰章做的也很好看，是那种带细闪，然后给徽章，还是那种带背卡的。如果是说想要的话，全部都可以直接去冲。对的，宝贝们，这个巴基真的很可爱，而且还给大家做的细闪的工艺，拿到手里实物很漂亮的。宝贝们来我们的那个。打架，宝贝们真的很漂亮。来我们的这个也是一个逻辑所限工艺，可以直接去拍。如果说想要的全部都可以直接去冲。再来给大家上下我们的那个暗河长明，暗河长明这个加新鲜，然后还是给大家三十多米的价格，所有想要暗河长明的这个也是一个好价。来54321上链接了，给宝贝们，目前暗河长明这个链接拍下还是轻敲。宝贝们咱们喜欢酸涩纹的宝贝们，咱们就去拍暗河长明，不要错过它。对的，宝贝们，咱们现在也是要好价，而且这个链接目前拍下，就是今天咱们见天光好价，还有一单。宝贝们，对的，再给大家上下我们的那个人鱼陷落。人鱼陷落也有人生落1到4册，一本书是一个暗河长，不是一本书，是一个二十多米的价格。对的，一本书是一个二十多米的价格，然后也是给到大家一个好价。来我们的这个好东西来给大家上链接了，54321上链接了，大家上链接了，宝贝们，人鱼仙论1到4都有好价，而且咱们四目前有一个印特签，我给到大家宝贝们对，印特签的我们人鱼仙落4，然后还有我们全套周边，二十多米的价格就可以直接冲，真的超高了。没有信息输出，我们不可能也没有入戏，也没有校园文的话有我们的那个蒸蒸，这个是那种傲娇少爷和贴身小男仆的这个设定，也是那种从小一起长大。来给大家上一下我们的蒸蒸，蒸蒸54321上链接了，铮铮给大家上链接了，宝贝们右下角蒸蒸好价格大，咱们16米的好价。宝贝们对的，正中这个也是10 12 10，给到大家16.1米本。然后还有我们的那个12厘米的立牌，还有我们的徽章，还有我们的彩绘飞机盒，这个摇摇乐的一个娃娃机给到大家这个还有给到大家从头甜到尾的一个剧情开去，看不懂。夜幕之下，夜幕之下的这个加上我们的周边，我们5到6次是有周边的，5到6次，5到6次是有周边的，然后这个也是一个大桌垫给到大家。我们如果想要夜幕之下的全部可以直接去冲,《净山水》
再给大家上一下我们的那个什么，再给大家上一下我们的34，三四有红尘剑仙的木块和我们的拽哥的戒指给到大家。我们如果是说想要夜幕之下三四的话，也可以直接去看一下来54321上链接了，来上链接了，宝贝们，我们夜幕之下的好价给到大家，而且它现在还是拍下就有咱们的那个展示，咱们的那个筷子和咱们的戒指。宝贝们咱们拍三四的那个加减返场的版本。宝贝们没错，没错，我们的夜幕之下的这个也很香。然后还有我们亚克力的一个色纸，还有手机支架，红尘剑仙的木块，这个同款的戒指全部都有，还有那个帆布袋，帆布袋也很好看。如果说想要的也可以直接去抽，再给你上一个那个什么。嚣张前两色嚣张的这个也是一个校园文。全文还有给到大家我们的所有想要嚣张的，一本书是一个二十多米的价格。来我们的嚣张54321上链接了，大家上链接了，宝贝们嚣张现在也是好价给了大家的，还有加给了咱们的人物卡，还有咱们明信片之类的宝贝们也是好价格。大家喜欢宝贝们直接去拍了。来我们的嚣张，嚣张的这个也是给到大家，前两本书，暗河长明，暗河长明拍下就有亲亲，暗河长明拍下就有亲亲。我们所有的暗河长明一本完结，小说名叫做见天光，还有周边的一个版本。来我们的暗河长明，54321上链接了，给大家上链。宝贝们，我们的暗河长明，现在这个链接拍下还有新鲜给到大家。宝贝们拍下还有新鲜，可以直接去拍。然后这个还有给到大家，我们的项链加上我们六张替换的小卡，亚克力的悬挂立牌牌，还有小Q票，然后这个还有镭射的闪卡票，还有我们的银聪泡面八戒，还有我们的亚克力的一个钥匙扣，也是有的。三十九老登了什么意思？三九老师是吗？老师前前几天来，前几天来了。这个现在没在直播间，再给大家上一下我们的你好旧时光，喜欢言情文吗？对的，宝贝们有没有喜欢言情文的宝贝们，言情文的这个你好旧时光给到大家也是12年的一典藏版本，券后的价格是一本书二十多米的一个好价。来我们的你好旧时光，54321上链接了，要上链接了。宝贝们，我们你好旧时光影好价给大家，而且咱们喜欢看校园言情文的，咱们知道振华三部曲的，不要错过你好旧时光。宝贝们对的，一本书是二十多米的一个价格。对的，宝贝们，咱们你好旧时光现在也是一个好嫁给到大家。咱们喜欢于周周和羚羊的，咱们可以去拍下这本文。大家知道李陵阳是什么？为鱼粥粥主义者，其实这本书更多的是关于从宇宙中的视角展开的。宝贝们对的也是那种有点救赎相的，而且就是很温馨很甜,《你好旧时光》
"如果说想要这个小太阳，然后我们的那个宇宙周这个小苦瓜，这也是属于那种一个小一个特别的苦，然后一个特别的甜。来，我们给大家上一下夜幕之下还要多久，什么硬件五六吗？56到8月4号就没有大桌垫了。什么还要多久？五六还要多久？Yes, 夜幕之下的五六已经出了。对，宝贝们，现在咱们一号链接就是夜幕之下的56，现在还有一个家给的大桌垫给到大家。宝贝们夜幕之下的56，加上加给的一个桌垫，这也是个全员图的一个主桌垫。来我们的夜幕之下，给到大家。宝贝们夜幕之下现在也是好价给到大家，而且现在还有咱们家给的大桌垫，宝贝们非常的好看。我们如果是说想要我们夜幕之下的话，也是给到大家很香的一个价格。这个还有我们的一个加上周边，加周边，这个也是所有在我们直播间去拍的，全部都可以直接去冲。还有我们给到大家的那个色纸，色纸我们如果是说喜欢这个色纸的，我全部都可以直接去拍。对的，宝贝们，咱们喜欢的可以直接去拍了。宝贝们，咱们的夜幕之下，现在这好价给到大家。主下目前有两侧，宝贝们主下目前两侧，但是我们现在挂的是一侧。宝贝再给大家那个那个啥。宝贝们先给大家上一下那个什么，上一下我们的心眼，心眼两本书加新鲜的版本，新兖两本书再加新鲜的一个版本。我们所有想要亲眼的，给到大家一本书是一个二十多米的一个价格，来一本书十多米的价格，我们的新业来54321上链接了，来上链接了。宝贝们咱们的新年给到大家也是好价，给到大家还有水吗？新演的这个爱是两本书加新鲜的竹架有两本，但现在那个是一。本来我们所有想要逐下的，来给大家上个链接吧，给大家上链接了。宝贝们咱们逐下也是好价给到大家。现在足下这个是一本，宝贝们还有咱们家给的书风、大力牌，还有咱们双面彩绘的飞机盒给大家发货。宝贝们没错，竹下这个也是给到大家，所有想要的全部都可以直接去拍。而且它这个也是给到大家有20周年的一个鉴定书封，还有我们的周边版本都很好。看见天光有新鲜吗？见天光有新鲜，见天光现在下单就是新鲜，再给大家弹一下。对的，来我们的见天光，54321上链接，来上链接了。宝贝们现在见天光的这个链接拍下就有新鲜，还有咱们家给的钥匙扣。对的，我们如果是说想要见天光的话，项链加上六张替换的小卡，还有我们的亚克力的悬挂立牌牌，加上银聪的一个泡面吧唧，都是给到大家的。这个还有我们的一个珠光的明信片，明信片都可以直接去拍。三十多米的价格，一本完结。正常是给大家，就是没有新鲜的",「废话」
现在今天给大家做一个返场，还有一点点，再给大家上一个。我们的哲竹能上吗？折竹竹竹好像没得，人设给大家上一下。好的，那这边还有我们的8G的家给，还有我们这个书风做的也很好看。如果是说还想要我们人设的，这个书风真的做的特别的乖。输了加给奉献CP是那个BE狂魔求生系统，许其生夏之雪的这一个。如果是说想要我们的这个人设的，现在就可以直接去拍。来54321，上链接了，上链接了。宝咱们的人设好价给到大家。宝贝们人设，宝贝们设的这个也是一个很香的一个价格。然后这个也是给到大家，所有喜欢我们这个男生闻的，想要喜欢这种娱乐圈文的，还可以直接去拍。这个也是给到大家，我们的有那个特别好看的印象，UV的银卡哈。对的，喜欢这种就是有点戏中戏。因为他们一起参加一个逃出生天的节目，然后后面的时候就是那种很哇塞的那种，开始走各种各样的剧情，体验各种各样的人生，然后开始这种角色带入，尤其是他们两个前期后期的人设都有反转的。来我们的那个我只喜欢你的人设可以直接去拍。来上链接喽，宝贝们，人设给到大家，没有单独的完结本，没有单独完结本，台风眼也没有单独的完结本，台风眼只有台风眼的一和两本的套装。来我们的台风眼给到大家上链接了，台风眼右下角给大家上链接了，宝贝们我们台风眼现在台风眼一是一个16米的好家伙，宝贝们对的，我们如果是说想要我们台风眼的，全部都可以直接去拍。一个是16米，然后一加二的一个套装，一本书是一个二十多米的一个价格，可以直接去抢。再来给大家上一下我们的绘画笔记，绘画笔记这个一本完结，然后还是给到大家的一个家亲签版本。而且这个绘台笔记有人说并有人说鸥影是HE，给到大家那是一个限定的书封，限定的书封，就是全部都印着是主角的人人物图来，我们的那个灰塔笔记，喜欢虐文的可以直接去拍。这种就是被男被自己爱的人关了四年之后放出来之后失去了所有的记忆，但是他觉得自己不爱他了。来我们的灰塔笔记，一本完结加亲签5431上链接了，上链接。宝贝们，我们的灰塔笔记现在也是好价给了大家，而且还是一本文洁的亲线上能给到大家，所有所有给到大家，就是现在所有去拍的真的很合适，也是一个好价。我们这个也是二十多米的价格，加上新鲜54321，上链接了，大家上链接了版本二十多米的好价给到大家，还有咱们家的亲铅的版本。对的，二十多米的价格大家亲签砸了，为啥那边不显示，哪边不显示，这边不显示,《我只喜欢你的人设》
我他好好婚纱你你把它那个那个什么了，把它再上一个别的。好的，还有啥？或者破降这个一本完结在你们家一个娱乐圈文加电竞文的这个合集。然后它还是一个有点掉马文的感觉。我们的迫降来54321上链接，要上链接了。宝贝们迫降现在也有千千的好价，还有咱们20乘1米的长景卷轴，还有咱们双人立牌，碎玻璃吧唧双面银边的厕纸，宝贝们这些都是有的，我给到大家，我们的迫降的这个也是给到大家全套的这个周边，每个都很好看。对的，20乘1米长的卷轴，还有双面银边的色纸，还有双人的立牌，然后再加上透卡，还有我们给大家加很漂亮的8G是给大家乘四的。对的，如果说想要迫降，想要这个新鲜的版本，也可以直接去拍。德萨罗人鱼也是有的，一个深海人鱼和一个生物研究员，尤其是这个德萨罗人鱼，还是那种一个古早的人。鱼纹除了名字为你而鸣上色新鲜下色印签的版本。来我们的为你而鸣的好价，54321上链接了宝贝们，女人名现在也是好价，给到大家上次亲下次的一个好这个还有我们的logo卡，还有我们的海报，还有我们的明信片的藏书片，都是有比较古早的文化人。夜幕之下，夜幕之下的这个给到大家是全员图，主教团那个全员图，所有想要夜幕之下这个也是一个好价。来我们的夜幕之下，54321上链接了，上链接了，给到大家。宝贝们现在夜幕之下的56，咱们现在拍下，还有咱们家给的大桌垫。宝贝们一共十二色，一共12次。对的，我们如果现在去拍的话，它是一个两本书，它是出到第六本了，出到第六本了，还没出完。如果是说想要的全部都可以直接去看一下，然后给到大家也是一个很哇塞的一个设定。我们这个里面还有给到大家特别好看的周边，这个周边就像是我手里拿的这个随缘图的大桌垫，直到8月4号就没有了，8月4号就没有桌垫了。它这也是给到大家每一个的，我们的巴基也很好看，还有我们的彩绘飞机盒，做的也很乖，还有我们的流麻做的也很好看。它这个周边每一个能留则留，因为之后这个周边没有那么多了。对，没有那么多这么好看的周边了。然后再给大家上一下我们的营业悖论。好的，宝贝们，营业悖论现在也是一个超多周边的版本，给到大家说营业悖论给我拿了个什么东西？我在问，没拿是吗？拿了都拿了，他们那桌上我都拿了，是不是那个杨乐乐之类的，不是摇摇乐，不知道是啥。如果有的话就拿了这个吗？这是之前就有，那就算了吧,《迫降》
来我们的人鱼线路，不是那个人营业悖论和营业被，不是那个这是炮灰规这个吗？这也不是，这也是这是因为什么？这是之前的。没事，那这个是松意的，应该没有，那就没有。人鱼陷落，人鱼陷落来给大家上一个链接，帮我们的人鱼陷落。所有想要去拍我们人鱼陷落的，这个是松毅的一个价，他是这样的，就是那种打卡的那种OK可爱OK来我们的那个营业营业营业不是营业悖论。OK来我们的营业悖论，营业悖论，所有想要营业悖论的，这个也是给到大家加上主角团的15厘米的人物卡，然后后面全部都是由我们的印特签的，也是个娱乐圈文，还是一个很哇塞的男团文，可以直接去拍。来54321上链接，来上链接了。宝贝们，我们营业悖论给到大家，营业悖论的这个也是给到大家的一个亚克力的一个CD的挂链，还有我们彩绘飞机盒。这个亚克力的魔方也很好看，亚克力的魔方也是六个面的亚克力魔方做的很乖。我们如果是说没有拍过营业悖论的，全部都可以直接去拍一下。这个彩绘飞机盒做的也很好看，而且它这个还是属于那种前期有多不对，我真的写的就是剑拔弩张的。后面那时候是真的，主要是在于裴听颂和方觉夏这种对彼此态度转变非常的明显。但他们两个很小学鸡，他们两个觉得自己藏的可好了。后面的时候就是跟自己的成员公开自己的恋情的时候，结果所有的人都说好，我们早就知道了，就是你们两个那就是小学生。这也是那种我们给到大家一个很甜的娱乐圈文，还是个男团文都可以直接去拍。对的，再给你上一下我们的见天光的新，先给大家上一下。好的，宝贝们，我们见天光。现在这个链。接拍下就亲亲给到大家。而且现在我们拍下之外，还有咱们家给的泡面吧机，咱们悬挂立牌，咱们的珠光明信片，还有咱们的亚克力钥匙扣，这些都是有的。宝贝们来我们的正面光加新鲜的一个版本，所有想要见天光的也是一个好价，一本完结加周边的版本，54321上链接，上链接了，宝贝们见天光现在还有今天给到大家，宝贝们也是一个好价给到大家。咱们喜欢酸涩纹的话，不要错过见天光。宝贝们千九没有新鲜了，没有新鲜了见天光的新鲜只有少量的库存了。如果宝贝要的话，赶紧去冲。没拍完了之后，也是补不了，加不了。好的，再来给大家上一下我们的海棠。好的，海棠微雨共归途，这个长街血未尽，那是他带你回家的路。什么蝶骨美人席、八苦长恨花、死生之巅、红莲水榭，全部都可以直接去冲。这个也是给到大家哈特特别香的一个全套周边,《营业悖论》
因为他那个主角团的一个师徒四人的所有的这个大海报图，就是你很少能看到这么温馨的场景。对的，来我们的海棠微雨共归途，54321上链接了。宝贝们，我们的海棠微雨共给图，现在1到4的好价格，大家还有加给的30乘80的主角四人的给它遮垫。对的，然后这个还有给到大家的贝卡的巴基，巴基是给大家乘8的，就是不是说就是给你一个是给你八个八级，这个八级真的做的很乖很好看，有宝贝想要的全部都可以直接去冲。我们还有多少没有去抢这个八只的，现在就可以直接去抢我们的那个贴纸，还有我们的啫喱卡，还有我们这个还田园的那个桌垫。这个中间是给大家做了一个返场，之前没有了，现在还是有的。如果说想要的全部都可以直接去抢，再给你上一下我们的那个什么，那个人鱼线落1到4册的套装。好的，宝贝们，人鱼陷落也是有的。宝贝们，人鱼陷落1到4册的一个套装。然后一本书是盗笔记，还有我们盗笔记。有的有啊，宝贝盗笔记，还有我们那个彩插页的手账本，我是说想要盗笔的，给大家翻一翻我们这个采茶页的一个手账本，我马上回来。好的，宝贝们，咱们现在盗墓笔记，还有咱们采茶叶的一个手账本。你看第一给大家翻一下第一页咱们一个展示的桌垫OK看看咱们的小哥拿着他的刀，这是咱们那个链接里的那个宝贝们，咱们手账本咱们可以用来做手账。宝贝们天哪，我感觉我在说废话，我这个我我这什么这是什么？天哪，有人知道这个情节吗？咱们吴邪老师，我看这个怎么还我他他里面好多宝贝，我天哪看这个，这是这个外观，宝贝们很漂亮的，盗墓笔记就是那个链接。宝贝们现在还有咱们其他笔记，看看真的好漂亮。舔屏，我也舔。这里面还有一个小小的盗墓笔记，还有什么我再翻翻，我仔细翻一翻。然后咱们现在盗墓笔记其实还有一个特别好看的周边，我给大家看一下，那个真的我特喜欢，它就应该长到我的包上等我哪天不注意，我等等不注意，我就长包上盗墓笔记的周边给到大家那个很可爱的一个钥匙扣给到大家。宝贝们将进酒没有宝贝枪枪进酒目前没有。咱们这个钥匙扣很可爱。宝贝们我在桌上找着了，看这个钥匙扣你可以挂给它挂到咱们的背包上也是可以的。左边是咱们的张起灵，右边是咱们的无邪。宝贝们看这个很可爱，你们在那边，你们那边好像是镜像。宝贝那没关系，像我的左边是张起灵，右边是吴邪，这个很漂亮。宝贝们如下，足下有啊，足下有主，下有用之下宝贝以商品详情页为准。怎么又对不上焦了，我怎么老对不上焦了？这个很可爱,《盗墓笔记》
宝贝们，这个是咱们盗墓笔记的一个钥匙扣，它很漂亮的。正好有人特殊人格厕纸，还会返厂吗？宝贝这个我不知道我不知道，宝贝我觉得可能我不知道这个宝贝，我还目前真的还太不太知道。然后给大家谈一下咱们的那个，刚才给大家展示的那个钥匙扣，就是咱们的这个盗墓笔记的。宝贝们，我真走了，他水台上面有水，就是洗手的水台，水台上面这怎么是个挖口，这是凹口。你把我的彩彩彩油墨纸张的踩茶叶，它有点。坏了，因为他很久了，他已经在这个直播间三年了，好像他比我在这这个直播间都久，比我在这足下太久了。天哪，足下的宝贝我给你找一下，足下有啊足下有足下现在。对，但是这个链接只有一本，一本可以看一下。对的，我们如果说想要足下的，这也是给到大家的一个非常香的我们的边。对的，宝贝周边研究完可以直接去拍。对的，咱们选竹虾的天啊，宝宝错了，我们的下我们如果是说想要的全部都可以直接去拍。相应上下我们的那个什么女配不上主角分手这个言行纹的合集。如果是说想要我们言行纹的话，也可以直接去拍。这里面这个女配被让主角分手，也是一个女主角出现在一个虐文游戏里面，主线任务是不能让主角分手。后来的时候莫名其妙的，因为他这个主角上面所有的这种虐点，还有那种很必异的这种事情的发生，全部都是反派男二在作祟。所以我后来就是因为他凭空出现的我们的女主角的插手，就导致这个故事现在越来越偏离正常的一个预设的轨道。后面的时候，这个反派男二觉得这哪里冒出来的这种天降，然后结果后来他和反派男二在一起了，那男二想反派男二想我拆散别人，不如自己去谈个恋爱。来给大家上下，我们的那个女配不上主角分手。对，这也是那种快双文的一个甜文。两本书一本书给大家十多米的价格，可以直接去拍。对的，没有去抢的宝贝，可以直接去抢的。我们的这个好价，而且我们现在所有在我们直播间去冲的这个也是很香，这个价格给到大家，还有周边的一个版本，我们的金竹交的那本什么来着？晚来几晚来几几号出的，几号出的？20号也是一个周六日，好像对，也是一个周六日。我们上周六是出啥了？老师，我这个猪脑子，看看你的日历，它这个日历不全，不全。来我们的这个女配不上主角分手，来给大家上链接了。好的，这也是给到大家上周六是那个图灵密码，上周六是图灵密码，那才是十多号出的签名，不太合同密码应该是在上一个周想起来了,《女配不上主角分手》
他那会儿正好他前一天看那个链接不太对，就19号20号那会19、27月份、七月份，那他就是20号出的，可能是他20号出的。那到今天他应该比咱们来的要出的，早就是他是已经出完了，然后咱们才邀请他来。So只要没有了宝宝，只要没有了，只要目前没有了宝贝，过几天可能对，只要没有了，只要没有了，我们再给大家来上一下那个什么。那个叫什么来着？上个小蘑菇也行。好的，放学等我不是选一本，那是两本书。对的，目前他只出了一本，放学等我是两本书，两本书。然后我们这个小蘑菇也是给了大家做的一个三面刷边的版本，还有我们的签章加上印刻签。如果是说想要我们的小蘑菇的，这个也是一个不开金手指的末世文哈，也是那种地磁消失了。然后他是一个审判官和一个毒蘑菇的这个历险旅程，也算是那种但是他这个写的很跟你想的都不一样，跟你想的都不一样，每个副本的故事还是很落地的。如果是说想要我们的这个小蘑菇的，主要是之前也是卖到80多米的价格，但现在大家精装印制的礼盒给到大家一本书也是二十多米的好价。来我们的小蘑菇套装一个好价54321，上链接了，现在上链接了，宝贝们，小蘑菇套装好价给大家，宝贝们加上三面的一个刷边版本，我们所有想要套装的全部都可以直接去拍。是的，这个也是给到大大家，两本书再加上一个烫金工艺的礼盒，八十多米价不需要56米的价格，可以直接去拍两本。一本书是一个二十多米的一个好价，五六册没有签名，现在只有少量的库存。这个给大家上一下那个什么，上一下我们的心眼。好的宝贝们，我们心眼现在还是有新鲜的宝贝们心眼这个加上一个新鲜的安卓是什么品种的蘑菇类？它是毒蘑菇，它就只说它是个毒蘑菇，它的菌丝好像可以很长。然后它是他说他是白色的蘑菇，彩色的蘑菇，但他如果是黑蘑菇就让它变成白色的蘑菇，他反正是个它是个会有包子的蘑菇，我也不知道什么品种的，都有包子也那就是但是一个会变成人类的蘑菇，那它不知道什么品种的，它是什么品种的，是那种末世纹的，它还分蘑菇的品种吗？不但他最喜欢喝的汤是蘑菇土豆汤，但是他可能就好这口喜欢，觉得自己很OK。那啥啥啥啥啥啥，只要明天有，我们真的很需要。不知道宝宝这个就是不知道这个就是得看了家人，你看咱来晚了，没关系，他一之后可能这个不知道，去问问。来给大家上一下那个杀破狼。好的，宝贝，我们杀破狼现在也是好价给到大家。杀破狼全身送的一个套装，一本书十多米的一个价格。如果是说想要我们山坡狼的，也可以直接去拍,《小蘑菇》
还有一个好动物，来我们的54321上链接了，杀破狼给大家上链接了，宝贝们杀破狼全三寸的好价，宝贝们已经给大家上链接了，点完赞就好价。宝贝们七十多米的价格不需要。然后给了大家一本书，也是一个十多米的一个好价，可以直接去拍。而且这个沙漠王也是给到大家，全三送的一个套装，没有去抢过的宝贝可以直接去抢一下。只要就是没了，只没没怎么就是没有了，就是没有了。再给大家上一下我们的那个什么，不露声色足下宝贝我给他找的，我现在给他上，然后再等一会儿，那你就上一下折竹有吗？再给大家上一下啥呢？再给大家上个洛驰，好的，洛持有的两本书的一个套装。解药，反正解药没有了。我不知道，我不知道，真不知道，我真不知道这个是真不知，这不知道，没有人跟我说不知道。对，反正就是我们这儿上不了，上不了，上不了，再给大家上一下我们的那个什么。洛池这个也是陈元石和叶青的这个纹，也是那种前期小白菜和富二代少爷，后期的时候就是那种很哇塞的一个设定了，是什么呢？后期的时候就是那种一个逆袭的，就是负负负负不是要逆袭的这种帝国继商业帝国继承人，然后和一个18线小糊咖的一个吻。对的，来，给到大家上链接了，上架了。宝贝们所有喜欢这个的咱们都可以直接去拍。现在有折竹吗？折烛没有，现在只有那个啥，你们现在是抢的有那个啥？斩斩神一号链接，二号链接，战神在一号链接和二号链接，一号链二号链接。来我们所有想要战神的，给到大家先上一下56，战神五六的这个很哇塞。而且战神五六的这个也是给到大家一本书的话，三十多米，然后两本书套装，再加上我们的周边版本，它还有特别好看的一个大桌垫给到大家好，来54321上链接了，我要上链接了，宝贝们，我们的战神，对的，战神的这个五六，56可以直接去拍，我们所有想要的全部都可以直接去冲。宝贝们再给你上一下那个什么，我们还有那个战神34，战神三四也是给到大家在红尘剑心的木块和戒指，给到大家如果是说喜欢的话，可以直接去抢一下。来我们的战神五6，战神三四全部都在我们一二号和那个一号链接和二号链接，而且展示的每一个周边都很哇塞的，它这个所有的周边都挺好看的。对的，宝贝们，彩绘飞机合作的也很乖。对的，彩绘飞机合作也很乖。还有个15厘米的一个主角的一个大力盘，还要给到大家，就是给到大家红尘剑身的木块和我们的那个戒指，那个戒指也很好看，这个戒指也是给到大家，就是拽哥的戒指，拽哥的美，拽哥相关的这个周边都挺好看的,《洛池》
我们再给大家上一下我们的那个啥，上一下默读。默读今天是我我们的肺嘟嘟的生日，费都的生日。我们如果是说想要我们默读的，也是给到大家一个好价。默读的这个是八十多米，不需要，然后一本书是给到大家的一个六二十多米的价格。来，我们的默读54321上链接了，上链接了。宝贝们默读现在一个好价给大家，咱们65.6块的一个好价，全3册的墨读给到大家，还有咱们家给的粑机给到大家。宝贝们所有想。毒的，全部都可以直接去冲，这个也很哇塞。这个设定如果是说没有拍过的宝，可以直接去拍一下。主要是这个默读是属于那种形针纹理非常带感的。它之前也不是卖这个价格，但现在这个价格要更优惠更便宜。对，如果说之前没有拍过的宝，现在可以直接去拍一下。而且这个默读还是那种做评委席的费渡和骆文周，不要太哇塞了。二位天哪，不拿我们当外人也然后这个还是给到大家，每个行政文都是一个民众来命名的。它是有有那个洛丽塔讲苏家三代全部都是那种有从事这种犯罪行业。后面的时候还有基督山伯爵讲不受宠的小儿子，一朝回朝之后，还有那个就是家族谋杀案的那种设定。我们还有那个啥还有鱼连一个机关算尽的凤凰男，后来的时候就是把自己对自己很真心的朋友给杀害了。我们如果是说想要的全部都可以直接去拍，再给你上一个那个啥吧，再给你上一个啥。还有吧，还有宝贝们，还有咱们的金枫，金枫也行，京风来给大家上一下。对的，京风的这个也是给到大家加上我们大海报，大海报。而且京风这个海报是一个A3的1个大海报。如果说想要的话可以直接去抽的。京峰的大海报京风大海报给到大家了，宝贝们，我们京峰现在是大海报表大家了，去哪了？这个大海报谁懂，我在桌上吗？他他他在哪儿呢？他应该真是这个问题，他在这儿。顺丰的这个大海报，我们所有想要的来给大家展示一下。这个就是有我们的红鱼辣椒的印特签，还印特签来给大家上链接。来了宝贝们，红鱼辣椒老师的印特签这个怎么对焦呢？看看看看怎么对焦，你点一下试试。来，你等一下试试看能对焦吗，你等一下试试看能对焦吗？哥别对了，这个对了，对不了吗？能对，其实展示那个印特签，你展示的是啥？展示硬特肩，哥硬特肩。我们如果是说想要我们的这个好价的话，也可以直接去拍，而且是一个硬特肩。这个印特签的也是卖完之后补不了，加不了的。有宝贝没有去抢的赶紧去冲，过期不候，我也是厚不了了。来，我们所有想要这个印特签的，现在就可以直接去拍,《默读》
这个也是前两个副本，如果说没有看过这种文的，现在可以直接看一下，很香的一个价格，再给你上一个别的包，还有别的战神五六什么时候已经发售，已经在了。宝贝，他你说什么时候发货是吗？以上面详情页发货。菲欧不下没有骨科纹，你可以看一下小蘑菇能上吧？骨科们可以看下小蘑菇，OK楼上行吗？可以，伪骨科，这个不都是伪骨科吗？你看一下这个小蘑菇，可以，小蘑菇的这个也是一个好价。如果是说想要我们小蘑菇的话，可以直接去。好，来，我们的小蘑菇凉，不是小蘑菇，是那个可爱公园。你有不早说，我说错了，我说我就已我我就怀疑自己了，我说错了。上一下那个什么，上下我们的可爱果园两本书套装，一本书给到大家是一个二十多米的价格。这个是尾骨科的，如果说喜欢的可以直接去看一下。来某某没有，某某是真没有对的宝贝，某某真没有，某某未来的几天也不会有，某某可能未来的4六七天，不一定有，都不能有。因为现在人家不行，我的也不行，怪他，反正怪他真行，怎么都不OK了？真是小蘑菇这个两本书，然后还有三面刷边的版本在声张再下小蘑菇不是可爱个美颜吗？不是刚说完吗？可爱个美颜你还没上，上完了我一直傻。好的，小蘑菇，小蘑菇这个加印特亲哈特亲。我们所有想要小蘑菇的全部都可以直接去拍，也是一个很香的价格。老板金宁锅还有新鲜金针菇，有新鲜。老板好好看哪个书的老版好好看了。这破云，破云12，破云一二没有了，没有，破云一二没有了鉴定官方期限没有鉴定。光现在下单就是7000就亲亲了。宝贝们来给大家上一下我们的见天光的新签。剑天偏光的亲亲给大家上链接了，链接了。宝贝们见天空目前还有千千这个链接，拍下就是亲亲。宝贝们，咱们还有咱们的钥匙扣，还有咱的巴基，咱们的立牌，没有立牌，咱们的手帕都有给到大家。宝贝说实话我现在脑子嗡嗡的，没关系了，再坚持一会儿，真服了。见天光，见天光的这个今天只剩少量了，只剩少量了。如果是说想要的话，都可以直接去拍。夜幕之下还有吗？夜幕之下有，夜幕之下有很多大酒店在8月4号之前。对的，暂时没有今天了。对，没有今天了。宝贝来我们夜木之家，这个大桌垫的话也是56，加上这个田园的图的一个大桌垫，还有我们全套的一个周边，全部都可以直接去拍。如果是说想要我们这个好价的，也可以直接去冲一下。又开始了，我的天哪笑死我了，你看你看，我的天哪笑死我了，就是每一次都这样炸裂。来，你看这个人,《可爱果园》
他那个镜头我真的是camera，真是就是跟你有，你看你看你看你看你看那你看不是不是怎么回事，这看不着这个camera有问题。而且今天他们让我把那个all in的all读成O为什么？因为他说二次元叫读O。来我们那就听说了我，然后这个真是还挺哇塞的。来什么时候把我排出二次元圈子了，笑死了。他我们现在所有想要这个夜幕之下的，全部都可以直接去拍。是的，展神五六没有亲签了，没有亲签，真没有亲签了。对的，神五六现在没有亲签，但咱们有加給的大桌垫给到大家。宝贝们如果是说想要我们展神五六的，它这个大桌垫也是那种全原图的大桌垫，给大家刚展示完，然后我们还有见天光的亲亲的给大家弹一下。要不好的我们见天光先在这个链接拍下，还有亲亲我给到大家见天光的亲亲，亲亲我们所没有想要见见光的。这个也是给到大家全部的一个周边的话，也是一本完结暗河长明，可以直接去拍。对的，先给大家上一下我们的杀破狼全新色套装的一个好价，杀破狼现在也是一个好价给到大家了。宝贝们，咱们杀破狼纯深色套装，一本书给到大家十多米的价格。如果是说想要我们杀破狼，也是加周边的一个版本，批大的我很好看。而且这个纱破狼也是给到大家一本书十多米，三本书的套装是五十多米的一个价格给到大家。我们如果说没有拍过杀破狼的，现在也可以直接去拍，买到就是赚。而且它这个还是给到大家十多米拍一本，三本出了一个套装，好自然，可以直接去冲。台风眼二有没有单独卖？台风眼二没有单独卖的，有台湾眼的一没有台风眼二单独卖的，它是1加2一起新演的霜新鲜版本东海大结局8月3号，吞海大结局8月3号给到大家。还没到时候，我们再给大家看下我们的心眼，心眼这个前三侧全不全两侧然后是一个双新鲜的一个版本的话，如果说想要我们心眼的，来54321上链接了，上链接了。宝贝们，我们新眼前两侧的好价给到大家，还有新眼前两侧还都有清仓的版本也给到大家。没错，我们如果是说想要我们心眼的，全部都可以直接去拍。它也是一个很香的，很香的，而且它这个是一个双钦新版本，分开八年之后的一个破镜重圆文。如果说想要亲眼的，全部都可以直接去冲。再来给大家上一下我们的下一个，下一个是个啥？下一个是我们的裁缝员，台风眼也行，好的，台风眼的这个一，台风眼的一号，台风眼的12。然后这种分开十年，分开十年就是暗恋十年之后的双向奔赴。乔晔和梁思喆好样的。这个如果是说喜欢这种类型的，全部都可以。是有这种分开99家人,《杀破狼》
对，分开99。然后来给大家上一下我们的台风眼，54321上链接了，台风眼给大家上链接了。宝贝问我们的台风眼我怎么穿着新眼睛了，台风眼给他上链接了。台风眼一好价，16.12米的1个套装，好价49米，49块8米的一个好价给到大家。没错，我们如果是说想要我们台风眼的，全部都可以直接去拍，这个价格也很合适。宝宝们，再给你上一个那个啥，我记得我应该还有个别的，再给你上一个我看看。但是上一下我们的瑶瑶39新鲜，为啥都来问39的新鲜？没有新鲜的我又跑起来了。这个video怎么每天都不一样？今天好的，就是39，还有那个冷杉九牧真不错。谢谢你们，谢谢你，因为有你世界更美丽。来给大家上一下我们的那个战神，战神的这个上啥来着？摇摇一本书9.9块。对的，一本书9.9块。我们的瑶瑶所有想摇摇的都可以直接去拍两本书的套装，给到大家一个好价。54321上链接了，瑶瑶两本书好价给到大家。咱们苏它的言情文给到大家了，宝贝们。对的，我们如果说想要去冲的，都可以直接去拍，很香的价格给到大家。再来给大家上一个那个啥，这个也是给大家上个啥来，上一个我看，上一个那个啥，上一个我们的田文，来个甜文，来个甜文爆甜的文，不好听的稳，真是有点来个争争，这好甜，超甜的。三十九多签一点，签不是他不签的，是他签多少会被抢光的。这个真不是他不签，他好努力的签，他应该再签点在前点来。我们的洋洋，前两次套装给大家过掉了，再给大家上一下我们的这个啥来着？那个蒸蒸一本完结加亲签，一本完结加亲签版本，我们的铮铮可以直接去拍，我们铮铮的好价54321，上链接了，我要上链接了。宝贝们，我们的铮铮好到这这个真真也不错，而且这个蒸蒸还是那种从头甜到尾的设计。夜幕之下的这个大桌垫？来给大家展示一下。好的，宝贝们，夜幕之下这个大桌垫不要太哇塞了。有想要这个大桌垫的全部都可以直接去拍。这个桌垫也是那种，如果说你们在直播间没有拍过这个桌垫的，可以现在去冲一下。他们全员图想要哪个拍哪个，很哇塞的一个桌垫，桌垫现在给大家上一下那个什么，我们还有战神3到4色的红尘剑仙的木块和拽哥的戒指，啥都看不见，真行，他那个离太近了。行，那我离远点。红尘剑仙的木块和戒指这个是桌垫，全原图，全员图可以直接去看一下。这个也是破云大结局，那个捡漏的是旧版本。是是是的，是的，是吗？对，是旧版，是旧版，是旧版，旧版是不是旧版不知道宝，但是只有大结局是真的,《铮铮》
只有大结局是真的是啥意思？就是不知道是不是旧版，但是它确实只有大结局了，只有大结局了，只有大结局了。宝是咱们那个是，对的，宝贝咱以商品详情页为准，商品页详情页说的就是以商品详情页为准。宝宝们我们所有想要哪个好东西的，都以商品详情页为。再给大家上一下我们的那个叫什么来着？上一下我们的大地的挑刺日常。好的，我们大地的挑刺日常一个好看的，希望能给到大家了。对，大地挑日常是28.5块的一个价格。如果说想要我们大姐的挑刺日常的，这个也是给到大家。我们的一个就是Kevin在密林深处重生，后来的时候回到自己曾经统治过的城邦，发现就是一切都变了样子。我们如果是说喜欢大地的挑刺日常，这个也是那种有那些什么陷落的神人名，然后他那个设定也是那种非常复杂的一个感觉。来我们的大V的挑刺日常一本完结的，好价54321。上，我要上链接了，宝贝们，咱们大地的挑刺日常一本完结的。男生们有大家喜欢男生们喜欢西幻的宝贝们不要错过了夜幕之下吗，有二号链接，有一号1到4。宝贝来我们夜幕之下的这个，我们的那个二号链接，二号链接，有有1到4，夜幕之下1到4对的二号链接。宝贝我们二号链接有夜幕之下的1到4，1到4，还有夜幕之下的34。三四是红尘剑仙的梦幻和战神的那个周，那个就是拽哥的戒指，戒指你们可以去看一下。好的，再给你上一下我们的那个什么，上下我们的剑，那个桃花，上个小蘑菇。好的，宝贝们，小蘑菇也是好价格。大家宝贝们一共几个链接？一共有七十多个86项目，86咱还有莲花楼，我天哪，你们买莲花楼吗？莲花楼当时的时候卖的可好了，他们就是哭哭来拍，然后那个时候都没有亲签，现在还有亲签现在有新签了是吗？你看一下是不是有新签，知道看一眼，你看一眼是不是有莲花楼的亲戚，你明天可以拍一个莲花楼的亲戚，还有吗？我还没点开，你看看你那上着看看这个现在有吗？没有，但这有一说一，确实当时很。好的，来我们所有想要那个整小蘑菇的，小蘑菇哇塞暴虐的有西河传暴虐西河传有西河传有暴虐的，这种非常虐的不要不要的，全部都可以去看一下来我们的那个先给你上一下那个什么吧，先给你上一下我们的那个非常哇塞的，我们的那个小蘑菇。小蘑菇这个两本书还是那种三面刷边的版本，还有14周的一个印特。亲，给到大家来54321上链接了，上了这么多的小蘑菇，我的天，56米两本书三面刷1000版本，给到大家点赞,《大地的挑刺日常》
版本小蘑菇，还有咱们这个硬邦邦的这个东西叫什么？精装硬质礼盒，对的，礼盒天哪，真的硬邦邦，拿到手里很有分量。精装硬质的礼盒，如果说想要小蘑菇的这个三面刷边印签，然后再加签章，全部给到大家。小蘑菇这个也是一个好价，两本书的一个套装，可以直接去拍。我们还有宝贝没有去拍小蘑菇的，大家现在可以直接去冲，直接去冲一二一上链接了，我们的小蘑菇直接去冲宝贝们小蘑菇的这个两本书，一本书给到大家是一个二十多米的价格。是的，我们要那个呃冷山就木的新鲜的暗盒产品，能不能在我们下播之前给大家上一下暗河长明，暗河长明，冷山静穆的一个亲亲，可以直接去拍，所有想要冲的，全部都可以直接去入，54321上链接了，我要上链接了。宝贝们，我们的见天光今天给大家，咱们冷杉就目老师的见天光，喜欢咱们三色轮的男生们不要播了，宝贝们对的，然后这个也是给到大家，我们所有想要见天光的家新鲜版本再加周边版本的话很哇塞。如果是说没有去抢的，赶紧去冲，这是给到大家，加新鲜只有少量的库存了。我们如果要无限流的，现在只有我们金风的一个无限流，这个也是回力辣椒的一个印特签。然后喜欢白柳的这个纹，你可以直接去拍好大一个坐垫，A3的1个大桌垫。我们如果是说A三的一个大桌垫，老师A3的1个海报大海大海报。我们如果是说想要那个葫芦辣椒的硬特鲜的，全部都可以直接去拍。如果是咱上链接，来上链接金风给大家的，没有加给的A3印成大海报给到大家。宝贝们还有印三印成大海报，这个就当做金峰的印先给到大家了，加全套的这周边。我们如果是说喜欢那个就是不开心，也算是那种每个剧情都有这种反转，就是前面你以为的，你以为不是你以为，但是每一个的这种出场的人物的一个设定，也是有你想不到的地方。对的，我们如果是说想要精通的话，全部都可以直接去拍。再给大家上一下我们的下一个心眼。心眼两本书加上一个双钦签的一个版本，而且我们的心眼这个也是给到大家，一本书十多米的价格，北南的双亲版，54321上架来上链接了宝贝们，我们北南的双亲签的心眼给到大家，宝贝们有霜套组先套组的一个版本，然后我们所有想要的全部都可以直接去拍，而且是给到大家一个好价啊不要错过。我们如果是说想要这个双新签的，现在就可以直接去冲，不要去不要去忘记，不否则到时候就只有普通的版本了。这个是新眼霜新鲜的版本，分开八年之后的破镜重圆文殿上限没有我某某也没有。然后如果说想要西河传的，这个是一本玩家家新鲜的熙河传,《心眼》
来给大家上一下链接，膝河传给大家上链接了。宝贝们如果喜欢虐文的宝贝们，咱们去看看西河传。现在就有一个虐恋的古言给到大家。宝贝们还有亲亲，还有int宝贝们，咱们去冲亲亲。千河传的这个加全套周边，15块多的价格，加上我们的一个新鲜版本，全部都给到大家。想要我们四合传的家周边，15.9块，这个也是给到大家那种重生虐渣的一个爽文设定。虐没虐到咱不说，但是他确实是虐了。这个也加上亲亲，亲亲只有少量。再给大家上一下我们的放学等我，放学等我A版、B版，还有裸书的版本，也是一个校园文哈。如果说想要我们放学等我的见天光线就是亲亲，现在就是亲亲。对的，现在你们在我们直播间拍的这个链接，拍下亲亲这个链接。如果是说到时候没有亲亲的告大家的，我们还现在去冲这个西河传的宝贝，还可以直接去拍十多米的价格给到大家。我们见天光，亲亲版本54321，上链接了，要上链接了。宝贝们我们见天光。现在亲亲给在这个链接拍下，亲亲还有咱们家给的咱们钥匙扣，咱们的拍立得、咱们的银聪泡面吧唧，这些都是有的。宝贝们你现在还有多少本呢？我现在还见天光漆四十本，还剩40本了见天光的今天就剩四十多本了。宝宝们如果是说想要见天光的新鲜的，加周边版本一本完结的这个。喜欢李琰和我们陆莹莹的是哪个小姐妹？特别喜欢这本书的，赶紧来拍这个亲亲，说没就没，它这个我建议你能抢特价抢当时特价抢到的，然后现在亲切要留一留，就是因为冷山就木这本书随便拎出来，没有哪本书随便拎出来一句都让你觉得酸的不得了，但是这本书就做到了。对的，我们今天光的这个亲亲再给大家补点。那个库存你还有四十几本？42 42本，40本了，40本了。现在对的，补个十本。好的，来个十。本来今天光的这个亲亲给你补个十本。好，等一下补了十本还是42。是你全部的链接了，全部的库存，目前这个链接里全部的。行，来我们见天光的这个，你们自己去抢，然后这个还有少量的库存。如果说没有抢到资金，现在先赶紧冲一波啊不要占库存。没有付款的宝贝，再给你上下那个什么。还有别的，还有那个听魔道祖师的一个小卡也来进来。宝贝们咱们有没有喜欢魔道祖师的宝贝们？魔宝这个小卡真的很可爱，而且它的每一个的这个每一个的这个小卡的一个页面也很好看。好，哇塞，我的天哪，我们的那个清那个清梦星河这个系列的涂鸦小卡，它的后面还可以涂鸦，来给大家弹，斩一下后面这个是可以涂鸦的小卡哈,《西河传》
如果说想要的，看到没有，它这个就是你可以拿彩笔随便的去勾勒，去涂色。如果是说还喜欢这个小卡的，然后喜欢我们的这个还十张小卡，在9.9一个价格。而且它的这个小卡哈到时候建议大家你是拿那个剪刀只剪到这个锯齿的部分。因为这个小卡的一个封面也很好看。它这个外封封面，你不要破坏它，也不要直接撕它，我都舍不得撕它。我们我们给它打开的时候都是这么切下来的对，那就是整整齐齐的切下来的。然后我们如果是说喜欢我们的这个魔道祖师的，想要这个小卡的，还是一个正版的小卡。对，全部都给到大家。好价给到大家。宝贝们再给你上一下那个什么，再给你上一下我们的附加遗产。好的，宝贝们，我们附加遗产现在也是好价。咱们喜欢看水大的人，喜欢看这种狗血一点的文，不要错过。附加遗产的话，十多米的一个价格，我们所有想要附加遗产的，它这个也是三十多米价，不需要十多米价格可以直接去拍。来我们的附加遗产的好价5431闪，富家遗产好价给到大家了。宝贝们，咱们现在富家遗产有好价，18.8块，富家遗产的下册给到大家。咱们喜欢嘴大的，行，一八八男团的，想看狗血纹的宝贝们，咱们直接去拍就OK了。对的，我们的附加遗产全部都可以直接去冲。然后今天光现在下单就是新鲜，今天用的新鲜还有吗？迪奥先生没出书？我们的见天光，见天光54321上链接了，我要上链接了。宝贝们，我们见天光现在是亲亲版本给到大家。宝贝们咱们拍下亲亲，还有咱们的悬挂立牌，有咱们的Q版镭射，咱们还有咱们的Q票，咱们的镭射。对对对，如果是说想要进天宫的话，现在就可以直接去拍下全套的这个周边，真的很香。再给大家上一下我们的这个杀破狼。好的，宝贝们，杀破狼给他上了。来我们的杀破狼，杀破狼给到大家也是三本书的一个套装，而且还是给到大家，一本书是十多米的价格。所有想要杀破狼的，这个套装好价，拼手给大家上链接了。来我们的杀破狼，五四小一上链接了，杀破狼给大家上链接了。宝贝们，我们杀破狼全三色号价54米，咱们喜欢看这种古风的给大家了。对的，来我们的杀破狼，它这个也是个群像纹，这种还有芝麻汤圆白切黑和我们的西北一枝花的一个雇佣的话。如果说想要我们杀破狼的，现在可以直接去拍，全三色的一个套装，好价一本书十多米的一个价格，加上周边的一个版本，这个也是平价文天下所有的书都很好看。26下单的什么时候发货？什么你是买的哪一本书？你买的哪一本书？夜幕，夜幕之下以商品详情页发货，以商品详发货,《附加遗产》
我们所有想要夜幕之下的，来给大家谈一下我们的夜幕之下。夜幕之下5到6次，还有特别好看的我们的一个大桌垫给大家好的，我们夜幕之下的这个大桌垫做的也很好看的。然后它是那种全。沿途来夜幕之家大桌垫没有去抢的，现在赶紧去冲，有产品还有新鲜，有的产品还有少量新鲜。来我们夜幕之下这个大桌垫给到大家，所有想要这个全图列的给到大家，而且它是8月4号之前有，8月5号，8月5号就没有了。对的，我们这个大桌垫也是只有少量，还有那个夜幕之下红尘剑仙的目和拽哥的戒指，再给大家上一下，给到大家宝贝们，我们现在夜幕之下拍这个34，对的，宝贝们拍的有咱们的戒指和咱们的木块。宝贝们很香，很香。我们如果是说想要戒指和木块，你可以直接去拍，加上我们的周边版本，这个里面有我们的那个帆布包，还有我们15厘米的主角大力，还有彩绘的一个飞机盒。我们如果是说想要我们夜幕支架的加全套的这个周边版本，都可以直接去抄。他这个就是六本，到现在收了341256还没发。对，那宝贝就是谁先到了谁就先对，先说吧，就是人设是吗？人设给大家谈一下。人设这个周子和下棋胸的这个还有印特签那个色纸来给大家展示。谢谢宝贝们。我们人设现在有一个好价格，大家还有咱们家给的一个双面的印签色纸，给到大家印签那个色纸，我们的人设套装。如果说想要我们人设的话，也可以直接去拍，不要拍了，下了这个也是给到大家印金色纸的一个返场。还有一个你们给大家再上一下那个什么，暗河长明，如果没有抢到的，宋轶没有新签了，没有新签了。宝贝兄弟现在只有加热版本，没有亲亲给到大家。拽哥的戒指不能单独买。宝宝对的，目前没有单独买。宝贝之后应该也会有拽哥的戒指，单独买不了，买不了。我们那个给你上一下那个什么，先给你上下我们的暴虐的好价。你那个西河传很虐，西河传很虐，后来变异了行吗？四河传是真的虐，真的虐。我们给大家再上一下那个什么，上一下特别好看的那个刚刚说是什么来着？可是不是齐河传之前，见见天光，暗河长明加氢先暗河长明加氢千哈54321321上链。宝贝们，我现在自己这个链接拍下，还有亲亲秒。没错，没错。我们如果是说想要暗河长明的，想要这个新鲜的，然后也是给到大家只有少量的库存了，可以直接去拍这个。今天也是之前新书的时候没有想到的，一定要去想一下，不然过期的话很难给到大家。在加了再给你上一下,《人设》
刚才要什么的暴虐的那个新河传，看过那个宫墙柳，行止晚，喜新华这个新河传的也是那种虐的不要不要的，自己家新签版本，54321上链接了。Hello宝贝们，西河传一本虐文古言给了大家，还是咱们有新签的版本。宝贝们，对的，有新鲜版本的西河传，然后给了大家全套的周边，都很好看。对，这个也是一本完结，从头虐到尾的这种设定，全部都可以直接去拍。再给你上一个那个什么小蘑菇，小蘑菇全两侧的一个套装，而且我们的小蘑菇是给到大家加那个精装硬盒书架，三面刷边。这还是给到大家，我们签章加上印特签，给到大家来。我们的小蘑菇给到大家的好价54321，上链接了，小蘑菇给大家上链接了，宝贝们，小蘑菇好价6米给到大家，咱们还有三面刷边，宝贝们，它这个是给到大家加上精装印制的一个礼盒，因为我们还有16分钟就要下播了，宝宝们还有哪本书没有去拍的，还是赶紧直接去抽的。逆风没有了，逆风没有了，然后我们再要给到大家上的是什么上一个心眼的这个套装，套装再加上一个新鲜的一个版本，而且心眼也是给大家两本书加新签，还是一个好价。如果说想要全新新版本的心愿，全部都可以直接去拍。一本书十多米的价格，来我们的心愿，54321上链接了，下面的宝贝们，我们心眼现在还有双新鲜的套组给到大家。这特别好的宝贝们，我们的小蘑菇没有去想到的宝宝这个刷边加印签再加签章，真的，这个现象真的只有少量。真的宝贝我们这个书是真的没有多少库存了，而且这个还是有我们的，给到大家一个精装印制的礼，可爱很好看。主要14周的那一个，我们的C语言修斯N2没有了，然后我们的折烛也只剩下折竹的一了。我们现在所有想要这个小蘑菇的，能想则想，两本书的一个套装好价，54321上链接了，给大家上链接了，宝贝们，我们的小蘑菇给了大家好价，三遍刷边的小蘑菇，宝贝们三面刷边的一个小蘑菇，直接给大家直接去抢。这个也是那种末世纹，还是那种不开金手指的末世纹。因为它的设定是地磁消失了，所有的物理学化学全部都不复存在了。然后病毒危机，没有新生儿，然后没有粮食，人类的生存环境恶劣，然后各种病毒，会感染人类的生存基地，让生存基地沦陷。后来的时候，就是由审判官去保证生存基地的安全。但是他有有一次去检查的时候，遇到了一个毒蘑菇，他没有办法判定它是一个怪物还是一个人类。后来的时候就一直把一直很注意他，也是因为可能是一见钟情,《西河传》
陆丰谁知道陆风怎么想的呢？咱们就说这个也是给到大家，加上两本书的一个套装，再给大家上一下我们的那个会他笔记。好的，宝贝们，会他笔记现在也是一个好价，给到大家灰塔笔记咱们的一本完结的一个亲签文，给到大家灰塔笔记一本完结，大家亲签的话也是一个好价。我们所有想要回答笔记的全部都可以直接去冲。来我们的灰塔塔笔记54321上精彩笔记，右下角给大家上链接了。宝贝们咱们有空当留言老师的新鲜宝贝们，对，那加上新鲜版本，还有我们的周边版本，我们添加笔记全部都可以。然后古风男生纹的话，有一个古穿今的一个纹，叫做烈火浇愁。烈火教授有烈火浇愁，如果你单拍的话还有礼盒，单拍的话有飞机盒，一本一本拍。我们烈火教授这也是一个古川金宣姬和圣骊鸢，一个被创造出来就是去给人类带来希望的人皇，实际上就是一个傀儡。但是他就是不配有自己的情感，没有人在乎他的自己的死活。后面的时候他和自己的小剑灵，一直活在自己的识海里的小剑灵叫做宣姬。它是一个火烈鸟，它是一个南明守火人他们两个的那种宿命纠葛3000年平不掉吃人的怒火，也平不掉圣灵渊对这个人间的恨意和然后这个也是那种古川積，然后每个大魔头的现世都会带一些天灾，然后也会解锁当年古他们俩那个远古的时候发生的那些战争和那些背叛。一些关于友谊像感情像亲情向这种被创造出来的，像一个武器一样。但是没有人真的爱他，然后他唯一真的爱的人他都守不住，这个也是那种虐的不要不要的，容易正反CP。来我们的烈火浇愁54321，上链接了，上链接了。宝贝们，我们的烈火浇愁，宝贝们啥呢？我在乐那个不能说除我之，来我们的这个，我那个烈火浇愁，烈火浇愁它每单拍一本都是有肺结核的那给大家上一下。除我之外，全员主角三个故事。然后这个也是就是他穿越到了一个三个小说组成的故事里，每个人都是大他配的，他见到的所有人都是那种大男主的人设，只有他是个小摆烂。后来那时候他就彻底摆烂了，他就等着那个反派出生来找他。然后之后他和那个反派在一起了，他那个也是那种还有一个快穿文，来除我之外，全员主角给到大家。宝贝们咱们今天拍下，那现在拍下，咱们有特签，咱们今天拍下，还有数一给到大家，宝贝们。人会在什么时候摆烂呢？就是你确定肯定自己没有办法成为那个first了，然后就会彻底的放弃，然后就开始获得永远的这种自由感。对的，他这个我也是这样的，本来还是很想努力的，结果后来实在是卷不过。来这个全身色彩绘盒吗？有全身制造飞机盒,《烈火浇愁》
他说那会儿就说宝贝给你推一下，看一下商品详情页。那个新书的时候，不是出给你们卖那个产飞机盒，应该告诉大家只有少量了，没有那个了，那个消耗完了，已经全黑色。看个图，不用你不用看了，没有了。也没有无机，无机也没有了。我要我要是有无机直播间，怎么着也得有个7万人，74跟着他怎么回事儿？他为什么就单给一有飞机盒给二有飞机盒给三有飞机盒给全色没有。玄色以前有个礼盒，然后那个礼盒消耗完了，他就没有盒子了好吧，他以前玄色。对我要是有无机的话，我为什么只有73个人在直播间呢？这个7万人我都说少了。天哪，宝贝们你们有多现实我还不知道吗？也不求你们来看，我只是给你们带来开心，但我现在没有无稽。来见天光，有今天的见天光这个一本完结，还是我们的一个亲签给到大家，也是我们暗河长明这本书。来我们的见天光54321上链接了宝贝们，我们的见天光给到大家，咱们现在还有亲亲给大家，还有亲亲要不要冲？哇塞我的天哪，来我们的今天公号这个还有我们的宝贝八字，加悬挂的立牌，然后加上我们的手帕，这个向日葵的手帕，我的天哪这个路年宁我委屈，我连你的猫都没有养，都都连我连你的花都没有都没有痒死，你凭什么觉得我养不好孩子？这个就是那种ABO文的AB我很哇塞的十年，十年分开十年还不错，分开十年你能忍吗？我的天哪，还可以，忍不了。来我们的暗河长明，亲签版本，还行，才十年。来54321，上链接了，上链接了，宝贝们，暗河长明现在有一个亲签给到大家分开买到的宝贝。如果你跟你喜欢的人分开十年以后你还会就是爱吗？那没准他是我的白月光或者朱砂痣也有可能救命，我就不该问你，烦死了。来，我哥先给他按摩，成名加亲亲亲加亲亲，加亲千来我们所有想要这个暗河长明的，然后这个也还是给签名版本加周边的一个版本。然后还有给到大家我们的那个亚克力的悬挂立牌牌，而且它这个期限只有少量了，今天是真的只有少量了。你们如果是说想要我们这个冷杉酵母的新鲜暗河长明这本书，我不能保证你是真的能得到一个很好的阅读体验，但我能保证你不后悔看这本书。对的，就是是其他的，其他的事我保证不了这个人就是1000个人，1000个哈姆雷特，这个事儿就是一直都这样。但是我能保证你我觉得这个钱花的还是蛮OK的，就是不会让你后悔。这个文笔是真的很好，就是属于那种你什么时候下了这个故事，无论说大家街头巷尾都已经说烂那个梗了，你可能就都觉得就是想要嘲笑他们了,《暗河长明》
但是你依然会为了这个故事留下一些你的时间和你的眼光，那种感觉他这个故事就是不能洗盘，越盘越难受，越盘越难受。家人来，我们给大家上一下解药。对，解药没有，没有解药。上个小蘑菇，小蘑菇给到大家了，宝贝们，我们的小蘑菇三面刷边，印象版本的小蘑菇，还有咱们精装硬质礼盒，拿到手里邦邦有质感。宝贝们这个还是给到大家加篇章，加上我们的印特签。然后这个也是14周的一个末世文的。它这个所有的衍生品都还不错，它的广播剧也不错，它的那个啥来着？他的漫画也很好的，它的周边也很好看。然后他漫画那个画风也是很美，因为你们小蘑菇它是个浅瞳，他那个瞳孔的颜色是那种钻石那种颜色。对的，钻石掺那种冷灰，漂亮好啊。对，就很仙。它那个是一个浅瞳色，如果是说喜欢这种主角，我觉得它这个形象怎么画都不会丑。对的，还好我们的那个小蘑菇两本书套装，我们的夜幕之家是带周边的，所有的一周边以商品详情页为准。咱们夜幕之下还有没拍的？宝贝们，夜幕之下有周边。来给大家上个链接吧，上链接了。宝贝们，我们夜幕之下目前还有周边。不，咱们8月4号之前拍都有咱们家给的30乘80全员大电表。大家对的，我们如果是说想要我们夜幕之下的这个周边版本的话，很哇塞的。它这里面含有我们的流麻，还有我们的一个特别好看的一个大桌垫，十人组的一个30 30乘80的大桌垫，还有我们的巴基，还有给到大家我们的彩绘飞机盒去发货，加上周边，我们用接下来还有3到4册，3到4册是给了大家特别好看的。我们的红陈振生的木块和我们的展，那拽哥的戒指，拽哥的戒指，来我们的夜幕之下5431上一个宝贝们，咱们三四册，现在这个套装有咱们的拽哥的戒指。对的，宝贝们，还有咱们红尘剑仙的木块。我的天，宝贝们没错，没错。然后这个八金也是不是他那个流氓，也是带那种细闪的油麻，还有我们给到大家大桌垫真的很划算，这个桌垫也是给到大家亚克力的一个色纸，也很香。彩绘飞机盒也是有的，这个彩绘飞机盒很划算，15厘米的一个主角大力牌，也很好看。暗河长明是新鲜，暗合长鸣再给大家弹一下。好的，宝贝们，我们暗合长鸣是新鲜给到大家。宝贝们，咱们还有暗河长明，是今天我的天哪来我们的暗合长鸣的这个好价，可以直接去拍。这个也是它的这个也是给大家，它这个里面有我们的泡面吧唧，再加上PVC的一个卡片，还有珠光的明信片，非常的香。对，我们如果是说那个就是想要的，我们按盒唱片，这也是一本完结,《小蘑菇》
本酸涩文哈不要太哇塞了，有宝贝没有去抢的赶紧去冲，买到就是赚。该说不说我们如果是说那个落不下落不下没有，是新鲜是新鲜是新鲜暗河长明，是新鲜暗河长明。在铁铁直播间现在下的这个链接，就是新鲜宝贝暗河长明在这里买的这个链接里下单的，现在下单就是新鲜。你可以您可以记录一下，都是可以的。战神夜幕之下是个啥样的故事？是一个盲眼少年本以为平静的人生遇到了一个潜前辈，然后这个前辈为了保护他而死，所以他秉承这个前辈的一致，既然你为了保护我而死，那我就保护你觉得重要的东西。然后这一生献给了守夜人。之后开始了各种的一个奇幻的人生旅程。它的每一个神明的是东西方神明的混合，然后也是那种爽文设定了。也许在现实生活中你不可能去成为霓虹国的黑帮之主，但是在这个故事里可以轻易得到。如果是说你的心中有个中二梦的话，那你就去拍夜幕之下，它可以完成你很有你完不成的梦想。来给大家上一下我们的夜幕之下，来上链接了宝贝们，我们夜幕之下现在五六还有咱们的家给的大桌垫，宝贝们，咱们一号链接拍下就加给了大桌垫。宝贝们夜幕之下，夜幕之下。对的，喜欢看人性的，然后喜欢看这种超现实主义的，然后喜欢看这种很他整个作品很适合。就是他很适合在你觉得很不OK的那些时刻里去看一看这个文，然后你就会觉得我的天哪还是很有希望的，还是有光的。然后这个文很燃。你小时候看过漫画吗？每次在你作业非常多的时候，突然你看了看了一集火影忍者，你就会觉得我的天哪我还可以坚持。他就是这样的，如果是说喜欢我们夜幕之下的，都是可以直接去拍的。夜幕之下的这个还有我们的三四色，三四色也是有的，三四色还有我们的八戒，还有那个戒指。然后三色戒指和那个木块1到4册。夜幕之下有哪些？没有签名，没有。宝贝咱们1到4册没有咱们的亲签，然后也没有咱们那个戒指和咱们的木块。宝贝咱们以1到4册它具体的商品详情页为主。宝贝咱们看那个商品的那个图，宝贝他新书的时候，他初一的时候是一万多人在线抢新鲜。然后他出二的23，他出那个第二本的时候是三千多的单小星星。他出三四色的时候，是两千多人在线抢亲签，他出五六色的时候是五千多人在线抢亲签。所以说他没有真的是真的对他没有亲签了，就是这种书。如果是说你真的很喜欢这个故事的话，或者也很喜欢我们作者带来的书的话，你一定要去关注一下他的新书信息哈他不会说这个新签，而且也没有什么做过，目前为止出到第六本了,《夜幕之下》
现在是没有做过什么日常场次给你做过什么新签返场的。只除非是他有签售会，给大家掉了那么一两本，所以说你不用担心这个签名背刺你，你可以去看一下夜幕之下的这个给到大家，你们所有想要夜幕之下的这个也是给大家桌垫，桌垫这个是全员图的桌垫，而且它这个也是给到大家，它如果说没有看过的宝贝，它还是很好看的。而且它里面有很多的那种场面，是让你觉得很有共情力的。如果是说你。相信作者家的文笔的话，可以直接去看一下我们的夜幕之下。宝贝们咱们夜幕之下给到大家，咱们现在拍下，还有咱们家给的大桌垫。宝贝们咱们还有最后一分钟，last one minute来我们的夜幕之下，夜幕之下给你上一下，你到底什么时候能放弃？这个就是limit word的用词。来，我们给大家上一个那个啥上一下我们的暗河长明。好的，宝宝们，暗盒长明是加新鲜的版本，暗盒长评还是给到大家一个，就是加一本完结。喜欢情感本的话可以直接去拍它。来我们的暗河长明，54321上车了，宝贝们二盒商品这个加周边的话还是我们李琰和陆延宁的这个设定。然后今天也感谢大家对T姐直播间的支持，我是你们的可乐姐姐，大家晚安。给他上个说完了，宝贝们拜拜，宝贝们拜拜。,《暗河长明》
