﻿original,result
立马放回去我立马放回去，立马赶紧给我说，我不要我们谁谁立马要说没抢到的，你们谁没抢，谁要这个16元1本都啊啊啊我来我们这么多没有抢到的，我先放个五十单，你先放个50单吧，你先放个五十单。来我们的哲竹54321上链接起拍来来来折烛，我的天刷新起拍16元1本折逐一的一个好价。我的天这本书定价49.8块，没了，放少了。又没了你还有多少单，你再给我们来那一堆。没想到的，你真是好不容易过生日，大家都来了，都好几年的老粉了，快点给大家再上点，再上点，折逐6元110元100，你再上点，你再教我，我真的是，我只是猛男撒娇，真的是。来我们执着拼手速给大家上链接喽，54321上链。接上链接了，上链接了，我们的车主，我的天哪，这个好价不要太香了，什么价格？我的天这个是给大家16元1本，16元1本，而且今天还有隋书的一个家，给14周能保证每一本都好看。你上了多少单？100单就剩一单了，单没了。我发现今天可能不是有宝贝不想参加活动，是抢不着。你们是那咋办呢？那给你再补偿一下。天官赐福宣就想要吗？什么玩意儿？天官赐福9.9想要吗？天官赐福的9.9，天官赐福九点想要吗？我的天哪，折竹这个你们只能看看露出来的了，折竹天官赐福绝缘酒水，所有想要的扣一个天官赐福，我看看天官赐福9.9，想要的扣一个天官赐福，扣一个天官赐福。我们今天天官赐福给大家做9.9了，周边天官赐福的周边天官赐福的周边给大家9.9的价格，巨大一个贴纸，巨大一个文件夹，还有我们巨大的一个是票票。来我们所有想要天官赐福的，你一会儿开的那个链接里面，你只能看到文件夹，但实际上里面有三个东西。这个也是正常卖到27米的价格。所有想听要说990的，这个我们大方的给大家上点。1000单9.9的，我能不能给你挤出来二十多单也是可以的。都给大家上点，都给大家上点，上点来来我们9.9天官赐福周边给到大家，54321上链接。我链接你上午上了多少单，上了多少单，你上了多少单，这都不重要，重点是他们能抢到吗？我们这个天官赐福9.9 48小时发货，我们拿回手就能抢大家抢他支持你放了多少单100单没了，天官赐福卷九没了。来我们那还能那还能一会儿还能再加吗？现在还能再加吗？你们还想要吗？今天说好一千单，9.9就是一千单，不少,折竹
9.9的这个，那这样，我们给大家上一下，你们现在去抢的这个，你们想要啥？你们还想要9.9吗？想9.9，我看好多宝贝没付款，我们等等他们的，我们等等他们来这样，你们现在扣的多的东西，还不是这就解决没了。一千单都放了100单了，我还能再这么玩十次，我就没有了，我还不行，就这些了。这下一轮办，下一轮十万赞再给大家下一波咔嚓，下一波亲亲，下一波十万赞的给大家上下一波三九二十七十万赞来给大家上下一波亲亲，20万再给大家咔嚓下一波亲亲。来准备好我们的一元，把一扣起来，我们要给大家上一元了，这波一元是开场大家的告白终于能上来了，开场就给大家带告白，把一扣起来，把一扣起来，左上方铁书架旁边的黄色小心心点亮一下下来，我们要给大家上一元了。这个一元今天直播间给到大家是告白的一元，把一扣起来，而且再给大家趁着你们扣一元的时候，跟大家说一下今天的机制。不破价不上车，亮起粉钻灯牌下单元和9.9块参与我们开闸。金签金枪，南派三叔的金签、制储的金签、竹椅的金签，还有台风眼潭石的金签。我们所有想要这个大ID金签的都蹲在直播间，而且今天还有很多好价亲签。大家来把一扣起来，左上方页书架旁边的黄色小心心点亮一下下，给大家一分钟的时间亮牌牌，一会儿立马给到大家上我们的告白一元。接下来给到大家就是你们一直期待的那个放学等我当初能做吗？放学等我，昨天你我们所有想要放等我在哪呢？放学等我，放学等我，来放学，他甚至刚出的连书都没到，书都没到。你以为那放学等我能破价，两书都没到，要不要？今天我觉得一个人被爱的时候，有巨大的勇气可以对抗全世界。你们今天要不要放学等我的破价，要不要放心等我的破价，想不想要放学等我上我们的破价车来，我们所有放学等我所有想要放学等我的，今天给大家做好价，能给大家那个就是好价，大那么大一点，大一点，放学等我的好价，我们今天所有想要放学等我的，我们给大家做破价。降子辈的男生们，汤茶泡饭正常预售出39.8块是吧？是的，39块89块8 39.8块的价格。我们今天直播间减十块，减十块，来音乐减十块，直接减十块。明天小华姐姐打我，这没关系，明天大家都休假，咱俩再。明天在家休假，我们今天卖完，今天不干了。来家家人们卖完今天休假了，来把音乐给我揍起来，音乐不要停。来所有想要放学等我的拼手速上链接。先来个五十单，看看诚意54321上链接,放学等我
我的天呀，这可是放学的我，29.9块寄给到大家，而且还有给到大家我们隋书加给的周边，给它开了吗？开了，来开了，看看看来没有没开，开了，来开了吗？你是不是后台卡了，还有俩开了吗？来放学等我，54321，上链接上链接上链接，上链接，新鲜马上哈马上来，我们放学等我，放学等我。10万加油，还说他时尚价格给大家9.9块。十没了，放学等我没了，停了，音乐吧停了，没了，我还没我还我还没说，我还没说话，没有了，谁没抢到？放学等我，放学等我，谁没有抢到？所有没有抢到，放学等我。好的，来没有抢到，放到我的扣个没没有抢到，放学等我的扣个没。在公屏上，我在你们你把那个都开了，都开来，我们放学等我放学等我的好价，所以没有抢到，扣个扣个没，扣个没，放学等我的好假，没有抢，这么多人没有抢到，我的天哪。现在这本书就没有卖这么便，你出去左左拐右拐左拐右拐，七了八绕的拐都没有卖这个价格的。我们再给大家上个上上一遍，再给大家上一遍，再给大家上一次，然后给大家开一元，还有我们的99，我们还有新签的30万，再给大家上新签。来准备好，我们的放学等我54321走音乐。我放学的来来来，都给大家做破价宝贝音乐吧。你这音乐怎么跟不上量？来我们的这个放学等我放学等我，放学等我29.9块直接拍回去。我们所有想要陈建生和玉凡的，要这个校园原文的要做。没有自己亲口说出分手就不是分手的。来放学等我给到大家做破价了，29.9块直接带回去，买到就是赚单，没有了一百单没有了宝我们所有想要放学等我的，直接拍直接付，不要占库存。来我们的放学等我，104单没有了，104单没有了，放学等我，还剩下我们的两位数库存，还有多少没有付款的，直接拍，来吧，我们的一元告白，来所有亮了灯牌的，我等你们这么久了，对你停的非常OK，来还有跟这个告白，我都等你这么久了。亮灯牌了吗？亮灯牌靠OK，亮灯牌靠好，把OK扣起来，把OK扣起来，灯牌牌把OK扣起来，所有亮了灯牌的把OK扣起来。我们要给大家上告白的一员了，上完告白一员，我们还有海棠的一员，还有惊风的一员，我们还有给到大家各种的一员。我们今天还有营业悖论的一员，老多东西了。大哥来我们给到大家准备好，准备好，所有刚才没有抢到天官赐福那个9.9的，能不能再给大家加点？一会如果没有抢到一元，行，给大家加点,放学等我
来准备好，左上方停止数，旁边的黄色小心心点亮一下下十个数给到大家上一元了，19 87654321刷新去拍了，宝贝把告白出来，宝贝来来来告白一元直接给到大家。这样，我临时决定我们卷九的那个，我一会儿让你们系统再给你多加。他一开始预料到那个库存再多加一点点，我中间给你穿一个，我给你穿一个酸涩的加新鲜明信片的。不问39的，不问39，你们如果答对了，你们如果答对了，我立马给你加，我立马给你加来。不问39你们最喜欢哪本书？你玩这么大的对，不问三九哪本书？你们最喜欢哪本书？你们最喜欢四个字儿四个字儿，四个字儿。不问39所有的书，你们但凡是今天答对了那四个字儿，我今天给你这个书加亲签明信片，加亲签明信片。我们不对，四个字四个字儿，国外三角不会是个很多人的白月光。有人答对了，成年猎狗，我成年猎狗你要给大家加亲签明信片，加亲签明信片你们要吗？成年鬣狗，对，就是成年猎狗，我是你的小狗，想要吗？来，我们所有成年鬣狗今天加亲签明信片，叹号加闪。来我们再还加再加个印章，还要加印章。对，我们破价，不破价不上车。老师我有多久没见过成年猎狗的破价，不破价不上车想要吗？我是你的小狗文学，谁像他俩这么告白？我的天哪，词库和唐淮南新签明信片，再给大家加上印章，再给大家家破价。我们今天晨间猎狗，我们这么多年就算是我一直都没有给你们争起来，就是我和你们运营姐姐不够努力。今天晚上昨天晚上你们月姐老努力了，给大家争取了，老努力了，坚持到凌晨两点，坚持到凌晨两点。要不要成年鬣狗？我是你的小狗，我们所有想要成年猎狗的拼手速59.9块，69.9块都不要。亲签明信片不问39，每本书都很好看。还是这种养成系，还是这种两个人就是从小到大没有不在一起的时候。这个剧情线巨带感，婚素搭配交通发达非常好看，而且还是这种酸涩纹。来准备好我们的晨间猎狗拼手速，上链接，543211。又没赶上，你真是来我们这个四开头两位数直接冲。是的，还有今来新鲜明碎片，新鲜明信片。没拍，哥哥没拍。陈年猎狗新签明信片爱信开。没了，它有延迟，有延迟。来我们所有想要这个陈年猎狗开开。新签名没了你多少单了？五十单，咱俩一共就200。你熬夜了吧？熬夜之后再也不见他了。那那你们还要吗？我不是一共就二百单，我们直播间一个零头都上不了，一共就要了200单。你说你你说说你你说说你给我五十单，我给大家逐一上买，少了二百单,成年鬣狗
没了，谁没抢到陈年猎狗，谁没抢到，我都给你all in了。没了，因为我才知道他原来只有这么些库存，只有200单。刚才已经出去50了，还剩150就150，还剩150没有了。晨间猎狗今年明信片拼手速。来我不用放了，不用放歌了，放歌了。来554321，上链接链接上链接，上链接。我的天信片有盖章，有今天明信片，白月光梦回当年。铁铁这个生日过得真的是贼拉体面。我的天哪来我们所还有20，还有十九单、十四单，这没了，还有九单了，我的天就剩九单了，你们是哪个九单了？来吧，99.9，30万了，没了。来吧，30万30万，30万了，答应这个的抢到的宝贝有福了。这个真的我没有了，就这么多库存没有了，你知道吗？有别的地方跟我们竞争，人家苦苦要他都不给。你们系统昨天晚上凌晨两点还在跟他讨价还价，他一开始就是给我们50没了，你们真能抢，真的是一单都没了。来我们三十，对，30万了，你们想要先要9.9还是先要咔嚓？今天了我真的20万，他们都苦苦点，真的你们也不嫌累了，你们也不给我出了，你们他们不说来准备好啊，这一波给到大家上我们上我们台风眼的新鲜的台风眼新生来吧，风亲台风眼这轮哥你知道台风眼直接在多少？好吧，台风眼擎台风眼新鲜，台风眼的新鲜条件是左上方点点加旁边的黄色小心心点亮一下下。在直播间下单，任何一个非一元和9.9块。如果今天没有抢到的，我们一会儿给大家补偿天官赐福的9.9，再给大家补一点点。来准备好，台风眼的先都付款了吗？我再等你们一分钟，一定要让我们开始之前去付款，不接受后补订单的。刚才没有讲到哪本书，大家现在直接去冲。来我们台风眼的亲亲财富眼的新鲜，还有多少宝贝没有去付款的，9.99马上破云是吗？还想要破云，还想破。你们等会儿，我这东西太多了，我这还没整到一半，一半还没找到。我说我还说咱们2个小时把它渲完，炫不完了，都没整完。赶紧，来，我们准备好就急死了。来十个数，十个数一定要付款。我们台风眼的亲亲，亲亲都付款了吗？我们这边看到后台还有很多宝贝占我们的库存没有付款。来准备十个数。不等会儿，口令口令是口令是铁铁生日快乐。对，口令是铁铁生日快乐，口令是铁铁生日快乐。左上方也是在旁边的黄色小心心点亮一下下。你们这么多人都想要破云，你们咋这么多人都想要破云的？铁铁生日快乐是口令，下单。任何一个非议员和团的破云还能再加吗？那破云都这么想要再把那个库存给大家扣再扣点,台风眼
破云给你们扣点，因为有些宝贝想要付款，现在还没来得及机会，是不是？来，你们先把口令打着，我们这边后台给大家开一下破云。破云的这个好价，而且是一本书、两本书、三本书。我的天哪，这个破云几百年都没有看到了。来我们的破云哈珀云，所有想要破云的拼手速要给大家上链接喽。54321卡门开。音乐来，我们的所有的。来我们的破云，破云还没有去抢的姐姐生日快乐。扣起来，扣起来破元这个89.8块，89.9块，直接去拍三本书。我的天哪，我一直以为你给的是裸书，你还有周边。当然了，我天哪，我一直你们想这么积极，是裸书。原来还有周边那么好看的双闪徽章，还有色纸，还有我的实验卡。我的天哪，太多东西了，太多东西了。你们所有现在想要破云的，它就算不是没有一，我都觉得好看，都觉得它好看。我们所有想要破云的，赶紧去冲89.8块的一个价格。来吧，婷姐生日快乐，十个数给到大家咔嚓了。这一波的亲签马上就要给大家上了。没有付款的，赶紧去付款。这一波是台风眼的亲亲，台风眼的亲亲拼手速，拼手速来我们十个数。台风眼的亲戚给大家返场了，要给大家就有人一定能拿到来。19 87654321。You are you are you，这是什么好东西？我的天哪的陌生宝贝哥，我们我们我们今天直播间真的非常的像，我们才1.1万观看。来我们所有想要这个号破云的，破云的，欢迎大家周边的版本，来我们今天还有好东西，刚才谁说可爱过敏原的，谁说可爱过敏原，9.9刚才9.99元九的这个，天官赐福天官赐福的这个，给我那个9.9元所有想要天官赐福我们的一个周边的，然后这个天官赐福还是给到大家，它这三个东西是有我们的文件夹，还有贴纸。对，然后还有我们的明信片，明信片加贴纸加文件夹，而且贴纸巨老大一个我们的9.9所有没有抢到的宝贝，来54321上链接，来上链接了宝贝这个之前每个单个都是卖二十多的宝贝。对的，刚才那个是谁？刚才叫陌生，刚才是那个陌生宝贝，陌生宝贝来我们9.9给大家开了。呦呦呦呦呦呦呦呦放学等我，放学等我，我给你们再找找吧。来这个9.99.9直接去抢，直接去抢。山海情情有那等。来，我们现在准备开，还有延迟吗？开了，刚开来9.9，现在去拍48小时给大家发货。9.9刚才没有抢到，刚才刷他一百单就没了。我们现在这个也给大家补了点库存们如果是说想要99的话，直接去拍，而且单没了又没了。我话还没说完，我现在都是一百单一百单的放,破云
我的天哪，那我们我如果拿出为你而鸣双亲线，阁下又该如何应对呢？天哪，为你而鸣，为你而名，陈年烈苟还不能再要点吗？亲，来我们的为你而名为球球，为你而名，为你而名。我们所有想要为你而名的，为你而名双新鲜小说名叫德萨罗人鱼，一个深海人鱼和一个生物研究员的设定。下一波我们的今天是给到大家我看那个55万赞赞，55万赞赞是下一波新鲜，55万赞的是下一波亲亲，来为你而名双亲亲喜欢人鱼纹的一个深海人鱼和一个生物研究院的一个设定。你有你的白月光，我也有我的刘贝文。来准备好为你而名的这个，所有想要的拼手速我们要给大家上链接了。双亲签不止，我们还给了大家周边版本，周边还不止，周边不好看，都上不了我们的车。我们今天的口令就是不破价不上车。来准备好所有想要为你而名的拼手速，54321上链接，想念亲爱的宝贝，为你而明。双新签彩，没错，正版。我的天哪，老多东西了。双亲签版彩色完整版本，还有我们的水晶发光。对，还有周边还有水晶。没了，我还没说发光，我这光字都没说出来，没了，我小看你们了，还能在加吗？再来一百单够不够？再来你上了多少单够不够？刚才加五十单，你还是低估大家了。来我们所有我们所我们所有这个为你而名套装，为你而名这个套装，而且我们的为你而名是双新签版本，不要占库存，不要占库存，少量。来我们为你而命，套装好价54321，上链接，宝贝去拍，刷新去拍。我的天那啥就剩一单了，什么什么就剩这一单了啊啊啊有的61.6块。来大点声儿，你这不行，来我来行来，我们所有这个。来来来，为你而名，为你而名两本书三十多米的一个价格，直接拍回去，咱们家就过年了。来还有没有要这个双钦签的，有多少没有抢到的，直接去冲为你名双两家周边版本，还有发光吊坠，再加上滴胶闪粉钥匙扣，再加上烫金双面镭射票。我们还有要SAASB卡也是有的，卡套加皮套全部给到大家。所有想要为你而鸣的，想要我们这个双新鲜版本过期不厚。既然是这样，我们这个该上的都已经上的差差还差挺多。我们来一个骨科文，伪骨科怎么样？尾骨科今天有一个尾骨柯文，然后就是你们要的可爱诺美媛了。我本来是不想给你们上的，说实话今天我不想上可爱多美元的，因为太便宜了。这个可爱里面当时都已经够便宜了，但现在就是给大家真的申请了很便宜的价格。我们要送月和月之时的方圆十里都是送ABO文学，要不要来说？要的打一个，所有要的打一个。喂哈我看看，我们今天这个所有想要可爱女人的,为你而名
这个也是一个伪骨科，从小养成系一开始克制，后期反扑。开始以为哥哥会崩盘，结果弟弟先崩盘了。这个也是那种很哇塞的一个设定。也没有人打AUA，是不要吗？AUA打起来，我们所有看一下我们所有想要可爱过敏源的可拉克姆园的这个也是那种方圆十里的寄送，这么多，我的天哪，这不就好在来了吗？四十多、八十多什么多少钱的都有，但是现在都不要了。咱们今天就是便宜不破价不上车。我们给到大家两本书套装，好价拼手速上链接，而且只有少量可爱过敏原。可爱给我美元拼手速。来54321，39.9块我了吧，我的天哪，这也太便宜了，我的天哪，这是什么价格？我们的可爱不美元这也太香了。你上了多少？十你就不得不以五十开头来，我们所有的卡都抢到，都抢到了吗？可爱过美元，可爱的美元都抢到了吗？我们所有想要可爱的美元的，这个真的苦苦好价苦苦抽。UA没抢到的再打个AUA我看看，没抢到的再打一个AUA我看一看。这个好像是目前为止可以对标其他任何的地方。你出门左拐，你去什么corner里面看一看，它都没有。就是你随便挖一挖都挖不到这个价格来，我们可爱公主原是没有抢到的。IUA打起来，三个字儿，三个字儿没有，没有人打IUA，没有人打IUV。谁没有抢到，谁没有抢到。打个美元39.9块直接去拍两单，而且是好价。咱们今天就主打一个爽。是的，上了all in来我们所有想要开空棉的，39块9两本书套装好价。别说我真的没有爱过你们，我真的是我想我会一直孤单，家人来了，可爱和美元54321试一下奥运。All in all in来，我们这个39.9块，婶儿你们再要了别惦记咱们桃酥吃到饱。来39.9块，39.9块。直接去拍两本书，而且也是给到大家两册套装一本书十多米的一个价格，再加上今天我们还有很多的亲签，给到大家55万赞，立马给大家咔嚓亲签了条件在给我们下单，在我们直播间下单。任何一个非一元和9.9块的书，我们所有想要可爱美元的，两本书的一个套装，39.9块直接去拍两单，而且还有给到大家我们的好价。今天我们直播间的这个价格是铁铁直播间专属的。如果是说你出门了，出去别的地方了，没有的，没有的。来我们所有想要可爱欧美源的还有多少没有去拍的抓紧，抓紧折竹，新鲜没有了，早没了，开场就没了，来开场就没有了，来五年又一百单没有了，可爱美颜一百单又没有了,可爱过敏原
这样我们给你上个亲亲好不好？想要亲亲吗？想要男生们的亲切吗？想要电竞文的亲亲吗？想要好价吗？我们今天辅助为王，青梅酱的这个亲先给大家做返场，只需要19.9块的一个价格。中场休息福利机制，我们所以有没有抢到亲亲的宝贝，一直在给我念叨亲亲的宝贝，咱们今天亲亲这不就来了吗？一本完结男生玩辅助为王，19.9块，再加亲亲54321上链接。我们的一千本一元已经放出去，不是1000本9.9，1000本9.9去200 340。发了多少单了？三百单了，差不多300单了，我们还有700单9.9，700单9.9卖没了。这个就是我们所有想要辅助为王的亲亲给到大家。喜欢我们的电竞纹的都可以直接去拍。今天我们直播间刚才给你们争取来了一个非常好的东西。我们阿野印特签刷边版本有没有人知道阿野的，有没有人知道阿野的小说名叫什么，有没有人知道阿野的小说名叫什么？来我们所有想要阿野的，有没有想要阿野的好价的，今天不破价不上车哟，不破价不上车哟，我们所有想要阿野的好价的，有没有人知道阿野的小说名是什么呢？今天阿姨有刷边版本，有1加2印特签版本，还有我们的一个好价。阿野的这个之前是给到大家，我们的护舒枫版本它也是给到大家卖59.8块的书信息素。对，我选你的心素。今天这个书三开头两本书印特前加刷边再加我们的护舒枫。想要的要想要的宝贝打个要，想要的宝贝打个要，想要的宝贝打个要，打个要。我们这些阿姨全凭我们各位小主的意见，你们如果喜欢，咱们今天就上，咱们今天就上。是是是对对对，是是是，你们说的都对，你说的都对。我们所有想要阿野的这也是一个护舒枫版本，然后再加上我们一加2印特签刷边特点版本。59.8块不要今天不破价，不上车20米直接卡掉。给到大家39块8两本书，印特签加书风加沙边，我喜欢的新宿ABO文甜闻特别的香，我是321，上链接上链接了，上链接了。我的天，这也太多的好东西了，我们安逸和暗影还有多少宝贝没有去抢的，直接去冲，要不要这么香，也不走耶。我的天39.8块直接拍两份刷边运作。先给我的天呀，什么好东西？这个护舒枫版本，39.8块直接去拍两本书，一本书给到大家十多米的一个价格。台风眼，我给大家问问台风眼的，给大家问问看能不能补台风也给大家问问，39.8块，还有隋书加给直接给到大家。我们如果是说想要我们阿野的39.8块，直接去拍我们的两本书，而且是给大家做破价，这个也是加上随书周边的版本，不要太香了,阿野
天官赐福漫画等一等天官赐福漫画等一等我人设7间，有的，等会儿，等会儿来9.9是不是又要上了9.9的时刻了，那这波我们九点谁呢？点9，所有想要我们9.9的，我也不是没有，我也不是说真穷，我真有好东西我得给你找。主要是来我们所有想要这个9.9的，9.9的，把9.9扣起来，9.9扣起来，9.9完事儿之后给大家上一元了。宝宝们，来我们9.9，9.9，今天给大家上一下。既然说你们想要女生纹心动悖论，今天卡泉酒咱们今天就是宠粉宠的不要不要的。来心动悖论，心动悖论，我们所有想要女生们心动悖论，昨天看过他的山他的海的，看过我们的那个刑侦文的，有中的。我们今天9.9的亲情卡杂食动物直接去拍它，还有我们的周边版本。你确定这个你能上很多吗？我亲戚卡就那么点儿，你往里塞了多少了，你可别说你每次都只剩5袋了，赖我来我们这个，我们这么多，我欧耶，我欧耶，真的你真的不坑，我们先千千卡，千千万3000千卡。如果你真没抢到，你就可以直接去拍那个普通版的9.9就全部了，全部来我们心动悖论，9.9拼手速54321上链接。宝贝，我的天啊，这个9.9这回终于可以大方一次了。我的天，9.9心动辩论提前卡，然后还有我们的随书加给没了心动悖论提前卡，还有我说版本的9.9。如果说版本9.9也合适，那不是狼哥合适。来，我们下一波新鲜预热，我们下一波新鲜上海棠的一元，不上一波，下一波一元，上海棠的一元，下一波海棠一下海棠的一元。对，我们今天给大家赶紧把那个一元链接挂出来，我的天哪，我的财富密码赶紧给我挂出来。这个一元我们一会儿海棠一元你们同意吗？小主们主人帅哥美女同意吗？宝宝们乖乖，海棠的一元想要吗？所有想想要的没了，啥没了？这个心动悖论，亲情卡那就是没了3，那就是没了三没了。再来我们海棠的一元，你们想要的宝贝同意吗？同意，来准备好啊，准备好我们所有想要在我们今天直播间想要我们好价的，再来给大家这个性没有抢到是不是再给你上一个，我们地球上线同作者的作品，我们的莫尘欢迎的文叫做春光和你，沙雕网游文男生文一本完结，开头两位数，54321上链接了春光和你，春光和你，别赶快等等，等等55分钟给大家看一下我们的心心，春光和你一开头两位数一本完结，现实好价。男生文搞笑沙雕文，还是小说名叫我师傅人傻钱多哈，这种富二代，然和一个不靠谱也是一个限时给大家做破价，16.8块直接拍一本,心动悖论
有谁喜欢我们的地球上线的，看过我们这本无限流的，都可以直接去拍哈莫陈焕，大家这本完直接拍回去。而且你们今天在直播间去拍我们这个哈莫陈欢大大一本完结16.8块的一个好价，可以直接去抽，而且还是限时限量的。来，我们今天还有，还有除了这个之外，今直播间还有一个特别好看的我们全世界都在等我们分手。你们想要这种古早文吗？感情线、剧情线，还是那种双替身文学，山一程水一程，爱情骗子临水城，我们我是说喜欢这种双替身，上位者低头，下位者绝地反杀。健康的爱属实重要，畸形的爱实在上头。来准备好，今天放学等，不是全世界，等我们分手，我必给你一个特别小的价格。我记得我今天是不是有权利把它开到非常便宜，是非常便宜。对，今天我们就是主播权限最大，我们今天给到大家，全世界都在等我们分手，是不是能开到？我说你权力大，你真是手握权柄之后非常的嚣张，是不是能看到？39.9块，咱的明天咋不上班？亮气我上班，明天来我们这看下。全世界都想让我们分手。这个就是未来像双男主很想要B今天今今天就是给大家爽一下，爽一下，咱们爽一下。三本书之前是卖八十多，我们39块93本男生纹感觉现在不删减，还是这种气急败坏文学，特别的好看。双替身纹，来全世界跟我们分手。男生纹好看，这个就是你必不能错过。来54321音乐。来来来，他原来在电脑上来，我们这个39.9块直接去拍三本，直接去拍三本。我们也让大家这个也是三册套装，一本书十多米的一个价格。你就直接去讲男生纹，男生纹这种就是你把我当替身，我也把你当替身。这不巧了吗？但是我不知道一开始这个是那种上位者低头，下位者绝地反杀的文三色套装，给大家做好价，三十六单没有了，三十六单没有了，三十八单没有了，我这五十五单都没有了，五十5单都没有了，五十5单没有了，50我这只能看到你10单66 60单没有了，六十单没有了。哥看的6，师傅，我看的是已经下单的6，是大妹，不好意思，我还一寻思你们家，我还寻思这么好的价格，我是说你们咋没抢？这合着是我是我是我那个啥了，是我是我那个啥了。来我们所有想要全程等我们分手的给到大家，也是一个非常香的。39.9块直接去拍我们的三本书，再加上给到大家，一本书是一个十多米的一个价格，六十四单没有，六十四单没有了。再来给大家上一下，我们的下一个,全世界都在等我们分手
既然这么想的话，这么小你们想来是不是还是要言新闻？我们之前还有个特别香的价格，我们特别香的一个好价给你上一个顶端优势，赛博朋克末世废土。去奴隶交易场娶老婆，花一银元买回了小奴隶老婆之后，发现对方是一个刚刚觉醒的一个人形武器杀招，一个土匪和一个人形武器，两个人还是那种前世渊源，然后还是那种未来世界空虚。大概是写那个电动小马达的那个文，叫做或直销和电影男的那本美学公式，这个也是给大家一就是加上亲签扉页，成扉页亲签。因为扉页亲拍没了，这个得先给大家预告一下。我这个实话实说，有一说一，那个扉页亲签拍没了之后，我就只有亲签卡了，就是担待一下，担待一下。你们先能抢匪叶仙仙，抢匪叶仙仙，因为非叶仙仙只有少量。来我们的顶端优势，顶端优势一本完结的一个田文哈，田文54321上链接，顶端优势，顶端优势顶端优势。我这个就是我我我这个策划都要犯冒烟了，我觉得来19有19 19.9块加7000，加7000斐液体没了，还能加吗？新签明信片有人想要吗？新签我是臻选完了，那新签明星就是新签卡呗，是吧？对，是新签卡，能不能给你加点？你这啥都没有，我们才过了一个点儿，然后我们这个扣了顶多了一个点，535.9块没了。这个给到大家就是顶端优势。九点这个19.9块加54321。上链接，赶紧去拍，宝贝上链接了。我的妈呀这是啥好东西？我的天，这个亲亲卡这个也是那种大帅哥，然后两个都是那种大帅哥，他还是那种噬纹，然后还有点那种赛博朋克末世废土的新鲜感。你们不要以为那个就是他家的扉页新鲜，我还能加。你也看到了，这不是我们铁铁的店铺，是我们合作方。我那个扉页今天加不了了，如果我能加，我现在就是骗我就是i am liar。但是不是这个亲签没有了，这个亲情卡就只剩下一点点了。这个亲就是扉页亲签，我是确定加不了了，我才给你加这个亲情卡。你放心，你放心，我一定加不了，我一定加不了。来我们的新生卡哈顶端优势直接拍回去，直接拍回去。再来想要言情文是吧？有，我们今天来给大家上一个，妈呀来给大家上一个，你们想要言情好价是吗？要言情的多不多？要言情的多不多？你们要言情纹的多吗？我们有一个非常嘶哈的文，从头撕哈到尾的文。然后他们有人打开这个文说他俩为什么一直在播播？对，然后你们要吗？我们这个非常嘻哈的顶端优势不会就试完这三单之后就没了。竞选卡我要不再去你要不再去问问他，帮我问问问我的陈年猎狗，谢谢。没有问没问完的,顶端优势
我说那家老师他虽然昨天晚上骂我，但是他给你他还是挺好的，差一点点，他都加多少时间？猎狗成年鬣狗，我们还能我们你们刚才谁谁没抢到成年猎狗，就是不问三九老师的这个新鲜明信片，属于那种爷星回了家人来，我们谁？成年鬣狗，成年鬣狗，我们今天那个言情，我一会儿给大家准备。陈年猎狗的这个室友不问39的新鲜明信片，我是你的小狗陶淮南和吃苦这本文两本书，而且今天是不破价不上车，我们给大家是59.8块的一个价格，不需要的。今天陈年鬣狗也给大家做好价，做好价再加上不问39的1个亲签明信片，再加上给到大家我们的印章版本，它不是一个单纯的裸说，所有想要不问39格纹，喜欢成年鬣狗的陶淮南和吃苦都看过的。扣个一扣个一，扣个一。我看看，我觉得应该没有那么多宝贝这么识货。扣个一，扣个一，应该我们是是什么不识货的，我觉得应该没有那么多宝贝就是这么喜欢这个，我就是这么识货。我觉得这个当时刚出来的时候还挺冷的，现在当然是大趟圈了。来我们所有喜欢成年猎狗的，所有想要成年猎狗扣个一，扣个一在公屏上，你别他们扣个一，你行吗？来我们的陈年猎狗两本书套装，不问三角亲签明信片。这本书的亲亲签在海鲜市场248一本，248一本，481本，248一本，一本。我们来我们48 2本。对，我们48两，我们直接减了个200。来我们你知道这本书有多香了？来我们的成年猎狗，54321，上链接，上链接了，宝贝，上链接了，上链接了。我的天妈呀你已经是一个会自动播放BGM的家伙了，来秒了，来，五十单没有了，50单枚60单没有了，没有，49.8块，加上亲签明信片，再加印章，然后给到大家，你们现在就可以直接去拍，而且我们现在所有在直播间充成年猎狗的两本书，一本书是二十多米的价格。我们还有宝贝没有去付款的，直接冲直接付。这个是49.8块拍两本，尤其是还有我们的一个千章的一个签章版本，再加亲签明信片。铁铁你看到前面那个铁铁专属了吗？因为这本就算平常什么都没有，卖59.8块，卖59.8块。来我们55万，55万赞赞，55万赞赞给大家上一元。55万我没说错，我一开始说的就是55万，55万来我们是312单没有了，陈年猎狗这个放购物车不算的哟。是的，陈年猎狗315单没有了，316单没有了。我的天哪，317单没有了。宝宝们我们这个陈年猎狗，你们谁还没有去抢的，赶紧去冲,成年鬣狗
我的天哪，要不要这么打人？来，我们再来给大家上下，我们的下一本，刚才你们阿野的那个，阿野的那个，我们那个AB欧文，你们喜欢不？我们今天也有很多一个人语文给大家上下链接。人鱼纹一本完结人鱼引力小人鱼上岸找哥哥，结果找到亲老公的一个故事。而且我们这个人鱼纹还是给到大家一个好价。这人鱼纹只要是说在直播间去付款的，喜欢这种会哭哭的时候掉小珍珠。我们如果是说喜欢的，今天直播间给到大家。我们这个人鱼尾人鱼眼35.8块，不要直接减20 15块81本完结不破价不上车，给到大家也是我们的一个专属价格，再加周边版本，来我们的人民眼里的好价五四赏着上链接宝贝上链接了，上链接了。我们所有想要人鱼引力的，还有我们的周边版本的话，直接带回去，再加上我们这个人鱼引力，也是给到大家一个好价，15.8块的一个价格去给到大家家。而且我们今天直播间有没有喜欢狗血纹的，55万赞的是不是来我们这一波的新鲜，你说这一波咱们上那个新鲜，上一个我们的演技派的，今天行不行？演技太新鲜，可不可以演技派的新鲜，我们这一波新鲜演技派的新鲜给到大家。人鱼引力这个15.8块直接拍回去。我们所有想要这个破价的，想要我们这个好价的，直接去冲。15.8块价格，25单没有了。我们如果是说想要这个随书周边，它也是有的。我们这一波是演技派的亲亲，这一波的口令是啥？口令是你哪本书拍了就打哪本书已拍，哪本书拍了就打哪本书已拍。在指对，我们现在要给大家咔嚓新鲜了，哪本书拍了就打哪本书已拍，而且是要在直播间真拍真付款。哪本书在我们的沙海有啊？今天我们盗墓笔记的亲签是不是沙海的亲签？他们一直说的沙海的，是的，沙海的亲签有有有沙海的签有啊。沙海新鲜是有的，我们家一柜子沙海的新鲜的没有了，没有，没那么多了，现在没那这么多了。来我们的哪本书已拍就打哪本书，然后条件是来教大家如何亮牌牌，左上方填写书架旁边的黄色小心心，点亮铁书架旁边的黄色小心心，点亮一下宝贝宝贝对的，亮一下，一定要点亮一下我们的黄色小心心。如果是说想要的直接去冲。再来给大家上一个我们的这个人鱼引力，15.8块的一个价格，直接去拍。然后我们再给大家上一个那个什么，我们今天还有一个非常香的一个好价，就是我们的台风眼。台风眼还能再上吗？那我看一眼台风眼16月1本的这个还能再上吗？上，台风眼，是的，没有多少了是吗？可以，台风眼的这个是一还是完整版？它是一来我们台风眼一,人鱼引力
对我只有两位数库存了，台风眼的一，两位数库存16元1本。拼手给大家上链接了，这个产品也都是没有抢到的，54321上链接。上链接了，所有想要台风眼的，台风眼的这个16元1本，16元1本，可以直接去拍人鱼眼力也拍。行行行，还有什么东西拍左上方，你也是旁边的黄色小心心，一定要点亮一下下。我们台风眼的这个16元1本，就怕什么有哪个宝贝？那个台风眼两本书套装还能再上吗？纸箱发货那个两本书套装没了，两本书套装的这个我们所有想要台风眼的，还有哪本书没拍的宝宝们不要疯狂加购物车，一定要在咔嚓之前去付款。左上方提示一下旁边的黄色小心心，点亮一下下口令是已拍哪本书的哪本书，哪本书的名字已拍就可以了。来，我们准备好，十个数给到大家。开叉了一元吗？这一波下一波是海棠的一元，是不是？那我们那个70万再再给大家上一元行吗？现在是56万行吗？70万75万，76万。行行行，听你的，77 16万，76万，76万这个现在是56万，76万给大家上我们的一元，然后80 88 18万，88万给到大家上我们的下一我的下一波的那个那个啥，下一波的我们的咔嚓，这一波咔嚓的是演技派的新鲜，下一波的是我们书都没有对的，下一波你们可以，我准备下一波我们要给大家咔嚓。当我飞奔向你的琴弦，足以的亲，88万赞赞，88万赞赞足以的亲亲，88万赞足以的新鲜。来准备好十个数给大家咔嚓了，88万赞的下一波是足以的亲亲，来准备好了，然后我们的76万赞的给大家上海南的一元，这个可以吧？来1399个人的，靠一个人是不可能就不可能达到这个数字的。我算的是大家每个人都点了。来准备好啊，我们十个数19 87654321。下单的任何一个非一元和9.9块，9.9块。来是谁给我们的又绿江南岸？恭喜我们的又绿江南岸，你拿到了我们演技派的亲签。下一波是一个足以大家的亲亲亲亲。来刚才没有讲到亲签的，我们再来给大家上一波点9我们的封刀。一本完结男生纹还是好价的一个9.9。而且这个9.9在直播间买到就是赚，还是一个师徒文学。来，我们9.954321上链接了。上链接了上链接了，这个是一个9.9元，补偿大家一下，补偿大家一下。我们所有想要的都可以直去拍。而且这个风刀还是给到大家一个那种美人师傅和那种偏执徒弟的设定。可以直接去抢我们今天的，刚才没有抢到我们那本书的，一定要在我们直播间蹲住了。今天还有都给到大家，再来给大家上一个,台风眼
有没有喜欢水千丞的文，你们有看过水千丞的哪本书？我们今天所有想要在我们直播间想要水千丞的文，有没有水千丞的文？喜欢狗血纹。有看过我们的小时吗？龚应璇和仁义的这一本，我们今天是不破价不上车的火焰容妆哈，一个就是重度洁癖，然后和一个特别温暖的大哥哥，已经不杀人放火了，但是他依然好客。今天回原装全三色套装，之前是卖到76.8块76块83本书。今天我们的完结本有新签，给了大家七十多米的价格，要了所有想要火焰戎装的，我们的全3册好价下册亲签下单就有我们的海报，还有我们的CD套卡，再加上人设的一个卡牌火焰戎装容妆给到大家所有喜欢狗血纹的，要这种离家出走还要抱自己小枕头的公益权和仁义。拼手速大促谈促翻车现场好价，76.8块不，今天给大家直接减了20米的好价，五开头两位数，三本书，一本书十多米的价格，54321上链接。还有今天宝贝完结本是亲亲，完结本是亲亲，56.8块直接拍回去。我们如果是说想要的都可以直接冲，而且我们今天所有喜欢我们烈火教愁的一定要现在去付款，买到就是赚。再加上我们烈火教授这个是56.8块的一个价格给到大家，我们十单没有了，二十单没有了，我们想要那个火焰戎装的三十单没有了。这样的话既然是说大家已经气氛到这儿了，我们今天还有会查笔记的新鲜，我们今天还有会台笔记的新鲜的一本完结。竟然上了这么多HE的，给大家上个BE的文，给大家上个BE的文哈，火焰浓妆，三十单没有了，三十单没有了。这个是下单就是亲签的版本，还有我们的海报，然后还有我们的CD的一个套卡，还有我们的有声卡，还有我们那个档案的一个笔记本，然后再加上人物的一个镭射牌，还有我们给到大家的折笠卡，还有人人设的一个折笠卡，全部都有。所有想要我们这个好价的，现在就可以直接去拍，而且是给到大家我们的一个贴纸，也是非常全的。我们想要这个的话，一定要今天直播间去付款，买到就是赚。而且你们今天所有在直播间去拍的火焰戎装，现在就去拍，真的是今天不破价不上车的。刚才所有想要新鲜的宝贝，有没有想要我们的灰塔笔记的亲签，灰塔笔记的提前一本完结战争背景的设定，密码学天才和一个上校大人男生文一本完结，被战争压垮的爱情，我们所有想要绘塔笔记新鲜的，今天这个亲签拍下就是一个好价，而且我们的亲签给了大家一本完结,火焰戎装
来，我们给大家拼手速上链接了，灰塔笔记的亲签，54321上接39.8块不需要了，39.8块不需要了，我们给到大家二十多米的价格直接去拍，直接去拍。来所有想要灰塔笔记新鲜的，现在就直接去抢，而且灰塔笔记的这个也是给到大家我们的一本完结的破价书，再加上还有我们例会的折页。灰塔笔记27块51本完结加亲签我写上。上上链接了上链接了，我们的灰塔笔记可以直接去冲我们所有想要回答没了，抢没了你上你上了多少？只有十一单了，没了，绘画笔记的新鲜没了，真的假的？为啥别的时间没有了？抢没了，抢没了没了没了没了，抢不了了，没了，他就只有少量，只有少量，只有少量。我们再给大家上一下我们的那个盐，叫什么来着？我们的一个悬疑文还是一个刑侦文，这个也是那种傲娇刑侦队长和一个实地记者。这本书是一个男生们相当于9.9块，你知道有多便宜吗？他之前是卖三十多米的价格，这个还是一个从头到尾甜回家笔记新鲜没有了，没有了，就十一单没有了。来我们所有想要所有想要我们超感官知觉的，因为这个护甲瓶今天实在太少了，我给大家补偿一下。我们这个超感官知觉11块81本完结的，这个男生们能不能给大家多上点就相当于9.9块，39.9块。你这9.9块1000单你撑不住？来我们这个超感官知觉，还有你才上了几个？那几个都已经没有了。准来我们，所有我这个纸没了，我不知道去哪儿这儿我说的来我不是我就一直在找他，没有找到。来我们的这个超感官知觉54321，上链接了，上链接了，上链接了。来刚才大家已经有意见了，大家已经不开心了，因为我没有上言新闻，因为我没有上言行，大家已经不开心了不开心了。我们所有想要在我们直播间去冲的，我们的言情文哈，言情文76万赞单，给大家上一元，我们88万赞单给大家上。让我们的那个咔嚓，我们的亲亲，下一波是竹椅的亲亲，我们超感官知觉，仓鼠系男友的这个11.8块直接去拍言情所有想要的把言情打起来，我给你们上个言情的，9.9块想要吗？9.9块非常多，非常多哟，也没有多少了，反正肯定是比男生要多一些，我觉得。来来，你我要放学，等我放学等不就在购物车里吗？是不是放在等我放下，等我就在购物车里，购物车里来，我们的闫清文哈言清文。对，你看我一说上言行，大家都都没人理我，然后不上眼线你们又伤心，那我到底上啥？我上房，我上房来还有上房,超感官知觉
这个到底是言情，你看你们别凶，你们先别凶，给你们上一本言情，上一本言情这个叫做是一个军旅的爽文，那种酥甜向的一个特种兵和一个女军医。然后有一种就是。什么之类的那个歌。来我们给到大家山河万里，我来见你。9.9言情文好价。对，就是9.9好价。来我们所有喜欢这种上头绝美爱情的，来54321，上链接上链接上链接，上链接。这个就是你们喜欢言情文的宝贝，一定非常喜欢这种题材，而且那种男主角巨酷，女主角也巨帅。我的天哪，9.9直接给到大家，我们现在所有想去拍9.9直接抢，直接冲，就是不要犹豫的。这个非常好非常好，非常好。来，9.9给大家开了。我的天哪，你们要言情纹的原来这么多吗？我以为你们要言情纹的少。我来我们所有山河万里，山河万里我来接你。9.9 20单没有了，三十单没有了，四十单没有了，山河万里我来接你的。卷纸的话现在可以直接去拍，大家把赞赞点一点，赞点点在来给大家上一下。我们的福他柠檬茶的文云养汉，这个也是给到大家。你们喜欢这种女性向游戏的，然后喜欢这种一个女生可以养很多个男朋友的纸片人，我们给到大家云养汉也是一个又一个的副本巨好课。来云养汉的9.9一本完结AI现实虚拟向来54321上链接了，来来来。来来来好好好，一会儿就给大家上海上那个海棠一元，一会给大家海外一员。我们现在还有听风的一员，还有我们营业悖论的一员，云阳翰卷93个虚拟世界的真实故事。来来来，我们成年猎狗开价格了，怎么没开？没有了，成年猎狗抢没了还能再上吗？抢没了，陈家那狗抢没了，还能再上吗？能遣上一点点，浅上一点点陈年猎狗抢没了，水仙城也有，水仙城也有，金华也有。来陈年猎狗所有想要我们的那个就是不问三不问39的这个芊芊明信片的我的白月光再次返场了。我的天桃怀南和吃苦捡来的小狗，我是你的小狗，然后这个就是哼唧怪。我们陶淮南养成系的男生们，我们所有想要成年猎狗的，这个是给到大家。我们的六十多五十多都卖过，但今天给大家做10米的减免和优惠，签章加亲签明信片一起给到大家。谁喜欢孙颂文的？谁喜欢我们成年猎狗的？知道桃花难和吃苦的给真爱粉去拍。来拼手速给到大家上链接了，我们这个亲亲明信片，成年猎狗3 49块8两本书，重点是亲签明信片，海鲜市场二百多块钱一包。来，我们的晨间猎狗54321，上链接，上链接，宝贝刷新去拍，刷新去拍，刷新去拍。我们所有想要晨间猎狗的，现在就直接去抢，不要太香了,山河万里，我来见你
今天所有的书不破价不上车，我们给到大家晨间猎狗两本书套装好价，这个也是给到大家亲签明信片非常的值米数，亲签明信片非常的值米数。我们今天还有所有想要应援的宝贝，把一扣起来，左上方提示一下，旁边的黄色小心心点亮一下下。我们要给大家上海棠微雨共归途的一员了，再给大家来上一下我们的刚才没有抢到哪本书的，喜不喜欢校园文喜不喜欢校园文，喜不喜欢这种学渣和学神双向互穿这题超纲了。两本书之前卖到我们的五十多米，便宜的时候卖到49.8块。两个学渣和学神双向互穿的剧情，又搞笑又沙雕，还治愈还青春。像我们这个两本书先给大家做破价，一本书让你21块多的价格直接拍到手，两本书套装好价。我们这题超纲了，不破价不上车，54321上链接，来宝贝上链接了，我们这已经超纲了，左上方你也圈旁边的黄色小心心点亮一下下。而且这个是木瓜黄的书，从来没有做过破价的，我们现在可以直接领券去拍，领了券之后是42.8块的一个价格，直接拍两本书。现在所有想要校园文的男生文直接拍回去，买到就是赚。再有我们今天直播间的这个，还有所有想这个哈我们的质地超高的两本书套装好再来。再来我们这还有好多东西没给大家上的，还有还有还有你们如果是说刚才没有抢到我们的那个青梅酱的，辅助为王，辅助为王，19.9块，大家亲切还是电竞文，你们要这种感觉上的，尤其是那种速度剧情的，还是这种很燃像剧情的，我们今天也是给到大家不破价不上车39.9块的书，39.9块的。很多宝贝去拍到的手的时候都没有亲签，我们店家亲签辅助为王，给到大家19.9块加7000万返场了54321，上链接上链接了，上链接了，辅助为王19.9块的一个亲签，现在可以直接去拍，而且这个亲签也是那种买到就是赚。宝宝们它这个亲签是给到大家一个返场的，之前也没有给大家自我返场，不破价不上车。辅助一晚上了多少单？只剩一单了，辅助为王没有了，还能在加吗？这个还有新增番外，辅助为王十多米的一个价格。来我们所有想要辅助为王的，来拼手速。54321上链接了，宝贝19.9块青梅酱今天返场没错，没错，不破价不上车。再有我们今天还有灰茶笔记，能上了吗？能先想给你上一点点，想给我上一点点，回家笔记的新鲜，回家笔记新鲜。我们今天直播间所有想要这个好价的，我们回家荸荠新鲜。刚才没有抢到的再补偿大家下。所有想要绘画笔记的，拼手速，54321上链接，惠达笔记，惠达笔记的新签刚才没有抢到，再给大家补一下,这题超纲了
我们所有已经亮起牌的KOK要给大家上一元了。海棠微雨共归途一元，我们准备一下，海棠微雨共归途一元准备一下，我们灰塔笔记的，给到大家上链接了，再等等，行不行？他那系统没反应过来，是我没反应过来。行来，我们的灰塔笔记，灰塔笔记等一下海棠，海棠所有亮的灯牌的扣OK，我们只宠粉丝不宠路人的。我们想要海棠微雨共归途的，把OK扣起来。三也是撒野的话，有有还真有撒野，真有撒野。先给大家来上一个校园，男生们做破价65.1块的一个价格，而且是给大家加上我们的新签版本，之前是65.1块，减20要吗？减20叫桥勺，不需要安慰，从头甜到尾。而且据我所知这本书不在家用，真没有了，这本书真没有了，这本书真没有了。妈呀我才看着四十本。对，我跟你说没有，小小不许安慰，那上，全上了。小小不需要安慰。两本书，一本书二十多米的价格，下一本从头到尾就40。本来我4321上链，小小不需要安慰，不需要安慰。我们给大家上车，我的天哪，二十多米100，而且是给大家加上签名版本。你这个要也就这些，不要也就这些，确定你肯定加不了，加不了，还加不了，一共就四十单卖完就没有。好了，我们如果说喜欢校园文的男生纹的话，全部都可以直接去拍。来我们的一员准备好了吗？把一扣起来给大家上海棠微雨共归途的一员了。这波这个一元真的很重量。我们如果是说想要少，不需要安慰的，想要这个套装的一本书才给大家二十多米的价格。因为正常这本书是卖到60多米的一个好价。而且这本书是所有的库存只有40单，只有40单的话拍完就没有了。还有我们的随书加给，尤其是喜欢这种从头甜到尾的男生们，一定要直接去拍，买到就是赚，买到就是赚。48.8块，48.8块直接去拍两本，两本一本书给到大家二十多米的一个价格。乔乔不需要安慰，总共就只有40单，你们想要有20单了，还有20单了，还有20单了。小勺不算安慰，还剩下二十单，还剩下19单了。宝宝们十九单了，这个有我们双面银色的包边色纸，还有我们的亲签，还有我们的二年明信片，再加上Q版的一个钥匙串给到大家,小小不需要安慰
来把一扣起来，把一扣起来，还有多少宝贝没有去付款的，抓紧时间了，我们这个条条不需要安慰，是确定不在加印的版本了，你知道那种大叔不带加印的，有些我们特别好看的，之前出版了很久的也要不加印了，小少不需要安慰，现在直接去冲，来把一扣起来，准备好了，这也没人在扣一，这是在说啥呢？你们不要应援了吗？这不是你们辛辛苦苦点赞到的吗？来我们这个把一扣起来，把一扣起来，左上方提示说一下旁边的黄色小心心，点亮一下下。你们喜欢我们的那个好价的，我们今天还有给到大家。刚才你们一直呜嗷喊叫想要的，今天我们还有。折竹衣的好价能再上吗？折竹一的好价还能再上吗？折竹一的好价还有吗？折中一这个16元1本的还有吗？一点点，还有一点点折逐一的好价，还剩下一点点的库存，16元1本。先到第一小白脸，你以为故事的开始是这样，故事的结尾整个故事是一个巨大的莫比乌斯环。来我们的哲竺准备好，54321上链接了。要的宝贝刷新去拍，刷新去拍，刷新去拍我们的折竹，折竹的这个给到大家16元1本，16元1本，而且是给到大家，还有我们的随书加给想要我们折中一的一个好价的，都可以直接去冲。再加上给到大家，我们隋书加给里面，还有给大家加的那个特别好看的番外，给到大家。再有我们今天直播间如果说没有去拍的，大家可以直接去抢一下我们的一元上，一元上。把一call起来，还有左上方你点一下旁边的黄色小心心点亮一下，再跟大家说一下今天的机制。今天直播间大家点赞的给大家咔嚓一会儿的话，我们还有人设完结篇，质处大的那个新签，还有给到大家等我喻凡放学，等我酱子辈的亲签，我们沙海亲签，还有我忽惊春到小桃枝的亲签，还有我们妄语他的亲签，得理不饶你的亲签。如果是说想要亲签的下单，我们任意一个非一元和9.9块，在我们咔嚓之前去付款，不接受后补订单的。再有刚才如果是说想要我们的那个沙海的新鲜的，今天直播间也是有的。还有今天直播间给到大家，你们如果是说哪本书没有想到的，一定要看一下我们的那个小黄车不破价不上车的，我们再来给到大家一会儿你们没有抢到我们的亲的，还没有想到新鲜的，给你上一个我们的好价的，好价的9.9。安慰大家一下，我们一会儿没有想到今天的给你上一个天官赐福，我们9.93样周边给大家上车,折竹
来准备好，准备好折竺大结局吗？折逐线折逐一，大家觉得签名抢完了，大家觉得签名抢完了，来我们准备好我们的一元，准备好了吗？一元都准备好了吗？都准备好了，我们所有想要应援的这个给到大家，正常是卖三十多米的书，但今天给到大家一元，一定要在一会儿我要如果说要想提前要咔嚓之前去付款的话，不接受后补订单，分一元和9.9块的订单才可以。来准备好我们的一元，19 8765321。我们的一元，开了，没了，没有抢到的。天官赐福的9.9拼手速上链接，54321上链接了天官赐福卷角这个也是正常卖三十多的书，而且是二三十多的周边，而且它在里面只写了个文件夹，但实际上是有文件袋，有明信片，然后还有给到大家我们特别好看很大的一张的贴纸。如果是说想要天官赐福的话，现在就抢光了。抢光了，我发了不没有了。来我们的辅辅助为王，辅助为王给到大家19.9块青梅酱新鲜一本完结，我们给大家眩光来54321，上链接，上链接，辅助为王，辅助为王，给到大家上链接了。而且我们所有在直播间抽辅助为王的加新签版本，谁没抢到一元的赶紧去拍，19.9块加新签，加角色卡，加上我们的海，再加上现场卡，再加全新番外三天三夜，听听这个名字，我们所有还想要辅助为王的，206单没有了，206单没有了，192单付款了。我们所有想要辅助为王的，这个是亲签版本，亲签版本甚至普本我都没给你上，无签普本我都没给。以上我们现在所有想要辅助为王的，19.9块的价格。刚才说谁想要我们撒野三色套装，撒野3册套装，那我能给你上吗？撒野3册套装顾飞和蒋丞，我们蒋丞和顾飞排名不分先后，一家三口整整齐齐。这个左右这个也是给到大家想要在你眼中撒野奔跑，这个也是所有喜欢看市井文的，所有喜欢看一开始穷的叮当响，但两个人有梦想世界灿烂盛大的。来准备好，我们三也全3册套装下架版本给到大家补货了，只有少量卖完为止。所有想要撒野的，撒野拼手速了，这波真的是拼手速了。来54321上链接，宝贝撒野，撒野撒野，今天不破价不上车。我们这个撒野也是给到大家全三色直接去拍，而且还有我们15厘米的立牌牌，再加上我们私人明信片，再加海报，再加人物透卡，再加上我们给到大家彩绘飞机盒，全都拍回去。我们如果卡吗？我们这边不卡，三野全三色套装，全三色套装。我们下一波的这个亲签给到大家咔嚓它的是足以的新鲜，足以的新鲜，全三色撒野，直接去拍一本书，给到大家30米不到的价格,天官赐福
我们如果是说想要撒野的，没有去付款的，直接拍这个。而且它还是一个不需要你，不需要你等很久。还有在我们直播间想要这个15厘米的立牌牌的，想要顾飞和蒋丞非常好看的图的。我们这个三爷里，我昨天翻到了一个巨好的一个东西，你知道是啥吗？这本书这么厚就不说了，我们昨天翻到了这个证件照，这个是当时新书开售的时候才有的，随书加给的周边里，这而且也是当时随书周边里，随书周边里没了，下架了，没没有有有有有有有有吗？有有想空了，你们给还想要吗？拉再补一点，再准备好三页和3页，54321上链接上链接，上链接。抢空了，一下子抢光了。来，我们所有想要莎一眼的哈撒一眼的直接拍。我们就剩一百单了，就剩100单了，全算了吧算了吧，算了吧。咱们今天就主打一个，就啥都没有了，快来三页全三色套装。我们last 100单就要跟这本书真的说再见了，他们的故事也在继续，但这本书我是彻底没有了。来我们的三眼全三次，全这个巨好看。我昨天翻到的时候我都惊呆了，我以为这个没有，但实际上这个是有的。它那个哈三联主角明信片，来我们所有想要撒野的，现在直接去拍，全三色套装好价。来我们今天发的这个是巨佬后，巨佬后再给你上一下，你们喜欢ABO文吗？你们喜欢ABO文吗？这个30你们去拍着，就剩100单了，你自己去数着，数完一百单之后就没有了。我们ABO文一本完结，ABO世界的欧米伽穿越到了人类社会和人人类社会的霸总连觉两个人先婚后爱，然后还是那种生了一个女阿尔法的文。今天给大家逆境大大作者大大已经退圈了，他不再写男生纹了。我们今天给到大家，你知道什么价格吗？一本完结好价再加扉页亲签给到新梳开售的牌面来。我们的腻子再也没有这种设定的ABO文了，这个设定甚至都下架了，这个设定就没有这个设定的文了，再也没有写这种设定的ABO文了，就是那种ABO和现实世界相互对撞的文。来我们所有喜欢我们腻酒的一本完结奶口卡扉页亲签，54321上奶油卡粉月新签。对对对，这个就是这种设定都已经没有了，都不是说书都没有了，这种设定再也没有人写了。来我们还有周边那个版本，周边的版本我们如果是说想要的话，都可以直接去拍。你们想要4万，真没有4万。但如果你是一个非常早期的读书人，那你应该听说过我五行缺你,撒野
这个我五行缺你还我们我五行缺你，我五行缺你给到大家，所有想要我五行缺你的给到大家还是一个三本书是那种东方神秘学大师和一个那种人妻老婆的设定，非常古早，而且它可以做到感情线没有删减。我们如果是说想要我五行你的，我五行缺你的这个也是给到大家做的一个好价。我五行缺你三本书，哈林竹水和周家于家于往事4万同作者的作品，三册100 140，三册140，140米的价格。但我们今天不破价不上车，三十五直接拍三本，三十五直接拍三本，一本书给到大家十多米的一个价格，来准备好，我们的家有往事拼手速上链接，54321上链接。链接宝贝抓紧去拍，那个腻酒咋的？我也不知道他怎么回事，后台就出问题了。来我们的这个那个佳玉老师，佳玉老师这个米酒你们等一下，腻酒等一下来家有往事的这个可以直接去拍三本蜜酒。没有了，我在给大家问着呢，我在给大家问着呢，来我们所有想要等等，等等等等，88万赞赞哈给大家，让我们逐一的亲签，逐以的亲亲。然后下一波一元是给大家100万赞的。上我们下一波一元是，下一波一元是清风的一元，清风的一员。完了就是还有别的新鲜，还有别的新鲜。来我们林煮水周家鱼的这个十七，别的不说，这本书这个就是刚才奶油卡的那个还没有上，但是这个家有往事，我们八十一单已经卖没了，82单没有了。宝宝们三本书，三本书不是一本家有往事，我五行缺你，这个也是给到大家所有想要这个的，喜欢我们的那个死亡万花筒的，就是那个女装大佬阮男主和我们的将死之灵秋实意外跌入门中的世界闯关，惊声尖叫吓到鬼的这个我们网是这个全三色套装，还有多少没有拍到？现在直接去冲，就剩六单了，就剩六单了。一本书给大家19米，三本书35米的价格，还剩五单还剩五单，还剩五单，还剩五单，我们还剩三单，还剩三单，还剩给到大家两单，还剩一单。我们嘉峪网是35米的价格，抢光了，35米加抢光了，抢到了吗？林竹水和周佳宇的这本，佳丽老师的这个，明天就恢复到140米的价格了，我们现在是35米，给大家开好价的。我们真的不要不要成为待支付的订单，尤其是这个比较古早的文哈。如果卡到你，你就直接跟我们的账号说话，跟我们的账号说话。Message一下我们，我是你的好朋友，你知道吧？我不能再暗示了。来我们这个嘉鱼往事全3册套装拼手速，给大家补库存，不等了，不要的宝贝直接踢人了。来我们的家鱼往事5421上链接，上链接了，176到76只要35，直接拍三份，宝宝35直接拍3份,我五行缺你
腻腻酒能上了吗？来我们上不了了，来我们的那个腻酒可能再等等，再等等再等等，再等等。我们的家用网是全3册套装，好价给大家补了。我看看你们地球上线是吗？地球上线能行，地球上线要吗？地球上线这个已经是要是要下架的书，我能给你补腻酒，那个没了，抢没了，抢没了。来我们所有想要地球上线的，想要我们五本书马赛克。虽然杀人放火的是个好女孩，赛博朋克末世废土加上闯关游戏，再加无限理由，我们所有想要地球上线的全四册全5册套装，好价120多米的价格直接拍五本书，一本书二十多米摇摇乐。来给大家上一下我们第六上线莫辰焕娜的文案，就是拜见我们的无限刘大大，来54321上链接，上链接，宝贝上链接了，上链接了。来竹椅你的亲亲是不是？那我们这波这波你们都付款了吗？我再说一遍规则，我们今天是因为铁铁过生日一定要下单，任何一个非一元和9.9块的书，我们给到大家一会儿，咔嚓足以当我飞奔。像你我们的张璐让和苏崽子的这个文哈，如果是说想要这个的话，一会儿马上给大家上。这波库存卖完了之后，补不了，加不了了，要下架的书，谁手里没留的直接去留，谁，你没留的直接去留。来我们在开场的时候，你们没有抢到哪本书的，再给你上一个好价，好价叫做月光和你也是一个男生玩，而且是给到大家我们的一个破价，说这个之前都已经下架了。但是我们今天直播间因为是过生日，所以说给到大家申请来了。那月光和你一本完结一本完结，一本完结。所有想要这个甜宠男生们还是这种给到大家一个都市轻松，像男生玩10当时便宜的时候卖到24块多，今天因为它要下架了，14块94块九给到大家，14块94块九的。对雨笑阑珊就是和山海高中是同作者的作品。语笑阑珊的男生们叫月光和你。今天给到大家做好价，14块954321上链。接上链接，宝贝上链接了，上链接了。我们那月光和你14.9块直接去冲，直接去拍。而且现在还有随处加给，还有我们的海报，还有我们的入场券，全部都有，还有我们的刺猬的外卖单，我们给到大家。我们今天有沙海的新鲜沙海的先来准备好，当我飞奔向你的今天，我们的口令就是六周年快乐，六周年快乐。左上方提醒一下，旁边的黄色小心心点亮一下下。左上方铁铁需要旁边的黄色小心心点亮一下哈那月光和你17.9块的价格直接带回去。我们如果是说想要我们的好东西的，一定要蹲住我们的直播间。今天好东西老多了老多了，老多了。来我们所有所有旁边的那个黄色小心点亮一下，六周年快乐,月光和你
一定要把铁铁的那个小那个就是小灯牌牌亮一亮，小灯牌牌亮一亮，灯牌牌亮一亮。下单非一元和9.9块的书，这一波给大家咔嚓的是我们的那个啥咔嚓的是我们的当我飞奔向你的亲千，你们除了盗笔记的亲戚啥都不要吗？当我飞奔，你看看我们直播间其他的你看你看看我们直播间其他的好东西，你要不跟我说说话，我的天。你们除了盗墓笔记六是阿拉伯数字的6，六是阿拉伯数字的6，阿拉伯数字的6，统一一下，统一一下，阿拉伯数字的6，六周年快乐，六周年快乐，统一一下，六周年快乐哈那月光和你给大家过掉了，再来给大家上一个我们的那个什么，再来上一下我们的那个下一本，下一本是我们的为你而鸣霜新鲜版。我们如果是说想要为你而鸣的，这个也是给到大家。所有在直播间想喜欢这种人，鱼纹你有你的白月光，我有我的刘备纹，这也是给到大家一个好价，为你而名，小树苗德萨罗人鱼，一个深海人鱼和一个生物研究员的一个设定双新签版本，给大家做返场了。来54321上一下，还有好多宝贝没有亮牌牌，我不能真的不能再等大家了，这里都已经快90万赞的了，我要给大家赶紧放那个金山了，来教大家如何亮牌牌，如何亮牌牌。来大家听写书左上角题写书架旁边的黄色小心心宝贝点亮一下，然后点亮一个牌牌给到我们宝贝左上方这个需要旁边的黄色小心心一定要点亮，而且一定要亮起我们的牌牌。这个今天我们直播间，今天我们直播间去给大家咔嚓的，就是除了我们直播间下单，我们直播间任意一个非一元和9.9块的书，而且是给到大家，一定要在今天直播间真拍真付款，不接受后补订单的，再加上给到大家我们今天还有很多很多的好价，说一定要真拍真付款，要不然一会儿卡到你白瞎了，卡到你白瞎了。来准备好，十个数，给它咔嚓了，六周年快乐打一遍就行了，别打那么多遍，要不然他别人就没有机会参与了。你给别人点机会，你自己的名字会被顶上去的。对的，你们一定要给自己一点机会，给自己点机会。来准备好，我们十个数，个数给大家咔嚓了，19 87654321。谁呀谁呀谁呀？恭喜我们的无言，恭喜无言吗？对，就是我没有的那个无无妍妍，恭喜无言。宝贝，当我飞奔向你的亲亲，100万赞的给大家上我们的那个金峰的一元，金峰的一元。来无言宝贝，无言宝贝再来给大家上一下我们的9.9，今天我们还有还有特别好看的我们的9.9给到大家,为你而鸣
而且这个9.9也是之前没有给大家争取来的，先给大家争取来了我们那个盗墓笔记拍立得9.9的价格，之前是29.9块，29.9块的拍得，今天9.9还没有抢到我们之前的54321上链接了。盗墓笔记100万站在上金峰的一员，100万赞赞哈，100万站在我们所有想要我们盗墓笔记的，所有想要盗墓笔记的，这个就是盗墓笔记的那个拍立得的9.9给到大家上链接了，很香，真的很香，真的很香。我的天，我们的张起灵，我们的吴邪给到大家上我们的9.9了，9.9了，9.9的这个这个麒麟浮浅的典藏版没有了是吗？拍完了，麒麟浮潜的典藏版本没有了。这个是本来就没上吗？还是就没了？我上了，你上来我都没看着亮，哥哥，这是我真没看着亮，你还有吗？我还有你还有吗？能给大家再上点吗？浅加一点点，浅加一点点。这个麒麟浮浅的9.9，来54321上链接了，宝贝。来，我们其鳞浮潜的这个9.9，9.9又没了，怎么会呢？你没了，不可能，我不信真没了，我不信你上了吗？我上了，真上的假上，那是骗我的，是不是本来就没有？没了，抢完了这个抢完了亮，我真没看着亮，我真没看着亮，我不是我真不是演的，我真没看着亮，我真没看着亮，你还能再给我上这个没了，就他就他就这个最少没了，那剩下其他的这个呢，其他这个还有一点点，其他的还有一点，其他还有一点点。来我们盗墓笔记的这个可以直接去拍。我们再给你上一下，那个什么，我们还有一个那个双，给你上一个那个什么，还有我们还有其他的周边，不是还有盗笔记的周边还想要吗？到笔记周边还想要吗？盗笔记有一个817新品亚克力钥匙扣，也是一个给大家一个那种雨夜麒麟墨染青衫没亮过，不可能，那都六十多多单去拍下了，那不可能没亮过，应该亮过。这我也不确定，其实亮过是吧？对，因为它亮过牙丢丢的，牙丢丢那还能再给一芽吗？来，我们的盗墓笔记这个没有了就没有，咱不咱不计较了，这来个新的，来个新的人生，还有新的来了，我们动笔记，6817新品钥匙扣，亚克力的4321上链。接上链接了，宝贝上链接了。我的妈呀这也太多了，这是什么好东西？我的天哪，618的这个，6617的这个817817817。我的天哪，那个雨夜麒麟给到大家好价，墨染青衫给到大家好价，长白桂林也给大家好价。钥匙不要太好看了，我记得我们参加漫展的时候，还有宝贝送我了一堆。那个钥匙扣当时是在漫展期间买的。你的小妹妹来，我们所有想要这个雨夜麒麟的钥匙扣的直接去拍,盗墓笔记
今天还有还有我们的一个好价。刚才没有讲到的小蘑菇，我们的两本书14周今天没抢到的那我们来一波那个啥，14周期间没抢到的，我们来一波14周双印签，再加上印章版本的小蘑菇，虽然错误仍然正确。不要温和的走粮液陆丰和我们的安哲这个也是给到大家两本书，再加礼盒版本，两册套装好价，54321上链接了，上链接了，小蘑菇给大家点礼盒，还有双刷边，还有双叶特价。哇哇56、89，89的价格不要56，直接去拍。双刷边双印特签，再加上我们签证版本，再加上我们典藏版的礼盒，直接拍回去。14周刚刚那个折竹没有拍到的，现在可以直接去拍。来我们所有想要这个的都可以直接去拍。56米的价格直接去拍两本书，一本书给到大家，是一个二十多米的一个好价。如果是说哪本没有抢到的，现在直接去抢。再有今天直播间本来这些库存都只有少量库存。如果是说哪一本书没有抢到的话，一定要在直播间去拍。我们今天刚才没有抢到那个什么的，你就能上了吗？糟糕了，6.01了，啥书？啥说不知道咋说，蛮热要讲吗？当然了，来我们的那个新书，新书来给大家弹一下。新书对我们的麦克妍，请问宝贝我们现在前342单是特权给到宝贝，对的，还有机会。妈呀才有事说出五单，没关系，来，我们342单特签给到大家。喜欢言情我的这不就来了吗？这不就先说言情，这个慢热也是那种言情甜文。一见钟情之后开始各种嘶，他两侧完结基本是上色，那种小少爷和小白花一个谈恋爱的人喜欢这种，就是少女媚眼如初少年，然后那种鲜衣怒马。如果是说喜欢我们这个，现在直接去拍。来，我们的小萌给我拍没了，我的天哪，还能再补吗？哥，那必须还能再补吗？我这个小蘑菇一九上了吗？我问着呢，那一九是不是上不了了？后台出问题了，不是我他是怎么的了，他是上不了库存了，是吗？来我们的那个腻酒再等等，可爱的美元等等，等等等等。来我们所有想要这个小蘑菇的两本书三面刷边，哪个版本加14中英特，千万一定要直接拍回去，再加上我们典藏版本的书和89米的，不要我们今天直播间给到大家56米直接拍两本。来54321，上链接了，上链接了，我们的小蘑菇56米的价格直接拍两本，三面刷边烫金工艺再加礼盒，而且是给到大家两本书套装好价。我们如果是说想要的直接去拍，直接去拍。还有宝贝想不想要我们的那个均有即否，今天均有即否的价真的特别的香。如果说谁还没有抢蘑菇的，现在直接去抢,小蘑菇
我们的均有即否，均有即否，均有即否今天也是给到大家一个非常香的一个价格，而且我们的军级是加上彩绘之禾加镭射票加立牌牌立牌双面的这种一边爱一边恨，然后呢一边亏欠，一边翻车，一边以为是上位者，结果双双翻车。感情最忌讳的是什么？就是你以为你赢了，实际上每一步再说。来我们给大家上一下均有即否，均有即否的，这个也是给到大家，就是加彩绘飞机盒，从来没有破过架，39.8块的价格。今天二开头两位数，来54321上链接，上链接了，还有我们的金杰，28.8块的，一个29.9块的一个价格，直接给到大家加彩绘飞机盒的一个版本。我们所有想要征集的，现在都可以直接去冲。我们那下下一本新书提醒我一下，前五分钟提醒我就行了。来我们所有想要升级的加上我们那个双面镭射票，还有我们的双面藏书票，再加上我们15厘米的立牌，都可可以。今天是什么？铁铁过生日。宝宝们，今天不仅有亲签，你们能不能别focus在沙海的新签之上，困住自己的人生。我们还有其他的好好玩的，我们还有其他的好玩的，你们都去看看，都给他你们羲总做了一晚上的策划，你们最后在意的只有杀害了亲戚，只有上海的新鲜。我的天，没事，我只要有一点能留住你，我真的好感动，我真的是了。来我们的灰塔笔记，灰塔笔记刚才没有讲到今天的战争背景的设定，一个数学天才。对，就是我们不善长的一棵数学天才，再加上一个上校大人。来我们所有想要这个我们的那个那个啥的推塔笔记的，我们一本完结，一本完结二十多米的好价54321上链接了。宝贝既然是这样都冲着盗墓笔记来的，是不是？那我们能不能上一个还没有怎么宣传过的一本书，叫雨村笔记，我们能上吗？能我们能上吧，我们能上，我们雨村笔记我们能我们雨村笔记今天我们直播间终于能上线了。这个雨村笔记它有我们那个那个写字笔，来雨村笔记，雨村笔记所有讲盗墓笔记的，我们有个雨村笔记，它有两个特别哇塞的一个周边，它是两个正方形，一个正方形我们称之为A一个正方形称之为B然后这个A1、A2、A3，还有A4，还有B1、B2、B3、B4全部都可以自由组合。它就是无论你怎么组合，它都是一幅图。如果按照什么A33或者A44算的话，它有16种。来我们的语速笔记，54321上链接。它是它这个周边非常的出圈，无论你用任何的一边给大家做，全部都是一张新的图。想要一寸笔记的南派3说1234的版本，加拼图，就是那个拼图还有小剧场,均有即否
我们如果是说想等到笔记，想要新的一个剧情的那你就直接去冲它。这个也是之前没有在我们的小斗上面上过的。如果是说想要这个拼图版本的话，直接去拍123，3册33本书，三本书全部都给到大家。雨村笔记有了，你在哪儿有的？我们直播间才刚有，我们直播间才刚有。你在哪儿有的？为什么他们的小永远比我灵敏？你们你问我为什么9.9是不是来把9.9扣一扣，9.9扣一扣，9.9扣一扣。我们所有想要9.9的，今天我们直播间再给大家来上9.9。我们还有还有天官赐福的9.9豆豆本，你就可怜天官赐福豆豆本，天官赐福豆豆本的选择这个行吧？这没上过，天官赐福9.9的豆豆本想要吗？9.9 call一下，9.9 call一下。来来来来看你吃你们9.9厉害，新鲜厉害。我真的是你们跟我聊聊天儿，平时让你们聊天时候，你们不你们我平时不跟你们聊的时候，你们可就让我跟你聊天。现在我要跟你们聊天了，你们只要新鲜，我们永远都是这样，供需关系不匹配，咱俩来，我们准备好啊。9.99.9的这个好价，天官赐福拼手速，给到大家上链接喽。54321上链的宝贝上链接9.9块，今天不要45.9块，给到宝9.9块。这给大家豆豆本特别的可爱，可以直接放在包包里面当做一个我们的那个特别好看的那种就是一个小挂件。你也可以把它当做你的那个备忘录，也是OK的。我们如果是说想要的都可以直接去冲。再来给大家上一下喜欢形针纹的，要我们的刑侦文的，刑侦文110加2套装，全部都给大家做好加加周边版本叫刑侦档案，两个那种八块腹肌，肩宽腰窄，然后就是腰细腿长的哥哥，两个人平均身高187，而且是给到大家刑侦文两本书加起来一本书十多米的价格，你拍到还有随书周边。来我们的刑侦档案一加二好价，54321上链接，一加二好价，一加二好价都没有了，一加二好价的行政氹行政档案两本书套装。然后喜欢这种张力拉满的这种角色，我的天哪就是非常的哇塞。犯罪心理没上，先看这个，先看这个犯罪心理还没上，来让我们刑侦档案开价格了。来音乐，开门快点，音乐好久没上，音乐消失了，音乐来我们所有想要这个刑侦档案的，直接去拍，直接去拍,天官赐福
我们所有想要这个行来两本书，一本书十多米的一个价格，直接拍回去，而且这个是给到大家，也是两本书的套装，直接抢来我们所有想要我们金峰的一元的，京峰一元，把一扣起来来，我们的刑侦档案十多米拍100，十多米拍一本，再来给大家收收了，接下来给大家上一下我们的下一个可爱过敏源，刚才谁没抢到可爱过敏源，谁没有抢到可爱过敏源？今天四十多米的价格不要了，维骨科宋玉和月之石的这本文，今天我们直播间想要可爱过敏原的一本书，十多米的价格还是质量大的文要这种前期克制后期发疯的，来我们的音乐起，54321上链。可爱的美元音乐呢。来我们的可爱的美元，三十多米的一个价格，直接去拍两本，一本书给到大家，是一个十多米的一个价格。来我们所有想要应援的灯牌牌亮一亮，左上方。铁树下旁边的黄色小心心点亮一下下。我们可爱的美人全三全两本套装，一本书十多米的一个价格，可以直接去冲。而且今天可爱购美元，还是一个好价，还是一个好价。所有想要可爱过敏原的，喜欢这个尾骨科的，要送月和月之石的，直接去拍买到就是赚。先别摆烂，先把这个好价买到。因为过了今天都是没有了的，过了今天这个好价就没有了，过了今天好价就没有了。我们所有想要可爱的美圆的，一本书十多米的一个价格，十多米的一个价格，而且这个还是属于那种尾骨颗粒非常带感的。再来给大家上一下，我们的下一本，下一本是当万，还有吗？当万没了是吧？来我们的上一下太阳雨，于成大大如果说看过我们的洛弛的同作者的作品，今天印特签有加给版本的好价35.8块，不要24.9块。互相折磨，而且是强制play。但是它是O强制A不是A强制O它是反过来的，非常带感。来我们太阳雨的印特签加给版本，54321上链接了，上链接了，上链接了。想要我们这个印特签加个版本音乐来音音乐我来吧，来我们所有想要这个，想要我们的这个好价的，27 24块多的价格直接给到大家，很哇塞哟。这是什么好东西？我们所有想要去冲的，都可以直接接去拍。而且这个还是那种很哇塞的一个酸涩完很哇塞塞。来准备好，我们的太阳雨给大家上链接喽。54321开始滚开开船。开库存了，开了吗？开了，三十本没有了，哥，三十本没有了，34本没有了，35本没有了。太阳雨这个十多米的价格加硬壳，先直接去拍价格版本，在版本里面还有我们的手机支架，喜欢我们的酸涩纹的，要这种狗血纹的，直接去拍。而且这个是给大家20公里的一个价格，可以直接去抢,可爱过敏原
如果你去拍裸书更便宜，如果你去拍裸书更便宜。太阳云影票现在35本没有了，35本没有了，36本没有了，37本没有了，直接去拍。来十多米的一个价格给到大家，十多米的价格给到大家。想要是不是直接冲清风。我们现在所有想要清风的左上方，铁铁圈旁边的黄色小心心一定要点亮一下下。我们刚才没有去冲太阳雨的，现在直接去拍一本完结，还是男生纹理锯带感的。我们这个是HE它虽然虐，它是个虐文，它如果是个B译文就是BE文了。它是个虐文，但它是HEHE来我们所有灯牌牌亮了的卡OK，今天我们的不破价不上车活动加上铁铁的生日给到大家。要想要咔嚓亲亲的，一定要左上方铁血学院旁边的黄色小心心点亮一下下。我们今天还有给到大家一元，一元吨一吨。墩一墩把一把OK call起来，一元是我们的金峰的一元，这就开始上，把OK call起来，OK call起来。鱼肠大的这个文哈可以直接去拍来，我们把所有的这个库这个就是给到大家的好价。我们刚开场的时候没有抢到我们的那个死亡万花筒的，没，不是没有抢到我们的。当年万里觅封喉的当年万里觅封喉的当年万里觅封喉。今天我们直播间给大家做破价，三十多米的价格，不需要十多米的价格，直接给到大家所有刚开场没来得及到我们直播间来的，今天直播间的这个当年万里觅封侯，一定要抢到少量库存，而且是两个脑回路，到现在你作为一个21世纪的人类都不一定理解它。非常好看的沙雕文。来，我们的当年万里觅封喉，54321上链接了的宝贝上链接，我们要当，当然我们所有想要去冲的，都可以直接去拍，不要太香了，怎么就这么好看。这个十多米的一个价格，可以直接去冲，直接去冲，直接去拍。而且你们现在去拍的话，它正常也是卖到三十多米一本，三十多米一本。来我们的一元，没有亮牌牌的左上方铁书架旁边的黄色小心心的点亮一下我们的一元，准备好一元准备好，要给大家上链接了。这个是我们金风的一元，当年万里觅封侯的，这个是十多米的一个价格，给到大家这个还剩六单，还剩六单，还剩下五单，还剩四单，还剩四单。如果是说想要当万的，还剩三单了。这个是刚开始给大家上的，刚开始给大家上的。你们如果没有抢到的，这个还能加吗？当晚我们只有两位数库存了，只有两位数库存了。当年万里觅封喉谁没有抢到的，一共的库存就只有两位数了。今天给大家上了将近500本，你们如果是说想要当万的，一定要直接去付款，不要占我们的小黄车,当年万里觅封侯
来我们当万，54321上链接了，来了宝贝都准备好了是吧？库存没了，抢完这波可没有了，抢完这波没有了，宝宝们真的不要不付款，然后我们所享一元的灯牌亮了的扣OK，灯牌亮了扣OK，来教大家如何亮牌拍。左上方的铁圈，旁边的黄色小心心都给到大家。我们所有想要去冲的，想要当万的，现在直接去拍，所有的库存还只剩下一点点了。如果是说还没有讲过这本书的，现在都可以去抢一下。还有我们的随书加给我们灯牌牌左上方停铁圈旁边的黄色小心心一定要点亮一下下。来我们的应援，应援把OK扣起来，都准备好了是吧？来当万的这个还有多少单，当晚还有多少单？我们当晚的这个还有少量的库存，拍完之后加不了，补不了的。这个是刚开场的时候有宝贝没付款，我直接给你踢出来的，我后台库存都已经加不了了。这个也是就是卖完就已经不再加印版本的。说如果说你们拍完这一波，也是没有库存了的，18.5块的一个价格。来准备好，我们十个数给大家上一元了，都准备好了是不是？预热的准备好了吗？我们的一元准备好了吗？准备好了，我们的惊风的一员。这不是金风还是海棠，这波是啥清风？海报这个抢完了，那就是惊风，我忘了惊风的一员是吧？京风一元OK OK好OK来我们清风的一元，一元拼手速括号。,当年万里觅封侯
